session_id,user_id,event_time,event_name,channel
152936,7245,2026-06-01 11:58:00,app_launch,抖音信息流
152936,7245,2026-06-01 11:59:00,ai_plan,抖音信息流
152935,7245,2026-06-01 18:00:00,app_launch,抖音信息流
162798,7710,2026-06-04 07:31:00,app_launch,小红书种草
162797,7710,2026-06-04 09:47:00,app_launch,小红书种草
162797,7710,2026-06-04 09:48:00,ai_plan,小红书种草
162797,7710,2026-06-04 09:49:00,view_spot,小红书种草
162797,7710,2026-06-04 09:52:00,view_spot,小红书种草
162797,7710,2026-06-04 09:55:00,view_spot,小红书种草
162797,7710,2026-06-04 09:57:00,create_order,小红书种草
162797,7710,2026-06-04 09:58:00,view_spot,小红书种草
162797,7710,2026-06-04 09:58:00,pay_order,小红书种草
162799,7710,2026-06-04 19:28:00,app_launch,小红书种草
162799,7710,2026-06-04 19:29:00,ai_plan,小红书种草
162799,7710,2026-06-04 19:30:00,view_spot,小红书种草
162799,7710,2026-06-04 19:33:00,view_spot,小红书种草
162799,7710,2026-06-04 19:36:00,view_spot,小红书种草
162799,7710,2026-06-04 19:39:00,view_spot,小红书种草
162800,7710,2026-06-05 09:32:00,app_launch,小红书种草
162801,7710,2026-06-05 22:29:00,app_launch,小红书种草
162801,7710,2026-06-05 22:30:00,ai_plan,小红书种草
162801,7710,2026-06-05 22:31:00,view_spot,小红书种草
162801,7710,2026-06-05 22:34:00,view_spot,小红书种草
162801,7710,2026-06-05 22:37:00,view_spot,小红书种草
162801,7710,2026-06-05 22:40:00,view_spot,小红书种草
162802,7710,2026-06-06 10:03:00,app_launch,小红书种草
162804,7710,2026-06-06 15:22:00,app_launch,小红书种草
162804,7710,2026-06-06 15:23:00,ai_plan,小红书种草
77448,3657,2026-06-06 19:19:00,app_launch,自然流量
77448,3657,2026-06-06 19:20:00,ai_plan,自然流量
162803,7710,2026-06-06 20:38:00,app_launch,小红书种草
162803,7710,2026-06-06 20:39:00,ai_plan,小红书种草
162806,7710,2026-06-07 07:00:00,app_launch,小红书种草
162806,7710,2026-06-07 07:01:00,ai_plan,小红书种草
152937,7245,2026-06-07 07:57:00,app_launch,抖音信息流
152937,7245,2026-06-07 07:58:00,ai_plan,抖音信息流
152937,7245,2026-06-07 07:59:00,view_spot,抖音信息流
152937,7245,2026-06-07 08:02:00,view_spot,抖音信息流
152937,7245,2026-06-07 08:05:00,view_spot,抖音信息流
91472,4332,2026-06-07 11:11:00,app_launch,高校地推
91472,4332,2026-06-07 11:12:00,ai_plan,高校地推
162805,7710,2026-06-07 17:05:00,app_launch,小红书种草
162805,7710,2026-06-07 17:06:00,ai_plan,小红书种草
162805,7710,2026-06-07 17:07:00,view_spot,小红书种草
77451,3657,2026-06-07 18:24:00,app_launch,自然流量
77451,3657,2026-06-07 18:25:00,ai_plan,自然流量
77451,3657,2026-06-07 18:26:00,view_spot,自然流量
77451,3657,2026-06-07 18:29:00,view_spot,自然流量
77449,3657,2026-06-07 19:33:00,app_launch,自然流量
77449,3657,2026-06-07 19:34:00,ai_plan,自然流量
77449,3657,2026-06-07 19:35:00,view_spot,自然流量
77449,3657,2026-06-07 19:38:00,view_spot,自然流量
77449,3657,2026-06-07 19:41:00,view_spot,自然流量
33142,1555,2026-06-07 20:36:00,app_launch,自然流量
33142,1555,2026-06-07 20:37:00,ai_plan,自然流量
77450,3657,2026-06-07 20:37:00,app_launch,自然流量
33142,1555,2026-06-07 20:38:00,view_spot,自然流量
77450,3657,2026-06-07 20:38:00,ai_plan,自然流量
33142,1555,2026-06-07 20:41:00,view_spot,自然流量
33142,1555,2026-06-07 20:44:00,view_spot,自然流量
77452,3657,2026-06-08 08:41:00,app_launch,自然流量
77454,3657,2026-06-08 10:06:00,app_launch,自然流量
77454,3657,2026-06-08 10:07:00,ai_plan,自然流量
77453,3657,2026-06-08 11:09:00,app_launch,自然流量
77453,3657,2026-06-08 11:10:00,ai_plan,自然流量
77453,3657,2026-06-08 11:11:00,view_spot,自然流量
162807,7710,2026-06-08 12:24:00,app_launch,小红书种草
162807,7710,2026-06-08 12:25:00,ai_plan,小红书种草
162807,7710,2026-06-08 12:26:00,view_spot,小红书种草
85014,4020,2026-06-08 14:20:00,app_launch,小红书种草
85014,4020,2026-06-08 14:21:00,ai_plan,小红书种草
85015,4020,2026-06-08 16:06:00,app_launch,小红书种草
152938,7245,2026-06-08 18:06:00,app_launch,抖音信息流
152938,7245,2026-06-08 18:07:00,ai_plan,抖音信息流
29388,1384,2026-06-09 07:11:00,app_launch,高校地推
162808,7710,2026-06-09 12:45:00,app_launch,小红书种草
162808,7710,2026-06-09 12:46:00,ai_plan,小红书种草
162808,7710,2026-06-09 12:47:00,view_spot,小红书种草
162808,7710,2026-06-09 12:50:00,view_spot,小红书种草
162808,7710,2026-06-09 12:53:00,view_spot,小红书种草
162808,7710,2026-06-09 12:53:00,add_favorite,小红书种草
162808,7710,2026-06-09 12:56:00,view_spot,小红书种草
152940,7245,2026-06-09 15:36:00,app_launch,抖音信息流
152940,7245,2026-06-09 15:37:00,ai_plan,抖音信息流
152939,7245,2026-06-09 16:38:00,app_launch,抖音信息流
152939,7245,2026-06-09 16:39:00,ai_plan,抖音信息流
152939,7245,2026-06-09 16:40:00,view_spot,抖音信息流
105592,4998,2026-06-09 18:42:00,app_launch,抖音信息流
162809,7710,2026-06-09 18:57:00,app_launch,小红书种草
162809,7710,2026-06-09 18:58:00,ai_plan,小红书种草
162809,7710,2026-06-09 18:59:00,view_spot,小红书种草
162809,7710,2026-06-09 19:02:00,view_spot,小红书种草
162809,7710,2026-06-09 19:05:00,view_spot,小红书种草
67671,3183,2026-06-09 21:01:00,app_launch,抖音信息流
67671,3183,2026-06-09 21:02:00,ai_plan,抖音信息流
29387,1384,2026-06-09 21:10:00,app_launch,高校地推
29387,1384,2026-06-09 21:11:00,ai_plan,高校地推
18695,880,2026-06-10 08:20:00,app_launch,小红书种草
18695,880,2026-06-10 08:21:00,ai_plan,小红书种草
18695,880,2026-06-10 08:22:00,view_spot,小红书种草
18695,880,2026-06-10 08:25:00,view_spot,小红书种草
18695,880,2026-06-10 08:28:00,add_favorite,小红书种草
29391,1384,2026-06-10 10:43:00,app_launch,高校地推
16069,764,2026-06-10 10:48:00,app_launch,自然流量
16069,764,2026-06-10 10:49:00,ai_plan,自然流量
16069,764,2026-06-10 10:50:00,view_spot,自然流量
16069,764,2026-06-10 10:53:00,view_spot,自然流量
16069,764,2026-06-10 10:56:00,add_favorite,自然流量
145324,6890,2026-06-10 13:50:00,app_launch,小红书种草
10317,488,2026-06-10 14:12:00,app_launch,自然流量
10317,488,2026-06-10 14:13:00,ai_plan,自然流量
16068,764,2026-06-10 15:30:00,app_launch,自然流量
18696,880,2026-06-10 16:43:00,app_launch,小红书种草
18696,880,2026-06-10 16:44:00,ai_plan,小红书种草
18696,880,2026-06-10 16:45:00,view_spot,小红书种草
18696,880,2026-06-10 16:48:00,view_spot,小红书种草
18696,880,2026-06-10 16:51:00,view_spot,小红书种草
18696,880,2026-06-10 16:53:00,create_order,小红书种草
18696,880,2026-06-10 16:54:00,pay_order,小红书种草
29390,1384,2026-06-10 19:46:00,app_launch,高校地推
10316,488,2026-06-10 20:08:00,app_launch,自然流量
10316,488,2026-06-10 20:09:00,ai_plan,自然流量
33145,1555,2026-06-10 20:24:00,app_launch,自然流量
33143,1555,2026-06-10 20:41:00,app_launch,自然流量
33143,1555,2026-06-10 20:42:00,ai_plan,自然流量
33143,1555,2026-06-10 20:43:00,view_spot,自然流量
33143,1555,2026-06-10 20:46:00,view_spot,自然流量
33143,1555,2026-06-10 20:49:00,view_spot,自然流量
33143,1555,2026-06-10 20:51:00,create_order,自然流量
33143,1555,2026-06-10 20:52:00,pay_order,自然流量
162810,7710,2026-06-10 21:29:00,app_launch,小红书种草
162810,7710,2026-06-10 21:30:00,ai_plan,小红书种草
162810,7710,2026-06-10 21:31:00,view_spot,小红书种草
162810,7710,2026-06-10 21:34:00,view_spot,小红书种草
162810,7710,2026-06-10 21:37:00,view_spot,小红书种草
162810,7710,2026-06-10 21:37:00,add_favorite,小红书种草
162810,7710,2026-06-10 21:40:00,view_spot,小红书种草
162811,7710,2026-06-10 21:46:00,app_launch,小红书种草
162811,7710,2026-06-10 21:47:00,ai_plan,小红书种草
162811,7710,2026-06-10 21:48:00,view_spot,小红书种草
162811,7710,2026-06-10 21:51:00,view_spot,小红书种草
162811,7710,2026-06-10 21:54:00,add_favorite,小红书种草
29389,1384,2026-06-10 21:56:00,app_launch,高校地推
29389,1384,2026-06-10 21:57:00,ai_plan,高校地推
85016,4020,2026-06-10 22:01:00,app_launch,小红书种草
85016,4020,2026-06-10 22:02:00,ai_plan,小红书种草
85016,4020,2026-06-10 22:03:00,view_spot,小红书种草
85016,4020,2026-06-10 22:06:00,view_spot,小红书种草
85016,4020,2026-06-10 22:09:00,add_favorite,小红书种草
33144,1555,2026-06-10 22:45:00,app_launch,自然流量
33144,1555,2026-06-10 22:46:00,ai_plan,自然流量
33144,1555,2026-06-10 22:47:00,view_spot,自然流量
33144,1555,2026-06-10 22:50:00,view_spot,自然流量
80797,3814,2026-06-11 07:00:00,app_launch,自然流量
80797,3814,2026-06-11 07:01:00,ai_plan,自然流量
80797,3814,2026-06-11 07:02:00,view_spot,自然流量
80797,3814,2026-06-11 07:05:00,view_spot,自然流量
80797,3814,2026-06-11 07:08:00,view_spot,自然流量
80797,3814,2026-06-11 07:11:00,view_spot,自然流量
85017,4020,2026-06-11 07:44:00,app_launch,小红书种草
85017,4020,2026-06-11 07:45:00,ai_plan,小红书种草
85017,4020,2026-06-11 07:46:00,view_spot,小红书种草
85017,4020,2026-06-11 07:49:00,view_spot,小红书种草
85017,4020,2026-06-11 07:52:00,view_spot,小红书种草
80798,3814,2026-06-11 08:33:00,app_launch,自然流量
80798,3814,2026-06-11 08:34:00,ai_plan,自然流量
80798,3814,2026-06-11 08:35:00,view_spot,自然流量
80798,3814,2026-06-11 08:38:00,view_spot,自然流量
80798,3814,2026-06-11 08:43:00,create_order,自然流量
67672,3183,2026-06-11 09:17:00,app_launch,抖音信息流
67672,3183,2026-06-11 09:18:00,ai_plan,抖音信息流
85018,4020,2026-06-11 09:20:00,app_launch,小红书种草
85018,4020,2026-06-11 09:21:00,ai_plan,小红书种草
85018,4020,2026-06-11 09:22:00,view_spot,小红书种草
10318,488,2026-06-11 09:23:00,app_launch,自然流量
10318,488,2026-06-11 09:24:00,ai_plan,自然流量
10318,488,2026-06-11 09:25:00,view_spot,自然流量
85018,4020,2026-06-11 09:25:00,view_spot,小红书种草
10318,488,2026-06-11 09:31:00,add_favorite,自然流量
9724,458,2026-06-11 10:22:00,app_launch,抖音信息流
9722,458,2026-06-11 11:36:00,app_launch,抖音信息流
67673,3183,2026-06-11 11:45:00,app_launch,抖音信息流
91473,4332,2026-06-11 12:04:00,app_launch,高校地推
91473,4332,2026-06-11 12:05:00,ai_plan,高校地推
91473,4332,2026-06-11 12:06:00,view_spot,高校地推
91473,4332,2026-06-11 12:09:00,view_spot,高校地推
91473,4332,2026-06-11 12:12:00,view_spot,高校地推
91473,4332,2026-06-11 12:12:00,add_favorite,高校地推
91473,4332,2026-06-11 12:15:00,view_spot,高校地推
145325,6890,2026-06-11 12:16:00,app_launch,小红书种草
63641,2988,2026-06-11 12:21:00,app_launch,抖音信息流
63641,2988,2026-06-11 12:22:00,ai_plan,抖音信息流
63641,2988,2026-06-11 12:23:00,view_spot,抖音信息流
91703,4344,2026-06-11 13:53:00,app_launch,自然流量
91703,4344,2026-06-11 13:54:00,ai_plan,自然流量
63640,2988,2026-06-11 14:03:00,app_launch,抖音信息流
63640,2988,2026-06-11 14:04:00,ai_plan,抖音信息流
91702,4344,2026-06-11 14:22:00,app_launch,自然流量
91702,4344,2026-06-11 14:23:00,ai_plan,自然流量
91702,4344,2026-06-11 14:24:00,view_spot,自然流量
63639,2988,2026-06-11 15:58:00,app_launch,抖音信息流
63639,2988,2026-06-11 15:59:00,ai_plan,抖音信息流
63639,2988,2026-06-11 16:00:00,view_spot,抖音信息流
63639,2988,2026-06-11 16:03:00,view_spot,抖音信息流
63639,2988,2026-06-11 16:06:00,view_spot,抖音信息流
63639,2988,2026-06-11 16:09:00,view_spot,抖音信息流
85019,4020,2026-06-11 16:53:00,app_launch,小红书种草
85019,4020,2026-06-11 16:54:00,ai_plan,小红书种草
162600,7701,2026-06-11 17:01:00,app_launch,自然流量
10319,488,2026-06-11 17:19:00,app_launch,自然流量
10319,488,2026-06-11 17:20:00,ai_plan,自然流量
10319,488,2026-06-11 17:21:00,view_spot,自然流量
10319,488,2026-06-11 17:24:00,view_spot,自然流量
162601,7701,2026-06-11 20:26:00,app_launch,自然流量
162601,7701,2026-06-11 20:27:00,ai_plan,自然流量
162601,7701,2026-06-11 20:28:00,view_spot,自然流量
162601,7701,2026-06-11 20:31:00,view_spot,自然流量
162601,7701,2026-06-11 20:34:00,add_favorite,自然流量
9723,458,2026-06-11 21:21:00,app_launch,抖音信息流
9723,458,2026-06-11 21:22:00,ai_plan,抖音信息流
9723,458,2026-06-11 21:23:00,view_spot,抖音信息流
9723,458,2026-06-11 21:26:00,view_spot,抖音信息流
9723,458,2026-06-11 21:29:00,view_spot,抖音信息流
9723,458,2026-06-11 21:29:00,add_favorite,抖音信息流
14373,683,2026-06-12 08:41:00,app_launch,自然流量
14373,683,2026-06-12 08:42:00,ai_plan,自然流量
91706,4344,2026-06-12 09:38:00,app_launch,自然流量
91706,4344,2026-06-12 09:39:00,ai_plan,自然流量
91706,4344,2026-06-12 09:40:00,view_spot,自然流量
105594,4998,2026-06-12 11:58:00,app_launch,抖音信息流
105594,4998,2026-06-12 11:59:00,ai_plan,抖音信息流
105594,4998,2026-06-12 12:00:00,view_spot,抖音信息流
18698,880,2026-06-12 12:48:00,app_launch,小红书种草
77455,3657,2026-06-12 13:38:00,app_launch,自然流量
77455,3657,2026-06-12 13:39:00,ai_plan,自然流量
77455,3657,2026-06-12 13:40:00,view_spot,自然流量
39343,1851,2026-06-12 13:47:00,app_launch,自然流量
105593,4998,2026-06-12 13:47:00,app_launch,抖音信息流
39343,1851,2026-06-12 13:48:00,ai_plan,自然流量
105593,4998,2026-06-12 13:48:00,ai_plan,抖音信息流
39343,1851,2026-06-12 13:49:00,view_spot,自然流量
39343,1851,2026-06-12 13:52:00,view_spot,自然流量
39343,1851,2026-06-12 13:55:00,view_spot,自然流量
39345,1851,2026-06-12 15:07:00,app_launch,自然流量
39345,1851,2026-06-12 15:08:00,ai_plan,自然流量
63643,2988,2026-06-12 15:22:00,app_launch,抖音信息流
63643,2988,2026-06-12 15:23:00,ai_plan,抖音信息流
63643,2988,2026-06-12 15:24:00,view_spot,抖音信息流
63642,2988,2026-06-12 15:52:00,app_launch,抖音信息流
63642,2988,2026-06-12 15:53:00,ai_plan,抖音信息流
63642,2988,2026-06-12 15:54:00,view_spot,抖音信息流
63642,2988,2026-06-12 15:57:00,view_spot,抖音信息流
63642,2988,2026-06-12 16:00:00,view_spot,抖音信息流
91705,4344,2026-06-12 16:04:00,app_launch,自然流量
91705,4344,2026-06-12 16:05:00,ai_plan,自然流量
91705,4344,2026-06-12 16:06:00,view_spot,自然流量
9726,458,2026-06-12 17:13:00,app_launch,抖音信息流
9726,458,2026-06-12 17:14:00,ai_plan,抖音信息流
90556,4292,2026-06-12 18:05:00,app_launch,自然流量
9725,458,2026-06-12 18:26:00,app_launch,抖音信息流
91704,4344,2026-06-12 20:32:00,app_launch,自然流量
91704,4344,2026-06-12 20:33:00,ai_plan,自然流量
91704,4344,2026-06-12 20:34:00,view_spot,自然流量
16070,764,2026-06-12 20:48:00,app_launch,自然流量
16070,764,2026-06-12 20:49:00,ai_plan,自然流量
16070,764,2026-06-12 20:50:00,view_spot,自然流量
16070,764,2026-06-12 20:58:00,create_order,自然流量
16070,764,2026-06-12 20:59:00,pay_order,自然流量
85020,4020,2026-06-12 20:59:00,app_launch,小红书种草
85020,4020,2026-06-12 21:00:00,ai_plan,小红书种草
85020,4020,2026-06-12 21:01:00,view_spot,小红书种草
85020,4020,2026-06-12 21:04:00,view_spot,小红书种草
85020,4020,2026-06-12 21:07:00,view_spot,小红书种草
90557,4292,2026-06-12 21:09:00,app_launch,自然流量
85020,4020,2026-06-12 21:10:00,view_spot,小红书种草
90557,4292,2026-06-12 21:10:00,ai_plan,自然流量
39344,1851,2026-06-12 21:17:00,app_launch,自然流量
39344,1851,2026-06-12 21:18:00,ai_plan,自然流量
39344,1851,2026-06-12 21:19:00,view_spot,自然流量
39344,1851,2026-06-12 21:22:00,view_spot,自然流量
39344,1851,2026-06-12 21:25:00,view_spot,自然流量
39344,1851,2026-06-12 21:25:00,add_favorite,自然流量
39344,1851,2026-06-12 21:28:00,view_spot,自然流量
18697,880,2026-06-12 22:12:00,app_launch,小红书种草
18697,880,2026-06-12 22:13:00,ai_plan,小红书种草
18697,880,2026-06-12 22:14:00,view_spot,小红书种草
18697,880,2026-06-12 22:17:00,view_spot,小红书种草
18697,880,2026-06-12 22:20:00,view_spot,小红书种草
18697,880,2026-06-12 22:23:00,view_spot,小红书种草
39346,1851,2026-06-13 07:14:00,app_launch,自然流量
39346,1851,2026-06-13 07:15:00,ai_plan,自然流量
39346,1851,2026-06-13 07:16:00,view_spot,自然流量
39346,1851,2026-06-13 07:19:00,view_spot,自然流量
14375,683,2026-06-13 07:20:00,app_launch,自然流量
14375,683,2026-06-13 07:21:00,ai_plan,自然流量
39346,1851,2026-06-13 07:22:00,view_spot,自然流量
91474,4332,2026-06-13 08:24:00,app_launch,高校地推
9727,458,2026-06-13 08:50:00,app_launch,抖音信息流
91709,4344,2026-06-13 09:24:00,app_launch,自然流量
91709,4344,2026-06-13 09:25:00,ai_plan,自然流量
91709,4344,2026-06-13 09:26:00,view_spot,自然流量
91709,4344,2026-06-13 09:32:00,add_favorite,自然流量
14376,683,2026-06-13 09:48:00,app_launch,自然流量
14376,683,2026-06-13 09:49:00,ai_plan,自然流量
14376,683,2026-06-13 09:50:00,view_spot,自然流量
91707,4344,2026-06-13 09:52:00,app_launch,自然流量
14376,683,2026-06-13 09:53:00,view_spot,自然流量
14376,683,2026-06-13 09:56:00,view_spot,自然流量
14376,683,2026-06-13 09:59:00,view_spot,自然流量
145326,6890,2026-06-13 10:10:00,app_launch,小红书种草
145326,6890,2026-06-13 10:11:00,ai_plan,小红书种草
29392,1384,2026-06-13 10:58:00,app_launch,高校地推
105288,4982,2026-06-13 10:58:00,app_launch,自然流量
29392,1384,2026-06-13 10:59:00,ai_plan,高校地推
105288,4982,2026-06-13 10:59:00,ai_plan,自然流量
29392,1384,2026-06-13 11:00:00,view_spot,高校地推
105288,4982,2026-06-13 11:00:00,view_spot,自然流量
105288,4982,2026-06-13 11:03:00,view_spot,自然流量
105287,4982,2026-06-13 11:05:00,app_launch,自然流量
105287,4982,2026-06-13 11:06:00,ai_plan,自然流量
105288,4982,2026-06-13 11:06:00,add_favorite,自然流量
29392,1384,2026-06-13 11:08:00,create_order,高校地推
29392,1384,2026-06-13 11:09:00,pay_order,高校地推
162602,7701,2026-06-13 11:25:00,app_launch,自然流量
162602,7701,2026-06-13 11:26:00,ai_plan,自然流量
162602,7701,2026-06-13 11:27:00,view_spot,自然流量
162602,7701,2026-06-13 11:30:00,view_spot,自然流量
162602,7701,2026-06-13 11:33:00,add_favorite,自然流量
67675,3183,2026-06-13 11:43:00,app_launch,抖音信息流
67674,3183,2026-06-13 12:33:00,app_launch,抖音信息流
108381,5130,2026-06-13 12:44:00,app_launch,高校地推
108381,5130,2026-06-13 12:45:00,ai_plan,高校地推
108381,5130,2026-06-13 12:46:00,view_spot,高校地推
108381,5130,2026-06-13 12:49:00,view_spot,高校地推
108381,5130,2026-06-13 12:52:00,view_spot,高校地推
108381,5130,2026-06-13 12:52:00,add_favorite,高校地推
91708,4344,2026-06-13 13:21:00,app_launch,自然流量
91708,4344,2026-06-13 13:22:00,ai_plan,自然流量
91708,4344,2026-06-13 13:23:00,view_spot,自然流量
91708,4344,2026-06-13 13:26:00,view_spot,自然流量
91708,4344,2026-06-13 13:29:00,view_spot,自然流量
91708,4344,2026-06-13 13:29:00,add_favorite,自然流量
91708,4344,2026-06-13 13:32:00,view_spot,自然流量
14374,683,2026-06-13 14:11:00,app_launch,自然流量
14374,683,2026-06-13 14:12:00,ai_plan,自然流量
145328,6890,2026-06-13 14:21:00,app_launch,小红书种草
145327,6890,2026-06-13 17:07:00,app_launch,小红书种草
145327,6890,2026-06-13 17:08:00,ai_plan,小红书种草
108379,5130,2026-06-13 17:25:00,app_launch,高校地推
105286,4982,2026-06-13 17:52:00,app_launch,自然流量
105286,4982,2026-06-13 17:53:00,ai_plan,自然流量
105286,4982,2026-06-13 17:54:00,view_spot,自然流量
39347,1851,2026-06-13 18:16:00,app_launch,自然流量
39347,1851,2026-06-13 18:17:00,ai_plan,自然流量
39347,1851,2026-06-13 18:18:00,view_spot,自然流量
39347,1851,2026-06-13 18:21:00,view_spot,自然流量
39347,1851,2026-06-13 18:24:00,view_spot,自然流量
39347,1851,2026-06-13 18:27:00,view_spot,自然流量
10321,488,2026-06-13 18:46:00,app_launch,自然流量
10321,488,2026-06-13 18:47:00,ai_plan,自然流量
10321,488,2026-06-13 18:48:00,view_spot,自然流量
10321,488,2026-06-13 18:54:00,add_favorite,自然流量
108380,5130,2026-06-13 19:18:00,app_launch,高校地推
108380,5130,2026-06-13 19:19:00,ai_plan,高校地推
10320,488,2026-06-13 20:37:00,app_launch,自然流量
10320,488,2026-06-13 20:38:00,ai_plan,自然流量
10320,488,2026-06-13 20:39:00,view_spot,自然流量
10320,488,2026-06-13 20:42:00,view_spot,自然流量
10320,488,2026-06-13 20:45:00,view_spot,自然流量
29393,1384,2026-06-13 22:41:00,app_launch,高校地推
29393,1384,2026-06-13 22:42:00,ai_plan,高校地推
29393,1384,2026-06-13 22:43:00,view_spot,高校地推
105597,4998,2026-06-14 08:04:00,app_launch,抖音信息流
105597,4998,2026-06-14 08:05:00,ai_plan,抖音信息流
105595,4998,2026-06-14 08:34:00,app_launch,抖音信息流
105595,4998,2026-06-14 08:35:00,ai_plan,抖音信息流
80800,3814,2026-06-14 09:07:00,app_launch,自然流量
80800,3814,2026-06-14 09:08:00,ai_plan,自然流量
80800,3814,2026-06-14 09:09:00,view_spot,自然流量
9730,458,2026-06-14 09:27:00,app_launch,抖音信息流
86246,4079,2026-06-14 09:37:00,app_launch,自然流量
18699,880,2026-06-14 09:52:00,app_launch,小红书种草
80799,3814,2026-06-14 10:10:00,app_launch,自然流量
80799,3814,2026-06-14 10:11:00,ai_plan,自然流量
80799,3814,2026-06-14 10:12:00,view_spot,自然流量
80799,3814,2026-06-14 10:15:00,view_spot,自然流量
80799,3814,2026-06-14 10:18:00,view_spot,自然流量
80799,3814,2026-06-14 10:18:00,add_favorite,自然流量
80799,3814,2026-06-14 10:21:00,view_spot,自然流量
9728,458,2026-06-14 10:28:00,app_launch,抖音信息流
108382,5130,2026-06-14 10:49:00,app_launch,高校地推
108382,5130,2026-06-14 10:50:00,ai_plan,高校地推
108382,5130,2026-06-14 10:51:00,view_spot,高校地推
91710,4344,2026-06-14 10:54:00,app_launch,自然流量
91710,4344,2026-06-14 10:55:00,ai_plan,自然流量
91710,4344,2026-06-14 10:56:00,view_spot,自然流量
91710,4344,2026-06-14 10:59:00,view_spot,自然流量
91710,4344,2026-06-14 11:04:00,create_order,自然流量
91710,4344,2026-06-14 11:05:00,pay_order,自然流量
145330,6890,2026-06-14 11:10:00,app_launch,小红书种草
145330,6890,2026-06-14 11:11:00,ai_plan,小红书种草
145330,6890,2026-06-14 11:12:00,view_spot,小红书种草
145330,6890,2026-06-14 11:15:00,view_spot,小红书种草
145330,6890,2026-06-14 11:18:00,view_spot,小红书种草
145330,6890,2026-06-14 11:18:00,add_favorite,小红书种草
162604,7701,2026-06-14 11:21:00,app_launch,自然流量
63645,2988,2026-06-14 11:34:00,app_launch,抖音信息流
63645,2988,2026-06-14 11:35:00,ai_plan,抖音信息流
14377,683,2026-06-14 11:36:00,app_launch,自然流量
63645,2988,2026-06-14 11:36:00,view_spot,抖音信息流
14377,683,2026-06-14 11:37:00,ai_plan,自然流量
63645,2988,2026-06-14 11:39:00,view_spot,抖音信息流
63645,2988,2026-06-14 11:42:00,view_spot,抖音信息流
85021,4020,2026-06-14 11:49:00,app_launch,小红书种草
85021,4020,2026-06-14 11:50:00,ai_plan,小红书种草
85022,4020,2026-06-14 12:29:00,app_launch,小红书种草
9729,458,2026-06-14 12:38:00,app_launch,抖音信息流
9729,458,2026-06-14 12:39:00,ai_plan,抖音信息流
39348,1851,2026-06-14 13:33:00,app_launch,自然流量
39348,1851,2026-06-14 13:34:00,ai_plan,自然流量
39348,1851,2026-06-14 13:35:00,view_spot,自然流量
145329,6890,2026-06-14 17:38:00,app_launch,小红书种草
162603,7701,2026-06-14 18:18:00,app_launch,自然流量
162603,7701,2026-06-14 18:19:00,ai_plan,自然流量
162603,7701,2026-06-14 18:20:00,view_spot,自然流量
63644,2988,2026-06-14 19:05:00,app_launch,抖音信息流
63644,2988,2026-06-14 19:06:00,ai_plan,抖音信息流
63644,2988,2026-06-14 19:07:00,view_spot,抖音信息流
63644,2988,2026-06-14 19:10:00,view_spot,抖音信息流
63644,2988,2026-06-14 19:13:00,view_spot,抖音信息流
105596,4998,2026-06-14 19:27:00,app_launch,抖音信息流
105596,4998,2026-06-14 19:28:00,ai_plan,抖音信息流
105596,4998,2026-06-14 19:29:00,view_spot,抖音信息流
105596,4998,2026-06-14 19:32:00,view_spot,抖音信息流
105596,4998,2026-06-14 19:35:00,view_spot,抖音信息流
105596,4998,2026-06-14 19:38:00,view_spot,抖音信息流
14379,683,2026-06-14 19:40:00,app_launch,自然流量
108383,5130,2026-06-14 21:24:00,app_launch,高校地推
108383,5130,2026-06-14 21:25:00,ai_plan,高校地推
14378,683,2026-06-14 21:36:00,app_launch,自然流量
14378,683,2026-06-14 21:37:00,ai_plan,自然流量
14378,683,2026-06-14 21:38:00,view_spot,自然流量
14378,683,2026-06-14 21:41:00,view_spot,自然流量
14378,683,2026-06-14 21:44:00,view_spot,自然流量
91711,4344,2026-06-14 21:44:00,app_launch,自然流量
91711,4344,2026-06-14 21:45:00,ai_plan,自然流量
29396,1384,2026-06-15 09:17:00,app_launch,高校地推
29396,1384,2026-06-15 09:18:00,ai_plan,高校地推
91477,4332,2026-06-15 11:01:00,app_launch,高校地推
29394,1384,2026-06-15 11:02:00,app_launch,高校地推
91477,4332,2026-06-15 11:02:00,ai_plan,高校地推
29394,1384,2026-06-15 11:03:00,ai_plan,高校地推
67678,3183,2026-06-15 11:21:00,app_launch,抖音信息流
67678,3183,2026-06-15 11:22:00,ai_plan,抖音信息流
105600,4998,2026-06-15 11:45:00,app_launch,抖音信息流
105600,4998,2026-06-15 11:46:00,ai_plan,抖音信息流
105600,4998,2026-06-15 11:47:00,view_spot,抖音信息流
105600,4998,2026-06-15 11:50:00,view_spot,抖音信息流
105600,4998,2026-06-15 11:53:00,view_spot,抖音信息流
105600,4998,2026-06-15 11:53:00,add_favorite,抖音信息流
105600,4998,2026-06-15 11:56:00,view_spot,抖音信息流
67677,3183,2026-06-15 14:03:00,app_launch,抖音信息流
67677,3183,2026-06-15 14:04:00,ai_plan,抖音信息流
29395,1384,2026-06-15 15:21:00,app_launch,高校地推
29395,1384,2026-06-15 15:22:00,ai_plan,高校地推
29395,1384,2026-06-15 15:23:00,view_spot,高校地推
29395,1384,2026-06-15 15:29:00,add_favorite,高校地推
105599,4998,2026-06-15 15:53:00,app_launch,抖音信息流
105599,4998,2026-06-15 15:54:00,ai_plan,抖音信息流
105599,4998,2026-06-15 15:55:00,view_spot,抖音信息流
105599,4998,2026-06-15 15:58:00,view_spot,抖音信息流
105599,4998,2026-06-15 16:01:00,view_spot,抖音信息流
14381,683,2026-06-15 17:54:00,app_launch,自然流量
14381,683,2026-06-15 17:55:00,ai_plan,自然流量
14381,683,2026-06-15 17:56:00,view_spot,自然流量
14381,683,2026-06-15 17:59:00,view_spot,自然流量
14381,683,2026-06-15 18:02:00,add_favorite,自然流量
105598,4998,2026-06-15 18:59:00,app_launch,抖音信息流
67676,3183,2026-06-15 19:32:00,app_launch,抖音信息流
67676,3183,2026-06-15 19:33:00,ai_plan,抖音信息流
67676,3183,2026-06-15 19:34:00,view_spot,抖音信息流
67676,3183,2026-06-15 19:37:00,view_spot,抖音信息流
90558,4292,2026-06-15 20:33:00,app_launch,自然流量
162812,7710,2026-06-15 21:17:00,app_launch,小红书种草
162812,7710,2026-06-15 21:18:00,ai_plan,小红书种草
91476,4332,2026-06-15 21:54:00,app_launch,高校地推
91476,4332,2026-06-15 21:55:00,ai_plan,高校地推
91476,4332,2026-06-15 21:56:00,view_spot,高校地推
91476,4332,2026-06-15 21:59:00,view_spot,高校地推
91476,4332,2026-06-15 22:02:00,view_spot,高校地推
91476,4332,2026-06-15 22:05:00,view_spot,高校地推
14380,683,2026-06-15 22:53:00,app_launch,自然流量
91475,4332,2026-06-15 22:58:00,app_launch,高校地推
91475,4332,2026-06-15 22:59:00,ai_plan,高校地推
14382,683,2026-06-16 07:14:00,app_launch,自然流量
14382,683,2026-06-16 07:15:00,ai_plan,自然流量
14382,683,2026-06-16 07:16:00,view_spot,自然流量
14382,683,2026-06-16 07:19:00,view_spot,自然流量
14382,683,2026-06-16 07:22:00,view_spot,自然流量
14382,683,2026-06-16 07:25:00,view_spot,自然流量
63647,2988,2026-06-16 08:27:00,app_launch,抖音信息流
63647,2988,2026-06-16 08:28:00,ai_plan,抖音信息流
63647,2988,2026-06-16 08:29:00,view_spot,抖音信息流
63647,2988,2026-06-16 08:32:00,view_spot,抖音信息流
63647,2988,2026-06-16 08:35:00,add_favorite,抖音信息流
41463,1946,2026-06-16 10:49:00,app_launch,高校地推
41463,1946,2026-06-16 10:50:00,ai_plan,高校地推
41463,1946,2026-06-16 10:51:00,view_spot,高校地推
120965,5724,2026-06-16 10:53:00,app_launch,微信分享裂变
41463,1946,2026-06-16 10:54:00,view_spot,高校地推
120965,5724,2026-06-16 10:54:00,ai_plan,微信分享裂变
120965,5724,2026-06-16 10:55:00,view_spot,微信分享裂变
41463,1946,2026-06-16 10:57:00,view_spot,高校地推
41463,1946,2026-06-16 11:00:00,view_spot,高校地推
41465,1946,2026-06-16 15:25:00,app_launch,高校地推
41465,1946,2026-06-16 15:26:00,ai_plan,高校地推
41465,1946,2026-06-16 15:27:00,view_spot,高校地推
41465,1946,2026-06-16 15:30:00,view_spot,高校地推
41465,1946,2026-06-16 15:33:00,view_spot,高校地推
41465,1946,2026-06-16 15:36:00,view_spot,高校地推
63646,2988,2026-06-16 20:56:00,app_launch,抖音信息流
63646,2988,2026-06-16 20:57:00,ai_plan,抖音信息流
41464,1946,2026-06-16 22:06:00,app_launch,高校地推
41464,1946,2026-06-16 22:07:00,ai_plan,高校地推
37426,1766,2026-06-17 07:43:00,app_launch,自然流量
18701,880,2026-06-17 07:44:00,app_launch,小红书种草
18701,880,2026-06-17 07:45:00,ai_plan,小红书种草
18701,880,2026-06-17 07:46:00,view_spot,小红书种草
18701,880,2026-06-17 07:54:00,create_order,小红书种草
18701,880,2026-06-17 07:55:00,pay_order,小红书种草
74976,3536,2026-06-17 08:18:00,app_launch,微信分享裂变
74976,3536,2026-06-17 08:19:00,ai_plan,微信分享裂变
74976,3536,2026-06-17 08:20:00,view_spot,微信分享裂变
74976,3536,2026-06-17 08:23:00,view_spot,微信分享裂变
74976,3536,2026-06-17 08:26:00,view_spot,微信分享裂变
74976,3536,2026-06-17 08:29:00,view_spot,微信分享裂变
37428,1766,2026-06-17 10:10:00,app_launch,自然流量
37428,1766,2026-06-17 10:11:00,ai_plan,自然流量
37428,1766,2026-06-17 10:12:00,view_spot,自然流量
37428,1766,2026-06-17 10:15:00,view_spot,自然流量
37428,1766,2026-06-17 10:18:00,view_spot,自然流量
37428,1766,2026-06-17 10:21:00,view_spot,自然流量
18700,880,2026-06-17 11:27:00,app_launch,小红书种草
18700,880,2026-06-17 11:28:00,ai_plan,小红书种草
18700,880,2026-06-17 11:29:00,view_spot,小红书种草
18700,880,2026-06-17 11:32:00,view_spot,小红书种草
18700,880,2026-06-17 11:35:00,view_spot,小红书种草
18700,880,2026-06-17 11:37:00,create_order,小红书种草
106432,5037,2026-06-17 11:55:00,app_launch,微信分享裂变
106432,5037,2026-06-17 11:56:00,ai_plan,微信分享裂变
106432,5037,2026-06-17 11:57:00,view_spot,微信分享裂变
106432,5037,2026-06-17 12:00:00,view_spot,微信分享裂变
106432,5037,2026-06-17 12:03:00,view_spot,微信分享裂变
37427,1766,2026-06-17 12:05:00,app_launch,自然流量
37427,1766,2026-06-17 12:06:00,ai_plan,自然流量
106432,5037,2026-06-17 12:06:00,view_spot,微信分享裂变
105289,4982,2026-06-17 12:46:00,app_launch,自然流量
105289,4982,2026-06-17 12:47:00,ai_plan,自然流量
105289,4982,2026-06-17 12:48:00,view_spot,自然流量
105291,4982,2026-06-17 13:15:00,app_launch,自然流量
86248,4079,2026-06-17 14:46:00,app_launch,自然流量
86248,4079,2026-06-17 14:47:00,ai_plan,自然流量
86248,4079,2026-06-17 14:48:00,view_spot,自然流量
74977,3536,2026-06-17 16:16:00,app_launch,微信分享裂变
105290,4982,2026-06-17 16:27:00,app_launch,自然流量
105290,4982,2026-06-17 16:28:00,ai_plan,自然流量
74975,3536,2026-06-17 16:39:00,app_launch,微信分享裂变
91712,4344,2026-06-17 18:57:00,app_launch,自然流量
91712,4344,2026-06-17 18:58:00,ai_plan,自然流量
91713,4344,2026-06-17 18:58:00,app_launch,自然流量
91713,4344,2026-06-17 18:59:00,ai_plan,自然流量
106431,5037,2026-06-17 20:18:00,app_launch,微信分享裂变
86247,4079,2026-06-17 21:30:00,app_launch,自然流量
86247,4079,2026-06-17 21:31:00,ai_plan,自然流量
86247,4079,2026-06-17 21:32:00,view_spot,自然流量
48148,2253,2026-06-17 21:34:00,app_launch,抖音信息流
135776,6424,2026-06-17 21:37:00,app_launch,微信分享裂变
106433,5037,2026-06-17 21:58:00,app_launch,微信分享裂变
106433,5037,2026-06-17 21:59:00,ai_plan,微信分享裂变
106433,5037,2026-06-17 22:00:00,view_spot,微信分享裂变
106433,5037,2026-06-17 22:03:00,view_spot,微信分享裂变
106433,5037,2026-06-17 22:06:00,view_spot,微信分享裂变
106433,5037,2026-06-17 22:06:00,add_favorite,微信分享裂变
106433,5037,2026-06-17 22:08:00,create_order,微信分享裂变
106433,5037,2026-06-17 22:09:00,view_spot,微信分享裂变
63648,2988,2026-06-18 07:19:00,app_launch,抖音信息流
63648,2988,2026-06-18 07:20:00,ai_plan,抖音信息流
63648,2988,2026-06-18 07:21:00,view_spot,抖音信息流
63648,2988,2026-06-18 07:24:00,view_spot,抖音信息流
143996,6827,2026-06-18 08:10:00,app_launch,自然流量
108386,5130,2026-06-18 09:38:00,app_launch,高校地推
108386,5130,2026-06-18 09:39:00,ai_plan,高校地推
108385,5130,2026-06-18 10:28:00,app_launch,高校地推
108384,5130,2026-06-18 10:51:00,app_launch,高校地推
108384,5130,2026-06-18 10:52:00,ai_plan,高校地推
108384,5130,2026-06-18 10:53:00,view_spot,高校地推
108384,5130,2026-06-18 10:56:00,view_spot,高校地推
14384,683,2026-06-18 11:04:00,app_launch,自然流量
16071,764,2026-06-18 11:45:00,app_launch,自然流量
16071,764,2026-06-18 11:46:00,ai_plan,自然流量
16071,764,2026-06-18 11:47:00,view_spot,自然流量
16071,764,2026-06-18 11:50:00,view_spot,自然流量
16071,764,2026-06-18 11:53:00,view_spot,自然流量
16071,764,2026-06-18 11:53:00,add_favorite,自然流量
41467,1946,2026-06-18 12:18:00,app_launch,高校地推
67640,3182,2026-06-18 13:57:00,app_launch,自然流量
67640,3182,2026-06-18 13:58:00,ai_plan,自然流量
91478,4332,2026-06-18 14:24:00,app_launch,高校地推
143997,6827,2026-06-18 14:31:00,app_launch,自然流量
143997,6827,2026-06-18 14:32:00,ai_plan,自然流量
41466,1946,2026-06-18 16:06:00,app_launch,高校地推
63649,2988,2026-06-18 16:20:00,app_launch,抖音信息流
63649,2988,2026-06-18 16:21:00,ai_plan,抖音信息流
63649,2988,2026-06-18 16:22:00,view_spot,抖音信息流
77457,3657,2026-06-18 17:21:00,app_launch,自然流量
77457,3657,2026-06-18 17:22:00,ai_plan,自然流量
16072,764,2026-06-18 19:28:00,app_launch,自然流量
14383,683,2026-06-18 19:34:00,app_launch,自然流量
14383,683,2026-06-18 19:35:00,ai_plan,自然流量
143995,6827,2026-06-18 19:53:00,app_launch,自然流量
143995,6827,2026-06-18 19:54:00,ai_plan,自然流量
77456,3657,2026-06-18 21:54:00,app_launch,自然流量
77456,3657,2026-06-18 21:55:00,ai_plan,自然流量
77456,3657,2026-06-18 21:56:00,view_spot,自然流量
77456,3657,2026-06-18 22:02:00,add_favorite,自然流量
91479,4332,2026-06-18 22:10:00,app_launch,高校地推
91479,4332,2026-06-18 22:11:00,ai_plan,高校地推
91479,4332,2026-06-18 22:12:00,view_spot,高校地推
91479,4332,2026-06-18 22:15:00,view_spot,高校地推
13589,648,2026-06-19 07:27:00,app_launch,抖音信息流
120967,5724,2026-06-19 07:49:00,app_launch,微信分享裂变
120967,5724,2026-06-19 07:50:00,ai_plan,微信分享裂变
41468,1946,2026-06-19 07:51:00,app_launch,高校地推
48150,2253,2026-06-19 07:51:00,app_launch,抖音信息流
120967,5724,2026-06-19 07:51:00,view_spot,微信分享裂变
41468,1946,2026-06-19 07:52:00,ai_plan,高校地推
48150,2253,2026-06-19 07:52:00,ai_plan,抖音信息流
41468,1946,2026-06-19 07:53:00,view_spot,高校地推
48150,2253,2026-06-19 07:53:00,view_spot,抖音信息流
41468,1946,2026-06-19 07:56:00,view_spot,高校地推
48150,2253,2026-06-19 07:56:00,view_spot,抖音信息流
41468,1946,2026-06-19 08:01:00,create_order,高校地推
41468,1946,2026-06-19 08:02:00,pay_order,高校地推
86249,4079,2026-06-19 08:24:00,app_launch,自然流量
86249,4079,2026-06-19 08:25:00,ai_plan,自然流量
86249,4079,2026-06-19 08:26:00,view_spot,自然流量
86249,4079,2026-06-19 08:32:00,add_favorite,自然流量
67679,3183,2026-06-19 08:43:00,app_launch,抖音信息流
67679,3183,2026-06-19 08:44:00,ai_plan,抖音信息流
40546,1906,2026-06-19 08:47:00,app_launch,抖音信息流
40546,1906,2026-06-19 08:48:00,ai_plan,抖音信息流
40546,1906,2026-06-19 08:49:00,view_spot,抖音信息流
90559,4292,2026-06-19 09:03:00,app_launch,自然流量
90559,4292,2026-06-19 09:04:00,ai_plan,自然流量
90559,4292,2026-06-19 09:05:00,view_spot,自然流量
90559,4292,2026-06-19 09:08:00,view_spot,自然流量
106434,5037,2026-06-19 09:35:00,app_launch,微信分享裂变
145331,6890,2026-06-19 09:44:00,app_launch,小红书种草
145331,6890,2026-06-19 09:45:00,ai_plan,小红书种草
108389,5130,2026-06-19 09:55:00,app_launch,高校地推
90560,4292,2026-06-19 10:11:00,app_launch,自然流量
40544,1906,2026-06-19 10:52:00,app_launch,抖音信息流
40544,1906,2026-06-19 10:53:00,ai_plan,抖音信息流
120966,5724,2026-06-19 10:56:00,app_launch,微信分享裂变
120966,5724,2026-06-19 10:57:00,ai_plan,微信分享裂变
129569,6125,2026-06-19 11:07:00,app_launch,自然流量
106435,5037,2026-06-19 11:18:00,app_launch,微信分享裂变
106435,5037,2026-06-19 11:19:00,ai_plan,微信分享裂变
106435,5037,2026-06-19 11:20:00,view_spot,微信分享裂变
106435,5037,2026-06-19 11:23:00,view_spot,微信分享裂变
106435,5037,2026-06-19 11:26:00,view_spot,微信分享裂变
106435,5037,2026-06-19 11:28:00,create_order,微信分享裂变
106435,5037,2026-06-19 11:29:00,view_spot,微信分享裂变
106435,5037,2026-06-19 11:29:00,pay_order,微信分享裂变
105601,4998,2026-06-19 11:36:00,app_launch,抖音信息流
48149,2253,2026-06-19 11:51:00,app_launch,抖音信息流
48149,2253,2026-06-19 11:52:00,ai_plan,抖音信息流
80801,3814,2026-06-19 11:54:00,app_launch,自然流量
80801,3814,2026-06-19 11:55:00,ai_plan,自然流量
80801,3814,2026-06-19 11:56:00,view_spot,自然流量
80801,3814,2026-06-19 11:59:00,view_spot,自然流量
80801,3814,2026-06-19 12:02:00,view_spot,自然流量
80801,3814,2026-06-19 12:05:00,view_spot,自然流量
21278,1003,2026-06-19 13:21:00,app_launch,自然流量
40545,1906,2026-06-19 13:22:00,app_launch,抖音信息流
40545,1906,2026-06-19 13:23:00,ai_plan,抖音信息流
37429,1766,2026-06-19 13:46:00,app_launch,自然流量
37429,1766,2026-06-19 13:47:00,ai_plan,自然流量
37429,1766,2026-06-19 13:48:00,view_spot,自然流量
37429,1766,2026-06-19 13:51:00,view_spot,自然流量
53116,2479,2026-06-19 13:51:00,app_launch,抖音信息流
37429,1766,2026-06-19 13:54:00,add_favorite,自然流量
37429,1766,2026-06-19 13:56:00,create_order,自然流量
54410,2543,2026-06-19 14:01:00,app_launch,抖音信息流
13591,648,2026-06-19 14:19:00,app_launch,抖音信息流
71357,3363,2026-06-19 14:25:00,app_launch,小红书种草
71357,3363,2026-06-19 14:26:00,ai_plan,小红书种草
71357,3363,2026-06-19 14:27:00,view_spot,小红书种草
74978,3536,2026-06-19 14:44:00,app_launch,微信分享裂变
74978,3536,2026-06-19 14:45:00,ai_plan,微信分享裂变
74978,3536,2026-06-19 14:46:00,view_spot,微信分享裂变
71356,3363,2026-06-19 14:52:00,app_launch,小红书种草
74978,3536,2026-06-19 14:52:00,add_favorite,微信分享裂变
71356,3363,2026-06-19 14:53:00,ai_plan,小红书种草
71356,3363,2026-06-19 14:54:00,view_spot,小红书种草
71356,3363,2026-06-19 14:57:00,view_spot,小红书种草
71356,3363,2026-06-19 15:00:00,add_favorite,小红书种草
129568,6125,2026-06-19 15:21:00,app_launch,自然流量
129568,6125,2026-06-19 15:22:00,ai_plan,自然流量
129568,6125,2026-06-19 15:23:00,view_spot,自然流量
129568,6125,2026-06-19 15:26:00,view_spot,自然流量
129568,6125,2026-06-19 15:29:00,add_favorite,自然流量
129568,6125,2026-06-19 15:31:00,create_order,自然流量
129568,6125,2026-06-19 15:32:00,pay_order,自然流量
67681,3183,2026-06-19 15:49:00,app_launch,抖音信息流
54409,2543,2026-06-19 16:01:00,app_launch,抖音信息流
54409,2543,2026-06-19 16:02:00,ai_plan,抖音信息流
54409,2543,2026-06-19 16:03:00,view_spot,抖音信息流
54409,2543,2026-06-19 16:06:00,view_spot,抖音信息流
54409,2543,2026-06-19 16:09:00,view_spot,抖音信息流
80802,3814,2026-06-19 17:07:00,app_launch,自然流量
80802,3814,2026-06-19 17:08:00,ai_plan,自然流量
21279,1003,2026-06-19 17:14:00,app_launch,自然流量
21279,1003,2026-06-19 17:15:00,ai_plan,自然流量
71358,3363,2026-06-19 17:29:00,app_launch,小红书种草
145332,6890,2026-06-19 18:40:00,app_launch,小红书种草
145332,6890,2026-06-19 18:41:00,ai_plan,小红书种草
145333,6890,2026-06-19 18:41:00,app_launch,小红书种草
145333,6890,2026-06-19 18:42:00,ai_plan,小红书种草
145333,6890,2026-06-19 18:43:00,view_spot,小红书种草
145333,6890,2026-06-19 18:46:00,view_spot,小红书种草
145333,6890,2026-06-19 18:49:00,add_favorite,小红书种草
29399,1384,2026-06-19 18:53:00,app_launch,高校地推
29399,1384,2026-06-19 18:54:00,ai_plan,高校地推
29399,1384,2026-06-19 18:55:00,view_spot,高校地推
29399,1384,2026-06-19 18:58:00,view_spot,高校地推
29399,1384,2026-06-19 19:01:00,view_spot,高校地推
29399,1384,2026-06-19 19:03:00,create_order,高校地推
29399,1384,2026-06-19 19:04:00,pay_order,高校地推
120968,5724,2026-06-19 20:00:00,app_launch,微信分享裂变
120968,5724,2026-06-19 20:01:00,ai_plan,微信分享裂变
120968,5724,2026-06-19 20:02:00,view_spot,微信分享裂变
120968,5724,2026-06-19 20:05:00,view_spot,微信分享裂变
120968,5724,2026-06-19 20:08:00,view_spot,微信分享裂变
21277,1003,2026-06-19 20:15:00,app_launch,自然流量
21277,1003,2026-06-19 20:16:00,ai_plan,自然流量
21277,1003,2026-06-19 20:17:00,view_spot,自然流量
106436,5037,2026-06-19 20:19:00,app_launch,微信分享裂变
21277,1003,2026-06-19 20:20:00,view_spot,自然流量
106436,5037,2026-06-19 20:20:00,ai_plan,微信分享裂变
106436,5037,2026-06-19 20:21:00,view_spot,微信分享裂变
21277,1003,2026-06-19 20:23:00,view_spot,自然流量
106436,5037,2026-06-19 20:24:00,view_spot,微信分享裂变
108387,5130,2026-06-19 21:22:00,app_launch,高校地推
29397,1384,2026-06-19 21:31:00,app_launch,高校地推
29397,1384,2026-06-19 21:32:00,ai_plan,高校地推
80803,3814,2026-06-19 21:32:00,app_launch,自然流量
29397,1384,2026-06-19 21:33:00,view_spot,高校地推
29397,1384,2026-06-19 21:36:00,view_spot,高校地推
162605,7701,2026-06-19 21:36:00,app_launch,自然流量
162605,7701,2026-06-19 21:37:00,ai_plan,自然流量
29397,1384,2026-06-19 21:39:00,view_spot,高校地推
29397,1384,2026-06-19 21:42:00,view_spot,高校地推
67680,3183,2026-06-19 22:01:00,app_launch,抖音信息流
67680,3183,2026-06-19 22:02:00,ai_plan,抖音信息流
67680,3183,2026-06-19 22:03:00,view_spot,抖音信息流
67680,3183,2026-06-19 22:11:00,create_order,抖音信息流
29398,1384,2026-06-19 22:15:00,app_launch,高校地推
108388,5130,2026-06-19 22:15:00,app_launch,高校地推
29398,1384,2026-06-19 22:16:00,ai_plan,高校地推
108388,5130,2026-06-19 22:16:00,ai_plan,高校地推
13590,648,2026-06-19 22:29:00,app_launch,抖音信息流
13590,648,2026-06-19 22:30:00,ai_plan,抖音信息流
37430,1766,2026-06-19 22:40:00,app_launch,自然流量
37430,1766,2026-06-19 22:41:00,ai_plan,自然流量
37430,1766,2026-06-19 22:42:00,view_spot,自然流量
37430,1766,2026-06-19 22:45:00,view_spot,自然流量
37430,1766,2026-06-19 22:48:00,view_spot,自然流量
120969,5724,2026-06-20 07:02:00,app_launch,微信分享裂变
120969,5724,2026-06-20 07:03:00,ai_plan,微信分享裂变
120969,5724,2026-06-20 07:04:00,view_spot,微信分享裂变
120969,5724,2026-06-20 07:10:00,add_favorite,微信分享裂变
33147,1555,2026-06-20 07:20:00,app_launch,自然流量
33147,1555,2026-06-20 07:21:00,ai_plan,自然流量
33147,1555,2026-06-20 07:22:00,view_spot,自然流量
33147,1555,2026-06-20 07:25:00,view_spot,自然流量
33147,1555,2026-06-20 07:28:00,add_favorite,自然流量
91480,4332,2026-06-20 07:28:00,app_launch,高校地推
91480,4332,2026-06-20 07:29:00,ai_plan,高校地推
33147,1555,2026-06-20 07:30:00,create_order,自然流量
91480,4332,2026-06-20 07:30:00,view_spot,高校地推
33147,1555,2026-06-20 07:31:00,pay_order,自然流量
91480,4332,2026-06-20 07:33:00,view_spot,高校地推
91480,4332,2026-06-20 07:36:00,add_favorite,高校地推
41470,1946,2026-06-20 07:42:00,app_launch,高校地推
41470,1946,2026-06-20 07:43:00,ai_plan,高校地推
162608,7701,2026-06-20 07:45:00,app_launch,自然流量
10322,488,2026-06-20 07:46:00,app_launch,自然流量
162608,7701,2026-06-20 07:46:00,ai_plan,自然流量
10322,488,2026-06-20 07:47:00,ai_plan,自然流量
162608,7701,2026-06-20 07:47:00,view_spot,自然流量
10322,488,2026-06-20 07:48:00,view_spot,自然流量
162608,7701,2026-06-20 07:50:00,view_spot,自然流量
162608,7701,2026-06-20 07:53:00,view_spot,自然流量
162608,7701,2026-06-20 07:55:00,create_order,自然流量
162608,7701,2026-06-20 07:56:00,pay_order,自然流量
41469,1946,2026-06-20 07:57:00,app_launch,高校地推
91481,4332,2026-06-20 08:06:00,app_launch,高校地推
91481,4332,2026-06-20 08:07:00,ai_plan,高校地推
91481,4332,2026-06-20 08:08:00,view_spot,高校地推
91481,4332,2026-06-20 08:11:00,view_spot,高校地推
91481,4332,2026-06-20 08:14:00,view_spot,高校地推
82785,3916,2026-06-20 08:41:00,app_launch,抖音信息流
74981,3536,2026-06-20 09:09:00,app_launch,微信分享裂变
74981,3536,2026-06-20 09:10:00,ai_plan,微信分享裂变
162607,7701,2026-06-20 10:18:00,app_launch,自然流量
162607,7701,2026-06-20 10:19:00,ai_plan,自然流量
21280,1003,2026-06-20 10:20:00,app_launch,自然流量
21281,1003,2026-06-20 10:22:00,app_launch,自然流量
67643,3182,2026-06-20 10:26:00,app_launch,自然流量
37431,1766,2026-06-20 10:42:00,app_launch,自然流量
37431,1766,2026-06-20 10:43:00,ai_plan,自然流量
37431,1766,2026-06-20 10:44:00,view_spot,自然流量
91482,4332,2026-06-20 10:44:00,app_launch,高校地推
91482,4332,2026-06-20 10:45:00,ai_plan,高校地推
37431,1766,2026-06-20 10:47:00,view_spot,自然流量
14385,683,2026-06-20 10:51:00,app_launch,自然流量
14385,683,2026-06-20 10:52:00,ai_plan,自然流量
9731,458,2026-06-20 10:59:00,app_launch,抖音信息流
9731,458,2026-06-20 11:00:00,ai_plan,抖音信息流
9731,458,2026-06-20 11:01:00,view_spot,抖音信息流
9731,458,2026-06-20 11:04:00,view_spot,抖音信息流
53119,2479,2026-06-20 11:48:00,app_launch,抖音信息流
53119,2479,2026-06-20 11:49:00,ai_plan,抖音信息流
53119,2479,2026-06-20 11:50:00,view_spot,抖音信息流
10323,488,2026-06-20 11:56:00,app_launch,自然流量
10323,488,2026-06-20 11:57:00,ai_plan,自然流量
10323,488,2026-06-20 11:58:00,view_spot,自然流量
10323,488,2026-06-20 12:01:00,view_spot,自然流量
10323,488,2026-06-20 12:04:00,view_spot,自然流量
10323,488,2026-06-20 12:06:00,create_order,自然流量
10323,488,2026-06-20 12:07:00,view_spot,自然流量
10323,488,2026-06-20 12:07:00,pay_order,自然流量
135778,6424,2026-06-20 12:14:00,app_launch,微信分享裂变
9733,458,2026-06-20 12:35:00,app_launch,抖音信息流
135777,6424,2026-06-20 12:39:00,app_launch,微信分享裂变
135777,6424,2026-06-20 12:40:00,ai_plan,微信分享裂变
135777,6424,2026-06-20 12:41:00,view_spot,微信分享裂变
135777,6424,2026-06-20 12:44:00,view_spot,微信分享裂变
135779,6424,2026-06-20 12:44:00,app_launch,微信分享裂变
135777,6424,2026-06-20 12:47:00,view_spot,微信分享裂变
135777,6424,2026-06-20 12:50:00,view_spot,微信分享裂变
133549,6320,2026-06-20 13:00:00,app_launch,小红书种草
133549,6320,2026-06-20 13:01:00,ai_plan,小红书种草
133549,6320,2026-06-20 13:02:00,view_spot,小红书种草
133549,6320,2026-06-20 13:05:00,view_spot,小红书种草
133549,6320,2026-06-20 13:08:00,view_spot,小红书种草
133549,6320,2026-06-20 13:08:00,add_favorite,小红书种草
53118,2479,2026-06-20 13:46:00,app_launch,抖音信息流
67642,3182,2026-06-20 13:51:00,app_launch,自然流量
33146,1555,2026-06-20 13:53:00,app_launch,自然流量
33146,1555,2026-06-20 13:54:00,ai_plan,自然流量
14386,683,2026-06-20 14:53:00,app_launch,自然流量
14386,683,2026-06-20 14:54:00,ai_plan,自然流量
129571,6125,2026-06-20 15:18:00,app_launch,自然流量
129571,6125,2026-06-20 15:19:00,ai_plan,自然流量
86250,4079,2026-06-20 15:51:00,app_launch,自然流量
86250,4079,2026-06-20 15:52:00,ai_plan,自然流量
86250,4079,2026-06-20 15:53:00,view_spot,自然流量
86250,4079,2026-06-20 16:01:00,create_order,自然流量
86250,4079,2026-06-20 16:02:00,pay_order,自然流量
82783,3916,2026-06-20 16:21:00,app_launch,抖音信息流
82784,3916,2026-06-20 16:23:00,app_launch,抖音信息流
120970,5724,2026-06-20 17:10:00,app_launch,微信分享裂变
120970,5724,2026-06-20 17:11:00,ai_plan,微信分享裂变
106438,5037,2026-06-20 17:12:00,app_launch,微信分享裂变
106438,5037,2026-06-20 17:13:00,ai_plan,微信分享裂变
106438,5037,2026-06-20 17:14:00,view_spot,微信分享裂变
106438,5037,2026-06-20 17:17:00,view_spot,微信分享裂变
106438,5037,2026-06-20 17:22:00,create_order,微信分享裂变
106438,5037,2026-06-20 17:23:00,pay_order,微信分享裂变
10324,488,2026-06-20 17:49:00,app_launch,自然流量
10324,488,2026-06-20 17:50:00,ai_plan,自然流量
53117,2479,2026-06-20 18:00:00,app_launch,抖音信息流
53117,2479,2026-06-20 18:01:00,ai_plan,抖音信息流
53117,2479,2026-06-20 18:02:00,view_spot,抖音信息流
106437,5037,2026-06-20 18:24:00,app_launch,微信分享裂变
106437,5037,2026-06-20 18:25:00,ai_plan,微信分享裂变
106437,5037,2026-06-20 18:26:00,view_spot,微信分享裂变
106437,5037,2026-06-20 18:29:00,view_spot,微信分享裂变
162606,7701,2026-06-20 18:29:00,app_launch,自然流量
106437,5037,2026-06-20 18:32:00,view_spot,微信分享裂变
74979,3536,2026-06-20 19:01:00,app_launch,微信分享裂变
74979,3536,2026-06-20 19:02:00,ai_plan,微信分享裂变
74979,3536,2026-06-20 19:03:00,view_spot,微信分享裂变
74979,3536,2026-06-20 19:06:00,view_spot,微信分享裂变
74979,3536,2026-06-20 19:09:00,view_spot,微信分享裂变
74979,3536,2026-06-20 19:12:00,view_spot,微信分享裂变
133548,6320,2026-06-20 19:18:00,app_launch,小红书种草
86252,4079,2026-06-20 19:24:00,app_launch,自然流量
86252,4079,2026-06-20 19:25:00,ai_plan,自然流量
86252,4079,2026-06-20 19:26:00,view_spot,自然流量
86252,4079,2026-06-20 19:29:00,view_spot,自然流量
86252,4079,2026-06-20 19:34:00,create_order,自然流量
67641,3182,2026-06-20 19:44:00,app_launch,自然流量
67641,3182,2026-06-20 19:45:00,ai_plan,自然流量
67641,3182,2026-06-20 19:46:00,view_spot,自然流量
129570,6125,2026-06-20 20:22:00,app_launch,自然流量
129570,6125,2026-06-20 20:23:00,ai_plan,自然流量
129570,6125,2026-06-20 20:24:00,view_spot,自然流量
74980,3536,2026-06-20 21:11:00,app_launch,微信分享裂变
74980,3536,2026-06-20 21:12:00,ai_plan,微信分享裂变
29400,1384,2026-06-20 21:42:00,app_launch,高校地推
48151,2253,2026-06-20 21:42:00,app_launch,抖音信息流
48151,2253,2026-06-20 21:43:00,ai_plan,抖音信息流
48151,2253,2026-06-20 21:44:00,view_spot,抖音信息流
48151,2253,2026-06-20 21:47:00,view_spot,抖音信息流
48151,2253,2026-06-20 21:50:00,view_spot,抖音信息流
48151,2253,2026-06-20 21:53:00,view_spot,抖音信息流
9732,458,2026-06-20 22:11:00,app_launch,抖音信息流
101208,4795,2026-06-20 22:14:00,app_launch,抖音信息流
101208,4795,2026-06-20 22:15:00,ai_plan,抖音信息流
86251,4079,2026-06-20 22:56:00,app_launch,自然流量
53121,2479,2026-06-21 07:00:00,app_launch,抖音信息流
53121,2479,2026-06-21 07:01:00,ai_plan,抖音信息流
74983,3536,2026-06-21 07:45:00,app_launch,微信分享裂变
74983,3536,2026-06-21 07:46:00,ai_plan,微信分享裂变
80804,3814,2026-06-21 08:17:00,app_launch,自然流量
80804,3814,2026-06-21 08:18:00,ai_plan,自然流量
80804,3814,2026-06-21 08:19:00,view_spot,自然流量
129572,6125,2026-06-21 08:35:00,app_launch,自然流量
129572,6125,2026-06-21 08:36:00,ai_plan,自然流量
129572,6125,2026-06-21 08:37:00,view_spot,自然流量
143999,6827,2026-06-21 08:38:00,app_launch,自然流量
143999,6827,2026-06-21 08:39:00,ai_plan,自然流量
129572,6125,2026-06-21 08:40:00,view_spot,自然流量
129572,6125,2026-06-21 08:43:00,add_favorite,自然流量
13593,648,2026-06-21 09:01:00,app_launch,抖音信息流
63650,2988,2026-06-21 09:14:00,app_launch,抖音信息流
74982,3536,2026-06-21 10:05:00,app_launch,微信分享裂变
74982,3536,2026-06-21 10:06:00,ai_plan,微信分享裂变
74982,3536,2026-06-21 10:07:00,view_spot,微信分享裂变
74982,3536,2026-06-21 10:10:00,view_spot,微信分享裂变
74982,3536,2026-06-21 10:13:00,view_spot,微信分享裂变
74982,3536,2026-06-21 10:13:00,add_favorite,微信分享裂变
74982,3536,2026-06-21 10:15:00,create_order,微信分享裂变
74982,3536,2026-06-21 10:16:00,view_spot,微信分享裂变
74982,3536,2026-06-21 10:16:00,pay_order,微信分享裂变
108391,5130,2026-06-21 10:28:00,app_launch,高校地推
108391,5130,2026-06-21 10:29:00,ai_plan,高校地推
108391,5130,2026-06-21 10:30:00,view_spot,高校地推
108391,5130,2026-06-21 10:33:00,view_spot,高校地推
108391,5130,2026-06-21 10:36:00,view_spot,高校地推
108391,5130,2026-06-21 10:36:00,add_favorite,高校地推
54411,2543,2026-06-21 10:39:00,app_launch,抖音信息流
108391,5130,2026-06-21 10:39:00,view_spot,高校地推
54411,2543,2026-06-21 10:40:00,ai_plan,抖音信息流
54411,2543,2026-06-21 10:41:00,view_spot,抖音信息流
54411,2543,2026-06-21 10:44:00,view_spot,抖音信息流
54411,2543,2026-06-21 10:47:00,view_spot,抖音信息流
54411,2543,2026-06-21 10:50:00,view_spot,抖音信息流
91484,4332,2026-06-21 10:51:00,app_launch,高校地推
91484,4332,2026-06-21 10:52:00,ai_plan,高校地推
91484,4332,2026-06-21 10:53:00,view_spot,高校地推
91484,4332,2026-06-21 10:56:00,view_spot,高校地推
91484,4332,2026-06-21 10:59:00,view_spot,高校地推
91484,4332,2026-06-21 10:59:00,add_favorite,高校地推
91484,4332,2026-06-21 11:01:00,create_order,高校地推
91484,4332,2026-06-21 11:02:00,view_spot,高校地推
37434,1766,2026-06-21 11:45:00,app_launch,自然流量
67645,3182,2026-06-21 12:03:00,app_launch,自然流量
67645,3182,2026-06-21 12:04:00,ai_plan,自然流量
67645,3182,2026-06-21 12:05:00,view_spot,自然流量
67645,3182,2026-06-21 12:08:00,view_spot,自然流量
80805,3814,2026-06-21 12:28:00,app_launch,自然流量
48152,2253,2026-06-21 12:47:00,app_launch,抖音信息流
48152,2253,2026-06-21 12:48:00,ai_plan,抖音信息流
48152,2253,2026-06-21 12:49:00,view_spot,抖音信息流
48152,2253,2026-06-21 12:55:00,add_favorite,抖音信息流
67646,3182,2026-06-21 13:07:00,app_launch,自然流量
67646,3182,2026-06-21 13:08:00,ai_plan,自然流量
67646,3182,2026-06-21 13:09:00,view_spot,自然流量
67646,3182,2026-06-21 13:12:00,view_spot,自然流量
67646,3182,2026-06-21 13:15:00,view_spot,自然流量
67646,3182,2026-06-21 13:18:00,view_spot,自然流量
21283,1003,2026-06-21 13:29:00,app_launch,自然流量
21283,1003,2026-06-21 13:30:00,ai_plan,自然流量
21283,1003,2026-06-21 13:31:00,view_spot,自然流量
13592,648,2026-06-21 14:15:00,app_launch,抖音信息流
13594,648,2026-06-21 14:17:00,app_launch,抖音信息流
13594,648,2026-06-21 14:18:00,ai_plan,抖音信息流
21282,1003,2026-06-21 14:38:00,app_launch,自然流量
106441,5037,2026-06-21 14:40:00,app_launch,微信分享裂变
106441,5037,2026-06-21 14:41:00,ai_plan,微信分享裂变
106440,5037,2026-06-21 14:42:00,app_launch,微信分享裂变
106441,5037,2026-06-21 14:42:00,view_spot,微信分享裂变
106440,5037,2026-06-21 14:43:00,ai_plan,微信分享裂变
106441,5037,2026-06-21 14:45:00,view_spot,微信分享裂变
54413,2543,2026-06-21 14:51:00,app_launch,抖音信息流
54412,2543,2026-06-21 14:58:00,app_launch,抖音信息流
54412,2543,2026-06-21 14:59:00,ai_plan,抖音信息流
53120,2479,2026-06-21 15:06:00,app_launch,抖音信息流
37433,1766,2026-06-21 15:59:00,app_launch,自然流量
37433,1766,2026-06-21 16:00:00,ai_plan,自然流量
37433,1766,2026-06-21 16:01:00,view_spot,自然流量
144000,6827,2026-06-21 16:48:00,app_launch,自然流量
144000,6827,2026-06-21 16:49:00,ai_plan,自然流量
144000,6827,2026-06-21 16:50:00,view_spot,自然流量
106439,5037,2026-06-21 17:30:00,app_launch,微信分享裂变
106439,5037,2026-06-21 17:31:00,ai_plan,微信分享裂变
106439,5037,2026-06-21 17:32:00,view_spot,微信分享裂变
106439,5037,2026-06-21 17:35:00,view_spot,微信分享裂变
106439,5037,2026-06-21 17:38:00,view_spot,微信分享裂变
106439,5037,2026-06-21 17:41:00,view_spot,微信分享裂变
67644,3182,2026-06-21 18:24:00,app_launch,自然流量
67644,3182,2026-06-21 18:25:00,ai_plan,自然流量
9734,458,2026-06-21 18:32:00,app_launch,抖音信息流
167219,7925,2026-06-21 19:00:00,app_launch,微信分享裂变
167219,7925,2026-06-21 19:01:00,ai_plan,微信分享裂变
167219,7925,2026-06-21 19:02:00,view_spot,微信分享裂变
167219,7925,2026-06-21 19:05:00,view_spot,微信分享裂变
167219,7925,2026-06-21 19:08:00,view_spot,微信分享裂变
37432,1766,2026-06-21 19:32:00,app_launch,自然流量
37432,1766,2026-06-21 19:33:00,ai_plan,自然流量
37432,1766,2026-06-21 19:34:00,view_spot,自然流量
37432,1766,2026-06-21 19:37:00,view_spot,自然流量
91483,4332,2026-06-21 19:39:00,app_launch,高校地推
91483,4332,2026-06-21 19:40:00,ai_plan,高校地推
53122,2479,2026-06-21 19:52:00,app_launch,抖音信息流
53122,2479,2026-06-21 19:53:00,ai_plan,抖音信息流
82786,3916,2026-06-21 21:08:00,app_launch,抖音信息流
80806,3814,2026-06-21 21:36:00,app_launch,自然流量
80806,3814,2026-06-21 21:37:00,ai_plan,自然流量
108390,5130,2026-06-21 21:51:00,app_launch,高校地推
143998,6827,2026-06-21 22:00:00,app_launch,自然流量
143998,6827,2026-06-21 22:01:00,ai_plan,自然流量
143998,6827,2026-06-21 22:02:00,view_spot,自然流量
129574,6125,2026-06-22 08:04:00,app_launch,自然流量
129574,6125,2026-06-22 08:05:00,ai_plan,自然流量
129574,6125,2026-06-22 08:06:00,view_spot,自然流量
129574,6125,2026-06-22 08:12:00,add_favorite,自然流量
167588,7941,2026-06-22 08:56:00,app_launch,自然流量
167588,7941,2026-06-22 08:57:00,ai_plan,自然流量
167588,7941,2026-06-22 08:58:00,view_spot,自然流量
167588,7941,2026-06-22 09:01:00,view_spot,自然流量
167588,7941,2026-06-22 09:04:00,view_spot,自然流量
167588,7941,2026-06-22 09:06:00,create_order,自然流量
167588,7941,2026-06-22 09:07:00,view_spot,自然流量
167588,7941,2026-06-22 09:07:00,pay_order,自然流量
93439,4425,2026-06-22 10:13:00,app_launch,小红书种草
41471,1946,2026-06-22 10:30:00,app_launch,高校地推
167589,7941,2026-06-22 11:19:00,app_launch,自然流量
167589,7941,2026-06-22 11:20:00,ai_plan,自然流量
54414,2543,2026-06-22 11:30:00,app_launch,抖音信息流
54414,2543,2026-06-22 11:31:00,ai_plan,抖音信息流
54414,2543,2026-06-22 11:32:00,view_spot,抖音信息流
33150,1555,2026-06-22 11:35:00,app_launch,自然流量
54414,2543,2026-06-22 11:35:00,view_spot,抖音信息流
33150,1555,2026-06-22 11:36:00,ai_plan,自然流量
93437,4425,2026-06-22 11:37:00,app_launch,小红书种草
54414,2543,2026-06-22 11:38:00,view_spot,抖音信息流
54414,2543,2026-06-22 11:38:00,add_favorite,抖音信息流
93437,4425,2026-06-22 11:38:00,ai_plan,小红书种草
93437,4425,2026-06-22 11:39:00,view_spot,小红书种草
93437,4425,2026-06-22 11:42:00,view_spot,小红书种草
147392,6989,2026-06-22 12:52:00,app_launch,自然流量
147392,6989,2026-06-22 12:53:00,ai_plan,自然流量
145335,6890,2026-06-22 13:21:00,app_launch,小红书种草
145335,6890,2026-06-22 13:22:00,ai_plan,小红书种草
145335,6890,2026-06-22 13:23:00,view_spot,小红书种草
145335,6890,2026-06-22 13:26:00,view_spot,小红书种草
145335,6890,2026-06-22 13:29:00,view_spot,小红书种草
145335,6890,2026-06-22 13:29:00,add_favorite,小红书种草
145335,6890,2026-06-22 13:31:00,create_order,小红书种草
145335,6890,2026-06-22 13:32:00,view_spot,小红书种草
145335,6890,2026-06-22 13:32:00,pay_order,小红书种草
80807,3814,2026-06-22 13:44:00,app_launch,自然流量
48153,2253,2026-06-22 14:05:00,app_launch,抖音信息流
48153,2253,2026-06-22 14:06:00,ai_plan,抖音信息流
40548,1906,2026-06-22 14:13:00,app_launch,抖音信息流
48154,2253,2026-06-22 14:36:00,app_launch,抖音信息流
74984,3536,2026-06-22 14:52:00,app_launch,微信分享裂变
41472,1946,2026-06-22 14:58:00,app_launch,高校地推
41472,1946,2026-06-22 14:59:00,ai_plan,高校地推
41472,1946,2026-06-22 15:00:00,view_spot,高校地推
41472,1946,2026-06-22 15:03:00,view_spot,高校地推
133551,6320,2026-06-22 15:04:00,app_launch,小红书种草
133551,6320,2026-06-22 15:05:00,ai_plan,小红书种草
41472,1946,2026-06-22 15:06:00,view_spot,高校地推
33148,1555,2026-06-22 15:45:00,app_launch,自然流量
33148,1555,2026-06-22 15:46:00,ai_plan,自然流量
33148,1555,2026-06-22 15:47:00,view_spot,自然流量
33148,1555,2026-06-22 15:50:00,view_spot,自然流量
33148,1555,2026-06-22 15:53:00,view_spot,自然流量
54415,2543,2026-06-22 16:05:00,app_launch,抖音信息流
54415,2543,2026-06-22 16:06:00,ai_plan,抖音信息流
167587,7941,2026-06-22 17:21:00,app_launch,自然流量
167587,7941,2026-06-22 17:22:00,ai_plan,自然流量
167587,7941,2026-06-22 17:23:00,view_spot,自然流量
9735,458,2026-06-22 18:10:00,app_launch,抖音信息流
9735,458,2026-06-22 18:11:00,ai_plan,抖音信息流
33149,1555,2026-06-22 18:33:00,app_launch,自然流量
101211,4795,2026-06-22 19:17:00,app_launch,抖音信息流
101211,4795,2026-06-22 19:18:00,ai_plan,抖音信息流
12364,587,2026-06-22 19:30:00,app_launch,自然流量
133550,6320,2026-06-22 19:40:00,app_launch,小红书种草
133550,6320,2026-06-22 19:41:00,ai_plan,小红书种草
133550,6320,2026-06-22 19:42:00,view_spot,小红书种草
133550,6320,2026-06-22 19:45:00,view_spot,小红书种草
133552,6320,2026-06-22 19:46:00,app_launch,小红书种草
133552,6320,2026-06-22 19:47:00,ai_plan,小红书种草
133550,6320,2026-06-22 19:48:00,view_spot,小红书种草
133550,6320,2026-06-22 19:51:00,view_spot,小红书种草
40547,1906,2026-06-22 19:56:00,app_launch,抖音信息流
145334,6890,2026-06-22 20:04:00,app_launch,小红书种草
145334,6890,2026-06-22 20:05:00,ai_plan,小红书种草
147393,6989,2026-06-22 20:05:00,app_launch,自然流量
147393,6989,2026-06-22 20:06:00,ai_plan,自然流量
147393,6989,2026-06-22 20:07:00,view_spot,自然流量
147393,6989,2026-06-22 20:10:00,view_spot,自然流量
147393,6989,2026-06-22 20:13:00,view_spot,自然流量
147393,6989,2026-06-22 20:15:00,create_order,自然流量
129573,6125,2026-06-22 20:16:00,app_launch,自然流量
147393,6989,2026-06-22 20:16:00,pay_order,自然流量
93438,4425,2026-06-22 20:32:00,app_launch,小红书种草
93438,4425,2026-06-22 20:33:00,ai_plan,小红书种草
93438,4425,2026-06-22 20:34:00,view_spot,小红书种草
93438,4425,2026-06-22 20:37:00,view_spot,小红书种草
93438,4425,2026-06-22 20:40:00,view_spot,小红书种草
93438,4425,2026-06-22 20:40:00,add_favorite,小红书种草
93438,4425,2026-06-22 20:42:00,create_order,小红书种草
93438,4425,2026-06-22 20:43:00,view_spot,小红书种草
93438,4425,2026-06-22 20:43:00,pay_order,小红书种草
101209,4795,2026-06-22 21:19:00,app_launch,抖音信息流
48155,2253,2026-06-22 21:33:00,app_launch,抖音信息流
48155,2253,2026-06-22 21:34:00,ai_plan,抖音信息流
48155,2253,2026-06-22 21:35:00,view_spot,抖音信息流
48155,2253,2026-06-22 21:38:00,view_spot,抖音信息流
101210,4795,2026-06-22 21:51:00,app_launch,抖音信息流
101210,4795,2026-06-22 21:52:00,ai_plan,抖音信息流
101210,4795,2026-06-22 21:53:00,view_spot,抖音信息流
101210,4795,2026-06-22 21:56:00,view_spot,抖音信息流
101210,4795,2026-06-22 21:59:00,view_spot,抖音信息流
21285,1003,2026-06-22 22:16:00,app_launch,自然流量
21285,1003,2026-06-22 22:17:00,ai_plan,自然流量
71359,3363,2026-06-22 22:26:00,app_launch,小红书种草
21284,1003,2026-06-22 22:31:00,app_launch,自然流量
21284,1003,2026-06-22 22:32:00,ai_plan,自然流量
133515,6318,2026-06-23 07:18:00,app_launch,小红书种草
101213,4795,2026-06-23 07:36:00,app_launch,抖音信息流
167591,7941,2026-06-23 07:50:00,app_launch,自然流量
152941,7245,2026-06-23 08:18:00,app_launch,抖音信息流
152941,7245,2026-06-23 08:19:00,ai_plan,抖音信息流
152941,7245,2026-06-23 08:20:00,view_spot,抖音信息流
12367,587,2026-06-23 08:24:00,app_launch,自然流量
12367,587,2026-06-23 08:25:00,ai_plan,自然流量
12367,587,2026-06-23 08:26:00,view_spot,自然流量
152941,7245,2026-06-23 08:26:00,add_favorite,抖音信息流
12367,587,2026-06-23 08:29:00,view_spot,自然流量
12367,587,2026-06-23 08:32:00,view_spot,自然流量
12367,587,2026-06-23 08:32:00,add_favorite,自然流量
12367,587,2026-06-23 08:35:00,view_spot,自然流量
133555,6320,2026-06-23 08:36:00,app_launch,小红书种草
133555,6320,2026-06-23 08:37:00,ai_plan,小红书种草
133555,6320,2026-06-23 08:38:00,view_spot,小红书种草
133555,6320,2026-06-23 08:44:00,add_favorite,小红书种草
71360,3363,2026-06-23 08:45:00,app_launch,小红书种草
71360,3363,2026-06-23 08:46:00,ai_plan,小红书种草
71360,3363,2026-06-23 08:47:00,view_spot,小红书种草
71360,3363,2026-06-23 08:50:00,view_spot,小红书种草
13596,648,2026-06-23 09:48:00,app_launch,抖音信息流
13596,648,2026-06-23 09:49:00,ai_plan,抖音信息流
13596,648,2026-06-23 09:50:00,view_spot,抖音信息流
13596,648,2026-06-23 09:53:00,view_spot,抖音信息流
137617,6508,2026-06-23 10:11:00,app_launch,自然流量
137617,6508,2026-06-23 10:12:00,ai_plan,自然流量
137617,6508,2026-06-23 10:13:00,view_spot,自然流量
137617,6508,2026-06-23 10:16:00,view_spot,自然流量
137617,6508,2026-06-23 10:19:00,view_spot,自然流量
39350,1851,2026-06-23 10:22:00,app_launch,自然流量
93440,4425,2026-06-23 10:42:00,app_launch,小红书种草
93440,4425,2026-06-23 10:43:00,ai_plan,小红书种草
93440,4425,2026-06-23 10:44:00,view_spot,小红书种草
93440,4425,2026-06-23 10:47:00,view_spot,小红书种草
16786,795,2026-06-23 10:49:00,app_launch,自然流量
16786,795,2026-06-23 10:50:00,ai_plan,自然流量
93440,4425,2026-06-23 10:50:00,view_spot,小红书种草
93440,4425,2026-06-23 10:53:00,view_spot,小红书种草
101214,4795,2026-06-23 11:03:00,app_launch,抖音信息流
137616,6508,2026-06-23 11:31:00,app_launch,自然流量
137616,6508,2026-06-23 11:32:00,ai_plan,自然流量
137615,6508,2026-06-23 12:29:00,app_launch,自然流量
137615,6508,2026-06-23 12:30:00,ai_plan,自然流量
28462,1340,2026-06-23 13:06:00,app_launch,抖音信息流
28462,1340,2026-06-23 13:07:00,ai_plan,抖音信息流
28461,1340,2026-06-23 13:11:00,app_launch,抖音信息流
114130,5403,2026-06-23 13:22:00,app_launch,抖音信息流
114130,5403,2026-06-23 13:23:00,ai_plan,抖音信息流
114130,5403,2026-06-23 13:24:00,view_spot,抖音信息流
114130,5403,2026-06-23 13:27:00,view_spot,抖音信息流
114130,5403,2026-06-23 13:30:00,view_spot,抖音信息流
78087,3685,2026-06-23 13:55:00,app_launch,自然流量
78087,3685,2026-06-23 13:56:00,ai_plan,自然流量
78087,3685,2026-06-23 13:57:00,view_spot,自然流量
78087,3685,2026-06-23 14:00:00,view_spot,自然流量
78087,3685,2026-06-23 14:03:00,view_spot,自然流量
78087,3685,2026-06-23 14:06:00,view_spot,自然流量
38429,1812,2026-06-23 14:10:00,app_launch,抖音信息流
38429,1812,2026-06-23 14:11:00,ai_plan,抖音信息流
9736,458,2026-06-23 14:43:00,app_launch,抖音信息流
129576,6125,2026-06-23 14:58:00,app_launch,自然流量
37435,1766,2026-06-23 15:59:00,app_launch,自然流量
37435,1766,2026-06-23 16:00:00,ai_plan,自然流量
147394,6989,2026-06-23 16:00:00,app_launch,自然流量
147394,6989,2026-06-23 16:01:00,ai_plan,自然流量
129577,6125,2026-06-23 16:53:00,app_launch,自然流量
29401,1384,2026-06-23 17:04:00,app_launch,高校地推
29401,1384,2026-06-23 17:05:00,ai_plan,高校地推
48156,2253,2026-06-23 17:05:00,app_launch,抖音信息流
29401,1384,2026-06-23 17:06:00,view_spot,高校地推
29401,1384,2026-06-23 17:09:00,view_spot,高校地推
167590,7941,2026-06-23 17:18:00,app_launch,自然流量
162813,7710,2026-06-23 17:22:00,app_launch,小红书种草
162813,7710,2026-06-23 17:23:00,ai_plan,小红书种草
162813,7710,2026-06-23 17:24:00,view_spot,小红书种草
9737,458,2026-06-23 17:27:00,app_launch,抖音信息流
162813,7710,2026-06-23 17:27:00,view_spot,小红书种草
162813,7710,2026-06-23 17:30:00,view_spot,小红书种草
162813,7710,2026-06-23 17:33:00,view_spot,小红书种草
39349,1851,2026-06-23 17:34:00,app_launch,自然流量
39349,1851,2026-06-23 17:35:00,ai_plan,自然流量
135780,6424,2026-06-23 18:52:00,app_launch,微信分享裂变
21286,1003,2026-06-23 19:01:00,app_launch,自然流量
133553,6320,2026-06-23 19:09:00,app_launch,小红书种草
133553,6320,2026-06-23 19:10:00,ai_plan,小红书种草
12366,587,2026-06-23 19:31:00,app_launch,自然流量
101212,4795,2026-06-23 19:53:00,app_launch,抖音信息流
12365,587,2026-06-23 20:02:00,app_launch,自然流量
12365,587,2026-06-23 20:03:00,ai_plan,自然流量
12365,587,2026-06-23 20:04:00,view_spot,自然流量
133514,6318,2026-06-23 20:10:00,app_launch,小红书种草
32756,1536,2026-06-23 20:11:00,app_launch,抖音信息流
129575,6125,2026-06-23 20:11:00,app_launch,自然流量
133514,6318,2026-06-23 20:11:00,ai_plan,小红书种草
129575,6125,2026-06-23 20:12:00,ai_plan,自然流量
133514,6318,2026-06-23 20:12:00,view_spot,小红书种草
129575,6125,2026-06-23 20:13:00,view_spot,自然流量
133514,6318,2026-06-23 20:15:00,view_spot,小红书种草
129575,6125,2026-06-23 20:16:00,view_spot,自然流量
133514,6318,2026-06-23 20:18:00,view_spot,小红书种草
129575,6125,2026-06-23 20:19:00,view_spot,自然流量
133514,6318,2026-06-23 20:21:00,view_spot,小红书种草
10325,488,2026-06-23 20:29:00,app_launch,自然流量
13595,648,2026-06-23 20:29:00,app_launch,抖音信息流
10325,488,2026-06-23 20:30:00,ai_plan,自然流量
13595,648,2026-06-23 20:30:00,ai_plan,抖音信息流
10325,488,2026-06-23 20:31:00,view_spot,自然流量
10325,488,2026-06-23 20:34:00,view_spot,自然流量
10325,488,2026-06-23 20:37:00,view_spot,自然流量
37436,1766,2026-06-23 20:42:00,app_launch,自然流量
105292,4982,2026-06-23 20:42:00,app_launch,自然流量
37436,1766,2026-06-23 20:43:00,ai_plan,自然流量
105292,4982,2026-06-23 20:43:00,ai_plan,自然流量
37436,1766,2026-06-23 20:44:00,view_spot,自然流量
105292,4982,2026-06-23 20:44:00,view_spot,自然流量
37436,1766,2026-06-23 20:47:00,view_spot,自然流量
105292,4982,2026-06-23 20:47:00,view_spot,自然流量
37436,1766,2026-06-23 20:50:00,view_spot,自然流量
105292,4982,2026-06-23 20:50:00,view_spot,自然流量
133554,6320,2026-06-23 22:03:00,app_launch,小红书种草
133554,6320,2026-06-23 22:04:00,ai_plan,小红书种草
13597,648,2026-06-23 22:25:00,app_launch,抖音信息流
13597,648,2026-06-23 22:26:00,ai_plan,抖音信息流
13597,648,2026-06-23 22:27:00,view_spot,抖音信息流
13597,648,2026-06-23 22:30:00,view_spot,抖音信息流
13597,648,2026-06-23 22:33:00,view_spot,抖音信息流
13597,648,2026-06-23 22:33:00,add_favorite,抖音信息流
13597,648,2026-06-23 22:36:00,view_spot,抖音信息流
28463,1340,2026-06-23 22:42:00,app_launch,抖音信息流
28463,1340,2026-06-23 22:43:00,ai_plan,抖音信息流
28463,1340,2026-06-23 22:44:00,view_spot,抖音信息流
28463,1340,2026-06-23 22:47:00,view_spot,抖音信息流
28463,1340,2026-06-23 22:50:00,view_spot,抖音信息流
28463,1340,2026-06-23 22:53:00,view_spot,抖音信息流
16788,795,2026-06-24 07:11:00,app_launch,自然流量
16788,795,2026-06-24 07:12:00,ai_plan,自然流量
16788,795,2026-06-24 07:13:00,view_spot,自然流量
16788,795,2026-06-24 07:19:00,add_favorite,自然流量
108393,5130,2026-06-24 08:38:00,app_launch,高校地推
108393,5130,2026-06-24 08:39:00,ai_plan,高校地推
150006,7112,2026-06-24 08:54:00,app_launch,小红书种草
67648,3182,2026-06-24 09:16:00,app_launch,自然流量
16787,795,2026-06-24 09:25:00,app_launch,自然流量
16073,764,2026-06-24 10:23:00,app_launch,自然流量
16073,764,2026-06-24 10:24:00,ai_plan,自然流量
16073,764,2026-06-24 10:25:00,view_spot,自然流量
16073,764,2026-06-24 10:28:00,view_spot,自然流量
16073,764,2026-06-24 10:33:00,create_order,自然流量
16073,764,2026-06-24 10:34:00,pay_order,自然流量
93441,4425,2026-06-24 10:37:00,app_launch,小红书种草
33152,1555,2026-06-24 11:38:00,app_launch,自然流量
33152,1555,2026-06-24 11:39:00,ai_plan,自然流量
16075,764,2026-06-24 11:43:00,app_launch,自然流量
28115,1323,2026-06-24 11:44:00,app_launch,自然流量
28115,1323,2026-06-24 11:45:00,ai_plan,自然流量
28115,1323,2026-06-24 11:46:00,view_spot,自然流量
28115,1323,2026-06-24 11:49:00,view_spot,自然流量
48159,2253,2026-06-24 12:34:00,app_launch,抖音信息流
126004,5957,2026-06-24 12:43:00,app_launch,抖音信息流
126004,5957,2026-06-24 12:44:00,ai_plan,抖音信息流
126004,5957,2026-06-24 12:45:00,view_spot,抖音信息流
126004,5957,2026-06-24 12:53:00,create_order,抖音信息流
126004,5957,2026-06-24 12:54:00,pay_order,抖音信息流
167608,7942,2026-06-24 13:14:00,app_launch,抖音信息流
48158,2253,2026-06-24 13:47:00,app_launch,抖音信息流
33153,1555,2026-06-24 13:51:00,app_launch,自然流量
48157,2253,2026-06-24 14:36:00,app_launch,抖音信息流
28465,1340,2026-06-24 16:24:00,app_launch,抖音信息流
33151,1555,2026-06-24 16:42:00,app_launch,自然流量
16074,764,2026-06-24 17:50:00,app_launch,自然流量
16074,764,2026-06-24 17:51:00,ai_plan,自然流量
16074,764,2026-06-24 17:52:00,view_spot,自然流量
16074,764,2026-06-24 17:55:00,view_spot,自然流量
16074,764,2026-06-24 17:58:00,view_spot,自然流量
167607,7942,2026-06-24 18:19:00,app_launch,抖音信息流
167607,7942,2026-06-24 18:20:00,ai_plan,抖音信息流
167607,7942,2026-06-24 18:21:00,view_spot,抖音信息流
126005,5957,2026-06-24 18:23:00,app_launch,抖音信息流
167607,7942,2026-06-24 18:24:00,view_spot,抖音信息流
159579,7558,2026-06-24 18:30:00,app_launch,抖音信息流
108392,5130,2026-06-24 18:36:00,app_launch,高校地推
108394,5130,2026-06-24 18:36:00,app_launch,高校地推
108392,5130,2026-06-24 18:37:00,ai_plan,高校地推
108392,5130,2026-06-24 18:38:00,view_spot,高校地推
108392,5130,2026-06-24 18:41:00,view_spot,高校地推
108392,5130,2026-06-24 18:46:00,create_order,高校地推
108392,5130,2026-06-24 18:47:00,pay_order,高校地推
78089,3685,2026-06-24 18:55:00,app_launch,自然流量
78089,3685,2026-06-24 18:56:00,ai_plan,自然流量
78089,3685,2026-06-24 18:57:00,view_spot,自然流量
78089,3685,2026-06-24 19:00:00,view_spot,自然流量
159577,7558,2026-06-24 19:25:00,app_launch,抖音信息流
159577,7558,2026-06-24 19:26:00,ai_plan,抖音信息流
159577,7558,2026-06-24 19:27:00,view_spot,抖音信息流
159577,7558,2026-06-24 19:30:00,view_spot,抖音信息流
159577,7558,2026-06-24 19:33:00,view_spot,抖音信息流
78088,3685,2026-06-24 19:48:00,app_launch,自然流量
78088,3685,2026-06-24 19:49:00,ai_plan,自然流量
78088,3685,2026-06-24 19:50:00,view_spot,自然流量
159578,7558,2026-06-24 19:52:00,app_launch,抖音信息流
78088,3685,2026-06-24 19:53:00,view_spot,自然流量
159578,7558,2026-06-24 19:53:00,ai_plan,抖音信息流
78088,3685,2026-06-24 19:56:00,view_spot,自然流量
93443,4425,2026-06-24 19:56:00,app_launch,小红书种草
28464,1340,2026-06-24 19:59:00,app_launch,抖音信息流
78088,3685,2026-06-24 19:59:00,view_spot,自然流量
28464,1340,2026-06-24 20:00:00,ai_plan,抖音信息流
28464,1340,2026-06-24 20:01:00,view_spot,抖音信息流
67647,3182,2026-06-24 20:03:00,app_launch,自然流量
67647,3182,2026-06-24 20:04:00,ai_plan,自然流量
67647,3182,2026-06-24 20:05:00,view_spot,自然流量
67647,3182,2026-06-24 20:08:00,view_spot,自然流量
28464,1340,2026-06-24 20:09:00,create_order,抖音信息流
28464,1340,2026-06-24 20:10:00,pay_order,抖音信息流
150005,7112,2026-06-24 20:25:00,app_launch,小红书种草
150005,7112,2026-06-24 20:26:00,ai_plan,小红书种草
150005,7112,2026-06-24 20:27:00,view_spot,小红书种草
40550,1906,2026-06-24 20:49:00,app_launch,抖音信息流
40550,1906,2026-06-24 20:50:00,ai_plan,抖音信息流
40550,1906,2026-06-24 20:51:00,view_spot,抖音信息流
40550,1906,2026-06-24 20:54:00,view_spot,抖音信息流
40550,1906,2026-06-24 20:57:00,view_spot,抖音信息流
40550,1906,2026-06-24 21:00:00,view_spot,抖音信息流
93442,4425,2026-06-24 21:08:00,app_launch,小红书种草
74985,3536,2026-06-24 21:17:00,app_launch,微信分享裂变
74985,3536,2026-06-24 21:18:00,ai_plan,微信分享裂变
74985,3536,2026-06-24 21:19:00,view_spot,微信分享裂变
28114,1323,2026-06-24 21:22:00,app_launch,自然流量
74985,3536,2026-06-24 21:22:00,view_spot,微信分享裂变
28114,1323,2026-06-24 21:23:00,ai_plan,自然流量
28114,1323,2026-06-24 21:24:00,view_spot,自然流量
74985,3536,2026-06-24 21:25:00,view_spot,微信分享裂变
28114,1323,2026-06-24 21:27:00,view_spot,自然流量
40549,1906,2026-06-24 22:15:00,app_launch,抖音信息流
63651,2988,2026-06-24 22:40:00,app_launch,抖音信息流
63651,2988,2026-06-24 22:41:00,ai_plan,抖音信息流
63651,2988,2026-06-24 22:42:00,view_spot,抖音信息流
63651,2988,2026-06-24 22:45:00,view_spot,抖音信息流
123535,5841,2026-06-24 22:49:00,app_launch,抖音信息流
63651,2988,2026-06-24 22:50:00,create_order,抖音信息流
123535,5841,2026-06-24 22:50:00,ai_plan,抖音信息流
63651,2988,2026-06-24 22:51:00,pay_order,抖音信息流
123535,5841,2026-06-24 22:51:00,view_spot,抖音信息流
123535,5841,2026-06-24 22:54:00,view_spot,抖音信息流
29402,1384,2026-06-25 08:07:00,app_launch,高校地推
28466,1340,2026-06-25 08:08:00,app_launch,抖音信息流
29402,1384,2026-06-25 08:08:00,ai_plan,高校地推
28466,1340,2026-06-25 08:09:00,ai_plan,抖音信息流
13598,648,2026-06-25 08:25:00,app_launch,抖音信息流
13598,648,2026-06-25 08:26:00,ai_plan,抖音信息流
150007,7112,2026-06-25 08:31:00,app_launch,小红书种草
150007,7112,2026-06-25 08:32:00,ai_plan,小红书种草
150007,7112,2026-06-25 08:33:00,view_spot,小红书种草
150007,7112,2026-06-25 08:36:00,view_spot,小红书种草
150007,7112,2026-06-25 08:39:00,view_spot,小红书种草
31612,1484,2026-06-25 08:53:00,app_launch,自然流量
31612,1484,2026-06-25 08:54:00,ai_plan,自然流量
31612,1484,2026-06-25 08:55:00,view_spot,自然流量
31612,1484,2026-06-25 08:58:00,view_spot,自然流量
31612,1484,2026-06-25 09:01:00,view_spot,自然流量
31612,1484,2026-06-25 09:03:00,create_order,自然流量
31612,1484,2026-06-25 09:04:00,pay_order,自然流量
82787,3916,2026-06-25 10:16:00,app_launch,抖音信息流
82787,3916,2026-06-25 10:17:00,ai_plan,抖音信息流
9738,458,2026-06-25 10:27:00,app_launch,抖音信息流
9738,458,2026-06-25 10:28:00,ai_plan,抖音信息流
98209,4648,2026-06-25 10:28:00,app_launch,自然流量
9738,458,2026-06-25 10:29:00,view_spot,抖音信息流
9738,458,2026-06-25 10:32:00,view_spot,抖音信息流
9738,458,2026-06-25 10:35:00,view_spot,抖音信息流
9738,458,2026-06-25 10:35:00,add_favorite,抖音信息流
9738,458,2026-06-25 10:38:00,view_spot,抖音信息流
57945,2717,2026-06-25 10:40:00,app_launch,抖音信息流
57945,2717,2026-06-25 10:41:00,ai_plan,抖音信息流
57945,2717,2026-06-25 10:42:00,view_spot,抖音信息流
57945,2717,2026-06-25 10:45:00,view_spot,抖音信息流
57945,2717,2026-06-25 10:48:00,view_spot,抖音信息流
31611,1484,2026-06-25 11:16:00,app_launch,自然流量
31611,1484,2026-06-25 11:17:00,ai_plan,自然流量
31611,1484,2026-06-25 11:18:00,view_spot,自然流量
31611,1484,2026-06-25 11:21:00,view_spot,自然流量
31611,1484,2026-06-25 11:24:00,view_spot,自然流量
31611,1484,2026-06-25 11:24:00,add_favorite,自然流量
31611,1484,2026-06-25 11:26:00,create_order,自然流量
31611,1484,2026-06-25 11:27:00,view_spot,自然流量
167592,7941,2026-06-25 12:00:00,app_launch,自然流量
167592,7941,2026-06-25 12:01:00,ai_plan,自然流量
38431,1812,2026-06-25 12:09:00,app_launch,抖音信息流
106442,5037,2026-06-25 12:20:00,app_launch,微信分享裂变
135783,6424,2026-06-25 12:33:00,app_launch,微信分享裂变
135783,6424,2026-06-25 12:34:00,ai_plan,微信分享裂变
98210,4648,2026-06-25 12:40:00,app_launch,自然流量
98210,4648,2026-06-25 12:41:00,ai_plan,自然流量
98210,4648,2026-06-25 12:42:00,view_spot,自然流量
98210,4648,2026-06-25 12:45:00,view_spot,自然流量
98210,4648,2026-06-25 12:48:00,view_spot,自然流量
98210,4648,2026-06-25 12:48:00,add_favorite,自然流量
98210,4648,2026-06-25 12:50:00,create_order,自然流量
98210,4648,2026-06-25 12:51:00,view_spot,自然流量
98210,4648,2026-06-25 12:51:00,pay_order,自然流量
13599,648,2026-06-25 13:08:00,app_launch,抖音信息流
167610,7942,2026-06-25 13:48:00,app_launch,抖音信息流
167610,7942,2026-06-25 13:49:00,ai_plan,抖音信息流
167593,7941,2026-06-25 14:11:00,app_launch,自然流量
167593,7941,2026-06-25 14:12:00,ai_plan,自然流量
28467,1340,2026-06-25 14:24:00,app_launch,抖音信息流
28467,1340,2026-06-25 14:25:00,ai_plan,抖音信息流
101216,4795,2026-06-25 14:40:00,app_launch,抖音信息流
101217,4795,2026-06-25 14:47:00,app_launch,抖音信息流
101217,4795,2026-06-25 14:48:00,ai_plan,抖音信息流
101217,4795,2026-06-25 14:49:00,view_spot,抖音信息流
101217,4795,2026-06-25 14:52:00,view_spot,抖音信息流
101217,4795,2026-06-25 14:55:00,view_spot,抖音信息流
101217,4795,2026-06-25 14:57:00,create_order,抖音信息流
101217,4795,2026-06-25 14:58:00,view_spot,抖音信息流
101217,4795,2026-06-25 14:58:00,pay_order,抖音信息流
57946,2717,2026-06-25 15:09:00,app_launch,抖音信息流
57946,2717,2026-06-25 15:10:00,ai_plan,抖音信息流
22163,1043,2026-06-25 15:40:00,app_launch,小红书种草
29403,1384,2026-06-25 16:05:00,app_launch,高校地推
54416,2543,2026-06-25 16:26:00,app_launch,抖音信息流
54416,2543,2026-06-25 16:27:00,ai_plan,抖音信息流
54416,2543,2026-06-25 16:28:00,view_spot,抖音信息流
54416,2543,2026-06-25 16:31:00,view_spot,抖音信息流
54416,2543,2026-06-25 16:34:00,add_favorite,抖音信息流
57947,2717,2026-06-25 17:17:00,app_launch,抖音信息流
57947,2717,2026-06-25 17:18:00,ai_plan,抖音信息流
135782,6424,2026-06-25 17:56:00,app_launch,微信分享裂变
135782,6424,2026-06-25 17:57:00,ai_plan,微信分享裂变
135782,6424,2026-06-25 17:58:00,view_spot,微信分享裂变
38430,1812,2026-06-25 18:10:00,app_launch,抖音信息流
74987,3536,2026-06-25 18:11:00,app_launch,微信分享裂变
74987,3536,2026-06-25 18:12:00,ai_plan,微信分享裂变
74986,3536,2026-06-25 18:32:00,app_launch,微信分享裂变
74986,3536,2026-06-25 18:33:00,ai_plan,微信分享裂变
31613,1484,2026-06-25 18:56:00,app_launch,自然流量
31613,1484,2026-06-25 18:57:00,ai_plan,自然流量
10326,488,2026-06-25 19:00:00,app_launch,自然流量
10326,488,2026-06-25 19:01:00,ai_plan,自然流量
10326,488,2026-06-25 19:02:00,view_spot,自然流量
28468,1340,2026-06-25 19:30:00,app_launch,抖音信息流
28468,1340,2026-06-25 19:31:00,ai_plan,抖音信息流
28468,1340,2026-06-25 19:32:00,view_spot,抖音信息流
28468,1340,2026-06-25 19:35:00,view_spot,抖音信息流
28468,1340,2026-06-25 19:38:00,view_spot,抖音信息流
22162,1043,2026-06-25 19:57:00,app_launch,小红书种草
71361,3363,2026-06-25 20:23:00,app_launch,小红书种草
71361,3363,2026-06-25 20:24:00,ai_plan,小红书种草
74988,3536,2026-06-25 20:26:00,app_launch,微信分享裂变
74988,3536,2026-06-25 20:27:00,ai_plan,微信分享裂变
135781,6424,2026-06-25 20:38:00,app_launch,微信分享裂变
135781,6424,2026-06-25 20:39:00,ai_plan,微信分享裂变
135781,6424,2026-06-25 20:40:00,view_spot,微信分享裂变
135781,6424,2026-06-25 20:48:00,create_order,微信分享裂变
167609,7942,2026-06-25 21:32:00,app_launch,抖音信息流
167609,7942,2026-06-25 21:33:00,ai_plan,抖音信息流
167609,7942,2026-06-25 21:34:00,view_spot,抖音信息流
167609,7942,2026-06-25 21:37:00,view_spot,抖音信息流
167609,7942,2026-06-25 21:40:00,add_favorite,抖音信息流
101215,4795,2026-06-25 22:14:00,app_launch,抖音信息流
101215,4795,2026-06-25 22:15:00,ai_plan,抖音信息流
13600,648,2026-06-25 22:19:00,app_launch,抖音信息流
13600,648,2026-06-25 22:20:00,ai_plan,抖音信息流
38432,1812,2026-06-26 07:05:00,app_launch,抖音信息流
129578,6125,2026-06-26 09:00:00,app_launch,自然流量
129578,6125,2026-06-26 09:01:00,ai_plan,自然流量
129578,6125,2026-06-26 09:02:00,view_spot,自然流量
129578,6125,2026-06-26 09:05:00,view_spot,自然流量
129578,6125,2026-06-26 09:08:00,view_spot,自然流量
31614,1484,2026-06-26 09:11:00,app_launch,自然流量
31614,1484,2026-06-26 09:12:00,ai_plan,自然流量
31614,1484,2026-06-26 09:13:00,view_spot,自然流量
31614,1484,2026-06-26 09:16:00,view_spot,自然流量
31614,1484,2026-06-26 09:19:00,view_spot,自然流量
31614,1484,2026-06-26 09:19:00,add_favorite,自然流量
137874,6523,2026-06-26 09:21:00,app_launch,自然流量
31614,1484,2026-06-26 09:22:00,view_spot,自然流量
57949,2717,2026-06-26 09:42:00,app_launch,抖音信息流
57949,2717,2026-06-26 09:43:00,ai_plan,抖音信息流
57949,2717,2026-06-26 09:44:00,view_spot,抖音信息流
21424,1010,2026-06-26 09:46:00,app_launch,抖音信息流
57949,2717,2026-06-26 09:47:00,view_spot,抖音信息流
57949,2717,2026-06-26 09:50:00,view_spot,抖音信息流
126007,5957,2026-06-26 10:08:00,app_launch,抖音信息流
126007,5957,2026-06-26 10:09:00,ai_plan,抖音信息流
126006,5957,2026-06-26 10:22:00,app_launch,抖音信息流
28117,1323,2026-06-26 10:48:00,app_launch,自然流量
28117,1323,2026-06-26 10:49:00,ai_plan,自然流量
21426,1010,2026-06-26 11:12:00,app_launch,抖音信息流
21426,1010,2026-06-26 11:13:00,ai_plan,抖音信息流
22853,1076,2026-06-26 11:15:00,app_launch,抖音信息流
78092,3685,2026-06-26 11:27:00,app_launch,自然流量
39351,1851,2026-06-26 11:39:00,app_launch,自然流量
39351,1851,2026-06-26 11:40:00,ai_plan,自然流量
39351,1851,2026-06-26 11:41:00,view_spot,自然流量
39351,1851,2026-06-26 11:44:00,view_spot,自然流量
28116,1323,2026-06-26 12:25:00,app_launch,自然流量
28116,1323,2026-06-26 12:26:00,ai_plan,自然流量
28116,1323,2026-06-26 12:27:00,view_spot,自然流量
28116,1323,2026-06-26 12:30:00,view_spot,自然流量
28116,1323,2026-06-26 12:33:00,add_favorite,自然流量
28116,1323,2026-06-26 12:35:00,create_order,自然流量
28116,1323,2026-06-26 12:36:00,pay_order,自然流量
28118,1323,2026-06-26 13:30:00,app_launch,自然流量
28118,1323,2026-06-26 13:31:00,ai_plan,自然流量
21425,1010,2026-06-26 13:44:00,app_launch,抖音信息流
21425,1010,2026-06-26 13:45:00,ai_plan,抖音信息流
93446,4425,2026-06-26 13:45:00,app_launch,小红书种草
93446,4425,2026-06-26 13:46:00,ai_plan,小红书种草
93446,4425,2026-06-26 13:47:00,view_spot,小红书种草
105602,4998,2026-06-26 14:13:00,app_launch,抖音信息流
123537,5841,2026-06-26 14:54:00,app_launch,抖音信息流
123537,5841,2026-06-26 14:55:00,ai_plan,抖音信息流
123537,5841,2026-06-26 14:56:00,view_spot,抖音信息流
123537,5841,2026-06-26 14:59:00,view_spot,抖音信息流
85023,4020,2026-06-26 15:01:00,app_launch,小红书种草
123537,5841,2026-06-26 15:02:00,view_spot,抖音信息流
29404,1384,2026-06-26 15:03:00,app_launch,高校地推
29404,1384,2026-06-26 15:04:00,ai_plan,高校地推
29404,1384,2026-06-26 15:05:00,view_spot,高校地推
29404,1384,2026-06-26 15:08:00,view_spot,高校地推
29404,1384,2026-06-26 15:11:00,view_spot,高校地推
29404,1384,2026-06-26 15:11:00,add_favorite,高校地推
105603,4998,2026-06-26 16:38:00,app_launch,抖音信息流
105603,4998,2026-06-26 16:39:00,ai_plan,抖音信息流
126008,5957,2026-06-26 16:39:00,app_launch,抖音信息流
126008,5957,2026-06-26 16:40:00,ai_plan,抖音信息流
126008,5957,2026-06-26 16:41:00,view_spot,抖音信息流
126008,5957,2026-06-26 16:44:00,view_spot,抖音信息流
126008,5957,2026-06-26 16:47:00,add_favorite,抖音信息流
78090,3685,2026-06-26 16:50:00,app_launch,自然流量
78090,3685,2026-06-26 16:51:00,ai_plan,自然流量
78090,3685,2026-06-26 16:52:00,view_spot,自然流量
78090,3685,2026-06-26 16:55:00,view_spot,自然流量
78090,3685,2026-06-26 16:58:00,view_spot,自然流量
123536,5841,2026-06-26 17:05:00,app_launch,抖音信息流
150008,7112,2026-06-26 17:27:00,app_launch,小红书种草
150008,7112,2026-06-26 17:28:00,ai_plan,小红书种草
54418,2543,2026-06-26 17:33:00,app_launch,抖音信息流
137619,6508,2026-06-26 17:41:00,app_launch,自然流量
137619,6508,2026-06-26 17:42:00,ai_plan,自然流量
137619,6508,2026-06-26 17:43:00,view_spot,自然流量
137619,6508,2026-06-26 17:51:00,create_order,自然流量
137619,6508,2026-06-26 17:52:00,pay_order,自然流量
57948,2717,2026-06-26 18:33:00,app_launch,抖音信息流
57948,2717,2026-06-26 18:34:00,ai_plan,抖音信息流
137618,6508,2026-06-26 19:14:00,app_launch,自然流量
137618,6508,2026-06-26 19:15:00,ai_plan,自然流量
93445,4425,2026-06-26 19:33:00,app_launch,小红书种草
93445,4425,2026-06-26 19:34:00,ai_plan,小红书种草
93445,4425,2026-06-26 19:35:00,view_spot,小红书种草
93445,4425,2026-06-26 19:38:00,view_spot,小红书种草
57950,2717,2026-06-26 20:01:00,app_launch,抖音信息流
108396,5130,2026-06-26 20:03:00,app_launch,高校地推
108396,5130,2026-06-26 20:04:00,ai_plan,高校地推
93444,4425,2026-06-26 20:44:00,app_launch,小红书种草
93444,4425,2026-06-26 20:45:00,ai_plan,小红书种草
108395,5130,2026-06-26 20:57:00,app_launch,高校地推
108395,5130,2026-06-26 20:58:00,ai_plan,高校地推
108397,5130,2026-06-26 21:14:00,app_launch,高校地推
108397,5130,2026-06-26 21:15:00,ai_plan,高校地推
108397,5130,2026-06-26 21:16:00,view_spot,高校地推
29405,1384,2026-06-26 21:29:00,app_launch,高校地推
29405,1384,2026-06-26 21:30:00,ai_plan,高校地推
54417,2543,2026-06-26 21:31:00,app_launch,抖音信息流
54417,2543,2026-06-26 21:32:00,ai_plan,抖音信息流
85024,4020,2026-06-26 22:08:00,app_launch,小红书种草
85024,4020,2026-06-26 22:09:00,ai_plan,小红书种草
85024,4020,2026-06-26 22:10:00,view_spot,小红书种草
137852,6522,2026-06-26 22:11:00,app_launch,抖音信息流
85024,4020,2026-06-26 22:13:00,view_spot,小红书种草
85024,4020,2026-06-26 22:16:00,view_spot,小红书种草
85024,4020,2026-06-26 22:19:00,view_spot,小红书种草
78091,3685,2026-06-26 22:54:00,app_launch,自然流量
78091,3685,2026-06-26 22:55:00,ai_plan,自然流量
67682,3183,2026-06-27 07:00:00,app_launch,抖音信息流
106444,5037,2026-06-27 07:08:00,app_launch,微信分享裂变
106444,5037,2026-06-27 07:09:00,ai_plan,微信分享裂变
137875,6523,2026-06-27 07:09:00,app_launch,自然流量
106444,5037,2026-06-27 07:10:00,view_spot,微信分享裂变
137875,6523,2026-06-27 07:10:00,ai_plan,自然流量
106444,5037,2026-06-27 07:13:00,view_spot,微信分享裂变
71362,3363,2026-06-27 07:14:00,app_launch,小红书种草
106444,5037,2026-06-27 07:16:00,view_spot,微信分享裂变
106444,5037,2026-06-27 07:16:00,add_favorite,微信分享裂变
18702,880,2026-06-27 07:17:00,app_launch,小红书种草
18702,880,2026-06-27 07:18:00,ai_plan,小红书种草
38972,1836,2026-06-27 07:45:00,app_launch,自然流量
38972,1836,2026-06-27 07:46:00,ai_plan,自然流量
38972,1836,2026-06-27 07:47:00,view_spot,自然流量
38972,1836,2026-06-27 07:50:00,view_spot,自然流量
38972,1836,2026-06-27 07:53:00,view_spot,自然流量
38972,1836,2026-06-27 07:56:00,view_spot,自然流量
147397,6989,2026-06-27 08:10:00,app_launch,自然流量
147397,6989,2026-06-27 08:11:00,ai_plan,自然流量
147397,6989,2026-06-27 08:12:00,view_spot,自然流量
147397,6989,2026-06-27 08:15:00,view_spot,自然流量
145336,6890,2026-06-27 08:26:00,app_launch,小红书种草
145336,6890,2026-06-27 08:27:00,ai_plan,小红书种草
137853,6522,2026-06-27 08:32:00,app_launch,抖音信息流
137853,6522,2026-06-27 08:33:00,ai_plan,抖音信息流
28469,1340,2026-06-27 08:37:00,app_launch,抖音信息流
28469,1340,2026-06-27 08:38:00,ai_plan,抖音信息流
40551,1906,2026-06-27 08:41:00,app_launch,抖音信息流
40551,1906,2026-06-27 08:42:00,ai_plan,抖音信息流
22855,1076,2026-06-27 09:29:00,app_launch,抖音信息流
22855,1076,2026-06-27 09:30:00,ai_plan,抖音信息流
135785,6424,2026-06-27 09:35:00,app_launch,微信分享裂变
135785,6424,2026-06-27 09:36:00,ai_plan,微信分享裂变
135785,6424,2026-06-27 09:37:00,view_spot,微信分享裂变
135785,6424,2026-06-27 09:40:00,view_spot,微信分享裂变
135785,6424,2026-06-27 09:43:00,view_spot,微信分享裂变
135785,6424,2026-06-27 09:43:00,add_favorite,微信分享裂变
135785,6424,2026-06-27 09:46:00,view_spot,微信分享裂变
28470,1340,2026-06-27 10:36:00,app_launch,抖音信息流
28470,1340,2026-06-27 10:37:00,ai_plan,抖音信息流
71363,3363,2026-06-27 11:19:00,app_launch,小红书种草
71363,3363,2026-06-27 11:20:00,ai_plan,小红书种草
67683,3183,2026-06-27 11:36:00,app_launch,抖音信息流
67683,3183,2026-06-27 11:37:00,ai_plan,抖音信息流
67683,3183,2026-06-27 11:38:00,view_spot,抖音信息流
67683,3183,2026-06-27 11:41:00,view_spot,抖音信息流
106445,5037,2026-06-27 11:42:00,app_launch,微信分享裂变
106445,5037,2026-06-27 11:43:00,ai_plan,微信分享裂变
67683,3183,2026-06-27 11:44:00,view_spot,抖音信息流
106445,5037,2026-06-27 11:44:00,view_spot,微信分享裂变
67683,3183,2026-06-27 11:47:00,view_spot,抖音信息流
106445,5037,2026-06-27 11:47:00,view_spot,微信分享裂变
106445,5037,2026-06-27 11:50:00,add_favorite,微信分享裂变
82788,3916,2026-06-27 11:52:00,app_launch,抖音信息流
40724,1913,2026-06-27 12:35:00,app_launch,高校地推
40724,1913,2026-06-27 12:36:00,ai_plan,高校地推
108398,5130,2026-06-27 12:58:00,app_launch,高校地推
108398,5130,2026-06-27 12:59:00,ai_plan,高校地推
108398,5130,2026-06-27 13:00:00,view_spot,高校地推
28121,1323,2026-06-27 13:02:00,app_launch,自然流量
108398,5130,2026-06-27 13:03:00,view_spot,高校地推
108398,5130,2026-06-27 13:06:00,view_spot,高校地推
108398,5130,2026-06-27 13:09:00,view_spot,高校地推
114131,5403,2026-06-27 13:38:00,app_launch,抖音信息流
114131,5403,2026-06-27 13:39:00,ai_plan,抖音信息流
114131,5403,2026-06-27 13:40:00,view_spot,抖音信息流
114131,5403,2026-06-27 13:43:00,view_spot,抖音信息流
114131,5403,2026-06-27 13:46:00,view_spot,抖音信息流
38433,1812,2026-06-27 13:49:00,app_launch,抖音信息流
16076,764,2026-06-27 13:52:00,app_launch,自然流量
22854,1076,2026-06-27 13:53:00,app_launch,抖音信息流
145337,6890,2026-06-27 13:53:00,app_launch,小红书种草
22854,1076,2026-06-27 13:54:00,ai_plan,抖音信息流
145337,6890,2026-06-27 13:54:00,ai_plan,小红书种草
38971,1836,2026-06-27 14:06:00,app_launch,自然流量
137876,6523,2026-06-27 14:06:00,app_launch,自然流量
38971,1836,2026-06-27 14:07:00,ai_plan,自然流量
137876,6523,2026-06-27 14:07:00,ai_plan,自然流量
22166,1043,2026-06-27 14:23:00,app_launch,小红书种草
22166,1043,2026-06-27 14:24:00,ai_plan,小红书种草
22166,1043,2026-06-27 14:25:00,view_spot,小红书种草
22166,1043,2026-06-27 14:28:00,view_spot,小红书种草
22166,1043,2026-06-27 14:31:00,view_spot,小红书种草
22166,1043,2026-06-27 14:34:00,view_spot,小红书种草
22165,1043,2026-06-27 14:38:00,app_launch,小红书种草
147395,6989,2026-06-27 14:46:00,app_launch,自然流量
147395,6989,2026-06-27 14:47:00,ai_plan,自然流量
80809,3814,2026-06-27 14:50:00,app_launch,自然流量
18703,880,2026-06-27 14:55:00,app_launch,小红书种草
18703,880,2026-06-27 14:56:00,ai_plan,小红书种草
18703,880,2026-06-27 14:57:00,view_spot,小红书种草
18703,880,2026-06-27 15:00:00,view_spot,小红书种草
82789,3916,2026-06-27 15:02:00,app_launch,抖音信息流
18703,880,2026-06-27 15:03:00,view_spot,小红书种草
167612,7942,2026-06-27 15:12:00,app_launch,抖音信息流
98211,4648,2026-06-27 16:08:00,app_launch,自然流量
98211,4648,2026-06-27 16:09:00,ai_plan,自然流量
13602,648,2026-06-27 16:19:00,app_launch,抖音信息流
22856,1076,2026-06-27 16:23:00,app_launch,抖音信息流
135784,6424,2026-06-27 16:27:00,app_launch,微信分享裂变
135784,6424,2026-06-27 16:28:00,ai_plan,微信分享裂变
135784,6424,2026-06-27 16:29:00,view_spot,微信分享裂变
32757,1536,2026-06-27 16:30:00,app_launch,抖音信息流
32757,1536,2026-06-27 16:31:00,ai_plan,抖音信息流
32757,1536,2026-06-27 16:32:00,view_spot,抖音信息流
135784,6424,2026-06-27 16:32:00,view_spot,微信分享裂变
32757,1536,2026-06-27 16:35:00,view_spot,抖音信息流
135784,6424,2026-06-27 16:35:00,view_spot,微信分享裂变
135784,6424,2026-06-27 16:35:00,add_favorite,微信分享裂变
135784,6424,2026-06-27 16:37:00,create_order,微信分享裂变
32757,1536,2026-06-27 16:38:00,view_spot,抖音信息流
32757,1536,2026-06-27 16:38:00,add_favorite,抖音信息流
114132,5403,2026-06-27 16:48:00,app_launch,抖音信息流
106443,5037,2026-06-27 16:52:00,app_launch,微信分享裂变
106443,5037,2026-06-27 16:53:00,ai_plan,微信分享裂变
106443,5037,2026-06-27 16:54:00,view_spot,微信分享裂变
106443,5037,2026-06-27 16:57:00,view_spot,微信分享裂变
106443,5037,2026-06-27 17:00:00,view_spot,微信分享裂变
106443,5037,2026-06-27 17:00:00,add_favorite,微信分享裂变
106443,5037,2026-06-27 17:02:00,create_order,微信分享裂变
106443,5037,2026-06-27 17:03:00,view_spot,微信分享裂变
106443,5037,2026-06-27 17:03:00,pay_order,微信分享裂变
16078,764,2026-06-27 17:35:00,app_launch,自然流量
16078,764,2026-06-27 17:36:00,ai_plan,自然流量
147396,6989,2026-06-27 17:38:00,app_launch,自然流量
147396,6989,2026-06-27 17:39:00,ai_plan,自然流量
147396,6989,2026-06-27 17:40:00,view_spot,自然流量
147396,6989,2026-06-27 17:43:00,view_spot,自然流量
71364,3363,2026-06-27 17:45:00,app_launch,小红书种草
28119,1323,2026-06-27 18:19:00,app_launch,自然流量
28119,1323,2026-06-27 18:20:00,ai_plan,自然流量
152943,7245,2026-06-27 18:28:00,app_launch,抖音信息流
152943,7245,2026-06-27 18:29:00,ai_plan,抖音信息流
28120,1323,2026-06-27 18:51:00,app_launch,自然流量
28120,1323,2026-06-27 18:52:00,ai_plan,自然流量
98212,4648,2026-06-27 18:57:00,app_launch,自然流量
22164,1043,2026-06-27 19:24:00,app_launch,小红书种草
22164,1043,2026-06-27 19:25:00,ai_plan,小红书种草
22164,1043,2026-06-27 19:26:00,view_spot,小红书种草
22164,1043,2026-06-27 19:29:00,view_spot,小红书种草
40552,1906,2026-06-27 19:30:00,app_launch,抖音信息流
129579,6125,2026-06-27 19:31:00,app_launch,自然流量
22164,1043,2026-06-27 19:32:00,view_spot,小红书种草
129579,6125,2026-06-27 19:32:00,ai_plan,自然流量
22164,1043,2026-06-27 19:35:00,view_spot,小红书种草
16077,764,2026-06-27 20:08:00,app_launch,自然流量
16077,764,2026-06-27 20:09:00,ai_plan,自然流量
16077,764,2026-06-27 20:10:00,view_spot,自然流量
16077,764,2026-06-27 20:13:00,view_spot,自然流量
152944,7245,2026-06-27 20:20:00,app_launch,抖音信息流
80808,3814,2026-06-27 21:00:00,app_launch,自然流量
80808,3814,2026-06-27 21:01:00,ai_plan,自然流量
80808,3814,2026-06-27 21:02:00,view_spot,自然流量
80808,3814,2026-06-27 21:05:00,view_spot,自然流量
167611,7942,2026-06-27 21:06:00,app_launch,抖音信息流
167611,7942,2026-06-27 21:07:00,ai_plan,抖音信息流
167611,7942,2026-06-27 21:08:00,view_spot,抖音信息流
167611,7942,2026-06-27 21:11:00,view_spot,抖音信息流
167611,7942,2026-06-27 21:14:00,view_spot,抖音信息流
167611,7942,2026-06-27 21:16:00,create_order,抖音信息流
167611,7942,2026-06-27 21:17:00,view_spot,抖音信息流
167611,7942,2026-06-27 21:17:00,pay_order,抖音信息流
38973,1836,2026-06-27 21:19:00,app_launch,自然流量
38973,1836,2026-06-27 21:20:00,ai_plan,自然流量
21427,1010,2026-06-27 21:28:00,app_launch,抖音信息流
13601,648,2026-06-27 21:51:00,app_launch,抖音信息流
13601,648,2026-06-27 21:52:00,ai_plan,抖音信息流
13601,648,2026-06-27 21:53:00,view_spot,抖音信息流
152942,7245,2026-06-27 21:54:00,app_launch,抖音信息流
152942,7245,2026-06-27 21:55:00,ai_plan,抖音信息流
152942,7245,2026-06-27 21:56:00,view_spot,抖音信息流
152942,7245,2026-06-27 21:59:00,view_spot,抖音信息流
13601,648,2026-06-27 22:01:00,create_order,抖音信息流
152942,7245,2026-06-27 22:02:00,view_spot,抖音信息流
162609,7701,2026-06-27 22:04:00,app_launch,自然流量
135786,6424,2026-06-27 22:14:00,app_launch,微信分享裂变
13603,648,2026-06-27 22:15:00,app_launch,抖音信息流
13603,648,2026-06-27 22:16:00,ai_plan,抖音信息流
57953,2717,2026-06-28 07:17:00,app_launch,抖音信息流
82792,3916,2026-06-28 07:22:00,app_launch,抖音信息流
22167,1043,2026-06-28 07:34:00,app_launch,小红书种草
22167,1043,2026-06-28 07:35:00,ai_plan,小红书种草
13606,648,2026-06-28 08:00:00,app_launch,抖音信息流
13606,648,2026-06-28 08:01:00,ai_plan,抖音信息流
13606,648,2026-06-28 08:02:00,view_spot,抖音信息流
13606,648,2026-06-28 08:05:00,view_spot,抖音信息流
13606,648,2026-06-28 08:08:00,view_spot,抖音信息流
13606,648,2026-06-28 08:08:00,add_favorite,抖音信息流
13606,648,2026-06-28 08:11:00,view_spot,抖音信息流
123540,5841,2026-06-28 08:21:00,app_launch,抖音信息流
123540,5841,2026-06-28 08:22:00,ai_plan,抖音信息流
98213,4648,2026-06-28 08:24:00,app_launch,自然流量
78093,3685,2026-06-28 08:33:00,app_launch,自然流量
78093,3685,2026-06-28 08:34:00,ai_plan,自然流量
78093,3685,2026-06-28 08:35:00,view_spot,自然流量
167614,7942,2026-06-28 08:37:00,app_launch,抖音信息流
48161,2253,2026-06-28 08:56:00,app_launch,抖音信息流
48161,2253,2026-06-28 08:57:00,ai_plan,抖音信息流
48161,2253,2026-06-28 08:58:00,view_spot,抖音信息流
48161,2253,2026-06-28 09:01:00,view_spot,抖音信息流
167220,7925,2026-06-28 09:24:00,app_launch,微信分享裂变
57951,2717,2026-06-28 09:55:00,app_launch,抖音信息流
57951,2717,2026-06-28 09:56:00,ai_plan,抖音信息流
57951,2717,2026-06-28 09:57:00,view_spot,抖音信息流
144001,6827,2026-06-28 11:02:00,app_launch,自然流量
144001,6827,2026-06-28 11:03:00,ai_plan,自然流量
144001,6827,2026-06-28 11:04:00,view_spot,自然流量
144001,6827,2026-06-28 11:10:00,add_favorite,自然流量
82791,3916,2026-06-28 11:20:00,app_launch,抖音信息流
91714,4344,2026-06-28 11:26:00,app_launch,自然流量
91714,4344,2026-06-28 11:27:00,ai_plan,自然流量
147637,7000,2026-06-28 11:29:00,app_launch,小红书种草
112405,5319,2026-06-28 11:38:00,app_launch,抖音信息流
112405,5319,2026-06-28 11:39:00,ai_plan,抖音信息流
16791,795,2026-06-28 11:54:00,app_launch,自然流量
16791,795,2026-06-28 11:55:00,ai_plan,自然流量
28122,1323,2026-06-28 11:59:00,app_launch,自然流量
28122,1323,2026-06-28 12:00:00,ai_plan,自然流量
16790,795,2026-06-28 12:07:00,app_launch,自然流量
16790,795,2026-06-28 12:08:00,ai_plan,自然流量
16790,795,2026-06-28 12:09:00,view_spot,自然流量
126010,5957,2026-06-28 12:09:00,app_launch,抖音信息流
16790,795,2026-06-28 12:12:00,view_spot,自然流量
120971,5724,2026-06-28 12:12:00,app_launch,微信分享裂变
120971,5724,2026-06-28 12:13:00,ai_plan,微信分享裂变
167594,7941,2026-06-28 12:16:00,app_launch,自然流量
129580,6125,2026-06-28 12:17:00,app_launch,自然流量
167594,7941,2026-06-28 12:17:00,ai_plan,自然流量
129580,6125,2026-06-28 12:18:00,ai_plan,自然流量
167594,7941,2026-06-28 12:18:00,view_spot,自然流量
167594,7941,2026-06-28 12:21:00,view_spot,自然流量
167594,7941,2026-06-28 12:24:00,view_spot,自然流量
167594,7941,2026-06-28 12:24:00,add_favorite,自然流量
167594,7941,2026-06-28 12:27:00,view_spot,自然流量
123539,5841,2026-06-28 12:35:00,app_launch,抖音信息流
123539,5841,2026-06-28 12:36:00,ai_plan,抖音信息流
123539,5841,2026-06-28 12:37:00,view_spot,抖音信息流
123539,5841,2026-06-28 12:40:00,view_spot,抖音信息流
123539,5841,2026-06-28 12:43:00,view_spot,抖音信息流
22168,1043,2026-06-28 12:58:00,app_launch,小红书种草
22168,1043,2026-06-28 12:59:00,ai_plan,小红书种草
123538,5841,2026-06-28 13:01:00,app_launch,抖音信息流
16789,795,2026-06-28 13:38:00,app_launch,自然流量
16789,795,2026-06-28 13:39:00,ai_plan,自然流量
167596,7941,2026-06-28 13:45:00,app_launch,自然流量
129581,6125,2026-06-28 13:51:00,app_launch,自然流量
129581,6125,2026-06-28 13:52:00,ai_plan,自然流量
167613,7942,2026-06-28 13:54:00,app_launch,抖音信息流
167615,7942,2026-06-28 14:35:00,app_launch,抖音信息流
167615,7942,2026-06-28 14:36:00,ai_plan,抖音信息流
12368,587,2026-06-28 14:45:00,app_launch,自然流量
12368,587,2026-06-28 14:46:00,ai_plan,自然流量
12368,587,2026-06-28 14:47:00,view_spot,自然流量
12368,587,2026-06-28 14:50:00,view_spot,自然流量
112403,5319,2026-06-28 14:52:00,app_launch,抖音信息流
112403,5319,2026-06-28 14:53:00,ai_plan,抖音信息流
112403,5319,2026-06-28 14:54:00,view_spot,抖音信息流
112403,5319,2026-06-28 14:57:00,view_spot,抖音信息流
98215,4648,2026-06-28 15:35:00,app_launch,自然流量
13604,648,2026-06-28 15:41:00,app_launch,抖音信息流
13604,648,2026-06-28 15:42:00,ai_plan,抖音信息流
98214,4648,2026-06-28 16:28:00,app_launch,自然流量
98214,4648,2026-06-28 16:29:00,ai_plan,自然流量
114133,5403,2026-06-28 16:59:00,app_launch,抖音信息流
114133,5403,2026-06-28 17:00:00,ai_plan,抖音信息流
126009,5957,2026-06-28 17:04:00,app_launch,抖音信息流
126009,5957,2026-06-28 17:05:00,ai_plan,抖音信息流
126009,5957,2026-06-28 17:06:00,view_spot,抖音信息流
126011,5957,2026-06-28 17:24:00,app_launch,抖音信息流
29407,1384,2026-06-28 19:05:00,app_launch,高校地推
29407,1384,2026-06-28 19:06:00,ai_plan,高校地推
137620,6508,2026-06-28 19:42:00,app_launch,自然流量
137620,6508,2026-06-28 19:43:00,ai_plan,自然流量
137620,6508,2026-06-28 19:44:00,view_spot,自然流量
82790,3916,2026-06-28 20:02:00,app_launch,抖音信息流
82790,3916,2026-06-28 20:03:00,ai_plan,抖音信息流
91715,4344,2026-06-28 20:04:00,app_launch,自然流量
91715,4344,2026-06-28 20:05:00,ai_plan,自然流量
162814,7710,2026-06-28 20:11:00,app_launch,小红书种草
147636,7000,2026-06-28 20:23:00,app_launch,小红书种草
147636,7000,2026-06-28 20:24:00,ai_plan,小红书种草
147636,7000,2026-06-28 20:25:00,view_spot,小红书种草
147636,7000,2026-06-28 20:28:00,view_spot,小红书种草
137877,6523,2026-06-28 20:36:00,app_launch,自然流量
13605,648,2026-06-28 20:43:00,app_launch,抖音信息流
13605,648,2026-06-28 20:44:00,ai_plan,抖音信息流
13605,648,2026-06-28 20:45:00,view_spot,抖音信息流
48160,2253,2026-06-28 20:45:00,app_launch,抖音信息流
13605,648,2026-06-28 20:48:00,view_spot,抖音信息流
57952,2717,2026-06-28 20:48:00,app_launch,抖音信息流
13605,648,2026-06-28 20:51:00,view_spot,抖音信息流
13605,648,2026-06-28 20:51:00,add_favorite,抖音信息流
93447,4425,2026-06-28 20:58:00,app_launch,小红书种草
167595,7941,2026-06-28 21:08:00,app_launch,自然流量
112404,5319,2026-06-28 21:23:00,app_launch,抖音信息流
112404,5319,2026-06-28 21:24:00,ai_plan,抖音信息流
29406,1384,2026-06-28 21:42:00,app_launch,高校地推
28123,1323,2026-06-28 22:11:00,app_launch,自然流量
120972,5724,2026-06-28 22:15:00,app_launch,微信分享裂变
120972,5724,2026-06-28 22:16:00,ai_plan,微信分享裂变
120972,5724,2026-06-28 22:17:00,view_spot,微信分享裂变
120972,5724,2026-06-28 22:20:00,view_spot,微信分享裂变
120972,5724,2026-06-28 22:23:00,add_favorite,微信分享裂变
133516,6318,2026-06-28 22:28:00,app_launch,小红书种草
133516,6318,2026-06-28 22:29:00,ai_plan,小红书种草
133516,6318,2026-06-28 22:30:00,view_spot,小红书种草
162815,7710,2026-06-28 22:43:00,app_launch,小红书种草
144002,6827,2026-06-29 07:11:00,app_launch,自然流量
144002,6827,2026-06-29 07:12:00,ai_plan,自然流量
144002,6827,2026-06-29 07:13:00,view_spot,自然流量
144002,6827,2026-06-29 07:16:00,view_spot,自然流量
144002,6827,2026-06-29 07:19:00,view_spot,自然流量
52782,2466,2026-06-29 07:25:00,app_launch,小红书种草
52782,2466,2026-06-29 07:26:00,ai_plan,小红书种草
101218,4795,2026-06-29 07:26:00,app_launch,抖音信息流
52782,2466,2026-06-29 07:27:00,view_spot,小红书种草
52782,2466,2026-06-29 07:35:00,create_order,小红书种草
52782,2466,2026-06-29 07:36:00,pay_order,小红书种草
14388,683,2026-06-29 07:44:00,app_launch,自然流量
57954,2717,2026-06-29 07:44:00,app_launch,抖音信息流
14388,683,2026-06-29 07:45:00,ai_plan,自然流量
57954,2717,2026-06-29 07:45:00,ai_plan,抖音信息流
14388,683,2026-06-29 07:46:00,view_spot,自然流量
57954,2717,2026-06-29 07:46:00,view_spot,抖音信息流
14388,683,2026-06-29 07:49:00,view_spot,自然流量
57954,2717,2026-06-29 07:49:00,view_spot,抖音信息流
123541,5841,2026-06-29 07:50:00,app_launch,抖音信息流
123541,5841,2026-06-29 07:51:00,ai_plan,抖音信息流
14388,683,2026-06-29 07:52:00,view_spot,自然流量
57954,2717,2026-06-29 07:52:00,view_spot,抖音信息流
14388,683,2026-06-29 07:54:00,create_order,自然流量
14388,683,2026-06-29 07:55:00,pay_order,自然流量
57955,2717,2026-06-29 08:05:00,app_launch,抖音信息流
74990,3536,2026-06-29 08:49:00,app_launch,微信分享裂变
74990,3536,2026-06-29 08:50:00,ai_plan,微信分享裂变
74990,3536,2026-06-29 08:51:00,view_spot,微信分享裂变
135787,6424,2026-06-29 08:53:00,app_launch,微信分享裂变
74990,3536,2026-06-29 08:54:00,view_spot,微信分享裂变
135787,6424,2026-06-29 08:54:00,ai_plan,微信分享裂变
135787,6424,2026-06-29 08:55:00,view_spot,微信分享裂变
74990,3536,2026-06-29 08:57:00,view_spot,微信分享裂变
135787,6424,2026-06-29 08:58:00,view_spot,微信分享裂变
74990,3536,2026-06-29 09:00:00,view_spot,微信分享裂变
135787,6424,2026-06-29 09:01:00,view_spot,微信分享裂变
135787,6424,2026-06-29 09:04:00,view_spot,微信分享裂变
14389,683,2026-06-29 09:15:00,app_launch,自然流量
14389,683,2026-06-29 09:16:00,ai_plan,自然流量
85027,4020,2026-06-29 09:31:00,app_launch,小红书种草
85027,4020,2026-06-29 09:32:00,ai_plan,小红书种草
85027,4020,2026-06-29 09:33:00,view_spot,小红书种草
31617,1484,2026-06-29 09:54:00,app_launch,自然流量
31617,1484,2026-06-29 09:55:00,ai_plan,自然流量
144003,6827,2026-06-29 10:03:00,app_launch,自然流量
144003,6827,2026-06-29 10:04:00,ai_plan,自然流量
144003,6827,2026-06-29 10:05:00,view_spot,自然流量
150009,7112,2026-06-29 10:06:00,app_launch,小红书种草
12369,587,2026-06-29 10:09:00,app_launch,自然流量
12369,587,2026-06-29 10:10:00,ai_plan,自然流量
144003,6827,2026-06-29 10:13:00,create_order,自然流量
144003,6827,2026-06-29 10:14:00,pay_order,自然流量
29409,1384,2026-06-29 10:19:00,app_launch,高校地推
159580,7558,2026-06-29 10:34:00,app_launch,抖音信息流
159580,7558,2026-06-29 10:35:00,ai_plan,抖音信息流
159580,7558,2026-06-29 10:36:00,view_spot,抖音信息流
31615,1484,2026-06-29 10:39:00,app_launch,自然流量
159580,7558,2026-06-29 10:39:00,view_spot,抖音信息流
31615,1484,2026-06-29 10:40:00,ai_plan,自然流量
31615,1484,2026-06-29 10:41:00,view_spot,自然流量
159580,7558,2026-06-29 10:42:00,view_spot,抖音信息流
52781,2466,2026-06-29 10:47:00,app_launch,小红书种草
115780,5485,2026-06-29 10:47:00,app_launch,微信分享裂变
52781,2466,2026-06-29 10:48:00,ai_plan,小红书种草
115780,5485,2026-06-29 10:48:00,ai_plan,微信分享裂变
52781,2466,2026-06-29 10:49:00,view_spot,小红书种草
115780,5485,2026-06-29 10:49:00,view_spot,微信分享裂变
52781,2466,2026-06-29 10:52:00,view_spot,小红书种草
115780,5485,2026-06-29 10:52:00,view_spot,微信分享裂变
67650,3182,2026-06-29 10:53:00,app_launch,自然流量
67650,3182,2026-06-29 10:54:00,ai_plan,自然流量
52781,2466,2026-06-29 10:55:00,add_favorite,小红书种草
67650,3182,2026-06-29 10:55:00,view_spot,自然流量
115780,5485,2026-06-29 10:55:00,view_spot,微信分享裂变
115780,5485,2026-06-29 10:55:00,add_favorite,微信分享裂变
22858,1076,2026-06-29 11:34:00,app_launch,抖音信息流
101219,4795,2026-06-29 11:43:00,app_launch,抖音信息流
144004,6827,2026-06-29 12:39:00,app_launch,自然流量
93448,4425,2026-06-29 13:16:00,app_launch,小红书种草
93448,4425,2026-06-29 13:17:00,ai_plan,小红书种草
93448,4425,2026-06-29 13:18:00,view_spot,小红书种草
93448,4425,2026-06-29 13:21:00,view_spot,小红书种草
93448,4425,2026-06-29 13:24:00,add_favorite,小红书种草
93448,4425,2026-06-29 13:26:00,create_order,小红书种草
93448,4425,2026-06-29 13:27:00,pay_order,小红书种草
85026,4020,2026-06-29 13:44:00,app_launch,小红书种草
101220,4795,2026-06-29 13:48:00,app_launch,抖音信息流
74989,3536,2026-06-29 14:00:00,app_launch,微信分享裂变
74989,3536,2026-06-29 14:01:00,ai_plan,微信分享裂变
74989,3536,2026-06-29 14:02:00,view_spot,微信分享裂变
74989,3536,2026-06-29 14:08:00,add_favorite,微信分享裂变
112407,5319,2026-06-29 14:42:00,app_launch,抖音信息流
126012,5957,2026-06-29 15:12:00,app_launch,抖音信息流
126012,5957,2026-06-29 15:13:00,ai_plan,抖音信息流
126012,5957,2026-06-29 15:14:00,view_spot,抖音信息流
126012,5957,2026-06-29 15:17:00,view_spot,抖音信息流
126012,5957,2026-06-29 15:20:00,view_spot,抖音信息流
126012,5957,2026-06-29 15:23:00,view_spot,抖音信息流
112406,5319,2026-06-29 15:30:00,app_launch,抖音信息流
112406,5319,2026-06-29 15:31:00,ai_plan,抖音信息流
112406,5319,2026-06-29 15:32:00,view_spot,抖音信息流
112406,5319,2026-06-29 15:35:00,view_spot,抖音信息流
67649,3182,2026-06-29 15:48:00,app_launch,自然流量
29410,1384,2026-06-29 16:07:00,app_launch,高校地推
29410,1384,2026-06-29 16:08:00,ai_plan,高校地推
31616,1484,2026-06-29 16:23:00,app_launch,自然流量
32758,1536,2026-06-29 16:24:00,app_launch,抖音信息流
85025,4020,2026-06-29 16:25:00,app_launch,小红书种草
93449,4425,2026-06-29 16:57:00,app_launch,小红书种草
93449,4425,2026-06-29 16:58:00,ai_plan,小红书种草
67651,3182,2026-06-29 17:55:00,app_launch,自然流量
67651,3182,2026-06-29 17:56:00,ai_plan,自然流量
112408,5319,2026-06-29 19:22:00,app_launch,抖音信息流
115781,5485,2026-06-29 19:32:00,app_launch,微信分享裂变
115781,5485,2026-06-29 19:33:00,ai_plan,微信分享裂变
115781,5485,2026-06-29 19:34:00,view_spot,微信分享裂变
115781,5485,2026-06-29 19:37:00,view_spot,微信分享裂变
115781,5485,2026-06-29 19:40:00,add_favorite,微信分享裂变
22859,1076,2026-06-29 21:20:00,app_launch,抖音信息流
29408,1384,2026-06-29 22:00:00,app_launch,高校地推
29408,1384,2026-06-29 22:01:00,ai_plan,高校地推
29408,1384,2026-06-29 22:02:00,view_spot,高校地推
29408,1384,2026-06-29 22:05:00,view_spot,高校地推
123542,5841,2026-06-29 22:05:00,app_launch,抖音信息流
123542,5841,2026-06-29 22:06:00,ai_plan,抖音信息流
123542,5841,2026-06-29 22:07:00,view_spot,抖音信息流
29408,1384,2026-06-29 22:08:00,view_spot,高校地推
123542,5841,2026-06-29 22:10:00,view_spot,抖音信息流
52780,2466,2026-06-29 22:13:00,app_launch,小红书种草
123542,5841,2026-06-29 22:13:00,view_spot,抖音信息流
52780,2466,2026-06-29 22:14:00,ai_plan,小红书种草
52780,2466,2026-06-29 22:15:00,view_spot,小红书种草
123542,5841,2026-06-29 22:16:00,view_spot,抖音信息流
52780,2466,2026-06-29 22:18:00,view_spot,小红书种草
52780,2466,2026-06-29 22:21:00,view_spot,小红书种草
14387,683,2026-06-29 22:24:00,app_launch,自然流量
52780,2466,2026-06-29 22:24:00,view_spot,小红书种草
14387,683,2026-06-29 22:25:00,ai_plan,自然流量
14387,683,2026-06-29 22:26:00,view_spot,自然流量
14387,683,2026-06-29 22:29:00,view_spot,自然流量
14387,683,2026-06-29 22:32:00,add_favorite,自然流量
57956,2717,2026-06-29 22:34:00,app_launch,抖音信息流
57956,2717,2026-06-29 22:35:00,ai_plan,抖音信息流
22857,1076,2026-06-29 22:58:00,app_launch,抖音信息流
22857,1076,2026-06-29 22:59:00,ai_plan,抖音信息流
22857,1076,2026-06-29 23:00:00,view_spot,抖音信息流
22857,1076,2026-06-29 23:03:00,view_spot,抖音信息流
22857,1076,2026-06-29 23:06:00,view_spot,抖音信息流
48163,2253,2026-06-30 07:08:00,app_launch,抖音信息流
48163,2253,2026-06-30 07:09:00,ai_plan,抖音信息流
99416,4705,2026-06-30 07:45:00,app_launch,自然流量
99416,4705,2026-06-30 07:46:00,ai_plan,自然流量
99416,4705,2026-06-30 07:47:00,view_spot,自然流量
99416,4705,2026-06-30 07:50:00,view_spot,自然流量
98216,4648,2026-06-30 08:46:00,app_launch,自然流量
98216,4648,2026-06-30 08:47:00,ai_plan,自然流量
16079,764,2026-06-30 09:23:00,app_launch,自然流量
37437,1766,2026-06-30 09:30:00,app_launch,自然流量
123543,5841,2026-06-30 10:03:00,app_launch,抖音信息流
123543,5841,2026-06-30 10:04:00,ai_plan,抖音信息流
123543,5841,2026-06-30 10:05:00,view_spot,抖音信息流
123543,5841,2026-06-30 10:08:00,view_spot,抖音信息流
123543,5841,2026-06-30 10:11:00,view_spot,抖音信息流
9739,458,2026-06-30 10:36:00,app_launch,抖音信息流
9739,458,2026-06-30 10:37:00,ai_plan,抖音信息流
48162,2253,2026-06-30 11:17:00,app_launch,抖音信息流
48162,2253,2026-06-30 11:18:00,ai_plan,抖音信息流
48162,2253,2026-06-30 11:19:00,view_spot,抖音信息流
48162,2253,2026-06-30 11:22:00,view_spot,抖音信息流
48162,2253,2026-06-30 11:25:00,view_spot,抖音信息流
48162,2253,2026-06-30 11:25:00,add_favorite,抖音信息流
105295,4982,2026-06-30 11:34:00,app_launch,自然流量
105295,4982,2026-06-30 11:35:00,ai_plan,自然流量
105295,4982,2026-06-30 11:36:00,view_spot,自然流量
105295,4982,2026-06-30 11:39:00,view_spot,自然流量
105295,4982,2026-06-30 11:42:00,view_spot,自然流量
105295,4982,2026-06-30 11:44:00,create_order,自然流量
105295,4982,2026-06-30 11:45:00,view_spot,自然流量
53123,2479,2026-06-30 13:06:00,app_launch,抖音信息流
53123,2479,2026-06-30 13:07:00,ai_plan,抖音信息流
48164,2253,2026-06-30 13:32:00,app_launch,抖音信息流
99415,4705,2026-06-30 14:13:00,app_launch,自然流量
99415,4705,2026-06-30 14:14:00,ai_plan,自然流量
126014,5957,2026-06-30 14:14:00,app_launch,抖音信息流
99415,4705,2026-06-30 14:15:00,view_spot,自然流量
11710,555,2026-06-30 14:31:00,app_launch,自然流量
11710,555,2026-06-30 14:32:00,ai_plan,自然流量
11710,555,2026-06-30 14:33:00,view_spot,自然流量
11710,555,2026-06-30 14:36:00,view_spot,自然流量
11710,555,2026-06-30 14:39:00,view_spot,自然流量
11710,555,2026-06-30 14:42:00,view_spot,自然流量
105294,4982,2026-06-30 15:37:00,app_launch,自然流量
105294,4982,2026-06-30 15:38:00,ai_plan,自然流量
105294,4982,2026-06-30 15:39:00,view_spot,自然流量
11711,555,2026-06-30 15:40:00,app_launch,自然流量
11711,555,2026-06-30 15:41:00,ai_plan,自然流量
105294,4982,2026-06-30 15:42:00,view_spot,自然流量
105294,4982,2026-06-30 15:45:00,view_spot,自然流量
105294,4982,2026-06-30 15:48:00,view_spot,自然流量
99414,4705,2026-06-30 16:40:00,app_launch,自然流量
99414,4705,2026-06-30 16:41:00,ai_plan,自然流量
105293,4982,2026-06-30 16:55:00,app_launch,自然流量
105293,4982,2026-06-30 16:56:00,ai_plan,自然流量
105293,4982,2026-06-30 16:57:00,view_spot,自然流量
33059,1551,2026-06-30 17:32:00,app_launch,自然流量
86253,4079,2026-06-30 18:09:00,app_launch,自然流量
86253,4079,2026-06-30 18:10:00,ai_plan,自然流量
86253,4079,2026-06-30 18:11:00,view_spot,自然流量
141910,6727,2026-06-30 18:39:00,app_launch,自然流量
35322,1663,2026-06-30 18:45:00,app_launch,微信分享裂变
35322,1663,2026-06-30 18:46:00,ai_plan,微信分享裂变
35322,1663,2026-06-30 18:47:00,view_spot,微信分享裂变
35322,1663,2026-06-30 18:50:00,view_spot,微信分享裂变
135790,6424,2026-06-30 19:22:00,app_launch,微信分享裂变
126013,5957,2026-06-30 19:46:00,app_launch,抖音信息流
135788,6424,2026-06-30 19:46:00,app_launch,微信分享裂变
126013,5957,2026-06-30 19:47:00,ai_plan,抖音信息流
135788,6424,2026-06-30 19:47:00,ai_plan,微信分享裂变
126013,5957,2026-06-30 19:48:00,view_spot,抖音信息流
135788,6424,2026-06-30 19:48:00,view_spot,微信分享裂变
135788,6424,2026-06-30 19:51:00,view_spot,微信分享裂变
135788,6424,2026-06-30 19:54:00,view_spot,微信分享裂变
135788,6424,2026-06-30 19:56:00,create_order,微信分享裂变
135788,6424,2026-06-30 19:57:00,view_spot,微信分享裂变
135788,6424,2026-06-30 19:57:00,pay_order,微信分享裂变
16081,764,2026-06-30 20:56:00,app_launch,自然流量
135789,6424,2026-06-30 21:17:00,app_launch,微信分享裂变
135789,6424,2026-06-30 21:18:00,ai_plan,微信分享裂变
135789,6424,2026-06-30 21:19:00,view_spot,微信分享裂变
141911,6727,2026-06-30 21:20:00,app_launch,自然流量
167221,7925,2026-06-30 21:33:00,app_launch,微信分享裂变
167221,7925,2026-06-30 21:34:00,ai_plan,微信分享裂变
167221,7925,2026-06-30 21:35:00,view_spot,微信分享裂变
86254,4079,2026-06-30 21:39:00,app_launch,自然流量
86254,4079,2026-06-30 21:40:00,ai_plan,自然流量
67684,3183,2026-06-30 21:58:00,app_launch,抖音信息流
80810,3814,2026-06-30 22:02:00,app_launch,自然流量
80810,3814,2026-06-30 22:03:00,ai_plan,自然流量
80810,3814,2026-06-30 22:04:00,view_spot,自然流量
115782,5485,2026-06-30 22:07:00,app_launch,微信分享裂变
115782,5485,2026-06-30 22:08:00,ai_plan,微信分享裂变
80811,3814,2026-06-30 22:25:00,app_launch,自然流量
37438,1766,2026-06-30 22:29:00,app_launch,自然流量
32759,1536,2026-06-30 22:31:00,app_launch,抖音信息流
53124,2479,2026-06-30 22:31:00,app_launch,抖音信息流
32759,1536,2026-06-30 22:32:00,ai_plan,抖音信息流
53124,2479,2026-06-30 22:32:00,ai_plan,抖音信息流
16080,764,2026-06-30 22:49:00,app_launch,自然流量
16080,764,2026-06-30 22:50:00,ai_plan,自然流量
52783,2466,2026-07-01 07:35:00,app_launch,小红书种草
33060,1551,2026-07-01 08:09:00,app_launch,自然流量
57957,2717,2026-07-01 08:19:00,app_launch,抖音信息流
57957,2717,2026-07-01 08:20:00,ai_plan,抖音信息流
57957,2717,2026-07-01 08:21:00,view_spot,抖音信息流
14390,683,2026-07-01 09:15:00,app_launch,自然流量
14390,683,2026-07-01 09:16:00,ai_plan,自然流量
14390,683,2026-07-01 09:17:00,view_spot,自然流量
14390,683,2026-07-01 09:20:00,view_spot,自然流量
57958,2717,2026-07-01 09:22:00,app_launch,抖音信息流
14390,683,2026-07-01 09:23:00,view_spot,自然流量
14390,683,2026-07-01 09:26:00,view_spot,自然流量
35323,1663,2026-07-01 09:59:00,app_launch,微信分享裂变
35323,1663,2026-07-01 10:00:00,ai_plan,微信分享裂变
54419,2543,2026-07-01 10:04:00,app_launch,抖音信息流
54419,2543,2026-07-01 10:05:00,ai_plan,抖音信息流
14392,683,2026-07-01 11:05:00,app_launch,自然流量
35324,1663,2026-07-01 12:20:00,app_launch,微信分享裂变
35324,1663,2026-07-01 12:21:00,ai_plan,微信分享裂变
35324,1663,2026-07-01 12:22:00,view_spot,微信分享裂变
35324,1663,2026-07-01 12:25:00,view_spot,微信分享裂变
35324,1663,2026-07-01 12:30:00,create_order,微信分享裂变
9740,458,2026-07-01 12:50:00,app_launch,抖音信息流
54420,2543,2026-07-01 12:51:00,app_launch,抖音信息流
54420,2543,2026-07-01 12:52:00,ai_plan,抖音信息流
54420,2543,2026-07-01 12:53:00,view_spot,抖音信息流
54420,2543,2026-07-01 12:56:00,view_spot,抖音信息流
38435,1812,2026-07-01 12:59:00,app_launch,抖音信息流
54420,2543,2026-07-01 12:59:00,add_favorite,抖音信息流
38435,1812,2026-07-01 13:00:00,ai_plan,抖音信息流
38435,1812,2026-07-01 13:01:00,view_spot,抖音信息流
38435,1812,2026-07-01 13:04:00,view_spot,抖音信息流
38435,1812,2026-07-01 13:07:00,add_favorite,抖音信息流
80812,3814,2026-07-01 13:08:00,app_launch,自然流量
22170,1043,2026-07-01 14:40:00,app_launch,小红书种草
22170,1043,2026-07-01 14:41:00,ai_plan,小红书种草
22170,1043,2026-07-01 14:42:00,view_spot,小红书种草
35325,1663,2026-07-01 14:53:00,app_launch,微信分享裂变
35325,1663,2026-07-01 14:54:00,ai_plan,微信分享裂变
35325,1663,2026-07-01 14:55:00,view_spot,微信分享裂变
35325,1663,2026-07-01 14:58:00,view_spot,微信分享裂变
35325,1663,2026-07-01 15:01:00,view_spot,微信分享裂变
35325,1663,2026-07-01 15:01:00,add_favorite,微信分享裂变
35325,1663,2026-07-01 15:03:00,create_order,微信分享裂变
9901,466,2026-07-01 15:06:00,app_launch,小红书种草
9901,466,2026-07-01 15:07:00,ai_plan,小红书种草
137854,6522,2026-07-01 16:31:00,app_launch,抖音信息流
137854,6522,2026-07-01 16:32:00,ai_plan,抖音信息流
9902,466,2026-07-01 16:37:00,app_launch,小红书种草
105604,4998,2026-07-01 17:37:00,app_launch,抖音信息流
22169,1043,2026-07-01 17:46:00,app_launch,小红书种草
22169,1043,2026-07-01 17:47:00,ai_plan,小红书种草
22169,1043,2026-07-01 17:48:00,view_spot,小红书种草
22169,1043,2026-07-01 17:51:00,view_spot,小红书种草
38434,1812,2026-07-01 18:11:00,app_launch,抖音信息流
38434,1812,2026-07-01 18:12:00,ai_plan,抖音信息流
38434,1812,2026-07-01 18:13:00,view_spot,抖音信息流
38434,1812,2026-07-01 18:16:00,view_spot,抖音信息流
38434,1812,2026-07-01 18:19:00,add_favorite,抖音信息流
123210,5828,2026-07-01 18:59:00,app_launch,自然流量
9741,458,2026-07-01 19:03:00,app_launch,抖音信息流
9741,458,2026-07-01 19:04:00,ai_plan,抖音信息流
9741,458,2026-07-01 19:05:00,view_spot,抖音信息流
9741,458,2026-07-01 19:08:00,view_spot,抖音信息流
9903,466,2026-07-01 21:21:00,app_launch,小红书种草
14391,683,2026-07-01 21:41:00,app_launch,自然流量
14391,683,2026-07-01 21:42:00,ai_plan,自然流量
14391,683,2026-07-01 21:43:00,view_spot,自然流量
14391,683,2026-07-01 21:46:00,view_spot,自然流量
14391,683,2026-07-01 21:49:00,view_spot,自然流量
14391,683,2026-07-01 21:49:00,add_favorite,自然流量
14391,683,2026-07-01 21:51:00,create_order,自然流量
14391,683,2026-07-01 21:52:00,view_spot,自然流量
77458,3657,2026-07-01 22:59:00,app_launch,自然流量
77458,3657,2026-07-01 23:00:00,ai_plan,自然流量
77458,3657,2026-07-01 23:01:00,view_spot,自然流量
77458,3657,2026-07-01 23:09:00,create_order,自然流量
77458,3657,2026-07-01 23:10:00,pay_order,自然流量
33061,1551,2026-07-02 07:11:00,app_launch,自然流量
33061,1551,2026-07-02 07:12:00,ai_plan,自然流量
147638,7000,2026-07-02 08:00:00,app_launch,小红书种草
147638,7000,2026-07-02 08:01:00,ai_plan,小红书种草
147638,7000,2026-07-02 08:02:00,view_spot,小红书种草
147638,7000,2026-07-02 08:05:00,view_spot,小红书种草
147638,7000,2026-07-02 08:08:00,view_spot,小红书种草
147638,7000,2026-07-02 08:10:00,create_order,小红书种草
79667,3762,2026-07-02 08:24:00,app_launch,抖音信息流
79667,3762,2026-07-02 08:25:00,ai_plan,抖音信息流
35326,1663,2026-07-02 09:20:00,app_launch,微信分享裂变
35326,1663,2026-07-02 09:21:00,ai_plan,微信分享裂变
35326,1663,2026-07-02 09:22:00,view_spot,微信分享裂变
57961,2717,2026-07-02 09:27:00,app_launch,抖音信息流
35326,1663,2026-07-02 09:28:00,add_favorite,微信分享裂变
57961,2717,2026-07-02 09:28:00,ai_plan,抖音信息流
33154,1555,2026-07-02 09:34:00,app_launch,自然流量
33154,1555,2026-07-02 09:35:00,ai_plan,自然流量
38975,1836,2026-07-02 09:45:00,app_launch,自然流量
57960,2717,2026-07-02 10:07:00,app_launch,抖音信息流
57960,2717,2026-07-02 10:08:00,ai_plan,抖音信息流
38976,1836,2026-07-02 10:25:00,app_launch,自然流量
38976,1836,2026-07-02 10:26:00,ai_plan,自然流量
38976,1836,2026-07-02 10:27:00,view_spot,自然流量
38976,1836,2026-07-02 10:30:00,view_spot,自然流量
38976,1836,2026-07-02 10:33:00,view_spot,自然流量
38976,1836,2026-07-02 10:33:00,add_favorite,自然流量
133517,6318,2026-07-02 10:36:00,app_launch,小红书种草
133517,6318,2026-07-02 10:37:00,ai_plan,小红书种草
133517,6318,2026-07-02 10:38:00,view_spot,小红书种草
133517,6318,2026-07-02 10:41:00,view_spot,小红书种草
133517,6318,2026-07-02 10:44:00,view_spot,小红书种草
150011,7112,2026-07-02 10:47:00,app_launch,小红书种草
150011,7112,2026-07-02 10:48:00,ai_plan,小红书种草
150011,7112,2026-07-02 10:49:00,view_spot,小红书种草
150011,7112,2026-07-02 10:52:00,view_spot,小红书种草
99418,4705,2026-07-02 10:55:00,app_launch,自然流量
150011,7112,2026-07-02 10:55:00,view_spot,小红书种草
150011,7112,2026-07-02 10:57:00,create_order,小红书种草
150011,7112,2026-07-02 10:58:00,pay_order,小红书种草
113956,5395,2026-07-02 10:59:00,app_launch,抖音信息流
113956,5395,2026-07-02 11:00:00,ai_plan,抖音信息流
147639,7000,2026-07-02 11:03:00,app_launch,小红书种草
113957,5395,2026-07-02 11:06:00,app_launch,抖音信息流
113957,5395,2026-07-02 11:07:00,ai_plan,抖音信息流
126015,5957,2026-07-02 11:17:00,app_launch,抖音信息流
126015,5957,2026-07-02 11:18:00,ai_plan,抖音信息流
46420,2174,2026-07-02 12:35:00,app_launch,自然流量
46420,2174,2026-07-02 12:36:00,ai_plan,自然流量
46420,2174,2026-07-02 12:37:00,view_spot,自然流量
46420,2174,2026-07-02 12:40:00,view_spot,自然流量
46420,2174,2026-07-02 12:43:00,view_spot,自然流量
46420,2174,2026-07-02 12:45:00,create_order,自然流量
46420,2174,2026-07-02 12:46:00,view_spot,自然流量
46421,2174,2026-07-02 13:03:00,app_launch,自然流量
129582,6125,2026-07-02 13:34:00,app_launch,自然流量
129582,6125,2026-07-02 13:35:00,ai_plan,自然流量
129582,6125,2026-07-02 13:36:00,view_spot,自然流量
129582,6125,2026-07-02 13:42:00,add_favorite,自然流量
99419,4705,2026-07-02 13:56:00,app_launch,自然流量
99419,4705,2026-07-02 13:57:00,ai_plan,自然流量
99419,4705,2026-07-02 13:58:00,view_spot,自然流量
99419,4705,2026-07-02 14:01:00,view_spot,自然流量
22861,1076,2026-07-02 14:46:00,app_launch,抖音信息流
22861,1076,2026-07-02 14:47:00,ai_plan,抖音信息流
22860,1076,2026-07-02 15:34:00,app_launch,抖音信息流
22860,1076,2026-07-02 15:35:00,ai_plan,抖音信息流
150010,7112,2026-07-02 15:55:00,app_launch,小红书种草
150010,7112,2026-07-02 15:56:00,ai_plan,小红书种草
86255,4079,2026-07-02 16:10:00,app_launch,自然流量
86255,4079,2026-07-02 16:11:00,ai_plan,自然流量
86255,4079,2026-07-02 16:12:00,view_spot,自然流量
86255,4079,2026-07-02 16:15:00,view_spot,自然流量
86255,4079,2026-07-02 16:18:00,add_favorite,自然流量
129583,6125,2026-07-02 16:34:00,app_launch,自然流量
33155,1555,2026-07-02 17:28:00,app_launch,自然流量
33155,1555,2026-07-02 17:29:00,ai_plan,自然流量
33155,1555,2026-07-02 17:30:00,view_spot,自然流量
33155,1555,2026-07-02 17:33:00,view_spot,自然流量
33155,1555,2026-07-02 17:36:00,view_spot,自然流量
33155,1555,2026-07-02 17:38:00,create_order,自然流量
33155,1555,2026-07-02 17:39:00,pay_order,自然流量
67653,3182,2026-07-02 17:49:00,app_launch,自然流量
142359,6748,2026-07-02 18:02:00,app_launch,抖音信息流
99417,4705,2026-07-02 18:28:00,app_launch,自然流量
147640,7000,2026-07-02 18:29:00,app_launch,小红书种草
147640,7000,2026-07-02 18:30:00,ai_plan,小红书种草
147640,7000,2026-07-02 18:31:00,view_spot,小红书种草
67652,3182,2026-07-02 18:34:00,app_launch,自然流量
147640,7000,2026-07-02 18:34:00,view_spot,小红书种草
67652,3182,2026-07-02 18:35:00,ai_plan,自然流量
147640,7000,2026-07-02 18:37:00,view_spot,小红书种草
112409,5319,2026-07-02 18:54:00,app_launch,抖音信息流
112409,5319,2026-07-02 18:55:00,ai_plan,抖音信息流
57959,2717,2026-07-02 19:51:00,app_launch,抖音信息流
57959,2717,2026-07-02 19:52:00,ai_plan,抖音信息流
57959,2717,2026-07-02 19:53:00,view_spot,抖音信息流
57959,2717,2026-07-02 19:59:00,add_favorite,抖音信息流
33156,1555,2026-07-02 20:27:00,app_launch,自然流量
33156,1555,2026-07-02 20:28:00,ai_plan,自然流量
11712,555,2026-07-02 20:41:00,app_launch,自然流量
11712,555,2026-07-02 20:42:00,ai_plan,自然流量
11712,555,2026-07-02 20:43:00,view_spot,自然流量
126016,5957,2026-07-02 21:01:00,app_launch,抖音信息流
126016,5957,2026-07-02 21:02:00,ai_plan,抖音信息流
114134,5403,2026-07-02 21:10:00,app_launch,抖音信息流
52784,2466,2026-07-02 21:25:00,app_launch,小红书种草
52784,2466,2026-07-02 21:26:00,ai_plan,小红书种草
126017,5957,2026-07-02 21:40:00,app_launch,抖音信息流
126017,5957,2026-07-02 21:41:00,ai_plan,抖音信息流
126017,5957,2026-07-02 21:42:00,view_spot,抖音信息流
126017,5957,2026-07-02 21:45:00,view_spot,抖音信息流
126017,5957,2026-07-02 21:48:00,view_spot,抖音信息流
126017,5957,2026-07-02 21:51:00,view_spot,抖音信息流
38974,1836,2026-07-02 21:53:00,app_launch,自然流量
142358,6748,2026-07-02 22:03:00,app_launch,抖音信息流
142358,6748,2026-07-02 22:04:00,ai_plan,抖音信息流
142358,6748,2026-07-02 22:05:00,view_spot,抖音信息流
142358,6748,2026-07-02 22:08:00,view_spot,抖音信息流
141912,6727,2026-07-02 22:52:00,app_launch,自然流量
141912,6727,2026-07-02 22:53:00,ai_plan,自然流量
141912,6727,2026-07-02 22:54:00,view_spot,自然流量
141912,6727,2026-07-02 22:57:00,view_spot,自然流量
141912,6727,2026-07-02 23:00:00,view_spot,自然流量
141912,6727,2026-07-02 23:03:00,view_spot,自然流量
40555,1906,2026-07-03 07:01:00,app_launch,抖音信息流
40555,1906,2026-07-03 07:02:00,ai_plan,抖音信息流
40555,1906,2026-07-03 07:03:00,view_spot,抖音信息流
40555,1906,2026-07-03 07:06:00,view_spot,抖音信息流
40555,1906,2026-07-03 07:09:00,view_spot,抖音信息流
40555,1906,2026-07-03 07:11:00,create_order,抖音信息流
40555,1906,2026-07-03 07:12:00,pay_order,抖音信息流
23876,1124,2026-07-03 07:16:00,app_launch,自然流量
9905,466,2026-07-03 07:17:00,app_launch,小红书种草
40725,1913,2026-07-03 07:25:00,app_launch,高校地推
154340,7312,2026-07-03 08:00:00,app_launch,自然流量
154340,7312,2026-07-03 08:01:00,ai_plan,自然流量
57964,2717,2026-07-03 08:25:00,app_launch,抖音信息流
57964,2717,2026-07-03 08:26:00,ai_plan,抖音信息流
152947,7245,2026-07-03 08:52:00,app_launch,抖音信息流
152947,7245,2026-07-03 08:53:00,ai_plan,抖音信息流
152947,7245,2026-07-03 08:54:00,view_spot,抖音信息流
152947,7245,2026-07-03 09:00:00,add_favorite,抖音信息流
40553,1906,2026-07-03 10:11:00,app_launch,抖音信息流
40553,1906,2026-07-03 10:12:00,ai_plan,抖音信息流
142362,6748,2026-07-03 10:38:00,app_launch,抖音信息流
142362,6748,2026-07-03 10:39:00,ai_plan,抖音信息流
142362,6748,2026-07-03 10:40:00,view_spot,抖音信息流
150012,7112,2026-07-03 10:43:00,app_launch,小红书种草
150012,7112,2026-07-03 10:44:00,ai_plan,小红书种草
150012,7112,2026-07-03 10:45:00,view_spot,小红书种草
150012,7112,2026-07-03 10:48:00,view_spot,小红书种草
52785,2466,2026-07-03 11:15:00,app_launch,小红书种草
52785,2466,2026-07-03 11:16:00,ai_plan,小红书种草
52787,2466,2026-07-03 11:16:00,app_launch,小红书种草
52785,2466,2026-07-03 11:17:00,view_spot,小红书种草
52787,2466,2026-07-03 11:17:00,ai_plan,小红书种草
52787,2466,2026-07-03 11:18:00,view_spot,小红书种草
52785,2466,2026-07-03 11:20:00,view_spot,小红书种草
52787,2466,2026-07-03 11:21:00,view_spot,小红书种草
52785,2466,2026-07-03 11:23:00,view_spot,小红书种草
52787,2466,2026-07-03 11:24:00,add_favorite,小红书种草
52785,2466,2026-07-03 11:26:00,view_spot,小红书种草
167616,7942,2026-07-03 11:31:00,app_launch,抖音信息流
39352,1851,2026-07-03 11:45:00,app_launch,自然流量
39352,1851,2026-07-03 11:46:00,ai_plan,自然流量
39352,1851,2026-07-03 11:47:00,view_spot,自然流量
39352,1851,2026-07-03 11:50:00,view_spot,自然流量
39352,1851,2026-07-03 11:53:00,view_spot,自然流量
39352,1851,2026-07-03 11:53:00,add_favorite,自然流量
39352,1851,2026-07-03 11:56:00,view_spot,自然流量
22862,1076,2026-07-03 12:03:00,app_launch,抖音信息流
23875,1124,2026-07-03 12:10:00,app_launch,自然流量
23875,1124,2026-07-03 12:11:00,ai_plan,自然流量
23875,1124,2026-07-03 12:12:00,view_spot,自然流量
23875,1124,2026-07-03 12:15:00,view_spot,自然流量
23875,1124,2026-07-03 12:18:00,add_favorite,自然流量
147642,7000,2026-07-03 12:50:00,app_launch,小红书种草
137856,6522,2026-07-03 12:59:00,app_launch,抖音信息流
137856,6522,2026-07-03 13:00:00,ai_plan,抖音信息流
105606,4998,2026-07-03 13:04:00,app_launch,抖音信息流
105606,4998,2026-07-03 13:05:00,ai_plan,抖音信息流
32009,1503,2026-07-03 13:53:00,app_launch,抖音信息流
167617,7942,2026-07-03 14:03:00,app_launch,抖音信息流
31618,1484,2026-07-03 14:09:00,app_launch,自然流量
31618,1484,2026-07-03 14:10:00,ai_plan,自然流量
80814,3814,2026-07-03 14:10:00,app_launch,自然流量
31618,1484,2026-07-03 14:11:00,view_spot,自然流量
80814,3814,2026-07-03 14:11:00,ai_plan,自然流量
57963,2717,2026-07-03 14:33:00,app_launch,抖音信息流
57963,2717,2026-07-03 14:34:00,ai_plan,抖音信息流
57963,2717,2026-07-03 14:35:00,view_spot,抖音信息流
57963,2717,2026-07-03 14:38:00,view_spot,抖音信息流
74992,3536,2026-07-03 14:39:00,app_launch,微信分享裂变
74992,3536,2026-07-03 14:40:00,ai_plan,微信分享裂变
57963,2717,2026-07-03 14:41:00,view_spot,抖音信息流
74992,3536,2026-07-03 14:41:00,view_spot,微信分享裂变
57963,2717,2026-07-03 14:44:00,view_spot,抖音信息流
74992,3536,2026-07-03 14:44:00,view_spot,微信分享裂变
74992,3536,2026-07-03 14:47:00,view_spot,微信分享裂变
74992,3536,2026-07-03 14:47:00,add_favorite,微信分享裂变
57962,2717,2026-07-03 14:49:00,app_launch,抖音信息流
57962,2717,2026-07-03 14:50:00,ai_plan,抖音信息流
57962,2717,2026-07-03 14:51:00,view_spot,抖音信息流
57962,2717,2026-07-03 14:54:00,view_spot,抖音信息流
105605,4998,2026-07-03 15:50:00,app_launch,抖音信息流
135791,6424,2026-07-03 15:51:00,app_launch,微信分享裂变
135791,6424,2026-07-03 15:52:00,ai_plan,微信分享裂变
135791,6424,2026-07-03 15:53:00,view_spot,微信分享裂变
152945,7245,2026-07-03 15:54:00,app_launch,抖音信息流
152945,7245,2026-07-03 15:55:00,ai_plan,抖音信息流
135791,6424,2026-07-03 15:56:00,view_spot,微信分享裂变
135791,6424,2026-07-03 15:59:00,view_spot,微信分享裂变
135791,6424,2026-07-03 16:02:00,view_spot,微信分享裂变
38436,1812,2026-07-03 16:11:00,app_launch,抖音信息流
74991,3536,2026-07-03 16:17:00,app_launch,微信分享裂变
74991,3536,2026-07-03 16:18:00,ai_plan,微信分享裂变
21428,1010,2026-07-03 16:24:00,app_launch,抖音信息流
48167,2253,2026-07-03 16:42:00,app_launch,抖音信息流
48167,2253,2026-07-03 16:43:00,ai_plan,抖音信息流
48167,2253,2026-07-03 16:44:00,view_spot,抖音信息流
48167,2253,2026-07-03 16:47:00,view_spot,抖音信息流
52786,2466,2026-07-03 16:48:00,app_launch,小红书种草
52786,2466,2026-07-03 16:49:00,ai_plan,小红书种草
48167,2253,2026-07-03 16:50:00,view_spot,抖音信息流
52786,2466,2026-07-03 16:50:00,view_spot,小红书种草
48167,2253,2026-07-03 16:53:00,view_spot,抖音信息流
52786,2466,2026-07-03 16:53:00,view_spot,小红书种草
21429,1010,2026-07-03 16:54:00,app_launch,抖音信息流
52786,2466,2026-07-03 16:56:00,view_spot,小红书种草
52786,2466,2026-07-03 16:56:00,add_favorite,小红书种草
104831,4962,2026-07-03 16:58:00,app_launch,自然流量
142361,6748,2026-07-03 17:08:00,app_launch,抖音信息流
142361,6748,2026-07-03 17:09:00,ai_plan,抖音信息流
142361,6748,2026-07-03 17:10:00,view_spot,抖音信息流
142361,6748,2026-07-03 17:13:00,view_spot,抖音信息流
147643,7000,2026-07-03 17:15:00,app_launch,小红书种草
142361,6748,2026-07-03 17:16:00,view_spot,抖音信息流
142361,6748,2026-07-03 17:16:00,add_favorite,抖音信息流
147643,7000,2026-07-03 17:16:00,ai_plan,小红书种草
147643,7000,2026-07-03 17:17:00,view_spot,小红书种草
147643,7000,2026-07-03 17:20:00,view_spot,小红书种草
48166,2253,2026-07-03 17:23:00,app_launch,抖音信息流
48166,2253,2026-07-03 17:24:00,ai_plan,抖音信息流
48166,2253,2026-07-03 17:25:00,view_spot,抖音信息流
48166,2253,2026-07-03 17:28:00,view_spot,抖音信息流
48166,2253,2026-07-03 17:31:00,view_spot,抖音信息流
48166,2253,2026-07-03 17:33:00,create_order,抖音信息流
48166,2253,2026-07-03 17:34:00,view_spot,抖音信息流
48166,2253,2026-07-03 17:34:00,pay_order,抖音信息流
48165,2253,2026-07-03 17:58:00,app_launch,抖音信息流
32008,1503,2026-07-03 18:17:00,app_launch,抖音信息流
32008,1503,2026-07-03 18:18:00,ai_plan,抖音信息流
32008,1503,2026-07-03 18:19:00,view_spot,抖音信息流
32008,1503,2026-07-03 18:22:00,view_spot,抖音信息流
32008,1503,2026-07-03 18:25:00,add_favorite,抖音信息流
32008,1503,2026-07-03 18:27:00,create_order,抖音信息流
9904,466,2026-07-03 18:29:00,app_launch,小红书种草
21430,1010,2026-07-03 18:55:00,app_launch,抖音信息流
21430,1010,2026-07-03 18:56:00,ai_plan,抖音信息流
21430,1010,2026-07-03 18:57:00,view_spot,抖音信息流
21430,1010,2026-07-03 19:00:00,view_spot,抖音信息流
144005,6827,2026-07-03 19:00:00,app_launch,自然流量
144005,6827,2026-07-03 19:01:00,ai_plan,自然流量
21430,1010,2026-07-03 19:03:00,view_spot,抖音信息流
104832,4962,2026-07-03 19:07:00,app_launch,自然流量
104832,4962,2026-07-03 19:08:00,ai_plan,自然流量
40554,1906,2026-07-03 19:20:00,app_launch,抖音信息流
40554,1906,2026-07-03 19:21:00,ai_plan,抖音信息流
104833,4962,2026-07-03 19:28:00,app_launch,自然流量
104833,4962,2026-07-03 19:29:00,ai_plan,自然流量
104833,4962,2026-07-03 19:30:00,view_spot,自然流量
104833,4962,2026-07-03 19:33:00,view_spot,自然流量
104833,4962,2026-07-03 19:36:00,view_spot,自然流量
104833,4962,2026-07-03 19:39:00,view_spot,自然流量
80813,3814,2026-07-03 19:57:00,app_launch,自然流量
80813,3814,2026-07-03 19:58:00,ai_plan,自然流量
22863,1076,2026-07-03 20:13:00,app_launch,抖音信息流
38437,1812,2026-07-03 20:23:00,app_launch,抖音信息流
38437,1812,2026-07-03 20:24:00,ai_plan,抖音信息流
38437,1812,2026-07-03 20:25:00,view_spot,抖音信息流
38977,1836,2026-07-03 20:25:00,app_launch,自然流量
38977,1836,2026-07-03 20:26:00,ai_plan,自然流量
38977,1836,2026-07-03 20:27:00,view_spot,自然流量
147641,7000,2026-07-03 20:27:00,app_launch,小红书种草
152946,7245,2026-07-03 20:33:00,app_launch,抖音信息流
39353,1851,2026-07-03 20:34:00,app_launch,自然流量
38977,1836,2026-07-03 20:35:00,create_order,自然流量
38977,1836,2026-07-03 20:36:00,pay_order,自然流量
113959,5395,2026-07-03 20:39:00,app_launch,抖音信息流
113959,5395,2026-07-03 20:40:00,ai_plan,抖音信息流
137855,6522,2026-07-03 21:10:00,app_launch,抖音信息流
137855,6522,2026-07-03 21:11:00,ai_plan,抖音信息流
32010,1503,2026-07-03 21:27:00,app_launch,抖音信息流
32010,1503,2026-07-03 21:28:00,ai_plan,抖音信息流
142360,6748,2026-07-03 21:39:00,app_launch,抖音信息流
113958,5395,2026-07-03 21:40:00,app_launch,抖音信息流
11713,555,2026-07-04 07:11:00,app_launch,自然流量
11713,555,2026-07-04 07:12:00,ai_plan,自然流量
11713,555,2026-07-04 07:13:00,view_spot,自然流量
133519,6318,2026-07-04 07:52:00,app_launch,小红书种草
133519,6318,2026-07-04 07:53:00,ai_plan,小红书种草
133519,6318,2026-07-04 07:54:00,view_spot,小红书种草
133519,6318,2026-07-04 07:57:00,view_spot,小红书种草
133519,6318,2026-07-04 08:00:00,add_favorite,小红书种草
123212,5828,2026-07-04 08:02:00,app_launch,自然流量
104834,4962,2026-07-04 08:03:00,app_launch,自然流量
123212,5828,2026-07-04 08:03:00,ai_plan,自然流量
104835,4962,2026-07-04 08:18:00,app_launch,自然流量
104835,4962,2026-07-04 08:19:00,ai_plan,自然流量
104835,4962,2026-07-04 08:20:00,view_spot,自然流量
104835,4962,2026-07-04 08:23:00,view_spot,自然流量
104835,4962,2026-07-04 08:26:00,view_spot,自然流量
104835,4962,2026-07-04 08:29:00,view_spot,自然流量
78095,3685,2026-07-04 08:36:00,app_launch,自然流量
78095,3685,2026-07-04 08:37:00,ai_plan,自然流量
78095,3685,2026-07-04 08:38:00,view_spot,自然流量
13607,648,2026-07-04 08:40:00,app_launch,抖音信息流
31620,1484,2026-07-04 08:40:00,app_launch,自然流量
31620,1484,2026-07-04 08:41:00,ai_plan,自然流量
78095,3685,2026-07-04 08:41:00,view_spot,自然流量
31620,1484,2026-07-04 08:42:00,view_spot,自然流量
31620,1484,2026-07-04 08:45:00,view_spot,自然流量
71936,3393,2026-07-04 08:47:00,app_launch,高校地推
31620,1484,2026-07-04 08:48:00,view_spot,自然流量
31620,1484,2026-07-04 08:48:00,add_favorite,自然流量
71936,3393,2026-07-04 08:48:00,ai_plan,高校地推
71936,3393,2026-07-04 08:49:00,view_spot,高校地推
31620,1484,2026-07-04 08:50:00,create_order,自然流量
105297,4982,2026-07-04 08:50:00,app_launch,自然流量
71936,3393,2026-07-04 08:52:00,view_spot,高校地推
71936,3393,2026-07-04 08:55:00,view_spot,高校地推
71936,3393,2026-07-04 08:58:00,view_spot,高校地推
141915,6727,2026-07-04 09:00:00,app_launch,自然流量
141915,6727,2026-07-04 09:01:00,ai_plan,自然流量
78094,3685,2026-07-04 09:02:00,app_launch,自然流量
144006,6827,2026-07-04 09:03:00,app_launch,自然流量
13608,648,2026-07-04 09:07:00,app_launch,抖音信息流
13608,648,2026-07-04 09:08:00,ai_plan,抖音信息流
64477,3028,2026-07-04 09:17:00,app_launch,微信分享裂变
64477,3028,2026-07-04 09:18:00,ai_plan,微信分享裂变
64477,3028,2026-07-04 09:19:00,view_spot,微信分享裂变
64477,3028,2026-07-04 09:22:00,view_spot,微信分享裂变
64477,3028,2026-07-04 09:25:00,view_spot,微信分享裂变
64477,3028,2026-07-04 09:28:00,view_spot,微信分享裂变
67685,3183,2026-07-04 09:29:00,app_launch,抖音信息流
67685,3183,2026-07-04 09:30:00,ai_plan,抖音信息流
129584,6125,2026-07-04 10:30:00,app_launch,自然流量
129584,6125,2026-07-04 10:31:00,ai_plan,自然流量
71934,3393,2026-07-04 10:33:00,app_launch,高校地推
71934,3393,2026-07-04 10:34:00,ai_plan,高校地推
150015,7112,2026-07-04 10:34:00,app_launch,小红书种草
71934,3393,2026-07-04 10:35:00,view_spot,高校地推
150015,7112,2026-07-04 10:35:00,ai_plan,小红书种草
71934,3393,2026-07-04 10:38:00,view_spot,高校地推
133518,6318,2026-07-04 10:50:00,app_launch,小红书种草
112410,5319,2026-07-04 10:56:00,app_launch,抖音信息流
142363,6748,2026-07-04 11:01:00,app_launch,抖音信息流
142363,6748,2026-07-04 11:02:00,ai_plan,抖音信息流
82794,3916,2026-07-04 11:04:00,app_launch,抖音信息流
28471,1340,2026-07-04 11:05:00,app_launch,抖音信息流
82794,3916,2026-07-04 11:05:00,ai_plan,抖音信息流
23877,1124,2026-07-04 11:06:00,app_launch,自然流量
82794,3916,2026-07-04 11:06:00,view_spot,抖音信息流
23877,1124,2026-07-04 11:07:00,ai_plan,自然流量
23877,1124,2026-07-04 11:08:00,view_spot,自然流量
23877,1124,2026-07-04 11:11:00,view_spot,自然流量
23877,1124,2026-07-04 11:14:00,view_spot,自然流量
82794,3916,2026-07-04 11:14:00,create_order,抖音信息流
67687,3183,2026-07-04 11:16:00,app_launch,抖音信息流
23877,1124,2026-07-04 11:17:00,view_spot,自然流量
67687,3183,2026-07-04 11:17:00,ai_plan,抖音信息流
14394,683,2026-07-04 11:42:00,app_launch,自然流量
14394,683,2026-07-04 11:43:00,ai_plan,自然流量
14394,683,2026-07-04 11:44:00,view_spot,自然流量
14394,683,2026-07-04 11:47:00,view_spot,自然流量
14394,683,2026-07-04 11:50:00,view_spot,自然流量
14394,683,2026-07-04 11:52:00,create_order,自然流量
150014,7112,2026-07-04 11:52:00,app_launch,小红书种草
14394,683,2026-07-04 11:53:00,pay_order,自然流量
150014,7112,2026-07-04 11:53:00,ai_plan,小红书种草
9906,466,2026-07-04 11:54:00,app_launch,小红书种草
150014,7112,2026-07-04 11:54:00,view_spot,小红书种草
150014,7112,2026-07-04 11:57:00,view_spot,小红书种草
150014,7112,2026-07-04 12:00:00,view_spot,小红书种草
150014,7112,2026-07-04 12:03:00,view_spot,小红书种草
123213,5828,2026-07-04 12:05:00,app_launch,自然流量
123213,5828,2026-07-04 12:06:00,ai_plan,自然流量
123213,5828,2026-07-04 12:07:00,view_spot,自然流量
68254,3215,2026-07-04 12:10:00,app_launch,自然流量
123213,5828,2026-07-04 12:10:00,view_spot,自然流量
154342,7312,2026-07-04 12:10:00,app_launch,自然流量
68254,3215,2026-07-04 12:11:00,ai_plan,自然流量
68254,3215,2026-07-04 12:12:00,view_spot,自然流量
123213,5828,2026-07-04 12:13:00,view_spot,自然流量
68254,3215,2026-07-04 12:15:00,view_spot,自然流量
123213,5828,2026-07-04 12:16:00,view_spot,自然流量
150013,7112,2026-07-04 12:31:00,app_launch,小红书种草
38980,1836,2026-07-04 12:48:00,app_launch,自然流量
126018,5957,2026-07-04 12:56:00,app_launch,抖音信息流
152948,7245,2026-07-04 12:56:00,app_launch,抖音信息流
126018,5957,2026-07-04 12:57:00,ai_plan,抖音信息流
152948,7245,2026-07-04 12:57:00,ai_plan,抖音信息流
133520,6318,2026-07-04 13:00:00,app_launch,小红书种草
133520,6318,2026-07-04 13:01:00,ai_plan,小红书种草
133520,6318,2026-07-04 13:02:00,view_spot,小红书种草
133520,6318,2026-07-04 13:05:00,view_spot,小红书种草
72720,3429,2026-07-04 13:36:00,app_launch,高校地推
72720,3429,2026-07-04 13:37:00,ai_plan,高校地推
72720,3429,2026-07-04 13:38:00,view_spot,高校地推
64478,3028,2026-07-04 13:43:00,app_launch,微信分享裂变
64478,3028,2026-07-04 13:44:00,ai_plan,微信分享裂变
72720,3429,2026-07-04 13:44:00,add_favorite,高校地推
64478,3028,2026-07-04 13:45:00,view_spot,微信分享裂变
105298,4982,2026-07-04 13:47:00,app_launch,自然流量
64478,3028,2026-07-04 13:48:00,view_spot,微信分享裂变
105298,4982,2026-07-04 13:48:00,ai_plan,自然流量
105298,4982,2026-07-04 13:49:00,view_spot,自然流量
105298,4982,2026-07-04 13:52:00,view_spot,自然流量
64478,3028,2026-07-04 13:53:00,create_order,微信分享裂变
160424,7597,2026-07-04 13:53:00,app_launch,自然流量
160424,7597,2026-07-04 13:54:00,ai_plan,自然流量
105298,4982,2026-07-04 13:55:00,add_favorite,自然流量
142364,6748,2026-07-04 14:18:00,app_launch,抖音信息流
78096,3685,2026-07-04 14:22:00,app_launch,自然流量
91485,4332,2026-07-04 14:29:00,app_launch,高校地推
104836,4962,2026-07-04 14:32:00,app_launch,自然流量
104836,4962,2026-07-04 14:33:00,ai_plan,自然流量
104836,4962,2026-07-04 14:34:00,view_spot,自然流量
123211,5828,2026-07-04 14:34:00,app_launch,自然流量
22864,1076,2026-07-04 14:36:00,app_launch,抖音信息流
22864,1076,2026-07-04 14:37:00,ai_plan,抖音信息流
104836,4962,2026-07-04 14:42:00,create_order,自然流量
104836,4962,2026-07-04 14:43:00,pay_order,自然流量
115783,5485,2026-07-04 14:44:00,app_launch,微信分享裂变
91486,4332,2026-07-04 14:49:00,app_launch,高校地推
142365,6748,2026-07-04 15:18:00,app_launch,抖音信息流
142365,6748,2026-07-04 15:19:00,ai_plan,抖音信息流
120973,5724,2026-07-04 16:22:00,app_launch,微信分享裂变
120973,5724,2026-07-04 16:23:00,ai_plan,微信分享裂变
120973,5724,2026-07-04 16:24:00,view_spot,微信分享裂变
120973,5724,2026-07-04 16:27:00,view_spot,微信分享裂变
120973,5724,2026-07-04 16:30:00,view_spot,微信分享裂变
120973,5724,2026-07-04 16:30:00,add_favorite,微信分享裂变
120973,5724,2026-07-04 16:32:00,create_order,微信分享裂变
120973,5724,2026-07-04 16:33:00,pay_order,微信分享裂变
141913,6727,2026-07-04 16:35:00,app_launch,自然流量
141913,6727,2026-07-04 16:36:00,ai_plan,自然流量
141913,6727,2026-07-04 16:37:00,view_spot,自然流量
141913,6727,2026-07-04 16:40:00,view_spot,自然流量
141913,6727,2026-07-04 16:43:00,view_spot,自然流量
141913,6727,2026-07-04 16:43:00,add_favorite,自然流量
141914,6727,2026-07-04 16:46:00,app_launch,自然流量
141914,6727,2026-07-04 16:47:00,ai_plan,自然流量
141914,6727,2026-07-04 16:48:00,view_spot,自然流量
160426,7597,2026-07-04 16:48:00,app_launch,自然流量
141914,6727,2026-07-04 16:51:00,view_spot,自然流量
141914,6727,2026-07-04 16:54:00,view_spot,自然流量
64479,3028,2026-07-04 16:59:00,app_launch,微信分享裂变
64479,3028,2026-07-04 17:00:00,ai_plan,微信分享裂变
64479,3028,2026-07-04 17:01:00,view_spot,微信分享裂变
64479,3028,2026-07-04 17:04:00,view_spot,微信分享裂变
64479,3028,2026-07-04 17:07:00,view_spot,微信分享裂变
64479,3028,2026-07-04 17:09:00,create_order,微信分享裂变
64479,3028,2026-07-04 17:10:00,view_spot,微信分享裂变
64479,3028,2026-07-04 17:10:00,pay_order,微信分享裂变
71365,3363,2026-07-04 17:26:00,app_launch,小红书种草
71365,3363,2026-07-04 17:27:00,ai_plan,小红书种草
71365,3363,2026-07-04 17:28:00,view_spot,小红书种草
71365,3363,2026-07-04 17:31:00,view_spot,小红书种草
71365,3363,2026-07-04 17:34:00,add_favorite,小红书种草
67686,3183,2026-07-04 17:38:00,app_launch,抖音信息流
167619,7942,2026-07-04 17:38:00,app_launch,抖音信息流
85028,4020,2026-07-04 17:57:00,app_launch,小红书种草
85028,4020,2026-07-04 17:58:00,ai_plan,小红书种草
85028,4020,2026-07-04 17:59:00,view_spot,小红书种草
85028,4020,2026-07-04 18:02:00,view_spot,小红书种草
85028,4020,2026-07-04 18:05:00,view_spot,小红书种草
85028,4020,2026-07-04 18:08:00,view_spot,小红书种草
105296,4982,2026-07-04 18:13:00,app_launch,自然流量
105296,4982,2026-07-04 18:14:00,ai_plan,自然流量
126019,5957,2026-07-04 18:33:00,app_launch,抖音信息流
68255,3215,2026-07-04 18:47:00,app_launch,自然流量
68255,3215,2026-07-04 18:48:00,ai_plan,自然流量
167618,7942,2026-07-04 19:01:00,app_launch,抖音信息流
160425,7597,2026-07-04 19:24:00,app_launch,自然流量
38979,1836,2026-07-04 19:27:00,app_launch,自然流量
38979,1836,2026-07-04 19:28:00,ai_plan,自然流量
38979,1836,2026-07-04 19:29:00,view_spot,自然流量
71366,3363,2026-07-04 19:30:00,app_launch,小红书种草
71366,3363,2026-07-04 19:31:00,ai_plan,小红书种草
38979,1836,2026-07-04 19:32:00,view_spot,自然流量
38978,1836,2026-07-04 19:46:00,app_launch,自然流量
31619,1484,2026-07-04 19:49:00,app_launch,自然流量
79668,3762,2026-07-04 20:11:00,app_launch,抖音信息流
135792,6424,2026-07-04 20:42:00,app_launch,微信分享裂变
135792,6424,2026-07-04 20:43:00,ai_plan,微信分享裂变
135792,6424,2026-07-04 20:44:00,view_spot,微信分享裂变
135792,6424,2026-07-04 20:47:00,view_spot,微信分享裂变
135792,6424,2026-07-04 20:52:00,create_order,微信分享裂变
135792,6424,2026-07-04 20:53:00,pay_order,微信分享裂变
82793,3916,2026-07-04 21:13:00,app_launch,抖音信息流
82793,3916,2026-07-04 21:14:00,ai_plan,抖音信息流
82793,3916,2026-07-04 21:15:00,view_spot,抖音信息流
82793,3916,2026-07-04 21:18:00,view_spot,抖音信息流
82793,3916,2026-07-04 21:23:00,create_order,抖音信息流
154341,7312,2026-07-04 21:58:00,app_launch,自然流量
154341,7312,2026-07-04 21:59:00,ai_plan,自然流量
154341,7312,2026-07-04 22:00:00,view_spot,自然流量
154341,7312,2026-07-04 22:03:00,view_spot,自然流量
154341,7312,2026-07-04 22:06:00,view_spot,自然流量
14393,683,2026-07-04 22:19:00,app_launch,自然流量
41473,1946,2026-07-04 22:21:00,app_launch,高校地推
71935,3393,2026-07-04 22:57:00,app_launch,高校地推
71935,3393,2026-07-04 22:58:00,ai_plan,高校地推
71935,3393,2026-07-04 22:59:00,view_spot,高校地推
71935,3393,2026-07-04 23:05:00,add_favorite,高校地推
33158,1555,2026-07-05 07:11:00,app_launch,自然流量
33158,1555,2026-07-05 07:12:00,ai_plan,自然流量
33158,1555,2026-07-05 07:13:00,view_spot,自然流量
46424,2174,2026-07-05 07:15:00,app_launch,自然流量
46424,2174,2026-07-05 07:16:00,ai_plan,自然流量
137878,6523,2026-07-05 07:16:00,app_launch,自然流量
137878,6523,2026-07-05 07:17:00,ai_plan,自然流量
137878,6523,2026-07-05 07:18:00,view_spot,自然流量
33158,1555,2026-07-05 07:21:00,create_order,自然流量
137878,6523,2026-07-05 07:21:00,view_spot,自然流量
33158,1555,2026-07-05 07:22:00,pay_order,自然流量
137878,6523,2026-07-05 07:24:00,view_spot,自然流量
137878,6523,2026-07-05 07:24:00,add_favorite,自然流量
137878,6523,2026-07-05 07:27:00,view_spot,自然流量
71937,3393,2026-07-05 07:28:00,app_launch,高校地推
71937,3393,2026-07-05 07:29:00,ai_plan,高校地推
71937,3393,2026-07-05 07:30:00,view_spot,高校地推
17155,812,2026-07-05 07:31:00,app_launch,自然流量
17155,812,2026-07-05 07:32:00,ai_plan,自然流量
17155,812,2026-07-05 07:33:00,view_spot,自然流量
71937,3393,2026-07-05 07:33:00,view_spot,高校地推
17155,812,2026-07-05 07:36:00,view_spot,自然流量
71937,3393,2026-07-05 07:36:00,add_favorite,高校地推
71937,3393,2026-07-05 07:38:00,create_order,高校地推
17155,812,2026-07-05 07:39:00,view_spot,自然流量
17155,812,2026-07-05 07:39:00,add_favorite,自然流量
71937,3393,2026-07-05 07:39:00,pay_order,高校地推
17155,812,2026-07-05 07:41:00,create_order,自然流量
17155,812,2026-07-05 07:42:00,view_spot,自然流量
17155,812,2026-07-05 07:42:00,pay_order,自然流量
37439,1766,2026-07-05 07:52:00,app_launch,自然流量
35328,1663,2026-07-05 08:01:00,app_launch,微信分享裂变
35328,1663,2026-07-05 08:02:00,ai_plan,微信分享裂变
35328,1663,2026-07-05 08:03:00,view_spot,微信分享裂变
35328,1663,2026-07-05 08:06:00,view_spot,微信分享裂变
77460,3657,2026-07-05 08:06:00,app_launch,自然流量
77460,3657,2026-07-05 08:07:00,ai_plan,自然流量
77460,3657,2026-07-05 08:08:00,view_spot,自然流量
35328,1663,2026-07-05 08:09:00,view_spot,微信分享裂变
35328,1663,2026-07-05 08:09:00,add_favorite,微信分享裂变
77460,3657,2026-07-05 08:11:00,view_spot,自然流量
35328,1663,2026-07-05 08:12:00,view_spot,微信分享裂变
77460,3657,2026-07-05 08:14:00,view_spot,自然流量
77460,3657,2026-07-05 08:14:00,add_favorite,自然流量
21432,1010,2026-07-05 08:16:00,app_launch,抖音信息流
21432,1010,2026-07-05 08:17:00,ai_plan,抖音信息流
21432,1010,2026-07-05 08:18:00,view_spot,抖音信息流
71938,3393,2026-07-05 08:27:00,app_launch,高校地推
71938,3393,2026-07-05 08:28:00,ai_plan,高校地推
71938,3393,2026-07-05 08:29:00,view_spot,高校地推
11714,555,2026-07-05 08:31:00,app_launch,自然流量
113960,5395,2026-07-05 08:31:00,app_launch,抖音信息流
11714,555,2026-07-05 08:32:00,ai_plan,自然流量
113960,5395,2026-07-05 08:32:00,ai_plan,抖音信息流
71938,3393,2026-07-05 08:35:00,add_favorite,高校地推
104837,4962,2026-07-05 08:49:00,app_launch,自然流量
104837,4962,2026-07-05 08:50:00,ai_plan,自然流量
52788,2466,2026-07-05 08:51:00,app_launch,小红书种草
104837,4962,2026-07-05 08:51:00,view_spot,自然流量
52788,2466,2026-07-05 08:52:00,ai_plan,小红书种草
52788,2466,2026-07-05 08:53:00,view_spot,小红书种草
104837,4962,2026-07-05 08:54:00,view_spot,自然流量
104837,4962,2026-07-05 08:57:00,view_spot,自然流量
104837,4962,2026-07-05 08:57:00,add_favorite,自然流量
52788,2466,2026-07-05 08:59:00,add_favorite,小红书种草
52788,2466,2026-07-05 09:01:00,create_order,小红书种草
52788,2466,2026-07-05 09:02:00,pay_order,小红书种草
52789,2466,2026-07-05 09:02:00,app_launch,小红书种草
52789,2466,2026-07-05 09:03:00,ai_plan,小红书种草
79669,3762,2026-07-05 09:22:00,app_launch,抖音信息流
160427,7597,2026-07-05 09:23:00,app_launch,自然流量
105299,4982,2026-07-05 09:35:00,app_launch,自然流量
160429,7597,2026-07-05 09:48:00,app_launch,自然流量
160429,7597,2026-07-05 09:49:00,ai_plan,自然流量
54421,2543,2026-07-05 09:51:00,app_launch,抖音信息流
54421,2543,2026-07-05 09:52:00,ai_plan,抖音信息流
77459,3657,2026-07-05 09:53:00,app_launch,自然流量
77459,3657,2026-07-05 09:54:00,ai_plan,自然流量
108401,5130,2026-07-05 10:08:00,app_launch,高校地推
108401,5130,2026-07-05 10:09:00,ai_plan,高校地推
108401,5130,2026-07-05 10:10:00,view_spot,高校地推
108401,5130,2026-07-05 10:16:00,add_favorite,高校地推
80649,3807,2026-07-05 10:17:00,app_launch,小红书种草
80649,3807,2026-07-05 10:18:00,ai_plan,小红书种草
109855,5200,2026-07-05 10:19:00,app_launch,抖音信息流
92805,4394,2026-07-05 10:29:00,app_launch,小红书种草
92805,4394,2026-07-05 10:30:00,ai_plan,小红书种草
147400,6989,2026-07-05 10:30:00,app_launch,自然流量
92805,4394,2026-07-05 10:31:00,view_spot,小红书种草
147400,6989,2026-07-05 10:31:00,ai_plan,自然流量
92805,4394,2026-07-05 10:34:00,view_spot,小红书种草
92805,4394,2026-07-05 10:37:00,view_spot,小红书种草
92805,4394,2026-07-05 10:37:00,add_favorite,小红书种草
108400,5130,2026-07-05 10:39:00,app_launch,高校地推
46423,2174,2026-07-05 11:04:00,app_launch,自然流量
72721,3429,2026-07-05 11:37:00,app_launch,高校地推
112412,5319,2026-07-05 11:44:00,app_launch,抖音信息流
152950,7245,2026-07-05 12:00:00,app_launch,抖音信息流
35327,1663,2026-07-05 12:11:00,app_launch,微信分享裂变
147399,6989,2026-07-05 12:11:00,app_launch,自然流量
147399,6989,2026-07-05 12:12:00,ai_plan,自然流量
40557,1906,2026-07-05 12:32:00,app_launch,抖音信息流
9907,466,2026-07-05 12:40:00,app_launch,小红书种草
9907,466,2026-07-05 12:41:00,ai_plan,小红书种草
9907,466,2026-07-05 12:42:00,view_spot,小红书种草
9907,466,2026-07-05 12:45:00,view_spot,小红书种草
9907,466,2026-07-05 12:48:00,view_spot,小红书种草
9907,466,2026-07-05 12:48:00,add_favorite,小红书种草
78097,3685,2026-07-05 12:52:00,app_launch,自然流量
78097,3685,2026-07-05 12:53:00,ai_plan,自然流量
78097,3685,2026-07-05 12:54:00,view_spot,自然流量
78097,3685,2026-07-05 12:57:00,view_spot,自然流量
11715,555,2026-07-05 13:04:00,app_launch,自然流量
11715,555,2026-07-05 13:05:00,ai_plan,自然流量
11715,555,2026-07-05 13:06:00,view_spot,自然流量
11715,555,2026-07-05 13:09:00,view_spot,自然流量
72723,3429,2026-07-05 13:13:00,app_launch,高校地推
11715,555,2026-07-05 13:14:00,create_order,自然流量
72723,3429,2026-07-05 13:14:00,ai_plan,高校地推
11715,555,2026-07-05 13:15:00,pay_order,自然流量
68256,3215,2026-07-05 13:56:00,app_launch,自然流量
54422,2543,2026-07-05 13:57:00,app_launch,抖音信息流
68256,3215,2026-07-05 13:57:00,ai_plan,自然流量
115082,5448,2026-07-05 14:00:00,app_launch,抖音信息流
147398,6989,2026-07-05 14:26:00,app_launch,自然流量
98218,4648,2026-07-05 14:37:00,app_launch,自然流量
98218,4648,2026-07-05 14:38:00,ai_plan,自然流量
98218,4648,2026-07-05 14:39:00,view_spot,自然流量
160428,7597,2026-07-05 14:40:00,app_launch,自然流量
98218,4648,2026-07-05 14:42:00,view_spot,自然流量
98218,4648,2026-07-05 14:45:00,view_spot,自然流量
109856,5200,2026-07-05 14:53:00,app_launch,抖音信息流
109856,5200,2026-07-05 14:54:00,ai_plan,抖音信息流
21431,1010,2026-07-05 16:01:00,app_launch,抖音信息流
40556,1906,2026-07-05 16:01:00,app_launch,抖音信息流
79671,3762,2026-07-05 16:01:00,app_launch,抖音信息流
40556,1906,2026-07-05 16:02:00,ai_plan,抖音信息流
79671,3762,2026-07-05 16:02:00,ai_plan,抖音信息流
79670,3762,2026-07-05 16:06:00,app_launch,抖音信息流
79670,3762,2026-07-05 16:07:00,ai_plan,抖音信息流
79670,3762,2026-07-05 16:08:00,view_spot,抖音信息流
135793,6424,2026-07-05 16:10:00,app_launch,微信分享裂变
79670,3762,2026-07-05 16:11:00,view_spot,抖音信息流
135793,6424,2026-07-05 16:11:00,ai_plan,微信分享裂变
135793,6424,2026-07-05 16:12:00,view_spot,微信分享裂变
135793,6424,2026-07-05 16:15:00,view_spot,微信分享裂变
135793,6424,2026-07-05 16:18:00,view_spot,微信分享裂变
135793,6424,2026-07-05 16:21:00,view_spot,微信分享裂变
141916,6727,2026-07-05 16:34:00,app_launch,自然流量
105300,4982,2026-07-05 16:35:00,app_launch,自然流量
141916,6727,2026-07-05 16:35:00,ai_plan,自然流量
152949,7245,2026-07-05 16:41:00,app_launch,抖音信息流
123214,5828,2026-07-05 16:43:00,app_launch,自然流量
142366,6748,2026-07-05 16:43:00,app_launch,抖音信息流
104839,4962,2026-07-05 16:44:00,app_launch,自然流量
108399,5130,2026-07-05 16:44:00,app_launch,高校地推
123214,5828,2026-07-05 16:44:00,ai_plan,自然流量
104839,4962,2026-07-05 16:45:00,ai_plan,自然流量
108399,5130,2026-07-05 16:45:00,ai_plan,高校地推
123214,5828,2026-07-05 16:45:00,view_spot,自然流量
167621,7942,2026-07-05 16:45:00,app_launch,抖音信息流
104839,4962,2026-07-05 16:46:00,view_spot,自然流量
167621,7942,2026-07-05 16:46:00,ai_plan,抖音信息流
123214,5828,2026-07-05 16:48:00,view_spot,自然流量
80650,3807,2026-07-05 16:49:00,app_launch,小红书种草
104839,4962,2026-07-05 16:49:00,view_spot,自然流量
104839,4962,2026-07-05 16:52:00,view_spot,自然流量
142368,6748,2026-07-05 17:04:00,app_launch,抖音信息流
142368,6748,2026-07-05 17:05:00,ai_plan,抖音信息流
142368,6748,2026-07-05 17:06:00,view_spot,抖音信息流
142368,6748,2026-07-05 17:09:00,view_spot,抖音信息流
142368,6748,2026-07-05 17:12:00,view_spot,抖音信息流
142368,6748,2026-07-05 17:15:00,view_spot,抖音信息流
98219,4648,2026-07-05 17:23:00,app_launch,自然流量
98219,4648,2026-07-05 17:24:00,ai_plan,自然流量
98219,4648,2026-07-05 17:25:00,view_spot,自然流量
10327,488,2026-07-05 17:30:00,app_launch,自然流量
98219,4648,2026-07-05 17:31:00,add_favorite,自然流量
77461,3657,2026-07-05 17:48:00,app_launch,自然流量
104838,4962,2026-07-05 17:59:00,app_launch,自然流量
104838,4962,2026-07-05 18:00:00,ai_plan,自然流量
167222,7925,2026-07-05 18:20:00,app_launch,微信分享裂变
167222,7925,2026-07-05 18:21:00,ai_plan,微信分享裂变
167222,7925,2026-07-05 18:22:00,view_spot,微信分享裂变
137621,6508,2026-07-05 18:57:00,app_launch,自然流量
21287,1003,2026-07-05 19:10:00,app_launch,自然流量
21287,1003,2026-07-05 19:11:00,ai_plan,自然流量
145338,6890,2026-07-05 19:14:00,app_launch,小红书种草
145338,6890,2026-07-05 19:15:00,ai_plan,小红书种草
141917,6727,2026-07-05 19:36:00,app_launch,自然流量
141917,6727,2026-07-05 19:37:00,ai_plan,自然流量
9908,466,2026-07-05 20:46:00,app_launch,小红书种草
9908,466,2026-07-05 20:47:00,ai_plan,小红书种草
37440,1766,2026-07-05 20:54:00,app_launch,自然流量
71939,3393,2026-07-05 20:54:00,app_launch,高校地推
37440,1766,2026-07-05 20:55:00,ai_plan,自然流量
71939,3393,2026-07-05 20:55:00,ai_plan,高校地推
37440,1766,2026-07-05 20:56:00,view_spot,自然流量
37440,1766,2026-07-05 20:59:00,view_spot,自然流量
92803,4394,2026-07-05 21:03:00,app_launch,小红书种草
92803,4394,2026-07-05 21:04:00,ai_plan,小红书种草
142367,6748,2026-07-05 21:07:00,app_launch,抖音信息流
142367,6748,2026-07-05 21:08:00,ai_plan,抖音信息流
135794,6424,2026-07-05 21:09:00,app_launch,微信分享裂变
135794,6424,2026-07-05 21:10:00,ai_plan,微信分享裂变
135794,6424,2026-07-05 21:11:00,view_spot,微信分享裂变
145339,6890,2026-07-05 21:11:00,app_launch,小红书种草
167223,7925,2026-07-05 21:13:00,app_launch,微信分享裂变
135794,6424,2026-07-05 21:14:00,view_spot,微信分享裂变
167223,7925,2026-07-05 21:14:00,ai_plan,微信分享裂变
167223,7925,2026-07-05 21:15:00,view_spot,微信分享裂变
135794,6424,2026-07-05 21:17:00,view_spot,微信分享裂变
167223,7925,2026-07-05 21:18:00,view_spot,微信分享裂变
135794,6424,2026-07-05 21:20:00,view_spot,微信分享裂变
32760,1536,2026-07-05 21:36:00,app_launch,抖音信息流
38981,1836,2026-07-05 21:36:00,app_launch,自然流量
115081,5448,2026-07-05 21:36:00,app_launch,抖音信息流
38981,1836,2026-07-05 21:37:00,ai_plan,自然流量
115081,5448,2026-07-05 21:37:00,ai_plan,抖音信息流
38981,1836,2026-07-05 21:38:00,view_spot,自然流量
92804,4394,2026-07-05 21:38:00,app_launch,小红书种草
92804,4394,2026-07-05 21:39:00,ai_plan,小红书种草
92804,4394,2026-07-05 21:40:00,view_spot,小红书种草
38981,1836,2026-07-05 21:41:00,view_spot,自然流量
167620,7942,2026-07-05 21:41:00,app_launch,抖音信息流
167620,7942,2026-07-05 21:42:00,ai_plan,抖音信息流
167620,7942,2026-07-05 21:43:00,view_spot,抖音信息流
22171,1043,2026-07-05 21:44:00,app_launch,小红书种草
38981,1836,2026-07-05 21:44:00,view_spot,自然流量
38981,1836,2026-07-05 21:44:00,add_favorite,自然流量
46422,2174,2026-07-05 21:46:00,app_launch,自然流量
38981,1836,2026-07-05 21:47:00,view_spot,自然流量
46422,2174,2026-07-05 21:47:00,ai_plan,自然流量
23878,1124,2026-07-05 21:48:00,app_launch,自然流量
112411,5319,2026-07-05 21:52:00,app_launch,抖音信息流
112411,5319,2026-07-05 21:53:00,ai_plan,抖音信息流
154343,7312,2026-07-05 21:57:00,app_launch,自然流量
154343,7312,2026-07-05 21:58:00,ai_plan,自然流量
98217,4648,2026-07-05 22:20:00,app_launch,自然流量
72722,3429,2026-07-05 22:22:00,app_launch,高校地推
33157,1555,2026-07-05 22:25:00,app_launch,自然流量
33157,1555,2026-07-05 22:26:00,ai_plan,自然流量
141918,6727,2026-07-05 22:31:00,app_launch,自然流量
141918,6727,2026-07-05 22:32:00,ai_plan,自然流量
22000,1035,2026-07-05 22:56:00,app_launch,抖音信息流
22000,1035,2026-07-05 22:57:00,ai_plan,抖音信息流
22000,1035,2026-07-05 22:58:00,view_spot,抖音信息流
22000,1035,2026-07-05 23:01:00,view_spot,抖音信息流
22000,1035,2026-07-05 23:04:00,view_spot,抖音信息流
22000,1035,2026-07-05 23:06:00,create_order,抖音信息流
22000,1035,2026-07-05 23:07:00,pay_order,抖音信息流
109858,5200,2026-07-06 07:14:00,app_launch,抖音信息流
67654,3182,2026-07-06 07:38:00,app_launch,自然流量
71940,3393,2026-07-06 07:46:00,app_launch,高校地推
83047,3930,2026-07-06 07:47:00,app_launch,高校地推
83047,3930,2026-07-06 07:48:00,ai_plan,高校地推
23879,1124,2026-07-06 08:32:00,app_launch,自然流量
23879,1124,2026-07-06 08:33:00,ai_plan,自然流量
36127,1700,2026-07-06 08:47:00,app_launch,小红书种草
13611,648,2026-07-06 09:11:00,app_launch,抖音信息流
13611,648,2026-07-06 09:12:00,ai_plan,抖音信息流
29935,1408,2026-07-06 09:55:00,app_launch,自然流量
91921,4353,2026-07-06 09:55:00,app_launch,小红书种草
29935,1408,2026-07-06 09:56:00,ai_plan,自然流量
28473,1340,2026-07-06 10:15:00,app_launch,抖音信息流
159582,7558,2026-07-06 10:39:00,app_launch,抖音信息流
32011,1503,2026-07-06 10:48:00,app_launch,抖音信息流
32011,1503,2026-07-06 10:49:00,ai_plan,抖音信息流
32011,1503,2026-07-06 10:50:00,view_spot,抖音信息流
32011,1503,2026-07-06 10:53:00,view_spot,抖音信息流
93450,4425,2026-07-06 11:00:00,app_launch,小红书种草
92806,4394,2026-07-06 11:18:00,app_launch,小红书种草
13609,648,2026-07-06 11:35:00,app_launch,抖音信息流
13609,648,2026-07-06 11:36:00,ai_plan,抖音信息流
13609,648,2026-07-06 11:37:00,view_spot,抖音信息流
13609,648,2026-07-06 11:40:00,view_spot,抖音信息流
13609,648,2026-07-06 11:43:00,view_spot,抖音信息流
13609,648,2026-07-06 11:46:00,view_spot,抖音信息流
79672,3762,2026-07-06 11:47:00,app_launch,抖音信息流
79672,3762,2026-07-06 11:48:00,ai_plan,抖音信息流
22560,1062,2026-07-06 12:10:00,app_launch,小红书种草
22560,1062,2026-07-06 12:11:00,ai_plan,小红书种草
22560,1062,2026-07-06 12:12:00,view_spot,小红书种草
74993,3536,2026-07-06 12:14:00,app_launch,微信分享裂变
22560,1062,2026-07-06 12:15:00,view_spot,小红书种草
74993,3536,2026-07-06 12:15:00,ai_plan,微信分享裂变
74993,3536,2026-07-06 12:16:00,view_spot,微信分享裂变
22560,1062,2026-07-06 12:18:00,add_favorite,小红书种草
74993,3536,2026-07-06 12:24:00,create_order,微信分享裂变
74993,3536,2026-07-06 12:25:00,pay_order,微信分享裂变
123545,5841,2026-07-06 12:51:00,app_launch,抖音信息流
159581,7558,2026-07-06 13:49:00,app_launch,抖音信息流
109857,5200,2026-07-06 14:41:00,app_launch,抖音信息流
109857,5200,2026-07-06 14:42:00,ai_plan,抖音信息流
109857,5200,2026-07-06 14:43:00,view_spot,抖音信息流
109857,5200,2026-07-06 14:46:00,view_spot,抖音信息流
52790,2466,2026-07-06 14:48:00,app_launch,小红书种草
52790,2466,2026-07-06 14:49:00,ai_plan,小红书种草
109857,5200,2026-07-06 14:49:00,view_spot,抖音信息流
109857,5200,2026-07-06 14:51:00,create_order,抖音信息流
109857,5200,2026-07-06 14:52:00,pay_order,抖音信息流
114135,5403,2026-07-06 15:15:00,app_launch,抖音信息流
114135,5403,2026-07-06 15:16:00,ai_plan,抖音信息流
67655,3182,2026-07-06 15:17:00,app_launch,自然流量
67655,3182,2026-07-06 15:18:00,ai_plan,自然流量
67655,3182,2026-07-06 15:19:00,view_spot,自然流量
67655,3182,2026-07-06 15:22:00,view_spot,自然流量
67655,3182,2026-07-06 15:25:00,view_spot,自然流量
67655,3182,2026-07-06 15:27:00,create_order,自然流量
67655,3182,2026-07-06 15:28:00,view_spot,自然流量
67655,3182,2026-07-06 15:28:00,pay_order,自然流量
74994,3536,2026-07-06 15:32:00,app_launch,微信分享裂变
74994,3536,2026-07-06 15:33:00,ai_plan,微信分享裂变
11716,555,2026-07-06 16:01:00,app_launch,自然流量
11716,555,2026-07-06 16:02:00,ai_plan,自然流量
123546,5841,2026-07-06 17:49:00,app_launch,抖音信息流
123546,5841,2026-07-06 17:50:00,ai_plan,抖音信息流
115084,5448,2026-07-06 18:14:00,app_launch,抖音信息流
115084,5448,2026-07-06 18:15:00,ai_plan,抖音信息流
23880,1124,2026-07-06 18:23:00,app_launch,自然流量
141919,6727,2026-07-06 18:51:00,app_launch,自然流量
141919,6727,2026-07-06 18:52:00,ai_plan,自然流量
141919,6727,2026-07-06 18:53:00,view_spot,自然流量
141919,6727,2026-07-06 18:56:00,view_spot,自然流量
141919,6727,2026-07-06 18:59:00,view_spot,自然流量
141919,6727,2026-07-06 18:59:00,add_favorite,自然流量
141919,6727,2026-07-06 19:02:00,view_spot,自然流量
72724,3429,2026-07-06 19:21:00,app_launch,高校地推
72724,3429,2026-07-06 19:22:00,ai_plan,高校地推
28472,1340,2026-07-06 19:38:00,app_launch,抖音信息流
28472,1340,2026-07-06 19:39:00,ai_plan,抖音信息流
28472,1340,2026-07-06 19:40:00,view_spot,抖音信息流
28472,1340,2026-07-06 19:43:00,view_spot,抖音信息流
28472,1340,2026-07-06 19:46:00,view_spot,抖音信息流
28472,1340,2026-07-06 19:46:00,add_favorite,抖音信息流
28472,1340,2026-07-06 19:48:00,create_order,抖音信息流
28472,1340,2026-07-06 19:49:00,view_spot,抖音信息流
28472,1340,2026-07-06 19:49:00,pay_order,抖音信息流
115083,5448,2026-07-06 20:28:00,app_launch,抖音信息流
115083,5448,2026-07-06 20:29:00,ai_plan,抖音信息流
91920,4353,2026-07-06 20:42:00,app_launch,小红书种草
91920,4353,2026-07-06 20:43:00,ai_plan,小红书种草
91920,4353,2026-07-06 20:44:00,view_spot,小红书种草
91920,4353,2026-07-06 20:52:00,create_order,小红书种草
91920,4353,2026-07-06 20:53:00,pay_order,小红书种草
123544,5841,2026-07-06 21:04:00,app_launch,抖音信息流
13610,648,2026-07-06 21:33:00,app_launch,抖音信息流
22558,1062,2026-07-06 21:39:00,app_launch,小红书种草
22558,1062,2026-07-06 21:40:00,ai_plan,小红书种草
22559,1062,2026-07-06 21:54:00,app_launch,小红书种草
22559,1062,2026-07-06 21:55:00,ai_plan,小红书种草
22559,1062,2026-07-06 21:56:00,view_spot,小红书种草
22559,1062,2026-07-06 22:02:00,add_favorite,小红书种草
36126,1700,2026-07-06 22:21:00,app_launch,小红书种草
36126,1700,2026-07-06 22:22:00,ai_plan,小红书种草
22173,1043,2026-07-07 07:02:00,app_launch,小红书种草
22173,1043,2026-07-07 07:03:00,ai_plan,小红书种草
129586,6125,2026-07-07 07:31:00,app_launch,自然流量
98220,4648,2026-07-07 07:34:00,app_launch,自然流量
98220,4648,2026-07-07 07:35:00,ai_plan,自然流量
114136,5403,2026-07-07 07:43:00,app_launch,抖音信息流
114136,5403,2026-07-07 07:44:00,ai_plan,抖音信息流
114136,5403,2026-07-07 07:45:00,view_spot,抖音信息流
114136,5403,2026-07-07 07:48:00,view_spot,抖音信息流
82795,3916,2026-07-07 07:50:00,app_launch,抖音信息流
82795,3916,2026-07-07 07:51:00,ai_plan,抖音信息流
114136,5403,2026-07-07 07:51:00,view_spot,抖音信息流
82795,3916,2026-07-07 07:52:00,view_spot,抖音信息流
17156,812,2026-07-07 07:53:00,app_launch,自然流量
17156,812,2026-07-07 07:54:00,ai_plan,自然流量
17156,812,2026-07-07 07:55:00,view_spot,自然流量
82795,3916,2026-07-07 07:55:00,view_spot,抖音信息流
98222,4648,2026-07-07 07:56:00,app_launch,自然流量
98222,4648,2026-07-07 07:57:00,ai_plan,自然流量
17156,812,2026-07-07 07:58:00,view_spot,自然流量
98222,4648,2026-07-07 07:58:00,view_spot,自然流量
98221,4648,2026-07-07 07:59:00,app_launch,自然流量
98221,4648,2026-07-07 08:00:00,ai_plan,自然流量
17156,812,2026-07-07 08:01:00,add_favorite,自然流量
98222,4648,2026-07-07 08:01:00,view_spot,自然流量
167597,7941,2026-07-07 08:01:00,app_launch,自然流量
167597,7941,2026-07-07 08:02:00,ai_plan,自然流量
167597,7941,2026-07-07 08:03:00,view_spot,自然流量
98222,4648,2026-07-07 08:06:00,create_order,自然流量
167597,7941,2026-07-07 08:06:00,view_spot,自然流量
98222,4648,2026-07-07 08:07:00,pay_order,自然流量
167597,7941,2026-07-07 08:11:00,create_order,自然流量
80651,3807,2026-07-07 08:21:00,app_launch,小红书种草
80651,3807,2026-07-07 08:22:00,ai_plan,小红书种草
80651,3807,2026-07-07 08:23:00,view_spot,小红书种草
80651,3807,2026-07-07 08:26:00,view_spot,小红书种草
80651,3807,2026-07-07 08:29:00,view_spot,小红书种草
80651,3807,2026-07-07 08:29:00,add_favorite,小红书种草
80651,3807,2026-07-07 08:32:00,view_spot,小红书种草
152951,7245,2026-07-07 08:58:00,app_launch,抖音信息流
46427,2174,2026-07-07 09:20:00,app_launch,自然流量
68259,3215,2026-07-07 09:20:00,app_launch,自然流量
46427,2174,2026-07-07 09:21:00,ai_plan,自然流量
46427,2174,2026-07-07 09:22:00,view_spot,自然流量
46427,2174,2026-07-07 09:25:00,view_spot,自然流量
46427,2174,2026-07-07 09:28:00,add_favorite,自然流量
109860,5200,2026-07-07 09:28:00,app_launch,抖音信息流
109860,5200,2026-07-07 09:29:00,ai_plan,抖音信息流
46427,2174,2026-07-07 09:30:00,create_order,自然流量
46427,2174,2026-07-07 09:31:00,pay_order,自然流量
160430,7597,2026-07-07 09:55:00,app_launch,自然流量
160430,7597,2026-07-07 09:56:00,ai_plan,自然流量
147401,6989,2026-07-07 09:58:00,app_launch,自然流量
147401,6989,2026-07-07 09:59:00,ai_plan,自然流量
160431,7597,2026-07-07 10:10:00,app_launch,自然流量
160431,7597,2026-07-07 10:11:00,ai_plan,自然流量
160431,7597,2026-07-07 10:12:00,view_spot,自然流量
160431,7597,2026-07-07 10:15:00,view_spot,自然流量
160431,7597,2026-07-07 10:18:00,view_spot,自然流量
160431,7597,2026-07-07 10:18:00,add_favorite,自然流量
160431,7597,2026-07-07 10:20:00,create_order,自然流量
160431,7597,2026-07-07 10:21:00,view_spot,自然流量
160431,7597,2026-07-07 10:21:00,pay_order,自然流量
17157,812,2026-07-07 11:06:00,app_launch,自然流量
17157,812,2026-07-07 11:07:00,ai_plan,自然流量
17157,812,2026-07-07 11:08:00,view_spot,自然流量
137880,6523,2026-07-07 11:08:00,app_launch,自然流量
137880,6523,2026-07-07 11:09:00,ai_plan,自然流量
17157,812,2026-07-07 11:14:00,add_favorite,自然流量
64480,3028,2026-07-07 11:42:00,app_launch,微信分享裂变
64480,3028,2026-07-07 11:43:00,ai_plan,微信分享裂变
64480,3028,2026-07-07 11:44:00,view_spot,微信分享裂变
64480,3028,2026-07-07 11:47:00,view_spot,微信分享裂变
64480,3028,2026-07-07 11:50:00,view_spot,微信分享裂变
64480,3028,2026-07-07 11:50:00,add_favorite,微信分享裂变
64480,3028,2026-07-07 11:53:00,view_spot,微信分享裂变
71941,3393,2026-07-07 12:02:00,app_launch,高校地推
71941,3393,2026-07-07 12:03:00,ai_plan,高校地推
71941,3393,2026-07-07 12:04:00,view_spot,高校地推
118144,5592,2026-07-07 13:08:00,app_launch,微信分享裂变
118144,5592,2026-07-07 13:09:00,ai_plan,微信分享裂变
118144,5592,2026-07-07 13:10:00,view_spot,微信分享裂变
118144,5592,2026-07-07 13:13:00,view_spot,微信分享裂变
118144,5592,2026-07-07 13:16:00,view_spot,微信分享裂变
49196,2303,2026-07-07 13:38:00,app_launch,抖音信息流
83048,3930,2026-07-07 14:03:00,app_launch,高校地推
83048,3930,2026-07-07 14:04:00,ai_plan,高校地推
49198,2303,2026-07-07 14:36:00,app_launch,抖音信息流
80652,3807,2026-07-07 14:45:00,app_launch,小红书种草
80652,3807,2026-07-07 14:46:00,ai_plan,小红书种草
80652,3807,2026-07-07 14:47:00,view_spot,小红书种草
80652,3807,2026-07-07 14:50:00,view_spot,小红书种草
80652,3807,2026-07-07 14:53:00,view_spot,小红书种草
80652,3807,2026-07-07 14:53:00,add_favorite,小红书种草
80652,3807,2026-07-07 14:56:00,view_spot,小红书种草
53125,2479,2026-07-07 14:57:00,app_launch,抖音信息流
114138,5403,2026-07-07 15:05:00,app_launch,抖音信息流
114138,5403,2026-07-07 15:06:00,ai_plan,抖音信息流
64481,3028,2026-07-07 15:10:00,app_launch,微信分享裂变
64481,3028,2026-07-07 15:11:00,ai_plan,微信分享裂变
160432,7597,2026-07-07 15:20:00,app_launch,自然流量
160432,7597,2026-07-07 15:21:00,ai_plan,自然流量
160432,7597,2026-07-07 15:22:00,view_spot,自然流量
71942,3393,2026-07-07 16:19:00,app_launch,高校地推
71942,3393,2026-07-07 16:20:00,ai_plan,高校地推
109859,5200,2026-07-07 16:24:00,app_launch,抖音信息流
137881,6523,2026-07-07 17:34:00,app_launch,自然流量
52791,2466,2026-07-07 17:35:00,app_launch,小红书种草
137881,6523,2026-07-07 17:35:00,ai_plan,自然流量
137881,6523,2026-07-07 17:36:00,view_spot,自然流量
137881,6523,2026-07-07 17:39:00,view_spot,自然流量
137881,6523,2026-07-07 17:42:00,add_favorite,自然流量
137881,6523,2026-07-07 17:44:00,create_order,自然流量
80653,3807,2026-07-07 18:07:00,app_launch,小红书种草
80653,3807,2026-07-07 18:08:00,ai_plan,小红书种草
80653,3807,2026-07-07 18:09:00,view_spot,小红书种草
68258,3215,2026-07-07 18:34:00,app_launch,自然流量
68258,3215,2026-07-07 18:35:00,ai_plan,自然流量
68258,3215,2026-07-07 18:36:00,view_spot,自然流量
68258,3215,2026-07-07 18:39:00,view_spot,自然流量
68258,3215,2026-07-07 18:42:00,view_spot,自然流量
68258,3215,2026-07-07 18:45:00,view_spot,自然流量
46426,2174,2026-07-07 19:15:00,app_launch,自然流量
68257,3215,2026-07-07 19:17:00,app_launch,自然流量
53126,2479,2026-07-07 19:23:00,app_launch,抖音信息流
22172,1043,2026-07-07 19:54:00,app_launch,小红书种草
22172,1043,2026-07-07 19:55:00,ai_plan,小红书种草
115784,5485,2026-07-07 20:11:00,app_launch,微信分享裂变
115784,5485,2026-07-07 20:12:00,ai_plan,微信分享裂变
115784,5485,2026-07-07 20:13:00,view_spot,微信分享裂变
83049,3930,2026-07-07 20:15:00,app_launch,高校地推
115784,5485,2026-07-07 20:16:00,view_spot,微信分享裂变
115784,5485,2026-07-07 20:19:00,view_spot,微信分享裂变
115784,5485,2026-07-07 20:19:00,add_favorite,微信分享裂变
115784,5485,2026-07-07 20:22:00,view_spot,微信分享裂变
92807,4394,2026-07-07 20:30:00,app_launch,小红书种草
92807,4394,2026-07-07 20:31:00,ai_plan,小红书种草
152952,7245,2026-07-07 20:31:00,app_launch,抖音信息流
92807,4394,2026-07-07 20:32:00,view_spot,小红书种草
152952,7245,2026-07-07 20:32:00,ai_plan,抖音信息流
46425,2174,2026-07-07 20:33:00,app_launch,自然流量
152952,7245,2026-07-07 20:33:00,view_spot,抖音信息流
46425,2174,2026-07-07 20:34:00,ai_plan,自然流量
46425,2174,2026-07-07 20:35:00,view_spot,自然流量
92807,4394,2026-07-07 20:35:00,view_spot,小红书种草
152952,7245,2026-07-07 20:36:00,view_spot,抖音信息流
46425,2174,2026-07-07 20:38:00,view_spot,自然流量
92807,4394,2026-07-07 20:38:00,view_spot,小红书种草
137879,6523,2026-07-07 20:39:00,app_launch,自然流量
152952,7245,2026-07-07 20:39:00,view_spot,抖音信息流
152952,7245,2026-07-07 20:39:00,add_favorite,抖音信息流
137879,6523,2026-07-07 20:40:00,ai_plan,自然流量
92807,4394,2026-07-07 20:41:00,view_spot,小红书种草
137879,6523,2026-07-07 20:41:00,view_spot,自然流量
118143,5592,2026-07-07 20:42:00,app_launch,微信分享裂变
46425,2174,2026-07-07 20:43:00,create_order,自然流量
118143,5592,2026-07-07 20:43:00,ai_plan,微信分享裂变
118143,5592,2026-07-07 20:44:00,view_spot,微信分享裂变
118143,5592,2026-07-07 20:47:00,view_spot,微信分享裂变
114137,5403,2026-07-07 20:49:00,app_launch,抖音信息流
114137,5403,2026-07-07 20:50:00,ai_plan,抖音信息流
118143,5592,2026-07-07 20:50:00,view_spot,微信分享裂变
118143,5592,2026-07-07 20:50:00,add_favorite,微信分享裂变
83050,3930,2026-07-07 21:17:00,app_launch,高校地推
83050,3930,2026-07-07 21:18:00,ai_plan,高校地推
83050,3930,2026-07-07 21:19:00,view_spot,高校地推
52792,2466,2026-07-07 21:50:00,app_launch,小红书种草
52792,2466,2026-07-07 21:51:00,ai_plan,小红书种草
112414,5319,2026-07-07 21:56:00,app_launch,抖音信息流
129585,6125,2026-07-07 22:32:00,app_launch,自然流量
129585,6125,2026-07-07 22:33:00,ai_plan,自然流量
129585,6125,2026-07-07 22:34:00,view_spot,自然流量
112413,5319,2026-07-07 22:35:00,app_launch,抖音信息流
129585,6125,2026-07-07 22:37:00,view_spot,自然流量
129585,6125,2026-07-07 22:40:00,view_spot,自然流量
129585,6125,2026-07-07 22:40:00,add_favorite,自然流量
129585,6125,2026-07-07 22:42:00,create_order,自然流量
129585,6125,2026-07-07 22:43:00,view_spot,自然流量
29936,1408,2026-07-07 22:45:00,app_launch,自然流量
49197,2303,2026-07-07 22:51:00,app_launch,抖音信息流
112415,5319,2026-07-08 07:03:00,app_launch,抖音信息流
112415,5319,2026-07-08 07:04:00,ai_plan,抖音信息流
82796,3916,2026-07-08 07:13:00,app_launch,抖音信息流
46428,2174,2026-07-08 07:36:00,app_launch,自然流量
46428,2174,2026-07-08 07:37:00,ai_plan,自然流量
46428,2174,2026-07-08 07:38:00,view_spot,自然流量
46428,2174,2026-07-08 07:44:00,add_favorite,自然流量
46428,2174,2026-07-08 07:46:00,create_order,自然流量
36128,1700,2026-07-08 08:15:00,app_launch,小红书种草
118145,5592,2026-07-08 08:15:00,app_launch,微信分享裂变
36128,1700,2026-07-08 08:16:00,ai_plan,小红书种草
118145,5592,2026-07-08 08:16:00,ai_plan,微信分享裂变
36128,1700,2026-07-08 08:17:00,view_spot,小红书种草
118145,5592,2026-07-08 08:17:00,view_spot,微信分享裂变
36128,1700,2026-07-08 08:20:00,view_spot,小红书种草
36128,1700,2026-07-08 08:23:00,view_spot,小红书种草
118145,5592,2026-07-08 08:23:00,add_favorite,微信分享裂变
36128,1700,2026-07-08 08:26:00,view_spot,小红书种草
80655,3807,2026-07-08 08:28:00,app_launch,小红书种草
80655,3807,2026-07-08 08:29:00,ai_plan,小红书种草
80655,3807,2026-07-08 08:30:00,view_spot,小红书种草
80655,3807,2026-07-08 08:33:00,view_spot,小红书种草
59157,2771,2026-07-08 08:36:00,app_launch,自然流量
80655,3807,2026-07-08 08:36:00,view_spot,小红书种草
59157,2771,2026-07-08 08:37:00,ai_plan,自然流量
160433,7597,2026-07-08 09:36:00,app_launch,自然流量
160433,7597,2026-07-08 09:37:00,ai_plan,自然流量
109861,5200,2026-07-08 10:01:00,app_launch,抖音信息流
109861,5200,2026-07-08 10:02:00,ai_plan,抖音信息流
133557,6320,2026-07-08 10:08:00,app_launch,小红书种草
133557,6320,2026-07-08 10:09:00,ai_plan,小红书种草
133557,6320,2026-07-08 10:10:00,view_spot,小红书种草
133557,6320,2026-07-08 10:13:00,view_spot,小红书种草
32012,1503,2026-07-08 10:30:00,app_launch,抖音信息流
32012,1503,2026-07-08 10:31:00,ai_plan,抖音信息流
32012,1503,2026-07-08 10:32:00,view_spot,抖音信息流
32012,1503,2026-07-08 10:35:00,view_spot,抖音信息流
32012,1503,2026-07-08 10:38:00,view_spot,抖音信息流
32012,1503,2026-07-08 10:41:00,view_spot,抖音信息流
68260,3215,2026-07-08 10:45:00,app_launch,自然流量
133556,6320,2026-07-08 11:05:00,app_launch,小红书种草
133556,6320,2026-07-08 11:06:00,ai_plan,小红书种草
133556,6320,2026-07-08 11:07:00,view_spot,小红书种草
133556,6320,2026-07-08 11:10:00,view_spot,小红书种草
123215,5828,2026-07-08 11:20:00,app_launch,自然流量
162610,7701,2026-07-08 11:23:00,app_launch,自然流量
162610,7701,2026-07-08 11:24:00,ai_plan,自然流量
162610,7701,2026-07-08 11:25:00,view_spot,自然流量
162610,7701,2026-07-08 11:28:00,view_spot,自然流量
162610,7701,2026-07-08 11:31:00,view_spot,自然流量
29938,1408,2026-07-08 11:55:00,app_launch,自然流量
67209,3164,2026-07-08 12:02:00,app_launch,小红书种草
160434,7597,2026-07-08 12:07:00,app_launch,自然流量
160434,7597,2026-07-08 12:08:00,ai_plan,自然流量
160434,7597,2026-07-08 12:09:00,view_spot,自然流量
160434,7597,2026-07-08 12:12:00,view_spot,自然流量
160434,7597,2026-07-08 12:15:00,view_spot,自然流量
160434,7597,2026-07-08 12:18:00,view_spot,自然流量
91922,4353,2026-07-08 12:22:00,app_launch,小红书种草
144007,6827,2026-07-08 12:31:00,app_launch,自然流量
144007,6827,2026-07-08 12:32:00,ai_plan,自然流量
144007,6827,2026-07-08 12:33:00,view_spot,自然流量
142369,6748,2026-07-08 12:56:00,app_launch,抖音信息流
142369,6748,2026-07-08 12:57:00,ai_plan,抖音信息流
148544,7043,2026-07-08 12:57:00,app_launch,自然流量
142369,6748,2026-07-08 12:58:00,view_spot,抖音信息流
148544,7043,2026-07-08 12:58:00,ai_plan,自然流量
148544,7043,2026-07-08 12:59:00,view_spot,自然流量
123216,5828,2026-07-08 13:02:00,app_launch,自然流量
148544,7043,2026-07-08 13:02:00,view_spot,自然流量
123216,5828,2026-07-08 13:03:00,ai_plan,自然流量
123216,5828,2026-07-08 13:04:00,view_spot,自然流量
148544,7043,2026-07-08 13:05:00,view_spot,自然流量
123216,5828,2026-07-08 13:07:00,view_spot,自然流量
148544,7043,2026-07-08 13:08:00,view_spot,自然流量
123216,5828,2026-07-08 13:10:00,view_spot,自然流量
123216,5828,2026-07-08 13:13:00,view_spot,自然流量
22832,1075,2026-07-08 13:14:00,app_launch,微信分享裂变
29939,1408,2026-07-08 13:29:00,app_launch,自然流量
29939,1408,2026-07-08 13:30:00,ai_plan,自然流量
29939,1408,2026-07-08 13:31:00,view_spot,自然流量
29939,1408,2026-07-08 13:34:00,view_spot,自然流量
29939,1408,2026-07-08 13:37:00,view_spot,自然流量
148545,7043,2026-07-08 13:53:00,app_launch,自然流量
148545,7043,2026-07-08 13:54:00,ai_plan,自然流量
148545,7043,2026-07-08 13:55:00,view_spot,自然流量
148545,7043,2026-07-08 13:58:00,view_spot,自然流量
148545,7043,2026-07-08 14:01:00,view_spot,自然流量
67210,3164,2026-07-08 14:26:00,app_launch,小红书种草
133558,6320,2026-07-08 14:42:00,app_launch,小红书种草
133558,6320,2026-07-08 14:43:00,ai_plan,小红书种草
118146,5592,2026-07-08 14:51:00,app_launch,微信分享裂变
118146,5592,2026-07-08 14:52:00,ai_plan,微信分享裂变
142370,6748,2026-07-08 14:57:00,app_launch,抖音信息流
142370,6748,2026-07-08 14:58:00,ai_plan,抖音信息流
67688,3183,2026-07-08 15:15:00,app_launch,抖音信息流
112416,5319,2026-07-08 15:21:00,app_launch,抖音信息流
59158,2771,2026-07-08 15:29:00,app_launch,自然流量
59158,2771,2026-07-08 15:30:00,ai_plan,自然流量
59158,2771,2026-07-08 15:31:00,view_spot,自然流量
59158,2771,2026-07-08 15:34:00,view_spot,自然流量
59158,2771,2026-07-08 15:37:00,view_spot,自然流量
59158,2771,2026-07-08 15:40:00,view_spot,自然流量
137624,6508,2026-07-08 16:25:00,app_launch,自然流量
137624,6508,2026-07-08 16:26:00,ai_plan,自然流量
137624,6508,2026-07-08 16:27:00,view_spot,自然流量
32013,1503,2026-07-08 16:31:00,app_launch,抖音信息流
32013,1503,2026-07-08 16:32:00,ai_plan,抖音信息流
32013,1503,2026-07-08 16:33:00,view_spot,抖音信息流
137624,6508,2026-07-08 16:33:00,add_favorite,自然流量
32013,1503,2026-07-08 16:36:00,view_spot,抖音信息流
29937,1408,2026-07-08 16:38:00,app_launch,自然流量
90562,4292,2026-07-08 17:05:00,app_launch,自然流量
90562,4292,2026-07-08 17:06:00,ai_plan,自然流量
90562,4292,2026-07-08 17:07:00,view_spot,自然流量
90562,4292,2026-07-08 17:10:00,view_spot,自然流量
59159,2771,2026-07-08 17:45:00,app_launch,自然流量
154344,7312,2026-07-08 17:45:00,app_launch,自然流量
137622,6508,2026-07-08 18:24:00,app_launch,自然流量
80656,3807,2026-07-08 19:07:00,app_launch,小红书种草
126020,5957,2026-07-08 19:09:00,app_launch,抖音信息流
57966,2717,2026-07-08 19:11:00,app_launch,抖音信息流
57966,2717,2026-07-08 19:12:00,ai_plan,抖音信息流
104841,4962,2026-07-08 19:15:00,app_launch,自然流量
104841,4962,2026-07-08 19:16:00,ai_plan,自然流量
104841,4962,2026-07-08 19:17:00,view_spot,自然流量
104841,4962,2026-07-08 19:20:00,view_spot,自然流量
104841,4962,2026-07-08 19:23:00,view_spot,自然流量
142371,6748,2026-07-08 19:29:00,app_launch,抖音信息流
142371,6748,2026-07-08 19:30:00,ai_plan,抖音信息流
142371,6748,2026-07-08 19:31:00,view_spot,抖音信息流
32014,1503,2026-07-08 19:34:00,app_launch,抖音信息流
32014,1503,2026-07-08 19:35:00,ai_plan,抖音信息流
32014,1503,2026-07-08 19:36:00,view_spot,抖音信息流
32014,1503,2026-07-08 19:39:00,view_spot,抖音信息流
32014,1503,2026-07-08 19:42:00,view_spot,抖音信息流
41474,1946,2026-07-08 20:20:00,app_launch,高校地推
41474,1946,2026-07-08 20:21:00,ai_plan,高校地推
148543,7043,2026-07-08 20:21:00,app_launch,自然流量
41474,1946,2026-07-08 20:22:00,view_spot,高校地推
148543,7043,2026-07-08 20:22:00,ai_plan,自然流量
148543,7043,2026-07-08 20:23:00,view_spot,自然流量
41474,1946,2026-07-08 20:25:00,view_spot,高校地推
80654,3807,2026-07-08 20:26:00,app_launch,小红书种草
148543,7043,2026-07-08 20:26:00,view_spot,自然流量
36129,1700,2026-07-08 20:27:00,app_launch,小红书种草
80654,3807,2026-07-08 20:27:00,ai_plan,小红书种草
21433,1010,2026-07-08 20:28:00,app_launch,抖音信息流
36129,1700,2026-07-08 20:28:00,ai_plan,小红书种草
41474,1946,2026-07-08 20:28:00,view_spot,高校地推
148543,7043,2026-07-08 20:29:00,view_spot,自然流量
41474,1946,2026-07-08 20:31:00,view_spot,高校地推
137623,6508,2026-07-08 20:34:00,app_launch,自然流量
162611,7701,2026-07-08 20:37:00,app_launch,自然流量
162611,7701,2026-07-08 20:38:00,ai_plan,自然流量
11718,555,2026-07-08 20:42:00,app_launch,自然流量
11718,555,2026-07-08 20:43:00,ai_plan,自然流量
11718,555,2026-07-08 20:44:00,view_spot,自然流量
11718,555,2026-07-08 20:47:00,view_spot,自然流量
90561,4292,2026-07-08 20:50:00,app_launch,自然流量
90561,4292,2026-07-08 20:51:00,ai_plan,自然流量
90561,4292,2026-07-08 20:52:00,view_spot,自然流量
90561,4292,2026-07-08 20:55:00,view_spot,自然流量
90561,4292,2026-07-08 20:58:00,view_spot,自然流量
40727,1913,2026-07-08 21:04:00,app_launch,高校地推
57965,2717,2026-07-08 21:04:00,app_launch,抖音信息流
40727,1913,2026-07-08 21:05:00,ai_plan,高校地推
46430,2174,2026-07-08 21:21:00,app_launch,自然流量
46430,2174,2026-07-08 21:22:00,ai_plan,自然流量
46430,2174,2026-07-08 21:23:00,view_spot,自然流量
40726,1913,2026-07-08 22:09:00,app_launch,高校地推
40726,1913,2026-07-08 22:10:00,ai_plan,高校地推
46429,2174,2026-07-08 22:15:00,app_launch,自然流量
46429,2174,2026-07-08 22:16:00,ai_plan,自然流量
46429,2174,2026-07-08 22:17:00,view_spot,自然流量
11717,555,2026-07-08 22:28:00,app_launch,自然流量
104840,4962,2026-07-08 22:44:00,app_launch,自然流量
104840,4962,2026-07-08 22:45:00,ai_plan,自然流量
57967,2717,2026-07-08 22:51:00,app_launch,抖音信息流
123217,5828,2026-07-09 07:01:00,app_launch,自然流量
123217,5828,2026-07-09 07:02:00,ai_plan,自然流量
22001,1035,2026-07-09 07:03:00,app_launch,抖音信息流
123217,5828,2026-07-09 07:03:00,view_spot,自然流量
22001,1035,2026-07-09 07:04:00,ai_plan,抖音信息流
22001,1035,2026-07-09 07:05:00,view_spot,抖音信息流
22001,1035,2026-07-09 07:08:00,view_spot,抖音信息流
22001,1035,2026-07-09 07:11:00,view_spot,抖音信息流
68262,3215,2026-07-09 07:12:00,app_launch,自然流量
68262,3215,2026-07-09 07:13:00,ai_plan,自然流量
22001,1035,2026-07-09 07:14:00,view_spot,抖音信息流
68262,3215,2026-07-09 07:14:00,view_spot,自然流量
143446,6801,2026-07-09 07:14:00,app_launch,抖音信息流
68262,3215,2026-07-09 07:17:00,view_spot,自然流量
68262,3215,2026-07-09 07:20:00,view_spot,自然流量
143447,6801,2026-07-09 07:21:00,app_launch,抖音信息流
71945,3393,2026-07-09 07:22:00,app_launch,高校地推
143447,6801,2026-07-09 07:22:00,ai_plan,抖音信息流
68262,3215,2026-07-09 07:23:00,view_spot,自然流量
71945,3393,2026-07-09 07:23:00,ai_plan,高校地推
143447,6801,2026-07-09 07:23:00,view_spot,抖音信息流
71945,3393,2026-07-09 07:24:00,view_spot,高校地推
64483,3028,2026-07-09 07:25:00,app_launch,微信分享裂变
64483,3028,2026-07-09 07:26:00,ai_plan,微信分享裂变
64483,3028,2026-07-09 07:27:00,view_spot,微信分享裂变
71945,3393,2026-07-09 07:27:00,view_spot,高校地推
143447,6801,2026-07-09 07:29:00,add_favorite,抖音信息流
64483,3028,2026-07-09 07:30:00,view_spot,微信分享裂变
71945,3393,2026-07-09 07:30:00,view_spot,高校地推
71945,3393,2026-07-09 07:30:00,add_favorite,高校地推
64483,3028,2026-07-09 07:33:00,view_spot,微信分享裂变
64483,3028,2026-07-09 07:33:00,add_favorite,微信分享裂变
71945,3393,2026-07-09 07:33:00,view_spot,高校地推
21288,1003,2026-07-09 07:56:00,app_launch,自然流量
21288,1003,2026-07-09 07:57:00,ai_plan,自然流量
28124,1323,2026-07-09 08:05:00,app_launch,自然流量
28124,1323,2026-07-09 08:06:00,ai_plan,自然流量
140566,6655,2026-07-09 08:15:00,app_launch,抖音信息流
140566,6655,2026-07-09 08:16:00,ai_plan,抖音信息流
106447,5037,2026-07-09 08:36:00,app_launch,微信分享裂变
106447,5037,2026-07-09 08:37:00,ai_plan,微信分享裂变
106447,5037,2026-07-09 08:38:00,view_spot,微信分享裂变
133560,6320,2026-07-09 08:43:00,app_launch,小红书种草
133560,6320,2026-07-09 08:44:00,ai_plan,小红书种草
133560,6320,2026-07-09 08:45:00,view_spot,小红书种草
133560,6320,2026-07-09 08:48:00,view_spot,小红书种草
133560,6320,2026-07-09 08:51:00,view_spot,小红书种草
133560,6320,2026-07-09 08:51:00,add_favorite,小红书种草
32017,1503,2026-07-09 09:21:00,app_launch,抖音信息流
32017,1503,2026-07-09 09:22:00,ai_plan,抖音信息流
21289,1003,2026-07-09 09:23:00,app_launch,自然流量
21289,1003,2026-07-09 09:24:00,ai_plan,自然流量
21289,1003,2026-07-09 09:25:00,view_spot,自然流量
21289,1003,2026-07-09 09:28:00,view_spot,自然流量
90564,4292,2026-07-09 09:31:00,app_launch,自然流量
105608,4998,2026-07-09 09:39:00,app_launch,抖音信息流
32761,1536,2026-07-09 09:45:00,app_launch,抖音信息流
32761,1536,2026-07-09 09:46:00,ai_plan,抖音信息流
80657,3807,2026-07-09 09:47:00,app_launch,小红书种草
80657,3807,2026-07-09 09:48:00,ai_plan,小红书种草
80657,3807,2026-07-09 09:49:00,view_spot,小红书种草
80657,3807,2026-07-09 09:52:00,view_spot,小红书种草
80657,3807,2026-07-09 09:55:00,add_favorite,小红书种草
28125,1323,2026-07-09 10:13:00,app_launch,自然流量
106448,5037,2026-07-09 10:17:00,app_launch,微信分享裂变
106448,5037,2026-07-09 10:18:00,ai_plan,微信分享裂变
106448,5037,2026-07-09 10:19:00,view_spot,微信分享裂变
106448,5037,2026-07-09 10:22:00,view_spot,微信分享裂变
106448,5037,2026-07-09 10:25:00,view_spot,微信分享裂变
106448,5037,2026-07-09 10:25:00,add_favorite,微信分享裂变
152953,7245,2026-07-09 10:31:00,app_launch,抖音信息流
63619,2987,2026-07-09 10:43:00,app_launch,自然流量
32016,1503,2026-07-09 10:52:00,app_launch,抖音信息流
109862,5200,2026-07-09 11:14:00,app_launch,抖音信息流
133561,6320,2026-07-09 11:14:00,app_launch,小红书种草
109862,5200,2026-07-09 11:15:00,ai_plan,抖音信息流
133561,6320,2026-07-09 11:15:00,ai_plan,小红书种草
133561,6320,2026-07-09 11:16:00,view_spot,小红书种草
133561,6320,2026-07-09 11:19:00,view_spot,小红书种草
133561,6320,2026-07-09 11:22:00,view_spot,小红书种草
133561,6320,2026-07-09 11:24:00,create_order,小红书种草
32015,1503,2026-07-09 11:30:00,app_launch,抖音信息流
59160,2771,2026-07-09 12:42:00,app_launch,自然流量
109115,5166,2026-07-09 12:55:00,app_launch,小红书种草
64482,3028,2026-07-09 13:38:00,app_launch,微信分享裂变
64482,3028,2026-07-09 13:39:00,ai_plan,微信分享裂变
106446,5037,2026-07-09 13:52:00,app_launch,微信分享裂变
106446,5037,2026-07-09 13:53:00,ai_plan,微信分享裂变
106446,5037,2026-07-09 13:54:00,view_spot,微信分享裂变
110801,5245,2026-07-09 13:54:00,app_launch,抖音信息流
110801,5245,2026-07-09 13:55:00,ai_plan,抖音信息流
110801,5245,2026-07-09 13:56:00,view_spot,抖音信息流
106446,5037,2026-07-09 13:57:00,view_spot,微信分享裂变
110801,5245,2026-07-09 13:59:00,view_spot,抖音信息流
106446,5037,2026-07-09 14:00:00,view_spot,微信分享裂变
106446,5037,2026-07-09 14:02:00,create_order,微信分享裂变
110801,5245,2026-07-09 14:02:00,view_spot,抖音信息流
106446,5037,2026-07-09 14:03:00,pay_order,微信分享裂变
110801,5245,2026-07-09 14:05:00,view_spot,抖音信息流
110802,5245,2026-07-09 14:20:00,app_launch,抖音信息流
71944,3393,2026-07-09 14:21:00,app_launch,高校地推
110802,5245,2026-07-09 14:21:00,ai_plan,抖音信息流
71944,3393,2026-07-09 14:22:00,ai_plan,高校地推
35329,1663,2026-07-09 14:26:00,app_launch,微信分享裂变
67656,3182,2026-07-09 14:28:00,app_launch,自然流量
67656,3182,2026-07-09 14:29:00,ai_plan,自然流量
67656,3182,2026-07-09 14:30:00,view_spot,自然流量
63618,2987,2026-07-09 14:42:00,app_launch,自然流量
63618,2987,2026-07-09 14:43:00,ai_plan,自然流量
67657,3182,2026-07-09 14:55:00,app_launch,自然流量
67657,3182,2026-07-09 14:56:00,ai_plan,自然流量
68263,3215,2026-07-09 15:24:00,app_launch,自然流量
68263,3215,2026-07-09 15:25:00,ai_plan,自然流量
120974,5724,2026-07-09 15:33:00,app_launch,微信分享裂变
120974,5724,2026-07-09 15:34:00,ai_plan,微信分享裂变
120974,5724,2026-07-09 15:35:00,view_spot,微信分享裂变
120975,5724,2026-07-09 15:35:00,app_launch,微信分享裂变
120975,5724,2026-07-09 15:36:00,ai_plan,微信分享裂变
120974,5724,2026-07-09 15:38:00,view_spot,微信分享裂变
33160,1555,2026-07-09 15:41:00,app_launch,自然流量
109864,5200,2026-07-09 15:52:00,app_launch,抖音信息流
109864,5200,2026-07-09 15:53:00,ai_plan,抖音信息流
32762,1536,2026-07-09 15:58:00,app_launch,抖音信息流
32762,1536,2026-07-09 15:59:00,ai_plan,抖音信息流
32762,1536,2026-07-09 16:00:00,view_spot,抖音信息流
59161,2771,2026-07-09 16:06:00,app_launch,自然流量
59161,2771,2026-07-09 16:07:00,ai_plan,自然流量
67658,3182,2026-07-09 16:09:00,app_launch,自然流量
67658,3182,2026-07-09 16:10:00,ai_plan,自然流量
33062,1551,2026-07-09 16:59:00,app_launch,自然流量
63620,2987,2026-07-09 17:05:00,app_launch,自然流量
63620,2987,2026-07-09 17:06:00,ai_plan,自然流量
46431,2174,2026-07-09 17:23:00,app_launch,自然流量
46431,2174,2026-07-09 17:24:00,ai_plan,自然流量
46431,2174,2026-07-09 17:25:00,view_spot,自然流量
46431,2174,2026-07-09 17:28:00,view_spot,自然流量
71943,3393,2026-07-09 17:28:00,app_launch,高校地推
46431,2174,2026-07-09 17:31:00,view_spot,自然流量
22003,1035,2026-07-09 17:33:00,app_launch,抖音信息流
22003,1035,2026-07-09 17:34:00,ai_plan,抖音信息流
46431,2174,2026-07-09 17:34:00,view_spot,自然流量
143445,6801,2026-07-09 18:34:00,app_launch,抖音信息流
67212,3164,2026-07-09 18:40:00,app_launch,小红书种草
90563,4292,2026-07-09 19:49:00,app_launch,自然流量
90563,4292,2026-07-09 19:50:00,ai_plan,自然流量
22002,1035,2026-07-09 20:02:00,app_launch,抖音信息流
140567,6655,2026-07-09 20:08:00,app_launch,抖音信息流
90565,4292,2026-07-09 20:20:00,app_launch,自然流量
90565,4292,2026-07-09 20:21:00,ai_plan,自然流量
16082,764,2026-07-09 20:25:00,app_launch,自然流量
16082,764,2026-07-09 20:26:00,ai_plan,自然流量
16082,764,2026-07-09 20:27:00,view_spot,自然流量
16082,764,2026-07-09 20:30:00,view_spot,自然流量
16082,764,2026-07-09 20:33:00,view_spot,自然流量
133559,6320,2026-07-09 20:52:00,app_launch,小红书种草
110800,5245,2026-07-09 20:59:00,app_launch,抖音信息流
110800,5245,2026-07-09 21:00:00,ai_plan,抖音信息流
33159,1555,2026-07-09 21:08:00,app_launch,自然流量
33159,1555,2026-07-09 21:09:00,ai_plan,自然流量
23881,1124,2026-07-09 21:14:00,app_launch,自然流量
23881,1124,2026-07-09 21:15:00,ai_plan,自然流量
23881,1124,2026-07-09 21:16:00,view_spot,自然流量
105607,4998,2026-07-09 21:17:00,app_launch,抖音信息流
105607,4998,2026-07-09 21:18:00,ai_plan,抖音信息流
23881,1124,2026-07-09 21:19:00,view_spot,自然流量
16083,764,2026-07-09 21:43:00,app_launch,自然流量
16083,764,2026-07-09 21:44:00,ai_plan,自然流量
67211,3164,2026-07-09 21:44:00,app_launch,小红书种草
16083,764,2026-07-09 21:45:00,view_spot,自然流量
67211,3164,2026-07-09 21:45:00,ai_plan,小红书种草
16083,764,2026-07-09 21:51:00,add_favorite,自然流量
68261,3215,2026-07-09 22:10:00,app_launch,自然流量
68261,3215,2026-07-09 22:11:00,ai_plan,自然流量
109863,5200,2026-07-09 22:11:00,app_launch,抖音信息流
68261,3215,2026-07-09 22:12:00,view_spot,自然流量
109863,5200,2026-07-09 22:12:00,ai_plan,抖音信息流
68261,3215,2026-07-09 22:15:00,view_spot,自然流量
68261,3215,2026-07-09 22:18:00,view_spot,自然流量
68261,3215,2026-07-09 22:18:00,add_favorite,自然流量
140565,6655,2026-07-09 22:26:00,app_launch,抖音信息流
140565,6655,2026-07-09 22:27:00,ai_plan,抖音信息流
105609,4998,2026-07-09 22:38:00,app_launch,抖音信息流
105609,4998,2026-07-09 22:39:00,ai_plan,抖音信息流
105609,4998,2026-07-09 22:40:00,view_spot,抖音信息流
49199,2303,2026-07-09 22:42:00,app_launch,抖音信息流
105609,4998,2026-07-09 22:43:00,view_spot,抖音信息流
105609,4998,2026-07-09 22:48:00,create_order,抖音信息流
82797,3916,2026-07-09 22:49:00,app_launch,抖音信息流
105609,4998,2026-07-09 22:49:00,pay_order,抖音信息流
109117,5166,2026-07-10 07:12:00,app_launch,小红书种草
109117,5166,2026-07-10 07:13:00,ai_plan,小红书种草
109117,5166,2026-07-10 07:14:00,view_spot,小红书种草
109117,5166,2026-07-10 07:17:00,view_spot,小红书种草
109117,5166,2026-07-10 07:20:00,view_spot,小红书种草
109117,5166,2026-07-10 07:20:00,add_favorite,小红书种草
104843,4962,2026-07-10 07:22:00,app_launch,自然流量
104843,4962,2026-07-10 07:23:00,ai_plan,自然流量
109117,5166,2026-07-10 07:23:00,view_spot,小红书种草
33162,1555,2026-07-10 07:48:00,app_launch,自然流量
33162,1555,2026-07-10 07:49:00,ai_plan,自然流量
67214,3164,2026-07-10 08:02:00,app_launch,小红书种草
67660,3182,2026-07-10 08:08:00,app_launch,自然流量
67215,3164,2026-07-10 08:09:00,app_launch,小红书种草
67215,3164,2026-07-10 08:10:00,ai_plan,小红书种草
67215,3164,2026-07-10 08:11:00,view_spot,小红书种草
67215,3164,2026-07-10 08:14:00,view_spot,小红书种草
67215,3164,2026-07-10 08:17:00,view_spot,小红书种草
40558,1906,2026-07-10 08:31:00,app_launch,抖音信息流
72725,3429,2026-07-10 08:32:00,app_launch,高校地推
72725,3429,2026-07-10 08:33:00,ai_plan,高校地推
69272,3264,2026-07-10 08:45:00,app_launch,抖音信息流
69272,3264,2026-07-10 08:46:00,ai_plan,抖音信息流
69272,3264,2026-07-10 08:47:00,view_spot,抖音信息流
64484,3028,2026-07-10 08:49:00,app_launch,微信分享裂变
64484,3028,2026-07-10 08:50:00,ai_plan,微信分享裂变
69272,3264,2026-07-10 08:50:00,view_spot,抖音信息流
69272,3264,2026-07-10 08:53:00,view_spot,抖音信息流
69272,3264,2026-07-10 08:56:00,view_spot,抖音信息流
82799,3916,2026-07-10 09:07:00,app_launch,抖音信息流
67659,3182,2026-07-10 09:12:00,app_launch,自然流量
69271,3264,2026-07-10 09:22:00,app_launch,抖音信息流
82798,3916,2026-07-10 09:22:00,app_launch,抖音信息流
69271,3264,2026-07-10 09:23:00,ai_plan,抖音信息流
82798,3916,2026-07-10 09:23:00,ai_plan,抖音信息流
69271,3264,2026-07-10 09:24:00,view_spot,抖音信息流
69271,3264,2026-07-10 09:32:00,create_order,抖音信息流
69271,3264,2026-07-10 09:33:00,pay_order,抖音信息流
62783,2945,2026-07-10 10:01:00,app_launch,自然流量
62783,2945,2026-07-10 10:02:00,ai_plan,自然流量
85030,4020,2026-07-10 10:02:00,app_launch,小红书种草
147644,7000,2026-07-10 10:02:00,app_launch,小红书种草
85030,4020,2026-07-10 10:03:00,ai_plan,小红书种草
147644,7000,2026-07-10 10:03:00,ai_plan,小红书种草
109118,5166,2026-07-10 10:08:00,app_launch,小红书种草
82800,3916,2026-07-10 10:35:00,app_launch,抖音信息流
31621,1484,2026-07-10 10:36:00,app_launch,自然流量
31621,1484,2026-07-10 10:37:00,ai_plan,自然流量
31621,1484,2026-07-10 10:38:00,view_spot,自然流量
131943,6241,2026-07-10 10:38:00,app_launch,小红书种草
131943,6241,2026-07-10 10:39:00,ai_plan,小红书种草
31621,1484,2026-07-10 10:41:00,view_spot,自然流量
31621,1484,2026-07-10 10:44:00,view_spot,自然流量
31621,1484,2026-07-10 10:46:00,create_order,自然流量
148547,7043,2026-07-10 10:54:00,app_launch,自然流量
148547,7043,2026-07-10 10:55:00,ai_plan,自然流量
148547,7043,2026-07-10 10:56:00,view_spot,自然流量
148547,7043,2026-07-10 10:59:00,view_spot,自然流量
46434,2174,2026-07-10 11:13:00,app_launch,自然流量
126023,5957,2026-07-10 11:28:00,app_launch,抖音信息流
126023,5957,2026-07-10 11:29:00,ai_plan,抖音信息流
126023,5957,2026-07-10 11:30:00,view_spot,抖音信息流
126023,5957,2026-07-10 11:33:00,view_spot,抖音信息流
126023,5957,2026-07-10 11:36:00,view_spot,抖音信息流
126023,5957,2026-07-10 11:36:00,add_favorite,抖音信息流
62782,2945,2026-07-10 11:47:00,app_launch,自然流量
62782,2945,2026-07-10 11:48:00,ai_plan,自然流量
62781,2945,2026-07-10 11:49:00,app_launch,自然流量
62781,2945,2026-07-10 11:50:00,ai_plan,自然流量
62781,2945,2026-07-10 11:51:00,view_spot,自然流量
62781,2945,2026-07-10 11:54:00,view_spot,自然流量
62781,2945,2026-07-10 11:57:00,view_spot,自然流量
62781,2945,2026-07-10 11:57:00,add_favorite,自然流量
115785,5485,2026-07-10 12:33:00,app_launch,微信分享裂变
115785,5485,2026-07-10 12:34:00,ai_plan,微信分享裂变
115785,5485,2026-07-10 12:35:00,view_spot,微信分享裂变
115785,5485,2026-07-10 12:38:00,view_spot,微信分享裂变
104842,4962,2026-07-10 13:11:00,app_launch,自然流量
72727,3429,2026-07-10 13:12:00,app_launch,高校地推
72727,3429,2026-07-10 13:13:00,ai_plan,高校地推
72727,3429,2026-07-10 13:14:00,view_spot,高校地推
72727,3429,2026-07-10 13:17:00,view_spot,高校地推
72727,3429,2026-07-10 13:20:00,view_spot,高校地推
129587,6125,2026-07-10 13:34:00,app_launch,自然流量
129587,6125,2026-07-10 13:35:00,ai_plan,自然流量
129587,6125,2026-07-10 13:36:00,view_spot,自然流量
129587,6125,2026-07-10 13:39:00,view_spot,自然流量
129587,6125,2026-07-10 13:42:00,view_spot,自然流量
129587,6125,2026-07-10 13:45:00,view_spot,自然流量
141225,6689,2026-07-10 14:32:00,app_launch,抖音信息流
141225,6689,2026-07-10 14:33:00,ai_plan,抖音信息流
141225,6689,2026-07-10 14:34:00,view_spot,抖音信息流
141225,6689,2026-07-10 14:37:00,view_spot,抖音信息流
141225,6689,2026-07-10 14:40:00,view_spot,抖音信息流
129588,6125,2026-07-10 14:41:00,app_launch,自然流量
129588,6125,2026-07-10 14:42:00,ai_plan,自然流量
129588,6125,2026-07-10 14:43:00,view_spot,自然流量
141225,6689,2026-07-10 14:43:00,view_spot,抖音信息流
129588,6125,2026-07-10 14:46:00,view_spot,自然流量
129588,6125,2026-07-10 14:49:00,view_spot,自然流量
129588,6125,2026-07-10 14:49:00,add_favorite,自然流量
109865,5200,2026-07-10 15:30:00,app_launch,抖音信息流
109865,5200,2026-07-10 15:31:00,ai_plan,抖音信息流
90566,4292,2026-07-10 16:14:00,app_launch,自然流量
90566,4292,2026-07-10 16:15:00,ai_plan,自然流量
90566,4292,2026-07-10 16:16:00,view_spot,自然流量
90566,4292,2026-07-10 16:19:00,view_spot,自然流量
72726,3429,2026-07-10 16:21:00,app_launch,高校地推
72726,3429,2026-07-10 16:22:00,ai_plan,高校地推
126021,5957,2026-07-10 16:25:00,app_launch,抖音信息流
131945,6241,2026-07-10 16:51:00,app_launch,小红书种草
49201,2303,2026-07-10 16:53:00,app_launch,抖音信息流
33161,1555,2026-07-10 17:41:00,app_launch,自然流量
33161,1555,2026-07-10 17:42:00,ai_plan,自然流量
67661,3182,2026-07-10 17:44:00,app_launch,自然流量
83051,3930,2026-07-10 17:59:00,app_launch,高校地推
141224,6689,2026-07-10 18:41:00,app_launch,抖音信息流
141224,6689,2026-07-10 18:42:00,ai_plan,抖音信息流
67213,3164,2026-07-10 18:46:00,app_launch,小红书种草
67213,3164,2026-07-10 18:47:00,ai_plan,小红书种草
67213,3164,2026-07-10 18:48:00,view_spot,小红书种草
67213,3164,2026-07-10 18:51:00,view_spot,小红书种草
131944,6241,2026-07-10 18:59:00,app_launch,小红书种草
131944,6241,2026-07-10 19:00:00,ai_plan,小红书种草
131944,6241,2026-07-10 19:01:00,view_spot,小红书种草
131944,6241,2026-07-10 19:04:00,view_spot,小红书种草
131944,6241,2026-07-10 19:07:00,view_spot,小红书种草
131944,6241,2026-07-10 19:07:00,add_favorite,小红书种草
131944,6241,2026-07-10 19:09:00,create_order,小红书种草
64485,3028,2026-07-10 19:33:00,app_launch,微信分享裂变
64485,3028,2026-07-10 19:34:00,ai_plan,微信分享裂变
64485,3028,2026-07-10 19:35:00,view_spot,微信分享裂变
64485,3028,2026-07-10 19:38:00,view_spot,微信分享裂变
64485,3028,2026-07-10 19:41:00,view_spot,微信分享裂变
64485,3028,2026-07-10 19:41:00,add_favorite,微信分享裂变
64485,3028,2026-07-10 19:43:00,create_order,微信分享裂变
64485,3028,2026-07-10 19:44:00,view_spot,微信分享裂变
63621,2987,2026-07-10 19:51:00,app_launch,自然流量
63621,2987,2026-07-10 19:52:00,ai_plan,自然流量
148546,7043,2026-07-10 19:52:00,app_launch,自然流量
63621,2987,2026-07-10 19:53:00,view_spot,自然流量
63621,2987,2026-07-10 19:56:00,view_spot,自然流量
63621,2987,2026-07-10 19:59:00,add_favorite,自然流量
49200,2303,2026-07-10 20:04:00,app_launch,抖音信息流
49200,2303,2026-07-10 20:05:00,ai_plan,抖音信息流
31622,1484,2026-07-10 20:15:00,app_launch,自然流量
31622,1484,2026-07-10 20:16:00,ai_plan,自然流量
31622,1484,2026-07-10 20:17:00,view_spot,自然流量
31622,1484,2026-07-10 20:20:00,view_spot,自然流量
46432,2174,2026-07-10 20:20:00,app_launch,自然流量
46432,2174,2026-07-10 20:21:00,ai_plan,自然流量
46432,2174,2026-07-10 20:22:00,view_spot,自然流量
31622,1484,2026-07-10 20:23:00,view_spot,自然流量
46432,2174,2026-07-10 20:25:00,view_spot,自然流量
31622,1484,2026-07-10 20:26:00,view_spot,自然流量
46432,2174,2026-07-10 20:28:00,view_spot,自然流量
46432,2174,2026-07-10 20:31:00,view_spot,自然流量
40728,1913,2026-07-10 20:32:00,app_launch,高校地推
109866,5200,2026-07-10 20:34:00,app_launch,抖音信息流
85029,4020,2026-07-10 20:37:00,app_launch,小红书种草
85029,4020,2026-07-10 20:38:00,ai_plan,小红书种草
126022,5957,2026-07-10 20:52:00,app_launch,抖音信息流
92808,4394,2026-07-10 21:14:00,app_launch,小红书种草
109116,5166,2026-07-10 21:32:00,app_launch,小红书种草
109116,5166,2026-07-10 21:33:00,ai_plan,小红书种草
46433,2174,2026-07-10 22:01:00,app_launch,自然流量
46433,2174,2026-07-10 22:02:00,ai_plan,自然流量
46433,2174,2026-07-10 22:03:00,view_spot,自然流量
46433,2174,2026-07-10 22:06:00,view_spot,自然流量
46433,2174,2026-07-10 22:09:00,view_spot,自然流量
46433,2174,2026-07-10 22:09:00,add_favorite,自然流量
110803,5245,2026-07-10 22:09:00,app_launch,抖音信息流
46433,2174,2026-07-10 22:11:00,create_order,自然流量
46433,2174,2026-07-10 22:12:00,pay_order,自然流量
31623,1484,2026-07-10 22:25:00,app_launch,自然流量
31623,1484,2026-07-10 22:26:00,ai_plan,自然流量
31623,1484,2026-07-10 22:27:00,view_spot,自然流量
31623,1484,2026-07-10 22:30:00,view_spot,自然流量
31623,1484,2026-07-10 22:33:00,view_spot,自然流量
31623,1484,2026-07-10 22:36:00,view_spot,自然流量
36130,1700,2026-07-10 22:36:00,app_launch,小红书种草
39354,1851,2026-07-11 07:04:00,app_launch,自然流量
39354,1851,2026-07-11 07:05:00,ai_plan,自然流量
39354,1851,2026-07-11 07:06:00,view_spot,自然流量
39354,1851,2026-07-11 07:09:00,view_spot,自然流量
39354,1851,2026-07-11 07:12:00,view_spot,自然流量
39354,1851,2026-07-11 07:12:00,add_favorite,自然流量
71367,3363,2026-07-11 07:16:00,app_launch,小红书种草
71367,3363,2026-07-11 07:17:00,ai_plan,小红书种草
110805,5245,2026-07-11 07:21:00,app_launch,抖音信息流
92809,4394,2026-07-11 07:22:00,app_launch,小红书种草
92809,4394,2026-07-11 07:23:00,ai_plan,小红书种草
62785,2945,2026-07-11 07:35:00,app_launch,自然流量
62785,2945,2026-07-11 07:36:00,ai_plan,自然流量
92811,4394,2026-07-11 07:48:00,app_launch,小红书种草
92811,4394,2026-07-11 07:49:00,ai_plan,小红书种草
92811,4394,2026-07-11 07:50:00,view_spot,小红书种草
91717,4344,2026-07-11 07:52:00,app_launch,自然流量
91717,4344,2026-07-11 07:53:00,ai_plan,自然流量
38982,1836,2026-07-11 07:57:00,app_launch,自然流量
38982,1836,2026-07-11 07:58:00,ai_plan,自然流量
53128,2479,2026-07-11 08:03:00,app_launch,抖音信息流
39355,1851,2026-07-11 08:04:00,app_launch,自然流量
53128,2479,2026-07-11 08:04:00,ai_plan,抖音信息流
109120,5166,2026-07-11 08:07:00,app_launch,小红书种草
109120,5166,2026-07-11 08:08:00,ai_plan,小红书种草
109120,5166,2026-07-11 08:09:00,view_spot,小红书种草
109120,5166,2026-07-11 08:12:00,view_spot,小红书种草
33164,1555,2026-07-11 08:14:00,app_launch,自然流量
33164,1555,2026-07-11 08:15:00,ai_plan,自然流量
109120,5166,2026-07-11 08:15:00,view_spot,小红书种草
33164,1555,2026-07-11 08:16:00,view_spot,自然流量
109120,5166,2026-07-11 08:17:00,create_order,小红书种草
109120,5166,2026-07-11 08:18:00,view_spot,小红书种草
33164,1555,2026-07-11 08:19:00,view_spot,自然流量
33164,1555,2026-07-11 08:24:00,create_order,自然流量
33164,1555,2026-07-11 08:25:00,pay_order,自然流量
67217,3164,2026-07-11 08:36:00,app_launch,小红书种草
67217,3164,2026-07-11 08:37:00,ai_plan,小红书种草
133521,6318,2026-07-11 08:41:00,app_launch,小红书种草
133521,6318,2026-07-11 08:42:00,ai_plan,小红书种草
29413,1384,2026-07-11 08:49:00,app_launch,高校地推
29413,1384,2026-07-11 08:50:00,ai_plan,高校地推
29413,1384,2026-07-11 08:51:00,view_spot,高校地推
33163,1555,2026-07-11 09:02:00,app_launch,自然流量
63624,2987,2026-07-11 09:02:00,app_launch,自然流量
33163,1555,2026-07-11 09:03:00,ai_plan,自然流量
63624,2987,2026-07-11 09:03:00,ai_plan,自然流量
33163,1555,2026-07-11 09:04:00,view_spot,自然流量
63624,2987,2026-07-11 09:04:00,view_spot,自然流量
33163,1555,2026-07-11 09:07:00,view_spot,自然流量
33163,1555,2026-07-11 09:10:00,view_spot,自然流量
63624,2987,2026-07-11 09:10:00,add_favorite,自然流量
33163,1555,2026-07-11 09:13:00,view_spot,自然流量
32018,1503,2026-07-11 09:38:00,app_launch,抖音信息流
32018,1503,2026-07-11 09:39:00,ai_plan,抖音信息流
140569,6655,2026-07-11 09:46:00,app_launch,抖音信息流
140569,6655,2026-07-11 09:47:00,ai_plan,抖音信息流
38983,1836,2026-07-11 10:03:00,app_launch,自然流量
38983,1836,2026-07-11 10:04:00,ai_plan,自然流量
137625,6508,2026-07-11 10:14:00,app_launch,自然流量
16085,764,2026-07-11 10:36:00,app_launch,自然流量
16085,764,2026-07-11 10:37:00,ai_plan,自然流量
16085,764,2026-07-11 10:38:00,view_spot,自然流量
16085,764,2026-07-11 10:41:00,view_spot,自然流量
16085,764,2026-07-11 10:44:00,view_spot,自然流量
16085,764,2026-07-11 10:46:00,create_order,自然流量
16085,764,2026-07-11 10:47:00,view_spot,自然流量
63623,2987,2026-07-11 11:31:00,app_launch,自然流量
63623,2987,2026-07-11 11:32:00,ai_plan,自然流量
63623,2987,2026-07-11 11:33:00,view_spot,自然流量
63623,2987,2026-07-11 11:36:00,view_spot,自然流量
63623,2987,2026-07-11 11:39:00,view_spot,自然流量
83052,3930,2026-07-11 11:42:00,app_launch,高校地推
83052,3930,2026-07-11 11:43:00,ai_plan,高校地推
22833,1075,2026-07-11 11:44:00,app_launch,微信分享裂变
22833,1075,2026-07-11 11:45:00,ai_plan,微信分享裂变
85032,4020,2026-07-11 11:58:00,app_launch,小红书种草
85032,4020,2026-07-11 11:59:00,ai_plan,小红书种草
32763,1536,2026-07-11 12:53:00,app_launch,抖音信息流
59163,2771,2026-07-11 13:06:00,app_launch,自然流量
59163,2771,2026-07-11 13:07:00,ai_plan,自然流量
141228,6689,2026-07-11 13:07:00,app_launch,抖音信息流
59163,2771,2026-07-11 13:08:00,view_spot,自然流量
59163,2771,2026-07-11 13:11:00,view_spot,自然流量
71368,3363,2026-07-11 13:11:00,app_launch,小红书种草
23882,1124,2026-07-11 13:30:00,app_launch,自然流量
23882,1124,2026-07-11 13:31:00,ai_plan,自然流量
23882,1124,2026-07-11 13:32:00,view_spot,自然流量
13614,648,2026-07-11 13:35:00,app_launch,抖音信息流
23882,1124,2026-07-11 13:35:00,view_spot,自然流量
13614,648,2026-07-11 13:36:00,ai_plan,抖音信息流
23882,1124,2026-07-11 13:38:00,view_spot,自然流量
83053,3930,2026-07-11 13:43:00,app_launch,高校地推
83053,3930,2026-07-11 13:44:00,ai_plan,高校地推
91716,4344,2026-07-11 13:46:00,app_launch,自然流量
91716,4344,2026-07-11 13:47:00,ai_plan,自然流量
91716,4344,2026-07-11 13:48:00,view_spot,自然流量
23883,1124,2026-07-11 14:23:00,app_launch,自然流量
62786,2945,2026-07-11 14:23:00,app_launch,自然流量
23883,1124,2026-07-11 14:24:00,ai_plan,自然流量
62786,2945,2026-07-11 14:24:00,ai_plan,自然流量
23883,1124,2026-07-11 14:25:00,view_spot,自然流量
62786,2945,2026-07-11 14:25:00,view_spot,自然流量
13613,648,2026-07-11 14:28:00,app_launch,抖音信息流
23883,1124,2026-07-11 14:28:00,view_spot,自然流量
13613,648,2026-07-11 14:29:00,ai_plan,抖音信息流
13613,648,2026-07-11 14:30:00,view_spot,抖音信息流
62786,2945,2026-07-11 14:33:00,create_order,自然流量
36132,1700,2026-07-11 14:34:00,app_launch,小红书种草
49202,2303,2026-07-11 14:34:00,app_launch,抖音信息流
36132,1700,2026-07-11 14:35:00,ai_plan,小红书种草
36132,1700,2026-07-11 14:36:00,view_spot,小红书种草
13613,648,2026-07-11 14:38:00,create_order,抖音信息流
13613,648,2026-07-11 14:39:00,pay_order,抖音信息流
36132,1700,2026-07-11 14:39:00,view_spot,小红书种草
36132,1700,2026-07-11 14:42:00,view_spot,小红书种草
36132,1700,2026-07-11 14:42:00,add_favorite,小红书种草
36132,1700,2026-07-11 14:44:00,create_order,小红书种草
36132,1700,2026-07-11 14:45:00,view_spot,小红书种草
93451,4425,2026-07-11 14:55:00,app_launch,小红书种草
141226,6689,2026-07-11 15:01:00,app_launch,抖音信息流
141226,6689,2026-07-11 15:02:00,ai_plan,抖音信息流
32020,1503,2026-07-11 15:17:00,app_launch,抖音信息流
62784,2945,2026-07-11 15:31:00,app_launch,自然流量
62784,2945,2026-07-11 15:32:00,ai_plan,自然流量
62784,2945,2026-07-11 15:33:00,view_spot,自然流量
62784,2945,2026-07-11 15:36:00,view_spot,自然流量
109119,5166,2026-07-11 15:39:00,app_launch,小红书种草
109119,5166,2026-07-11 15:40:00,ai_plan,小红书种草
29411,1384,2026-07-11 15:49:00,app_launch,高校地推
16084,764,2026-07-11 16:01:00,app_launch,自然流量
16084,764,2026-07-11 16:02:00,ai_plan,自然流量
16084,764,2026-07-11 16:03:00,view_spot,自然流量
67218,3164,2026-07-11 16:03:00,app_launch,小红书种草
67218,3164,2026-07-11 16:04:00,ai_plan,小红书种草
16084,764,2026-07-11 16:06:00,view_spot,自然流量
67664,3182,2026-07-11 16:06:00,app_launch,自然流量
67664,3182,2026-07-11 16:07:00,ai_plan,自然流量
16084,764,2026-07-11 16:09:00,view_spot,自然流量
85031,4020,2026-07-11 16:19:00,app_launch,小红书种草
85031,4020,2026-07-11 16:20:00,ai_plan,小红书种草
85031,4020,2026-07-11 16:21:00,view_spot,小红书种草
85031,4020,2026-07-11 16:24:00,view_spot,小红书种草
85031,4020,2026-07-11 16:27:00,view_spot,小红书种草
85031,4020,2026-07-11 16:27:00,add_favorite,小红书种草
85031,4020,2026-07-11 16:30:00,view_spot,小红书种草
140570,6655,2026-07-11 16:35:00,app_launch,抖音信息流
140570,6655,2026-07-11 16:36:00,ai_plan,抖音信息流
140570,6655,2026-07-11 16:37:00,view_spot,抖音信息流
140570,6655,2026-07-11 16:40:00,view_spot,抖音信息流
140570,6655,2026-07-11 16:43:00,view_spot,抖音信息流
148548,7043,2026-07-11 16:45:00,app_launch,自然流量
148548,7043,2026-07-11 16:46:00,ai_plan,自然流量
148548,7043,2026-07-11 16:47:00,view_spot,自然流量
53127,2479,2026-07-11 16:50:00,app_launch,抖音信息流
148548,7043,2026-07-11 16:50:00,view_spot,自然流量
67662,3182,2026-07-11 16:53:00,app_launch,自然流量
148548,7043,2026-07-11 16:53:00,view_spot,自然流量
148548,7043,2026-07-11 16:53:00,add_favorite,自然流量
67662,3182,2026-07-11 16:54:00,ai_plan,自然流量
131947,6241,2026-07-11 16:54:00,app_launch,小红书种草
67662,3182,2026-07-11 16:55:00,view_spot,自然流量
148548,7043,2026-07-11 16:55:00,create_order,自然流量
67662,3182,2026-07-11 16:58:00,view_spot,自然流量
29412,1384,2026-07-11 17:00:00,app_launch,高校地推
29412,1384,2026-07-11 17:01:00,ai_plan,高校地推
67662,3182,2026-07-11 17:01:00,view_spot,自然流量
29412,1384,2026-07-11 17:02:00,view_spot,高校地推
67662,3182,2026-07-11 17:03:00,create_order,自然流量
67662,3182,2026-07-11 17:04:00,view_spot,自然流量
29412,1384,2026-07-11 17:05:00,view_spot,高校地推
118147,5592,2026-07-11 17:07:00,app_launch,微信分享裂变
29412,1384,2026-07-11 17:08:00,view_spot,高校地推
118147,5592,2026-07-11 17:08:00,ai_plan,微信分享裂变
118147,5592,2026-07-11 17:09:00,view_spot,微信分享裂变
67663,3182,2026-07-11 17:15:00,app_launch,自然流量
67663,3182,2026-07-11 17:16:00,ai_plan,自然流量
59162,2771,2026-07-11 17:20:00,app_launch,自然流量
59162,2771,2026-07-11 17:21:00,ai_plan,自然流量
36131,1700,2026-07-11 17:22:00,app_launch,小红书种草
137626,6508,2026-07-11 17:37:00,app_launch,自然流量
137626,6508,2026-07-11 17:38:00,ai_plan,自然流量
52795,2466,2026-07-11 18:19:00,app_launch,小红书种草
72728,3429,2026-07-11 18:20:00,app_launch,高校地推
72728,3429,2026-07-11 18:21:00,ai_plan,高校地推
48169,2253,2026-07-11 18:31:00,app_launch,抖音信息流
63622,2987,2026-07-11 18:31:00,app_launch,自然流量
48169,2253,2026-07-11 18:32:00,ai_plan,抖音信息流
79673,3762,2026-07-11 18:33:00,app_launch,抖音信息流
79673,3762,2026-07-11 18:34:00,ai_plan,抖音信息流
67216,3164,2026-07-11 18:38:00,app_launch,小红书种草
67216,3164,2026-07-11 18:39:00,ai_plan,小红书种草
67216,3164,2026-07-11 18:40:00,view_spot,小红书种草
67216,3164,2026-07-11 18:43:00,view_spot,小红书种草
131680,6229,2026-07-11 18:47:00,app_launch,抖音信息流
131680,6229,2026-07-11 18:48:00,ai_plan,抖音信息流
131681,6229,2026-07-11 18:48:00,app_launch,抖音信息流
141920,6727,2026-07-11 19:08:00,app_launch,自然流量
141920,6727,2026-07-11 19:09:00,ai_plan,自然流量
141920,6727,2026-07-11 19:10:00,view_spot,自然流量
52793,2466,2026-07-11 19:11:00,app_launch,小红书种草
141920,6727,2026-07-11 19:13:00,view_spot,自然流量
92810,4394,2026-07-11 19:15:00,app_launch,小红书种草
141920,6727,2026-07-11 19:16:00,view_spot,自然流量
141920,6727,2026-07-11 19:19:00,view_spot,自然流量
48168,2253,2026-07-11 19:25:00,app_launch,抖音信息流
48168,2253,2026-07-11 19:26:00,ai_plan,抖音信息流
91923,4353,2026-07-11 19:26:00,app_launch,小红书种草
91923,4353,2026-07-11 19:27:00,ai_plan,小红书种草
91923,4353,2026-07-11 19:28:00,view_spot,小红书种草
91923,4353,2026-07-11 19:31:00,view_spot,小红书种草
52794,2466,2026-07-11 19:33:00,app_launch,小红书种草
68264,3215,2026-07-11 19:33:00,app_launch,自然流量
22004,1035,2026-07-11 19:34:00,app_launch,抖音信息流
68264,3215,2026-07-11 19:34:00,ai_plan,自然流量
22004,1035,2026-07-11 19:35:00,ai_plan,抖音信息流
22004,1035,2026-07-11 19:36:00,view_spot,抖音信息流
131946,6241,2026-07-11 20:12:00,app_launch,小红书种草
131946,6241,2026-07-11 20:13:00,ai_plan,小红书种草
131946,6241,2026-07-11 20:14:00,view_spot,小红书种草
131946,6241,2026-07-11 20:17:00,view_spot,小红书种草
140568,6655,2026-07-11 20:17:00,app_launch,抖音信息流
140568,6655,2026-07-11 20:18:00,ai_plan,抖音信息流
140568,6655,2026-07-11 20:19:00,view_spot,抖音信息流
59164,2771,2026-07-11 20:22:00,app_launch,自然流量
140568,6655,2026-07-11 20:22:00,view_spot,抖音信息流
59164,2771,2026-07-11 20:23:00,ai_plan,自然流量
33165,1555,2026-07-11 20:24:00,app_launch,自然流量
59164,2771,2026-07-11 20:24:00,view_spot,自然流量
33165,1555,2026-07-11 20:25:00,ai_plan,自然流量
59164,2771,2026-07-11 20:30:00,add_favorite,自然流量
59164,2771,2026-07-11 20:32:00,create_order,自然流量
59164,2771,2026-07-11 20:33:00,pay_order,自然流量
32765,1536,2026-07-11 20:34:00,app_launch,抖音信息流
110804,5245,2026-07-11 20:49:00,app_launch,抖音信息流
16086,764,2026-07-11 20:51:00,app_launch,自然流量
49203,2303,2026-07-11 21:05:00,app_launch,抖音信息流
141227,6689,2026-07-11 21:18:00,app_launch,抖音信息流
141227,6689,2026-07-11 21:19:00,ai_plan,抖音信息流
32019,1503,2026-07-11 21:56:00,app_launch,抖音信息流
32019,1503,2026-07-11 21:57:00,ai_plan,抖音信息流
32019,1503,2026-07-11 21:58:00,view_spot,抖音信息流
32019,1503,2026-07-11 22:01:00,view_spot,抖音信息流
32019,1503,2026-07-11 22:06:00,create_order,抖音信息流
32019,1503,2026-07-11 22:07:00,pay_order,抖音信息流
32764,1536,2026-07-11 22:27:00,app_launch,抖音信息流
32764,1536,2026-07-11 22:28:00,ai_plan,抖音信息流
13612,648,2026-07-11 22:31:00,app_launch,抖音信息流
141475,6703,2026-07-11 22:34:00,app_launch,高校地推
141475,6703,2026-07-11 22:35:00,ai_plan,高校地推
141475,6703,2026-07-11 22:36:00,view_spot,高校地推
22007,1035,2026-07-12 07:01:00,app_launch,抖音信息流
167224,7925,2026-07-12 07:15:00,app_launch,微信分享裂变
167224,7925,2026-07-12 07:16:00,ai_plan,微信分享裂变
167224,7925,2026-07-12 07:17:00,view_spot,微信分享裂变
80658,3807,2026-07-12 07:39:00,app_launch,小红书种草
80658,3807,2026-07-12 07:40:00,ai_plan,小红书种草
144008,6827,2026-07-12 07:40:00,app_launch,自然流量
80658,3807,2026-07-12 07:41:00,view_spot,小红书种草
144008,6827,2026-07-12 07:41:00,ai_plan,自然流量
68266,3215,2026-07-12 08:01:00,app_launch,自然流量
68266,3215,2026-07-12 08:02:00,ai_plan,自然流量
13615,648,2026-07-12 08:09:00,app_launch,抖音信息流
13615,648,2026-07-12 08:10:00,ai_plan,抖音信息流
13615,648,2026-07-12 08:11:00,view_spot,抖音信息流
13615,648,2026-07-12 08:17:00,add_favorite,抖音信息流
93376,4422,2026-07-12 08:28:00,app_launch,自然流量
98224,4648,2026-07-12 08:51:00,app_launch,自然流量
98224,4648,2026-07-12 08:52:00,ai_plan,自然流量
22561,1062,2026-07-12 08:56:00,app_launch,小红书种草
22561,1062,2026-07-12 08:57:00,ai_plan,小红书种草
22561,1062,2026-07-12 08:58:00,view_spot,小红书种草
22561,1062,2026-07-12 09:01:00,view_spot,小红书种草
142372,6748,2026-07-12 09:25:00,app_launch,抖音信息流
142372,6748,2026-07-12 09:26:00,ai_plan,抖音信息流
28474,1340,2026-07-12 09:55:00,app_launch,抖音信息流
12370,587,2026-07-12 10:13:00,app_launch,自然流量
12370,587,2026-07-12 10:14:00,ai_plan,自然流量
144009,6827,2026-07-12 10:19:00,app_launch,自然流量
140571,6655,2026-07-12 10:34:00,app_launch,抖音信息流
140571,6655,2026-07-12 10:35:00,ai_plan,抖音信息流
140571,6655,2026-07-12 10:36:00,view_spot,抖音信息流
22005,1035,2026-07-12 10:37:00,app_launch,抖音信息流
98223,4648,2026-07-12 10:54:00,app_launch,自然流量
98223,4648,2026-07-12 10:55:00,ai_plan,自然流量
98223,4648,2026-07-12 10:56:00,view_spot,自然流量
63653,2988,2026-07-12 11:03:00,app_launch,抖音信息流
63653,2988,2026-07-12 11:04:00,ai_plan,抖音信息流
63653,2988,2026-07-12 11:05:00,view_spot,抖音信息流
63653,2988,2026-07-12 11:08:00,view_spot,抖音信息流
101223,4795,2026-07-12 11:10:00,app_launch,抖音信息流
101223,4795,2026-07-12 11:11:00,ai_plan,抖音信息流
101223,4795,2026-07-12 11:12:00,view_spot,抖音信息流
63653,2988,2026-07-12 11:13:00,create_order,抖音信息流
63653,2988,2026-07-12 11:14:00,pay_order,抖音信息流
101223,4795,2026-07-12 11:15:00,view_spot,抖音信息流
101223,4795,2026-07-12 11:18:00,view_spot,抖音信息流
49204,2303,2026-07-12 11:21:00,app_launch,抖音信息流
72729,3429,2026-07-12 11:21:00,app_launch,高校地推
49204,2303,2026-07-12 11:22:00,ai_plan,抖音信息流
72729,3429,2026-07-12 11:22:00,ai_plan,高校地推
49204,2303,2026-07-12 11:23:00,view_spot,抖音信息流
49204,2303,2026-07-12 11:26:00,view_spot,抖音信息流
123218,5828,2026-07-12 11:27:00,app_launch,自然流量
123218,5828,2026-07-12 11:28:00,ai_plan,自然流量
12372,587,2026-07-12 11:29:00,app_launch,自然流量
49204,2303,2026-07-12 11:29:00,view_spot,抖音信息流
12372,587,2026-07-12 11:30:00,ai_plan,自然流量
131682,6229,2026-07-12 11:31:00,app_launch,抖音信息流
131682,6229,2026-07-12 11:32:00,ai_plan,抖音信息流
131682,6229,2026-07-12 11:33:00,view_spot,抖音信息流
131682,6229,2026-07-12 11:36:00,view_spot,抖音信息流
52797,2466,2026-07-12 11:57:00,app_launch,小红书种草
52797,2466,2026-07-12 11:58:00,ai_plan,小红书种草
52797,2466,2026-07-12 11:59:00,view_spot,小红书种草
54424,2543,2026-07-12 12:00:00,app_launch,抖音信息流
54424,2543,2026-07-12 12:01:00,ai_plan,抖音信息流
52797,2466,2026-07-12 12:02:00,view_spot,小红书种草
52797,2466,2026-07-12 12:05:00,view_spot,小红书种草
52797,2466,2026-07-12 12:05:00,add_favorite,小红书种草
52797,2466,2026-07-12 12:08:00,view_spot,小红书种草
150016,7112,2026-07-12 12:33:00,app_launch,小红书种草
150016,7112,2026-07-12 12:34:00,ai_plan,小红书种草
150016,7112,2026-07-12 12:35:00,view_spot,小红书种草
150016,7112,2026-07-12 12:38:00,view_spot,小红书种草
150016,7112,2026-07-12 12:41:00,view_spot,小红书种草
150016,7112,2026-07-12 12:41:00,add_favorite,小红书种草
64488,3028,2026-07-12 12:43:00,app_launch,微信分享裂变
13617,648,2026-07-12 12:44:00,app_launch,抖音信息流
64488,3028,2026-07-12 12:44:00,ai_plan,微信分享裂变
13617,648,2026-07-12 12:45:00,ai_plan,抖音信息流
13617,648,2026-07-12 12:46:00,view_spot,抖音信息流
13617,648,2026-07-12 12:49:00,view_spot,抖音信息流
13617,648,2026-07-12 12:52:00,view_spot,抖音信息流
68265,3215,2026-07-12 12:53:00,app_launch,自然流量
68265,3215,2026-07-12 12:54:00,ai_plan,自然流量
63654,2988,2026-07-12 13:03:00,app_launch,抖音信息流
63654,2988,2026-07-12 13:04:00,ai_plan,抖音信息流
49205,2303,2026-07-12 13:05:00,app_launch,抖音信息流
49205,2303,2026-07-12 13:06:00,ai_plan,抖音信息流
49205,2303,2026-07-12 13:07:00,view_spot,抖音信息流
49205,2303,2026-07-12 13:10:00,view_spot,抖音信息流
64486,3028,2026-07-12 13:11:00,app_launch,微信分享裂变
64486,3028,2026-07-12 13:12:00,ai_plan,微信分享裂变
49205,2303,2026-07-12 13:13:00,view_spot,抖音信息流
49205,2303,2026-07-12 13:13:00,add_favorite,抖音信息流
101222,4795,2026-07-12 13:25:00,app_launch,抖音信息流
101222,4795,2026-07-12 13:26:00,ai_plan,抖音信息流
101222,4795,2026-07-12 13:27:00,view_spot,抖音信息流
101222,4795,2026-07-12 13:30:00,view_spot,抖音信息流
101222,4795,2026-07-12 13:33:00,view_spot,抖音信息流
23886,1124,2026-07-12 13:40:00,app_launch,自然流量
52796,2466,2026-07-12 13:50:00,app_launch,小红书种草
52796,2466,2026-07-12 13:51:00,ai_plan,小红书种草
140572,6655,2026-07-12 14:03:00,app_launch,抖音信息流
140572,6655,2026-07-12 14:04:00,ai_plan,抖音信息流
101221,4795,2026-07-12 14:37:00,app_launch,抖音信息流
101221,4795,2026-07-12 14:38:00,ai_plan,抖音信息流
140573,6655,2026-07-12 14:48:00,app_launch,抖音信息流
140573,6655,2026-07-12 14:49:00,ai_plan,抖音信息流
140573,6655,2026-07-12 14:50:00,view_spot,抖音信息流
140573,6655,2026-07-12 14:53:00,view_spot,抖音信息流
118149,5592,2026-07-12 14:59:00,app_launch,微信分享裂变
80660,3807,2026-07-12 15:18:00,app_launch,小红书种草
80660,3807,2026-07-12 15:19:00,ai_plan,小红书种草
80660,3807,2026-07-12 15:20:00,view_spot,小红书种草
80660,3807,2026-07-12 15:23:00,view_spot,小红书种草
80660,3807,2026-07-12 15:28:00,create_order,小红书种草
80660,3807,2026-07-12 15:29:00,pay_order,小红书种草
85033,4020,2026-07-12 15:50:00,app_launch,小红书种草
85033,4020,2026-07-12 15:51:00,ai_plan,小红书种草
85033,4020,2026-07-12 15:52:00,view_spot,小红书种草
85033,4020,2026-07-12 16:00:00,create_order,小红书种草
85033,4020,2026-07-12 16:01:00,pay_order,小红书种草
109868,5200,2026-07-12 16:03:00,app_launch,抖音信息流
62788,2945,2026-07-12 16:11:00,app_launch,自然流量
62788,2945,2026-07-12 16:12:00,ai_plan,自然流量
115086,5448,2026-07-12 16:52:00,app_launch,抖音信息流
115086,5448,2026-07-12 16:53:00,ai_plan,抖音信息流
115086,5448,2026-07-12 16:54:00,view_spot,抖音信息流
131683,6229,2026-07-12 16:59:00,app_launch,抖音信息流
118148,5592,2026-07-12 17:17:00,app_launch,微信分享裂变
118148,5592,2026-07-12 17:18:00,ai_plan,微信分享裂变
118148,5592,2026-07-12 17:19:00,view_spot,微信分享裂变
118148,5592,2026-07-12 17:22:00,view_spot,微信分享裂变
118148,5592,2026-07-12 17:25:00,view_spot,微信分享裂变
118148,5592,2026-07-12 17:25:00,add_favorite,微信分享裂变
13616,648,2026-07-12 17:31:00,app_launch,抖音信息流
105301,4982,2026-07-12 17:33:00,app_launch,自然流量
105301,4982,2026-07-12 17:34:00,ai_plan,自然流量
37441,1766,2026-07-12 17:38:00,app_launch,自然流量
37441,1766,2026-07-12 17:39:00,ai_plan,自然流量
85034,4020,2026-07-12 17:50:00,app_launch,小红书种草
115085,5448,2026-07-12 18:05:00,app_launch,抖音信息流
115085,5448,2026-07-12 18:06:00,ai_plan,抖音信息流
115085,5448,2026-07-12 18:07:00,view_spot,抖音信息流
115085,5448,2026-07-12 18:10:00,view_spot,抖音信息流
109867,5200,2026-07-12 18:11:00,app_launch,抖音信息流
115085,5448,2026-07-12 18:13:00,view_spot,抖音信息流
115085,5448,2026-07-12 18:16:00,view_spot,抖音信息流
98225,4648,2026-07-12 18:50:00,app_launch,自然流量
98225,4648,2026-07-12 18:51:00,ai_plan,自然流量
98225,4648,2026-07-12 18:52:00,view_spot,自然流量
98225,4648,2026-07-12 18:55:00,view_spot,自然流量
144010,6827,2026-07-12 18:57:00,app_launch,自然流量
98225,4648,2026-07-12 18:58:00,view_spot,自然流量
98225,4648,2026-07-12 18:58:00,add_favorite,自然流量
160435,7597,2026-07-12 19:33:00,app_launch,自然流量
160435,7597,2026-07-12 19:34:00,ai_plan,自然流量
91925,4353,2026-07-12 19:35:00,app_launch,小红书种草
160435,7597,2026-07-12 19:35:00,view_spot,自然流量
160435,7597,2026-07-12 19:38:00,view_spot,自然流量
104844,4962,2026-07-12 19:40:00,app_launch,自然流量
104844,4962,2026-07-12 19:41:00,ai_plan,自然流量
160435,7597,2026-07-12 19:41:00,view_spot,自然流量
104844,4962,2026-07-12 19:42:00,view_spot,自然流量
104844,4962,2026-07-12 19:45:00,view_spot,自然流量
23885,1124,2026-07-12 19:47:00,app_launch,自然流量
23885,1124,2026-07-12 19:48:00,ai_plan,自然流量
80659,3807,2026-07-12 19:48:00,app_launch,小红书种草
104844,4962,2026-07-12 19:48:00,view_spot,自然流量
104844,4962,2026-07-12 19:48:00,add_favorite,自然流量
104844,4962,2026-07-12 19:51:00,view_spot,自然流量
22006,1035,2026-07-12 20:06:00,app_launch,抖音信息流
22006,1035,2026-07-12 20:07:00,ai_plan,抖音信息流
22006,1035,2026-07-12 20:08:00,view_spot,抖音信息流
141229,6689,2026-07-12 20:24:00,app_launch,抖音信息流
141229,6689,2026-07-12 20:25:00,ai_plan,抖音信息流
62789,2945,2026-07-12 20:30:00,app_launch,自然流量
62789,2945,2026-07-12 20:31:00,ai_plan,自然流量
62789,2945,2026-07-12 20:32:00,view_spot,自然流量
137857,6522,2026-07-12 20:33:00,app_launch,抖音信息流
137857,6522,2026-07-12 20:34:00,ai_plan,抖音信息流
62789,2945,2026-07-12 20:35:00,view_spot,自然流量
137857,6522,2026-07-12 20:35:00,view_spot,抖音信息流
62789,2945,2026-07-12 20:38:00,view_spot,自然流量
62789,2945,2026-07-12 20:38:00,add_favorite,自然流量
137857,6522,2026-07-12 20:38:00,view_spot,抖音信息流
62789,2945,2026-07-12 20:41:00,view_spot,自然流量
137857,6522,2026-07-12 20:41:00,view_spot,抖音信息流
105302,4982,2026-07-12 20:43:00,app_launch,自然流量
105302,4982,2026-07-12 20:44:00,ai_plan,自然流量
12371,587,2026-07-12 20:56:00,app_launch,自然流量
23884,1124,2026-07-12 21:06:00,app_launch,自然流量
93377,4422,2026-07-12 21:21:00,app_launch,自然流量
93377,4422,2026-07-12 21:22:00,ai_plan,自然流量
63652,2988,2026-07-12 21:26:00,app_launch,抖音信息流
63652,2988,2026-07-12 21:27:00,ai_plan,抖音信息流
63652,2988,2026-07-12 21:28:00,view_spot,抖音信息流
63652,2988,2026-07-12 21:31:00,view_spot,抖音信息流
63652,2988,2026-07-12 21:34:00,view_spot,抖音信息流
63652,2988,2026-07-12 21:37:00,view_spot,抖音信息流
91924,4353,2026-07-12 21:43:00,app_launch,小红书种草
91924,4353,2026-07-12 21:44:00,ai_plan,小红书种草
91924,4353,2026-07-12 21:45:00,view_spot,小红书种草
91924,4353,2026-07-12 21:48:00,view_spot,小红书种草
160436,7597,2026-07-12 21:49:00,app_launch,自然流量
38984,1836,2026-07-12 21:50:00,app_launch,自然流量
54423,2543,2026-07-12 21:50:00,app_launch,抖音信息流
54423,2543,2026-07-12 21:51:00,ai_plan,抖音信息流
91924,4353,2026-07-12 21:51:00,view_spot,小红书种草
91924,4353,2026-07-12 21:51:00,add_favorite,小红书种草
54423,2543,2026-07-12 21:52:00,view_spot,抖音信息流
64487,3028,2026-07-12 21:52:00,app_launch,微信分享裂变
91924,4353,2026-07-12 21:54:00,view_spot,小红书种草
54423,2543,2026-07-12 21:55:00,view_spot,抖音信息流
54423,2543,2026-07-12 21:58:00,view_spot,抖音信息流
54423,2543,2026-07-12 21:58:00,add_favorite,抖音信息流
146192,6932,2026-07-12 22:18:00,app_launch,小红书种草
146192,6932,2026-07-12 22:19:00,ai_plan,小红书种草
146192,6932,2026-07-12 22:20:00,view_spot,小红书种草
85730,4055,2026-07-12 22:22:00,app_launch,微信分享裂变
85730,4055,2026-07-12 22:23:00,ai_plan,微信分享裂变
85730,4055,2026-07-12 22:24:00,view_spot,微信分享裂变
146192,6932,2026-07-12 22:28:00,create_order,小红书种草
146192,6932,2026-07-12 22:29:00,pay_order,小红书种草
148549,7043,2026-07-12 22:31:00,app_launch,自然流量
62787,2945,2026-07-12 22:49:00,app_launch,自然流量
62787,2945,2026-07-12 22:50:00,ai_plan,自然流量
146194,6932,2026-07-13 07:20:00,app_launch,小红书种草
146194,6932,2026-07-13 07:21:00,ai_plan,小红书种草
146194,6932,2026-07-13 07:22:00,view_spot,小红书种草
146194,6932,2026-07-13 07:25:00,view_spot,小红书种草
146194,6932,2026-07-13 07:28:00,add_favorite,小红书种草
22835,1075,2026-07-13 07:30:00,app_launch,微信分享裂变
22835,1075,2026-07-13 07:31:00,ai_plan,微信分享裂变
22835,1075,2026-07-13 07:32:00,view_spot,微信分享裂变
22835,1075,2026-07-13 07:40:00,create_order,微信分享裂变
22835,1075,2026-07-13 07:41:00,pay_order,微信分享裂变
59166,2771,2026-07-13 07:45:00,app_launch,自然流量
59166,2771,2026-07-13 07:46:00,ai_plan,自然流量
59166,2771,2026-07-13 07:47:00,view_spot,自然流量
59166,2771,2026-07-13 07:53:00,add_favorite,自然流量
110807,5245,2026-07-13 07:53:00,app_launch,抖音信息流
59166,2771,2026-07-13 07:55:00,create_order,自然流量
167226,7925,2026-07-13 08:49:00,app_launch,微信分享裂变
167226,7925,2026-07-13 08:50:00,ai_plan,微信分享裂变
36135,1700,2026-07-13 09:05:00,app_launch,小红书种草
36135,1700,2026-07-13 09:06:00,ai_plan,小红书种草
141921,6727,2026-07-13 09:11:00,app_launch,自然流量
141921,6727,2026-07-13 09:12:00,ai_plan,自然流量
141921,6727,2026-07-13 09:13:00,view_spot,自然流量
101226,4795,2026-07-13 09:37:00,app_launch,抖音信息流
137858,6522,2026-07-13 10:04:00,app_launch,抖音信息流
137858,6522,2026-07-13 10:05:00,ai_plan,抖音信息流
137858,6522,2026-07-13 10:06:00,view_spot,抖音信息流
137858,6522,2026-07-13 10:09:00,view_spot,抖音信息流
92827,4395,2026-07-13 10:22:00,app_launch,抖音信息流
92827,4395,2026-07-13 10:23:00,ai_plan,抖音信息流
92828,4395,2026-07-13 10:34:00,app_launch,抖音信息流
92828,4395,2026-07-13 10:35:00,ai_plan,抖音信息流
92828,4395,2026-07-13 10:36:00,view_spot,抖音信息流
78099,3685,2026-07-13 10:38:00,app_launch,自然流量
78099,3685,2026-07-13 10:39:00,ai_plan,自然流量
78099,3685,2026-07-13 10:40:00,view_spot,自然流量
78099,3685,2026-07-13 10:43:00,view_spot,自然流量
92828,4395,2026-07-13 10:44:00,create_order,抖音信息流
86256,4079,2026-07-13 10:58:00,app_launch,自然流量
86256,4079,2026-07-13 10:59:00,ai_plan,自然流量
86256,4079,2026-07-13 11:00:00,view_spot,自然流量
16794,795,2026-07-13 11:03:00,app_launch,自然流量
16794,795,2026-07-13 11:04:00,ai_plan,自然流量
16794,795,2026-07-13 11:05:00,view_spot,自然流量
16794,795,2026-07-13 11:13:00,create_order,自然流量
16794,795,2026-07-13 11:14:00,pay_order,自然流量
85036,4020,2026-07-13 11:25:00,app_launch,小红书种草
85036,4020,2026-07-13 11:26:00,ai_plan,小红书种草
62792,2945,2026-07-13 11:27:00,app_launch,自然流量
80661,3807,2026-07-13 11:41:00,app_launch,小红书种草
101225,4795,2026-07-13 11:43:00,app_launch,抖音信息流
91926,4353,2026-07-13 11:45:00,app_launch,小红书种草
22419,1056,2026-07-13 12:09:00,app_launch,小红书种草
22419,1056,2026-07-13 12:10:00,ai_plan,小红书种草
86257,4079,2026-07-13 12:11:00,app_launch,自然流量
86257,4079,2026-07-13 12:12:00,ai_plan,自然流量
93379,4422,2026-07-13 12:12:00,app_launch,自然流量
86257,4079,2026-07-13 12:13:00,view_spot,自然流量
86257,4079,2026-07-13 12:16:00,view_spot,自然流量
86257,4079,2026-07-13 12:19:00,view_spot,自然流量
148550,7043,2026-07-13 12:19:00,app_launch,自然流量
36133,1700,2026-07-13 12:33:00,app_launch,小红书种草
62791,2945,2026-07-13 12:33:00,app_launch,自然流量
62791,2945,2026-07-13 12:34:00,ai_plan,自然流量
62791,2945,2026-07-13 12:35:00,view_spot,自然流量
146193,6932,2026-07-13 12:36:00,app_launch,小红书种草
62791,2945,2026-07-13 12:38:00,view_spot,自然流量
62791,2945,2026-07-13 12:41:00,view_spot,自然流量
62791,2945,2026-07-13 12:44:00,view_spot,自然流量
22009,1035,2026-07-13 12:54:00,app_launch,抖音信息流
22009,1035,2026-07-13 12:55:00,ai_plan,抖音信息流
22009,1035,2026-07-13 12:56:00,view_spot,抖音信息流
22009,1035,2026-07-13 12:59:00,view_spot,抖音信息流
22009,1035,2026-07-13 13:02:00,view_spot,抖音信息流
133562,6320,2026-07-13 13:10:00,app_launch,小红书种草
133562,6320,2026-07-13 13:11:00,ai_plan,小红书种草
69273,3264,2026-07-13 13:14:00,app_launch,抖音信息流
67219,3164,2026-07-13 13:15:00,app_launch,小红书种草
69273,3264,2026-07-13 13:15:00,ai_plan,抖音信息流
67219,3164,2026-07-13 13:16:00,ai_plan,小红书种草
69273,3264,2026-07-13 13:16:00,view_spot,抖音信息流
67219,3164,2026-07-13 13:17:00,view_spot,小红书种草
69273,3264,2026-07-13 13:19:00,view_spot,抖音信息流
67219,3164,2026-07-13 13:20:00,view_spot,小红书种草
69273,3264,2026-07-13 13:22:00,view_spot,抖音信息流
67219,3164,2026-07-13 13:23:00,view_spot,小红书种草
67219,3164,2026-07-13 13:23:00,add_favorite,小红书种草
59165,2771,2026-07-13 13:27:00,app_launch,自然流量
80663,3807,2026-07-13 13:38:00,app_launch,小红书种草
80663,3807,2026-07-13 13:39:00,ai_plan,小红书种草
80663,3807,2026-07-13 13:40:00,view_spot,小红书种草
85037,4020,2026-07-13 13:54:00,app_launch,小红书种草
64490,3028,2026-07-13 14:20:00,app_launch,微信分享裂变
64490,3028,2026-07-13 14:21:00,ai_plan,微信分享裂变
64490,3028,2026-07-13 14:22:00,view_spot,微信分享裂变
99420,4705,2026-07-13 14:33:00,app_launch,自然流量
110806,5245,2026-07-13 14:38:00,app_launch,抖音信息流
110806,5245,2026-07-13 14:39:00,ai_plan,抖音信息流
110806,5245,2026-07-13 14:40:00,view_spot,抖音信息流
110806,5245,2026-07-13 14:43:00,view_spot,抖音信息流
110806,5245,2026-07-13 14:46:00,add_favorite,抖音信息流
110806,5245,2026-07-13 14:48:00,create_order,抖音信息流
32767,1536,2026-07-13 16:02:00,app_launch,抖音信息流
32767,1536,2026-07-13 16:03:00,ai_plan,抖音信息流
32767,1536,2026-07-13 16:04:00,view_spot,抖音信息流
91927,4353,2026-07-13 16:06:00,app_launch,小红书种草
32767,1536,2026-07-13 16:12:00,create_order,抖音信息流
32767,1536,2026-07-13 16:13:00,pay_order,抖音信息流
85731,4055,2026-07-13 16:28:00,app_launch,微信分享裂变
16792,795,2026-07-13 16:43:00,app_launch,自然流量
16792,795,2026-07-13 16:44:00,ai_plan,自然流量
16792,795,2026-07-13 16:45:00,view_spot,自然流量
16792,795,2026-07-13 16:48:00,view_spot,自然流量
16792,795,2026-07-13 16:51:00,view_spot,自然流量
85732,4055,2026-07-13 16:57:00,app_launch,微信分享裂变
32766,1536,2026-07-13 17:04:00,app_launch,抖音信息流
148551,7043,2026-07-13 17:26:00,app_launch,自然流量
148551,7043,2026-07-13 17:27:00,ai_plan,自然流量
148551,7043,2026-07-13 17:28:00,view_spot,自然流量
101224,4795,2026-07-13 17:30:00,app_launch,抖音信息流
92826,4395,2026-07-13 17:31:00,app_launch,抖音信息流
148551,7043,2026-07-13 17:31:00,view_spot,自然流量
92826,4395,2026-07-13 17:32:00,ai_plan,抖音信息流
148551,7043,2026-07-13 17:34:00,view_spot,自然流量
93378,4422,2026-07-13 17:54:00,app_launch,自然流量
93378,4422,2026-07-13 17:55:00,ai_plan,自然流量
80662,3807,2026-07-13 17:58:00,app_launch,小红书种草
80662,3807,2026-07-13 17:59:00,ai_plan,小红书种草
148552,7043,2026-07-13 17:59:00,app_launch,自然流量
80662,3807,2026-07-13 18:00:00,view_spot,小红书种草
148552,7043,2026-07-13 18:00:00,ai_plan,自然流量
148552,7043,2026-07-13 18:01:00,view_spot,自然流量
80662,3807,2026-07-13 18:03:00,view_spot,小红书种草
148552,7043,2026-07-13 18:04:00,view_spot,自然流量
80662,3807,2026-07-13 18:06:00,add_favorite,小红书种草
148552,7043,2026-07-13 18:07:00,view_spot,自然流量
67220,3164,2026-07-13 18:16:00,app_launch,小红书种草
67220,3164,2026-07-13 18:17:00,ai_plan,小红书种草
64489,3028,2026-07-13 18:21:00,app_launch,微信分享裂变
64489,3028,2026-07-13 18:22:00,ai_plan,微信分享裂变
64489,3028,2026-07-13 18:23:00,view_spot,微信分享裂变
64489,3028,2026-07-13 18:29:00,add_favorite,微信分享裂变
64489,3028,2026-07-13 18:31:00,create_order,微信分享裂变
64489,3028,2026-07-13 18:32:00,pay_order,微信分享裂变
167225,7925,2026-07-13 18:46:00,app_launch,微信分享裂变
167225,7925,2026-07-13 18:47:00,ai_plan,微信分享裂变
57968,2717,2026-07-13 18:50:00,app_launch,抖音信息流
57968,2717,2026-07-13 18:51:00,ai_plan,抖音信息流
16793,795,2026-07-13 19:00:00,app_launch,自然流量
16793,795,2026-07-13 19:01:00,ai_plan,自然流量
135795,6424,2026-07-13 19:14:00,app_launch,微信分享裂变
78098,3685,2026-07-13 19:15:00,app_launch,自然流量
135795,6424,2026-07-13 19:15:00,ai_plan,微信分享裂变
78098,3685,2026-07-13 19:16:00,ai_plan,自然流量
135795,6424,2026-07-13 19:16:00,view_spot,微信分享裂变
78098,3685,2026-07-13 19:17:00,view_spot,自然流量
78098,3685,2026-07-13 19:20:00,view_spot,自然流量
93380,4422,2026-07-13 19:21:00,app_launch,自然流量
93380,4422,2026-07-13 19:22:00,ai_plan,自然流量
78098,3685,2026-07-13 19:23:00,view_spot,自然流量
78098,3685,2026-07-13 19:23:00,add_favorite,自然流量
135795,6424,2026-07-13 19:24:00,create_order,微信分享裂变
135795,6424,2026-07-13 19:25:00,pay_order,微信分享裂变
78098,3685,2026-07-13 19:26:00,view_spot,自然流量
146195,6932,2026-07-13 19:48:00,app_launch,小红书种草
85035,4020,2026-07-13 19:53:00,app_launch,小红书种草
85035,4020,2026-07-13 19:54:00,ai_plan,小红书种草
85035,4020,2026-07-13 19:55:00,view_spot,小红书种草
85035,4020,2026-07-13 19:58:00,view_spot,小红书种草
85035,4020,2026-07-13 20:01:00,view_spot,小红书种草
131949,6241,2026-07-13 20:04:00,app_launch,小红书种草
131949,6241,2026-07-13 20:05:00,ai_plan,小红书种草
57969,2717,2026-07-13 20:13:00,app_launch,抖音信息流
22836,1075,2026-07-13 20:20:00,app_launch,微信分享裂变
22836,1075,2026-07-13 20:21:00,ai_plan,微信分享裂变
22836,1075,2026-07-13 20:22:00,view_spot,微信分享裂变
22836,1075,2026-07-13 20:25:00,view_spot,微信分享裂变
22836,1075,2026-07-13 20:28:00,view_spot,微信分享裂变
22836,1075,2026-07-13 20:28:00,add_favorite,微信分享裂变
67221,3164,2026-07-13 20:28:00,app_launch,小红书种草
22836,1075,2026-07-13 20:30:00,create_order,微信分享裂变
131948,6241,2026-07-13 20:30:00,app_launch,小红书种草
22836,1075,2026-07-13 20:31:00,view_spot,微信分享裂变
22836,1075,2026-07-13 20:31:00,pay_order,微信分享裂变
131948,6241,2026-07-13 20:31:00,ai_plan,小红书种草
131948,6241,2026-07-13 20:32:00,view_spot,小红书种草
131950,6241,2026-07-13 20:36:00,app_launch,小红书种草
131950,6241,2026-07-13 20:37:00,ai_plan,小红书种草
131948,6241,2026-07-13 20:38:00,add_favorite,小红书种草
131950,6241,2026-07-13 20:38:00,view_spot,小红书种草
131950,6241,2026-07-13 20:41:00,view_spot,小红书种草
131950,6241,2026-07-13 20:44:00,view_spot,小红书种草
131950,6241,2026-07-13 20:46:00,create_order,小红书种草
22008,1035,2026-07-13 20:55:00,app_launch,抖音信息流
105303,4982,2026-07-13 21:10:00,app_launch,自然流量
105303,4982,2026-07-13 21:11:00,ai_plan,自然流量
105303,4982,2026-07-13 21:12:00,view_spot,自然流量
105303,4982,2026-07-13 21:15:00,view_spot,自然流量
105303,4982,2026-07-13 21:18:00,view_spot,自然流量
105303,4982,2026-07-13 21:21:00,view_spot,自然流量
99421,4705,2026-07-13 21:40:00,app_launch,自然流量
99421,4705,2026-07-13 21:41:00,ai_plan,自然流量
99421,4705,2026-07-13 21:42:00,view_spot,自然流量
99421,4705,2026-07-13 21:45:00,view_spot,自然流量
99421,4705,2026-07-13 21:48:00,view_spot,自然流量
99421,4705,2026-07-13 21:48:00,add_favorite,自然流量
99421,4705,2026-07-13 21:51:00,view_spot,自然流量
36134,1700,2026-07-13 22:19:00,app_launch,小红书种草
36134,1700,2026-07-13 22:20:00,ai_plan,小红书种草
36134,1700,2026-07-13 22:21:00,view_spot,小红书种草
36134,1700,2026-07-13 22:24:00,view_spot,小红书种草
36134,1700,2026-07-13 22:27:00,view_spot,小红书种草
36134,1700,2026-07-13 22:30:00,view_spot,小红书种草
62790,2945,2026-07-13 22:33:00,app_launch,自然流量
62790,2945,2026-07-13 22:34:00,ai_plan,自然流量
62790,2945,2026-07-13 22:35:00,view_spot,自然流量
62790,2945,2026-07-13 22:38:00,view_spot,自然流量
62790,2945,2026-07-13 22:41:00,view_spot,自然流量
62790,2945,2026-07-13 22:41:00,add_favorite,自然流量
62790,2945,2026-07-13 22:44:00,view_spot,自然流量
22834,1075,2026-07-13 22:50:00,app_launch,微信分享裂变
22834,1075,2026-07-13 22:51:00,ai_plan,微信分享裂变
22834,1075,2026-07-13 22:52:00,view_spot,微信分享裂变
22834,1075,2026-07-13 22:55:00,view_spot,微信分享裂变
22834,1075,2026-07-13 22:58:00,view_spot,微信分享裂变
69275,3264,2026-07-14 07:09:00,app_launch,抖音信息流
69275,3264,2026-07-14 07:10:00,ai_plan,抖音信息流
115087,5448,2026-07-14 07:17:00,app_launch,抖音信息流
115087,5448,2026-07-14 07:18:00,ai_plan,抖音信息流
115087,5448,2026-07-14 07:19:00,view_spot,抖音信息流
115087,5448,2026-07-14 07:22:00,view_spot,抖音信息流
29941,1408,2026-07-14 07:40:00,app_launch,自然流量
29941,1408,2026-07-14 07:41:00,ai_plan,自然流量
29941,1408,2026-07-14 07:42:00,view_spot,自然流量
29941,1408,2026-07-14 07:45:00,view_spot,自然流量
29941,1408,2026-07-14 07:48:00,view_spot,自然流量
29941,1408,2026-07-14 07:51:00,view_spot,自然流量
49208,2303,2026-07-14 07:55:00,app_launch,抖音信息流
49208,2303,2026-07-14 07:56:00,ai_plan,抖音信息流
49208,2303,2026-07-14 07:57:00,view_spot,抖音信息流
131951,6241,2026-07-14 07:59:00,app_launch,小红书种草
49208,2303,2026-07-14 08:00:00,view_spot,抖音信息流
113962,5395,2026-07-14 08:00:00,app_launch,抖音信息流
131951,6241,2026-07-14 08:00:00,ai_plan,小红书种草
131951,6241,2026-07-14 08:01:00,view_spot,小红书种草
49208,2303,2026-07-14 08:03:00,view_spot,抖音信息流
32023,1503,2026-07-14 08:05:00,app_launch,抖音信息流
49208,2303,2026-07-14 08:05:00,create_order,抖音信息流
32023,1503,2026-07-14 08:06:00,ai_plan,抖音信息流
49208,2303,2026-07-14 08:06:00,pay_order,抖音信息流
32022,1503,2026-07-14 08:09:00,app_launch,抖音信息流
131951,6241,2026-07-14 08:09:00,create_order,小红书种草
32022,1503,2026-07-14 08:10:00,ai_plan,抖音信息流
131951,6241,2026-07-14 08:10:00,pay_order,小红书种草
32022,1503,2026-07-14 08:11:00,view_spot,抖音信息流
32022,1503,2026-07-14 08:14:00,view_spot,抖音信息流
133522,6318,2026-07-14 08:56:00,app_launch,小红书种草
133522,6318,2026-07-14 08:57:00,ai_plan,小红书种草
133522,6318,2026-07-14 08:58:00,view_spot,小红书种草
133522,6318,2026-07-14 09:01:00,view_spot,小红书种草
80816,3814,2026-07-14 09:37:00,app_launch,自然流量
80816,3814,2026-07-14 09:38:00,ai_plan,自然流量
80816,3814,2026-07-14 09:39:00,view_spot,自然流量
80816,3814,2026-07-14 09:42:00,view_spot,自然流量
80816,3814,2026-07-14 09:45:00,view_spot,自然流量
131952,6241,2026-07-14 10:09:00,app_launch,小红书种草
123220,5828,2026-07-14 10:55:00,app_launch,自然流量
69886,3291,2026-07-14 11:26:00,app_launch,抖音信息流
29940,1408,2026-07-14 11:33:00,app_launch,自然流量
29940,1408,2026-07-14 11:34:00,ai_plan,自然流量
109870,5200,2026-07-14 11:55:00,app_launch,抖音信息流
109870,5200,2026-07-14 11:56:00,ai_plan,抖音信息流
109870,5200,2026-07-14 11:57:00,view_spot,抖音信息流
109870,5200,2026-07-14 12:00:00,view_spot,抖音信息流
109870,5200,2026-07-14 12:03:00,view_spot,抖音信息流
109869,5200,2026-07-14 12:10:00,app_launch,抖音信息流
109869,5200,2026-07-14 12:11:00,ai_plan,抖音信息流
109869,5200,2026-07-14 12:12:00,view_spot,抖音信息流
109869,5200,2026-07-14 12:15:00,view_spot,抖音信息流
109869,5200,2026-07-14 12:18:00,view_spot,抖音信息流
109869,5200,2026-07-14 12:18:00,add_favorite,抖音信息流
109869,5200,2026-07-14 12:21:00,view_spot,抖音信息流
29942,1408,2026-07-14 12:27:00,app_launch,自然流量
123547,5841,2026-07-14 12:39:00,app_launch,抖音信息流
32768,1536,2026-07-14 13:30:00,app_launch,抖音信息流
32768,1536,2026-07-14 13:31:00,ai_plan,抖音信息流
32768,1536,2026-07-14 13:32:00,view_spot,抖音信息流
123548,5841,2026-07-14 13:59:00,app_launch,抖音信息流
71948,3393,2026-07-14 14:30:00,app_launch,高校地推
91487,4332,2026-07-14 14:31:00,app_launch,高校地推
91487,4332,2026-07-14 14:32:00,ai_plan,高校地推
91487,4332,2026-07-14 14:33:00,view_spot,高校地推
91487,4332,2026-07-14 14:36:00,view_spot,高校地推
91487,4332,2026-07-14 14:39:00,view_spot,高校地推
91487,4332,2026-07-14 14:42:00,view_spot,高校地推
35330,1663,2026-07-14 14:49:00,app_launch,微信分享裂变
35330,1663,2026-07-14 14:50:00,ai_plan,微信分享裂变
35330,1663,2026-07-14 14:51:00,view_spot,微信分享裂变
69782,3287,2026-07-14 15:01:00,app_launch,小红书种草
1370,66,2026-07-14 15:14:00,app_launch,抖音信息流
91719,4344,2026-07-14 15:17:00,app_launch,自然流量
91719,4344,2026-07-14 15:18:00,ai_plan,自然流量
69884,3291,2026-07-14 15:31:00,app_launch,抖音信息流
69884,3291,2026-07-14 15:32:00,ai_plan,抖音信息流
69884,3291,2026-07-14 15:33:00,view_spot,抖音信息流
69884,3291,2026-07-14 15:36:00,view_spot,抖音信息流
69884,3291,2026-07-14 15:39:00,view_spot,抖音信息流
49207,2303,2026-07-14 15:40:00,app_launch,抖音信息流
49207,2303,2026-07-14 15:41:00,ai_plan,抖音信息流
69783,3287,2026-07-14 15:45:00,app_launch,小红书种草
24319,1145,2026-07-14 16:01:00,app_launch,抖音信息流
24319,1145,2026-07-14 16:02:00,ai_plan,抖音信息流
24319,1145,2026-07-14 16:03:00,view_spot,抖音信息流
24319,1145,2026-07-14 16:06:00,view_spot,抖音信息流
80664,3807,2026-07-14 16:06:00,app_launch,小红书种草
80664,3807,2026-07-14 16:07:00,ai_plan,小红书种草
80664,3807,2026-07-14 16:08:00,view_spot,小红书种草
24319,1145,2026-07-14 16:11:00,create_order,抖音信息流
80664,3807,2026-07-14 16:16:00,create_order,小红书种草
80664,3807,2026-07-14 16:17:00,pay_order,小红书种草
71946,3393,2026-07-14 16:26:00,app_launch,高校地推
24318,1145,2026-07-14 16:29:00,app_launch,抖音信息流
24318,1145,2026-07-14 16:30:00,ai_plan,抖音信息流
69274,3264,2026-07-14 16:36:00,app_launch,抖音信息流
115088,5448,2026-07-14 16:44:00,app_launch,抖音信息流
115088,5448,2026-07-14 16:45:00,ai_plan,抖音信息流
133523,6318,2026-07-14 16:45:00,app_launch,小红书种草
80815,3814,2026-07-14 16:46:00,app_launch,自然流量
133523,6318,2026-07-14 16:46:00,ai_plan,小红书种草
133523,6318,2026-07-14 16:47:00,view_spot,小红书种草
133523,6318,2026-07-14 16:50:00,view_spot,小红书种草
24320,1145,2026-07-14 16:51:00,app_launch,抖音信息流
24320,1145,2026-07-14 16:52:00,ai_plan,抖音信息流
133523,6318,2026-07-14 16:55:00,create_order,小红书种草
133523,6318,2026-07-14 16:56:00,pay_order,小红书种草
137882,6523,2026-07-14 17:01:00,app_launch,自然流量
113963,5395,2026-07-14 17:18:00,app_launch,抖音信息流
113963,5395,2026-07-14 17:19:00,ai_plan,抖音信息流
113963,5395,2026-07-14 17:20:00,view_spot,抖音信息流
113963,5395,2026-07-14 17:23:00,view_spot,抖音信息流
113963,5395,2026-07-14 17:26:00,view_spot,抖音信息流
113963,5395,2026-07-14 17:26:00,add_favorite,抖音信息流
113963,5395,2026-07-14 17:29:00,view_spot,抖音信息流
38985,1836,2026-07-14 17:47:00,app_launch,自然流量
38985,1836,2026-07-14 17:48:00,ai_plan,自然流量
22420,1056,2026-07-14 18:15:00,app_launch,小红书种草
59167,2771,2026-07-14 18:18:00,app_launch,自然流量
59167,2771,2026-07-14 18:19:00,ai_plan,自然流量
59167,2771,2026-07-14 18:20:00,view_spot,自然流量
123219,5828,2026-07-14 18:30:00,app_launch,自然流量
49206,2303,2026-07-14 18:31:00,app_launch,抖音信息流
123219,5828,2026-07-14 18:31:00,ai_plan,自然流量
123219,5828,2026-07-14 18:32:00,view_spot,自然流量
123219,5828,2026-07-14 18:35:00,view_spot,自然流量
123219,5828,2026-07-14 18:38:00,view_spot,自然流量
123219,5828,2026-07-14 18:41:00,view_spot,自然流量
71947,3393,2026-07-14 20:00:00,app_launch,高校地推
71947,3393,2026-07-14 20:01:00,ai_plan,高校地推
113961,5395,2026-07-14 20:01:00,app_launch,抖音信息流
113961,5395,2026-07-14 20:02:00,ai_plan,抖音信息流
46264,2165,2026-07-14 20:33:00,app_launch,微信分享裂变
46264,2165,2026-07-14 20:34:00,ai_plan,微信分享裂变
64491,3028,2026-07-14 21:05:00,app_launch,微信分享裂变
64491,3028,2026-07-14 21:06:00,ai_plan,微信分享裂变
64491,3028,2026-07-14 21:07:00,view_spot,微信分享裂变
64491,3028,2026-07-14 21:10:00,view_spot,微信分享裂变
64491,3028,2026-07-14 21:13:00,add_favorite,微信分享裂变
69885,3291,2026-07-14 22:00:00,app_launch,抖音信息流
69885,3291,2026-07-14 22:01:00,ai_plan,抖音信息流
69885,3291,2026-07-14 22:02:00,view_spot,抖音信息流
69885,3291,2026-07-14 22:05:00,view_spot,抖音信息流
91718,4344,2026-07-14 22:07:00,app_launch,自然流量
69885,3291,2026-07-14 22:08:00,view_spot,抖音信息流
91718,4344,2026-07-14 22:08:00,ai_plan,自然流量
91718,4344,2026-07-14 22:09:00,view_spot,自然流量
69885,3291,2026-07-14 22:11:00,view_spot,抖音信息流
1371,66,2026-07-14 22:12:00,app_launch,抖音信息流
1371,66,2026-07-14 22:13:00,ai_plan,抖音信息流
91718,4344,2026-07-14 22:15:00,add_favorite,自然流量
91718,4344,2026-07-14 22:17:00,create_order,自然流量
69276,3264,2026-07-14 22:34:00,app_launch,抖音信息流
32021,1503,2026-07-14 22:37:00,app_launch,抖音信息流
63627,2987,2026-07-15 07:20:00,app_launch,自然流量
63627,2987,2026-07-15 07:21:00,ai_plan,自然流量
63627,2987,2026-07-15 07:22:00,view_spot,自然流量
137168,6488,2026-07-15 07:24:00,app_launch,小红书种草
63627,2987,2026-07-15 07:25:00,view_spot,自然流量
137168,6488,2026-07-15 07:25:00,ai_plan,小红书种草
63627,2987,2026-07-15 07:28:00,view_spot,自然流量
46266,2165,2026-07-15 07:42:00,app_launch,微信分享裂变
55241,2583,2026-07-15 07:44:00,app_launch,自然流量
11719,555,2026-07-15 07:45:00,app_launch,自然流量
55241,2583,2026-07-15 07:45:00,ai_plan,自然流量
11719,555,2026-07-15 07:46:00,ai_plan,自然流量
55241,2583,2026-07-15 07:46:00,view_spot,自然流量
11719,555,2026-07-15 07:47:00,view_spot,自然流量
22866,1076,2026-07-15 07:47:00,app_launch,抖音信息流
22866,1076,2026-07-15 07:48:00,ai_plan,抖音信息流
22866,1076,2026-07-15 07:49:00,view_spot,抖音信息流
55241,2583,2026-07-15 07:49:00,view_spot,自然流量
11719,555,2026-07-15 07:50:00,view_spot,自然流量
22866,1076,2026-07-15 07:52:00,view_spot,抖音信息流
11719,555,2026-07-15 07:53:00,view_spot,自然流量
22866,1076,2026-07-15 07:55:00,view_spot,抖音信息流
22866,1076,2026-07-15 07:57:00,create_order,抖音信息流
131685,6229,2026-07-15 08:07:00,app_launch,抖音信息流
14663,697,2026-07-15 08:23:00,app_launch,小红书种草
14663,697,2026-07-15 08:24:00,ai_plan,小红书种草
14663,697,2026-07-15 08:25:00,view_spot,小红书种草
14663,697,2026-07-15 08:28:00,view_spot,小红书种草
14663,697,2026-07-15 08:33:00,create_order,小红书种草
14663,697,2026-07-15 08:34:00,pay_order,小红书种草
74995,3536,2026-07-15 08:55:00,app_launch,微信分享裂变
74995,3536,2026-07-15 08:56:00,ai_plan,微信分享裂变
74995,3536,2026-07-15 08:57:00,view_spot,微信分享裂变
74995,3536,2026-07-15 09:00:00,view_spot,微信分享裂变
74995,3536,2026-07-15 09:03:00,add_favorite,微信分享裂变
126024,5957,2026-07-15 09:10:00,app_launch,抖音信息流
109122,5166,2026-07-15 09:21:00,app_launch,小红书种草
109122,5166,2026-07-15 09:22:00,ai_plan,小红书种草
109122,5166,2026-07-15 09:23:00,view_spot,小红书种草
109122,5166,2026-07-15 09:26:00,view_spot,小红书种草
109122,5166,2026-07-15 09:29:00,view_spot,小红书种草
109122,5166,2026-07-15 09:31:00,create_order,小红书种草
109122,5166,2026-07-15 09:32:00,view_spot,小红书种草
109122,5166,2026-07-15 09:32:00,pay_order,小红书种草
93382,4422,2026-07-15 10:27:00,app_launch,自然流量
146196,6932,2026-07-15 10:27:00,app_launch,小红书种草
93382,4422,2026-07-15 10:28:00,ai_plan,自然流量
93382,4422,2026-07-15 10:29:00,view_spot,自然流量
93382,4422,2026-07-15 10:32:00,view_spot,自然流量
93382,4422,2026-07-15 10:35:00,view_spot,自然流量
93382,4422,2026-07-15 10:38:00,view_spot,自然流量
131684,6229,2026-07-15 10:59:00,app_launch,抖音信息流
142373,6748,2026-07-15 11:10:00,app_launch,抖音信息流
142373,6748,2026-07-15 11:11:00,ai_plan,抖音信息流
93381,4422,2026-07-15 11:24:00,app_launch,自然流量
93381,4422,2026-07-15 11:25:00,ai_plan,自然流量
93381,4422,2026-07-15 11:26:00,view_spot,自然流量
93381,4422,2026-07-15 11:29:00,view_spot,自然流量
93381,4422,2026-07-15 11:32:00,view_spot,自然流量
74996,3536,2026-07-15 11:56:00,app_launch,微信分享裂变
74996,3536,2026-07-15 11:57:00,ai_plan,微信分享裂变
74996,3536,2026-07-15 11:58:00,view_spot,微信分享裂变
74996,3536,2026-07-15 12:01:00,view_spot,微信分享裂变
74996,3536,2026-07-15 12:04:00,view_spot,微信分享裂变
74996,3536,2026-07-15 12:04:00,add_favorite,微信分享裂变
35331,1663,2026-07-15 13:06:00,app_launch,微信分享裂变
35331,1663,2026-07-15 13:07:00,ai_plan,微信分享裂变
35331,1663,2026-07-15 13:08:00,view_spot,微信分享裂变
35331,1663,2026-07-15 13:11:00,view_spot,微信分享裂变
35331,1663,2026-07-15 13:16:00,create_order,微信分享裂变
35331,1663,2026-07-15 13:17:00,pay_order,微信分享裂变
17159,812,2026-07-15 13:27:00,app_launch,自然流量
22865,1076,2026-07-15 14:06:00,app_launch,抖音信息流
22865,1076,2026-07-15 14:07:00,ai_plan,抖音信息流
22865,1076,2026-07-15 14:08:00,view_spot,抖音信息流
48170,2253,2026-07-15 14:13:00,app_launch,抖音信息流
79674,3762,2026-07-15 14:19:00,app_launch,抖音信息流
79674,3762,2026-07-15 14:20:00,ai_plan,抖音信息流
79674,3762,2026-07-15 14:21:00,view_spot,抖音信息流
14662,697,2026-07-15 14:24:00,app_launch,小红书种草
79674,3762,2026-07-15 14:24:00,view_spot,抖音信息流
14662,697,2026-07-15 14:25:00,ai_plan,小红书种草
14662,697,2026-07-15 14:26:00,view_spot,小红书种草
79674,3762,2026-07-15 14:27:00,view_spot,抖音信息流
79674,3762,2026-07-15 14:29:00,create_order,抖音信息流
79674,3762,2026-07-15 14:30:00,pay_order,抖音信息流
14662,697,2026-07-15 14:32:00,add_favorite,小红书种草
60638,2841,2026-07-15 14:32:00,app_launch,微信分享裂变
14662,697,2026-07-15 14:34:00,create_order,小红书种草
14662,697,2026-07-15 14:35:00,pay_order,小红书种草
143448,6801,2026-07-15 15:02:00,app_launch,抖音信息流
109123,5166,2026-07-15 15:09:00,app_launch,小红书种草
110808,5245,2026-07-15 15:16:00,app_launch,抖音信息流
110808,5245,2026-07-15 15:17:00,ai_plan,抖音信息流
46265,2165,2026-07-15 15:40:00,app_launch,微信分享裂变
46265,2165,2026-07-15 15:41:00,ai_plan,微信分享裂变
46265,2165,2026-07-15 15:42:00,view_spot,微信分享裂变
46265,2165,2026-07-15 15:45:00,view_spot,微信分享裂变
46265,2165,2026-07-15 15:48:00,view_spot,微信分享裂变
131686,6229,2026-07-15 16:05:00,app_launch,抖音信息流
131686,6229,2026-07-15 16:06:00,ai_plan,抖音信息流
131686,6229,2026-07-15 16:07:00,view_spot,抖音信息流
14664,697,2026-07-15 16:31:00,app_launch,小红书种草
69887,3291,2026-07-15 16:31:00,app_launch,抖音信息流
14664,697,2026-07-15 16:32:00,ai_plan,小红书种草
35333,1663,2026-07-15 16:32:00,app_launch,微信分享裂变
14664,697,2026-07-15 16:33:00,view_spot,小红书种草
35333,1663,2026-07-15 16:33:00,ai_plan,微信分享裂变
35333,1663,2026-07-15 16:34:00,view_spot,微信分享裂变
14664,697,2026-07-15 16:36:00,view_spot,小红书种草
35333,1663,2026-07-15 16:37:00,view_spot,微信分享裂变
14664,697,2026-07-15 16:39:00,add_favorite,小红书种草
35333,1663,2026-07-15 16:40:00,add_favorite,微信分享裂变
60640,2841,2026-07-15 17:06:00,app_launch,微信分享裂变
109121,5166,2026-07-15 17:11:00,app_launch,小红书种草
109121,5166,2026-07-15 17:12:00,ai_plan,小红书种草
22867,1076,2026-07-15 17:19:00,app_launch,抖音信息流
22867,1076,2026-07-15 17:20:00,ai_plan,抖音信息流
91678,4343,2026-07-15 17:28:00,app_launch,抖音信息流
91678,4343,2026-07-15 17:29:00,ai_plan,抖音信息流
146197,6932,2026-07-15 18:01:00,app_launch,小红书种草
146197,6932,2026-07-15 18:02:00,ai_plan,小红书种草
146197,6932,2026-07-15 18:03:00,view_spot,小红书种草
146197,6932,2026-07-15 18:06:00,view_spot,小红书种草
146197,6932,2026-07-15 18:09:00,view_spot,小红书种草
63625,2987,2026-07-15 18:28:00,app_launch,自然流量
63625,2987,2026-07-15 18:29:00,ai_plan,自然流量
63625,2987,2026-07-15 18:30:00,view_spot,自然流量
63625,2987,2026-07-15 18:36:00,add_favorite,自然流量
146198,6932,2026-07-15 18:37:00,app_launch,小红书种草
146198,6932,2026-07-15 18:38:00,ai_plan,小红书种草
93383,4422,2026-07-15 19:00:00,app_launch,自然流量
93383,4422,2026-07-15 19:01:00,ai_plan,自然流量
143450,6801,2026-07-15 19:26:00,app_launch,抖音信息流
110809,5245,2026-07-15 20:26:00,app_launch,抖音信息流
63626,2987,2026-07-15 20:37:00,app_launch,自然流量
63626,2987,2026-07-15 20:38:00,ai_plan,自然流量
17158,812,2026-07-15 20:43:00,app_launch,自然流量
60639,2841,2026-07-15 20:43:00,app_launch,微信分享裂变
60639,2841,2026-07-15 20:44:00,ai_plan,微信分享裂变
60639,2841,2026-07-15 20:45:00,view_spot,微信分享裂变
60639,2841,2026-07-15 20:48:00,view_spot,微信分享裂变
60639,2841,2026-07-15 20:51:00,view_spot,微信分享裂变
60639,2841,2026-07-15 20:54:00,view_spot,微信分享裂变
69888,3291,2026-07-15 21:35:00,app_launch,抖音信息流
110810,5245,2026-07-15 21:45:00,app_launch,抖音信息流
110810,5245,2026-07-15 21:46:00,ai_plan,抖音信息流
35332,1663,2026-07-15 21:54:00,app_launch,微信分享裂变
35332,1663,2026-07-15 21:55:00,ai_plan,微信分享裂变
35332,1663,2026-07-15 21:56:00,view_spot,微信分享裂变
46267,2165,2026-07-15 21:56:00,app_launch,微信分享裂变
46267,2165,2026-07-15 21:57:00,ai_plan,微信分享裂变
74997,3536,2026-07-15 21:58:00,app_launch,微信分享裂变
74997,3536,2026-07-15 21:59:00,ai_plan,微信分享裂变
74997,3536,2026-07-15 22:00:00,view_spot,微信分享裂变
74997,3536,2026-07-15 22:03:00,view_spot,微信分享裂变
35332,1663,2026-07-15 22:04:00,create_order,微信分享裂变
74997,3536,2026-07-15 22:06:00,view_spot,微信分享裂变
74997,3536,2026-07-15 22:06:00,add_favorite,微信分享裂变
74997,3536,2026-07-15 22:08:00,create_order,微信分享裂变
74997,3536,2026-07-15 22:09:00,view_spot,微信分享裂变
143449,6801,2026-07-15 22:30:00,app_launch,抖音信息流
90567,4292,2026-07-16 07:42:00,app_launch,自然流量
22562,1062,2026-07-16 08:13:00,app_launch,小红书种草
22562,1062,2026-07-16 08:14:00,ai_plan,小红书种草
22838,1075,2026-07-16 08:22:00,app_launch,微信分享裂变
22838,1075,2026-07-16 08:23:00,ai_plan,微信分享裂变
22838,1075,2026-07-16 08:24:00,view_spot,微信分享裂变
22838,1075,2026-07-16 08:27:00,view_spot,微信分享裂变
22838,1075,2026-07-16 08:32:00,create_order,微信分享裂变
22838,1075,2026-07-16 08:33:00,pay_order,微信分享裂变
22010,1035,2026-07-16 08:51:00,app_launch,抖音信息流
22010,1035,2026-07-16 08:52:00,ai_plan,抖音信息流
147402,6989,2026-07-16 09:08:00,app_launch,自然流量
147402,6989,2026-07-16 09:09:00,ai_plan,自然流量
147402,6989,2026-07-16 09:10:00,view_spot,自然流量
147402,6989,2026-07-16 09:13:00,view_spot,自然流量
147402,6989,2026-07-16 09:16:00,view_spot,自然流量
147402,6989,2026-07-16 09:18:00,create_order,自然流量
147402,6989,2026-07-16 09:19:00,view_spot,自然流量
147402,6989,2026-07-16 09:19:00,pay_order,自然流量
115786,5485,2026-07-16 09:22:00,app_launch,微信分享裂变
115786,5485,2026-07-16 09:23:00,ai_plan,微信分享裂变
115786,5485,2026-07-16 09:24:00,view_spot,微信分享裂变
115786,5485,2026-07-16 09:27:00,view_spot,微信分享裂变
115786,5485,2026-07-16 09:30:00,view_spot,微信分享裂变
115786,5485,2026-07-16 09:30:00,add_favorite,微信分享裂变
109873,5200,2026-07-16 09:31:00,app_launch,抖音信息流
109873,5200,2026-07-16 09:32:00,ai_plan,抖音信息流
109873,5200,2026-07-16 09:33:00,view_spot,抖音信息流
109873,5200,2026-07-16 09:36:00,view_spot,抖音信息流
109873,5200,2026-07-16 09:39:00,view_spot,抖音信息流
109873,5200,2026-07-16 09:42:00,view_spot,抖音信息流
104846,4962,2026-07-16 10:11:00,app_launch,自然流量
17161,812,2026-07-16 10:38:00,app_launch,自然流量
131689,6229,2026-07-16 10:39:00,app_launch,抖音信息流
62793,2945,2026-07-16 11:14:00,app_launch,自然流量
62793,2945,2026-07-16 11:15:00,ai_plan,自然流量
67222,3164,2026-07-16 11:27:00,app_launch,小红书种草
67222,3164,2026-07-16 11:28:00,ai_plan,小红书种草
40560,1906,2026-07-16 11:39:00,app_launch,抖音信息流
63630,2987,2026-07-16 11:42:00,app_launch,自然流量
63630,2987,2026-07-16 11:43:00,ai_plan,自然流量
63630,2987,2026-07-16 11:44:00,view_spot,自然流量
63630,2987,2026-07-16 11:47:00,view_spot,自然流量
63630,2987,2026-07-16 11:50:00,view_spot,自然流量
63630,2987,2026-07-16 11:50:00,add_favorite,自然流量
63628,2987,2026-07-16 12:07:00,app_launch,自然流量
63628,2987,2026-07-16 12:08:00,ai_plan,自然流量
63628,2987,2026-07-16 12:09:00,view_spot,自然流量
63628,2987,2026-07-16 12:12:00,view_spot,自然流量
63628,2987,2026-07-16 12:15:00,view_spot,自然流量
28580,1346,2026-07-16 12:20:00,app_launch,小红书种草
28580,1346,2026-07-16 12:21:00,ai_plan,小红书种草
92812,4394,2026-07-16 12:23:00,app_launch,小红书种草
92812,4394,2026-07-16 12:24:00,ai_plan,小红书种草
92812,4394,2026-07-16 12:25:00,view_spot,小红书种草
46437,2174,2026-07-16 13:19:00,app_launch,自然流量
46437,2174,2026-07-16 13:20:00,ai_plan,自然流量
46437,2174,2026-07-16 13:21:00,view_spot,自然流量
46437,2174,2026-07-16 13:24:00,view_spot,自然流量
46437,2174,2026-07-16 13:27:00,view_spot,自然流量
46437,2174,2026-07-16 13:29:00,create_order,自然流量
46437,2174,2026-07-16 13:30:00,pay_order,自然流量
63629,2987,2026-07-16 13:31:00,app_launch,自然流量
63629,2987,2026-07-16 13:32:00,ai_plan,自然流量
63629,2987,2026-07-16 13:33:00,view_spot,自然流量
63629,2987,2026-07-16 13:36:00,view_spot,自然流量
39357,1851,2026-07-16 13:37:00,app_launch,自然流量
142374,6748,2026-07-16 14:11:00,app_launch,抖音信息流
147404,6989,2026-07-16 14:12:00,app_launch,自然流量
92829,4395,2026-07-16 14:39:00,app_launch,抖音信息流
147403,6989,2026-07-16 14:44:00,app_launch,自然流量
147403,6989,2026-07-16 14:45:00,ai_plan,自然流量
147403,6989,2026-07-16 14:46:00,view_spot,自然流量
110811,5245,2026-07-16 14:52:00,app_launch,抖音信息流
147403,6989,2026-07-16 14:52:00,add_favorite,自然流量
110811,5245,2026-07-16 14:53:00,ai_plan,抖音信息流
110811,5245,2026-07-16 14:54:00,view_spot,抖音信息流
110811,5245,2026-07-16 14:57:00,view_spot,抖音信息流
110811,5245,2026-07-16 15:00:00,add_favorite,抖音信息流
22421,1056,2026-07-16 16:17:00,app_launch,小红书种草
22421,1056,2026-07-16 16:18:00,ai_plan,小红书种草
22421,1056,2026-07-16 16:19:00,view_spot,小红书种草
22421,1056,2026-07-16 16:22:00,view_spot,小红书种草
22421,1056,2026-07-16 16:25:00,add_favorite,小红书种草
22421,1056,2026-07-16 16:27:00,create_order,小红书种草
104845,4962,2026-07-16 16:39:00,app_launch,自然流量
48171,2253,2026-07-16 16:40:00,app_launch,抖音信息流
104845,4962,2026-07-16 16:40:00,ai_plan,自然流量
48171,2253,2026-07-16 16:41:00,ai_plan,抖音信息流
39358,1851,2026-07-16 16:43:00,app_launch,自然流量
167598,7941,2026-07-16 16:43:00,app_launch,自然流量
39358,1851,2026-07-16 16:44:00,ai_plan,自然流量
39358,1851,2026-07-16 16:45:00,view_spot,自然流量
39358,1851,2026-07-16 16:48:00,view_spot,自然流量
109871,5200,2026-07-16 16:52:00,app_launch,抖音信息流
22422,1056,2026-07-16 16:56:00,app_launch,小红书种草
22422,1056,2026-07-16 16:57:00,ai_plan,小红书种草
22422,1056,2026-07-16 16:58:00,view_spot,小红书种草
22422,1056,2026-07-16 17:01:00,view_spot,小红书种草
22422,1056,2026-07-16 17:04:00,view_spot,小红书种草
131688,6229,2026-07-16 17:06:00,app_launch,抖音信息流
131688,6229,2026-07-16 17:07:00,ai_plan,抖音信息流
39356,1851,2026-07-16 17:17:00,app_launch,自然流量
167599,7941,2026-07-16 17:18:00,app_launch,自然流量
92813,4394,2026-07-16 17:28:00,app_launch,小红书种草
92813,4394,2026-07-16 17:29:00,ai_plan,小红书种草
109872,5200,2026-07-16 17:31:00,app_launch,抖音信息流
46436,2174,2026-07-16 17:42:00,app_launch,自然流量
46436,2174,2026-07-16 17:43:00,ai_plan,自然流量
91488,4332,2026-07-16 17:51:00,app_launch,高校地推
109124,5166,2026-07-16 17:54:00,app_launch,小红书种草
22839,1075,2026-07-16 18:02:00,app_launch,微信分享裂变
22839,1075,2026-07-16 18:03:00,ai_plan,微信分享裂变
17160,812,2026-07-16 18:11:00,app_launch,自然流量
22837,1075,2026-07-16 18:11:00,app_launch,微信分享裂变
17160,812,2026-07-16 18:12:00,ai_plan,自然流量
22837,1075,2026-07-16 18:12:00,ai_plan,微信分享裂变
22837,1075,2026-07-16 18:13:00,view_spot,微信分享裂变
22837,1075,2026-07-16 18:16:00,view_spot,微信分享裂变
22837,1075,2026-07-16 18:19:00,add_favorite,微信分享裂变
22837,1075,2026-07-16 18:21:00,create_order,微信分享裂变
22837,1075,2026-07-16 18:22:00,pay_order,微信分享裂变
17162,812,2026-07-16 18:44:00,app_launch,自然流量
104847,4962,2026-07-16 18:44:00,app_launch,自然流量
104847,4962,2026-07-16 18:45:00,ai_plan,自然流量
28579,1346,2026-07-16 19:05:00,app_launch,小红书种草
28579,1346,2026-07-16 19:06:00,ai_plan,小红书种草
28579,1346,2026-07-16 19:07:00,view_spot,小红书种草
28579,1346,2026-07-16 19:10:00,view_spot,小红书种草
28579,1346,2026-07-16 19:15:00,create_order,小红书种草
21434,1010,2026-07-16 19:27:00,app_launch,抖音信息流
28578,1346,2026-07-16 19:27:00,app_launch,小红书种草
21434,1010,2026-07-16 19:28:00,ai_plan,抖音信息流
40559,1906,2026-07-16 20:53:00,app_launch,抖音信息流
62794,2945,2026-07-16 20:58:00,app_launch,自然流量
131687,6229,2026-07-16 21:16:00,app_launch,抖音信息流
131687,6229,2026-07-16 21:17:00,ai_plan,抖音信息流
131687,6229,2026-07-16 21:18:00,view_spot,抖音信息流
55242,2583,2026-07-16 21:26:00,app_launch,自然流量
77462,3657,2026-07-16 21:55:00,app_launch,自然流量
77462,3657,2026-07-16 21:56:00,ai_plan,自然流量
90568,4292,2026-07-16 22:09:00,app_launch,自然流量
46435,2174,2026-07-16 22:47:00,app_launch,自然流量
46435,2174,2026-07-16 22:48:00,ai_plan,自然流量
46435,2174,2026-07-16 22:49:00,view_spot,自然流量
46435,2174,2026-07-16 22:52:00,view_spot,自然流量
46435,2174,2026-07-16 22:55:00,view_spot,自然流量
46435,2174,2026-07-16 22:58:00,view_spot,自然流量
137169,6488,2026-07-17 07:08:00,app_launch,小红书种草
137169,6488,2026-07-17 07:09:00,ai_plan,小红书种草
137169,6488,2026-07-17 07:10:00,view_spot,小红书种草
150017,7112,2026-07-17 07:56:00,app_launch,小红书种草
150017,7112,2026-07-17 07:57:00,ai_plan,小红书种草
150017,7112,2026-07-17 07:58:00,view_spot,小红书种草
150017,7112,2026-07-17 08:04:00,add_favorite,小红书种草
150017,7112,2026-07-17 08:06:00,create_order,小红书种草
150018,7112,2026-07-17 08:06:00,app_launch,小红书种草
33063,1551,2026-07-17 08:21:00,app_launch,自然流量
33063,1551,2026-07-17 08:22:00,ai_plan,自然流量
22869,1076,2026-07-17 08:53:00,app_launch,抖音信息流
22869,1076,2026-07-17 08:54:00,ai_plan,抖音信息流
22869,1076,2026-07-17 08:55:00,view_spot,抖音信息流
29943,1408,2026-07-17 09:06:00,app_launch,自然流量
29943,1408,2026-07-17 09:07:00,ai_plan,自然流量
29943,1408,2026-07-17 09:08:00,view_spot,自然流量
29943,1408,2026-07-17 09:11:00,view_spot,自然流量
32024,1503,2026-07-17 09:37:00,app_launch,抖音信息流
159585,7558,2026-07-17 09:56:00,app_launch,抖音信息流
159585,7558,2026-07-17 09:57:00,ai_plan,抖音信息流
159584,7558,2026-07-17 10:03:00,app_launch,抖音信息流
29945,1408,2026-07-17 10:04:00,app_launch,自然流量
159584,7558,2026-07-17 10:04:00,ai_plan,抖音信息流
159584,7558,2026-07-17 10:05:00,view_spot,抖音信息流
159584,7558,2026-07-17 10:08:00,view_spot,抖音信息流
159584,7558,2026-07-17 10:11:00,view_spot,抖音信息流
159584,7558,2026-07-17 10:14:00,view_spot,抖音信息流
167622,7942,2026-07-17 10:18:00,app_launch,抖音信息流
167622,7942,2026-07-17 10:19:00,ai_plan,抖音信息流
32025,1503,2026-07-17 10:20:00,app_launch,抖音信息流
32025,1503,2026-07-17 10:21:00,ai_plan,抖音信息流
24321,1145,2026-07-17 10:22:00,app_launch,抖音信息流
24321,1145,2026-07-17 10:23:00,ai_plan,抖音信息流
28127,1323,2026-07-17 10:24:00,app_launch,自然流量
33064,1551,2026-07-17 10:26:00,app_launch,自然流量
83054,3930,2026-07-17 11:20:00,app_launch,高校地推
167623,7942,2026-07-17 11:46:00,app_launch,抖音信息流
167623,7942,2026-07-17 11:47:00,ai_plan,抖音信息流
69277,3264,2026-07-17 12:23:00,app_launch,抖音信息流
28581,1346,2026-07-17 12:28:00,app_launch,小红书种草
14667,697,2026-07-17 12:34:00,app_launch,小红书种草
14667,697,2026-07-17 12:35:00,ai_plan,小红书种草
141476,6703,2026-07-17 12:37:00,app_launch,高校地推
141476,6703,2026-07-17 12:38:00,ai_plan,高校地推
141476,6703,2026-07-17 12:39:00,view_spot,高校地推
141476,6703,2026-07-17 12:42:00,view_spot,高校地推
141476,6703,2026-07-17 12:45:00,view_spot,高校地推
141476,6703,2026-07-17 12:48:00,view_spot,高校地推
12374,587,2026-07-17 13:08:00,app_launch,自然流量
22012,1035,2026-07-17 13:20:00,app_launch,抖音信息流
33065,1551,2026-07-17 13:37:00,app_launch,自然流量
33065,1551,2026-07-17 13:38:00,ai_plan,自然流量
33065,1551,2026-07-17 13:39:00,view_spot,自然流量
62796,2945,2026-07-17 13:49:00,app_launch,自然流量
62796,2945,2026-07-17 13:50:00,ai_plan,自然流量
62796,2945,2026-07-17 13:51:00,view_spot,自然流量
60641,2841,2026-07-17 13:54:00,app_launch,微信分享裂变
60641,2841,2026-07-17 13:55:00,ai_plan,微信分享裂变
62796,2945,2026-07-17 13:57:00,add_favorite,自然流量
49209,2303,2026-07-17 14:28:00,app_launch,抖音信息流
28477,1340,2026-07-17 15:51:00,app_launch,抖音信息流
28477,1340,2026-07-17 15:52:00,ai_plan,抖音信息流
55244,2583,2026-07-17 16:30:00,app_launch,自然流量
55244,2583,2026-07-17 16:31:00,ai_plan,自然流量
29944,1408,2026-07-17 16:48:00,app_launch,自然流量
167624,7942,2026-07-17 17:09:00,app_launch,抖音信息流
133563,6320,2026-07-17 17:24:00,app_launch,小红书种草
133563,6320,2026-07-17 17:25:00,ai_plan,小红书种草
133563,6320,2026-07-17 17:26:00,view_spot,小红书种草
22868,1076,2026-07-17 17:33:00,app_launch,抖音信息流
22868,1076,2026-07-17 17:34:00,ai_plan,抖音信息流
28126,1323,2026-07-17 17:40:00,app_launch,自然流量
28126,1323,2026-07-17 17:41:00,ai_plan,自然流量
28126,1323,2026-07-17 17:42:00,view_spot,自然流量
28126,1323,2026-07-17 17:45:00,view_spot,自然流量
28126,1323,2026-07-17 17:48:00,view_spot,自然流量
28126,1323,2026-07-17 17:50:00,create_order,自然流量
44499,2081,2026-07-17 17:50:00,app_launch,抖音信息流
28126,1323,2026-07-17 17:51:00,pay_order,自然流量
44499,2081,2026-07-17 17:51:00,ai_plan,抖音信息流
62797,2945,2026-07-17 17:52:00,app_launch,自然流量
62797,2945,2026-07-17 17:53:00,ai_plan,自然流量
62797,2945,2026-07-17 17:54:00,view_spot,自然流量
28582,1346,2026-07-17 17:55:00,app_launch,小红书种草
28582,1346,2026-07-17 17:56:00,ai_plan,小红书种草
62797,2945,2026-07-17 17:57:00,view_spot,自然流量
62797,2945,2026-07-17 18:00:00,view_spot,自然流量
62797,2945,2026-07-17 18:00:00,add_favorite,自然流量
18704,880,2026-07-17 18:03:00,app_launch,小红书种草
28475,1340,2026-07-17 18:04:00,app_launch,抖音信息流
22011,1035,2026-07-17 19:01:00,app_launch,抖音信息流
22011,1035,2026-07-17 19:02:00,ai_plan,抖音信息流
159583,7558,2026-07-17 19:07:00,app_launch,抖音信息流
112417,5319,2026-07-17 19:17:00,app_launch,抖音信息流
17164,812,2026-07-17 19:34:00,app_launch,自然流量
17164,812,2026-07-17 19:35:00,ai_plan,自然流量
64492,3028,2026-07-17 20:05:00,app_launch,微信分享裂变
64492,3028,2026-07-17 20:06:00,ai_plan,微信分享裂变
64492,3028,2026-07-17 20:07:00,view_spot,微信分享裂变
64492,3028,2026-07-17 20:10:00,view_spot,微信分享裂变
64492,3028,2026-07-17 20:13:00,view_spot,微信分享裂变
64492,3028,2026-07-17 20:16:00,view_spot,微信分享裂变
62795,2945,2026-07-17 20:17:00,app_launch,自然流量
32026,1503,2026-07-17 20:19:00,app_launch,抖音信息流
32026,1503,2026-07-17 20:20:00,ai_plan,抖音信息流
28583,1346,2026-07-17 20:22:00,app_launch,小红书种草
28583,1346,2026-07-17 20:23:00,ai_plan,小红书种草
46268,2165,2026-07-17 20:31:00,app_launch,微信分享裂变
46268,2165,2026-07-17 20:32:00,ai_plan,微信分享裂变
46268,2165,2026-07-17 20:33:00,view_spot,微信分享裂变
46268,2165,2026-07-17 20:36:00,view_spot,微信分享裂变
28476,1340,2026-07-17 20:37:00,app_launch,抖音信息流
46268,2165,2026-07-17 20:39:00,view_spot,微信分享裂变
17163,812,2026-07-17 20:42:00,app_launch,自然流量
46268,2165,2026-07-17 20:42:00,view_spot,微信分享裂变
17163,812,2026-07-17 20:43:00,ai_plan,自然流量
44498,2081,2026-07-17 20:46:00,app_launch,抖音信息流
14666,697,2026-07-17 20:52:00,app_launch,小红书种草
14666,697,2026-07-17 20:53:00,ai_plan,小红书种草
150019,7112,2026-07-17 21:02:00,app_launch,小红书种草
44497,2081,2026-07-17 21:03:00,app_launch,抖音信息流
150019,7112,2026-07-17 21:03:00,ai_plan,小红书种草
44497,2081,2026-07-17 21:04:00,ai_plan,抖音信息流
150019,7112,2026-07-17 21:04:00,view_spot,小红书种草
44497,2081,2026-07-17 21:05:00,view_spot,抖音信息流
18705,880,2026-07-17 21:06:00,app_launch,小红书种草
18705,880,2026-07-17 21:07:00,ai_plan,小红书种草
18705,880,2026-07-17 21:08:00,view_spot,小红书种草
44497,2081,2026-07-17 21:08:00,view_spot,抖音信息流
18705,880,2026-07-17 21:11:00,view_spot,小红书种草
44497,2081,2026-07-17 21:11:00,view_spot,抖音信息流
18705,880,2026-07-17 21:14:00,view_spot,小红书种草
55243,2583,2026-07-17 21:19:00,app_launch,自然流量
55243,2583,2026-07-17 21:20:00,ai_plan,自然流量
55243,2583,2026-07-17 21:21:00,view_spot,自然流量
55243,2583,2026-07-17 21:24:00,view_spot,自然流量
55243,2583,2026-07-17 21:27:00,view_spot,自然流量
55243,2583,2026-07-17 21:30:00,view_spot,自然流量
141477,6703,2026-07-17 22:05:00,app_launch,高校地推
141477,6703,2026-07-17 22:06:00,ai_plan,高校地推
141477,6703,2026-07-17 22:07:00,view_spot,高校地推
92814,4394,2026-07-17 22:11:00,app_launch,小红书种草
92814,4394,2026-07-17 22:12:00,ai_plan,小红书种草
92814,4394,2026-07-17 22:13:00,view_spot,小红书种草
92814,4394,2026-07-17 22:16:00,view_spot,小红书种草
14665,697,2026-07-17 22:17:00,app_launch,小红书种草
14665,697,2026-07-17 22:18:00,ai_plan,小红书种草
92814,4394,2026-07-17 22:19:00,view_spot,小红书种草
12373,587,2026-07-17 22:45:00,app_launch,自然流量
69891,3291,2026-07-18 07:16:00,app_launch,抖音信息流
69891,3291,2026-07-18 07:17:00,ai_plan,抖音信息流
160437,7597,2026-07-18 07:31:00,app_launch,自然流量
160437,7597,2026-07-18 07:32:00,ai_plan,自然流量
159586,7558,2026-07-18 07:53:00,app_launch,抖音信息流
159586,7558,2026-07-18 07:54:00,ai_plan,抖音信息流
159586,7558,2026-07-18 07:55:00,view_spot,抖音信息流
22424,1056,2026-07-18 07:57:00,app_launch,小红书种草
22424,1056,2026-07-18 07:58:00,ai_plan,小红书种草
159586,7558,2026-07-18 07:58:00,view_spot,抖音信息流
123222,5828,2026-07-18 08:33:00,app_launch,自然流量
160438,7597,2026-07-18 08:44:00,app_launch,自然流量
160438,7597,2026-07-18 08:45:00,ai_plan,自然流量
71949,3393,2026-07-18 09:00:00,app_launch,高校地推
71949,3393,2026-07-18 09:01:00,ai_plan,高校地推
71949,3393,2026-07-18 09:02:00,view_spot,高校地推
69890,3291,2026-07-18 09:03:00,app_launch,抖音信息流
69890,3291,2026-07-18 09:04:00,ai_plan,抖音信息流
71949,3393,2026-07-18 09:05:00,view_spot,高校地推
71949,3393,2026-07-18 09:08:00,view_spot,高校地推
71949,3393,2026-07-18 09:11:00,view_spot,高校地推
67224,3164,2026-07-18 09:14:00,app_launch,小红书种草
167228,7925,2026-07-18 09:14:00,app_launch,微信分享裂变
67224,3164,2026-07-18 09:15:00,ai_plan,小红书种草
167228,7925,2026-07-18 09:15:00,ai_plan,微信分享裂变
67224,3164,2026-07-18 09:16:00,view_spot,小红书种草
167228,7925,2026-07-18 09:16:00,view_spot,微信分享裂变
67224,3164,2026-07-18 09:19:00,view_spot,小红书种草
167228,7925,2026-07-18 09:19:00,view_spot,微信分享裂变
147646,7000,2026-07-18 09:21:00,app_launch,小红书种草
67224,3164,2026-07-18 09:22:00,view_spot,小红书种草
147646,7000,2026-07-18 09:22:00,ai_plan,小红书种草
167228,7925,2026-07-18 09:22:00,view_spot,微信分享裂变
167228,7925,2026-07-18 09:22:00,add_favorite,微信分享裂变
147646,7000,2026-07-18 09:23:00,view_spot,小红书种草
167228,7925,2026-07-18 09:24:00,create_order,微信分享裂变
67224,3164,2026-07-18 09:25:00,view_spot,小红书种草
167228,7925,2026-07-18 09:25:00,pay_order,微信分享裂变
147646,7000,2026-07-18 09:26:00,view_spot,小红书种草
147646,7000,2026-07-18 09:29:00,view_spot,小红书种草
147646,7000,2026-07-18 09:29:00,add_favorite,小红书种草
137861,6522,2026-07-18 09:32:00,app_launch,抖音信息流
137861,6522,2026-07-18 09:33:00,ai_plan,抖音信息流
131953,6241,2026-07-18 09:49:00,app_launch,小红书种草
131953,6241,2026-07-18 09:50:00,ai_plan,小红书种草
131953,6241,2026-07-18 09:51:00,view_spot,小红书种草
28585,1346,2026-07-18 09:53:00,app_launch,小红书种草
131953,6241,2026-07-18 09:54:00,view_spot,小红书种草
131953,6241,2026-07-18 09:57:00,add_favorite,小红书种草
160439,7597,2026-07-18 10:17:00,app_launch,自然流量
160439,7597,2026-07-18 10:18:00,ai_plan,自然流量
160439,7597,2026-07-18 10:19:00,view_spot,自然流量
147645,7000,2026-07-18 10:24:00,app_launch,小红书种草
147645,7000,2026-07-18 10:25:00,ai_plan,小红书种草
160439,7597,2026-07-18 10:25:00,add_favorite,自然流量
32027,1503,2026-07-18 10:26:00,app_launch,抖音信息流
147645,7000,2026-07-18 10:26:00,view_spot,小红书种草
147645,7000,2026-07-18 10:29:00,view_spot,小红书种草
92817,4394,2026-07-18 10:31:00,app_launch,小红书种草
92817,4394,2026-07-18 10:32:00,ai_plan,小红书种草
147645,7000,2026-07-18 10:32:00,view_spot,小红书种草
147645,7000,2026-07-18 10:32:00,add_favorite,小红书种草
92817,4394,2026-07-18 10:33:00,view_spot,小红书种草
28586,1346,2026-07-18 10:34:00,app_launch,小红书种草
67225,3164,2026-07-18 10:49:00,app_launch,小红书种草
67225,3164,2026-07-18 10:50:00,ai_plan,小红书种草
67225,3164,2026-07-18 10:51:00,view_spot,小红书种草
67225,3164,2026-07-18 10:54:00,view_spot,小红书种草
129590,6125,2026-07-18 10:55:00,app_launch,自然流量
129590,6125,2026-07-18 10:56:00,ai_plan,自然流量
67225,3164,2026-07-18 10:57:00,view_spot,小红书种草
67225,3164,2026-07-18 11:00:00,view_spot,小红书种草
91679,4343,2026-07-18 11:12:00,app_launch,抖音信息流
91679,4343,2026-07-18 11:13:00,ai_plan,抖音信息流
91679,4343,2026-07-18 11:14:00,view_spot,抖音信息流
91679,4343,2026-07-18 11:17:00,view_spot,抖音信息流
91679,4343,2026-07-18 11:20:00,view_spot,抖音信息流
91679,4343,2026-07-18 11:23:00,view_spot,抖音信息流
64494,3028,2026-07-18 12:04:00,app_launch,微信分享裂变
64494,3028,2026-07-18 12:05:00,ai_plan,微信分享裂变
64494,3028,2026-07-18 12:06:00,view_spot,微信分享裂变
64494,3028,2026-07-18 12:09:00,view_spot,微信分享裂变
64494,3028,2026-07-18 12:12:00,view_spot,微信分享裂变
64494,3028,2026-07-18 12:14:00,create_order,微信分享裂变
64494,3028,2026-07-18 12:15:00,view_spot,微信分享裂变
64494,3028,2026-07-18 12:15:00,pay_order,微信分享裂变
22425,1056,2026-07-18 12:16:00,app_launch,小红书种草
69278,3264,2026-07-18 12:26:00,app_launch,抖音信息流
69278,3264,2026-07-18 12:27:00,ai_plan,抖音信息流
69278,3264,2026-07-18 12:28:00,view_spot,抖音信息流
69278,3264,2026-07-18 12:34:00,add_favorite,抖音信息流
123221,5828,2026-07-18 12:36:00,app_launch,自然流量
123221,5828,2026-07-18 12:37:00,ai_plan,自然流量
146690,6956,2026-07-18 12:45:00,app_launch,抖音信息流
167625,7942,2026-07-18 13:07:00,app_launch,抖音信息流
91928,4353,2026-07-18 13:12:00,app_launch,小红书种草
91928,4353,2026-07-18 13:13:00,ai_plan,小红书种草
91681,4343,2026-07-18 13:15:00,app_launch,抖音信息流
159588,7558,2026-07-18 13:26:00,app_launch,抖音信息流
159588,7558,2026-07-18 13:27:00,ai_plan,抖音信息流
159588,7558,2026-07-18 13:28:00,view_spot,抖音信息流
159588,7558,2026-07-18 13:31:00,view_spot,抖音信息流
159588,7558,2026-07-18 13:34:00,add_favorite,抖音信息流
159587,7558,2026-07-18 14:04:00,app_launch,抖音信息流
101227,4795,2026-07-18 14:30:00,app_launch,抖音信息流
9742,458,2026-07-18 15:25:00,app_launch,抖音信息流
9742,458,2026-07-18 15:26:00,ai_plan,抖音信息流
9742,458,2026-07-18 15:27:00,view_spot,抖音信息流
9742,458,2026-07-18 15:30:00,view_spot,抖音信息流
137860,6522,2026-07-18 15:31:00,app_launch,抖音信息流
9742,458,2026-07-18 15:33:00,view_spot,抖音信息流
92816,4394,2026-07-18 16:04:00,app_launch,小红书种草
9911,466,2026-07-18 16:06:00,app_launch,小红书种草
9911,466,2026-07-18 16:07:00,ai_plan,小红书种草
9911,466,2026-07-18 16:08:00,view_spot,小红书种草
1373,66,2026-07-18 16:09:00,app_launch,抖音信息流
9911,466,2026-07-18 16:11:00,view_spot,小红书种草
131691,6229,2026-07-18 16:13:00,app_launch,抖音信息流
9911,466,2026-07-18 16:14:00,view_spot,小红书种草
131691,6229,2026-07-18 16:14:00,ai_plan,抖音信息流
131691,6229,2026-07-18 16:15:00,view_spot,抖音信息流
9911,466,2026-07-18 16:16:00,create_order,小红书种草
131691,6229,2026-07-18 16:18:00,view_spot,抖音信息流
131691,6229,2026-07-18 16:21:00,view_spot,抖音信息流
131691,6229,2026-07-18 16:21:00,add_favorite,抖音信息流
62798,2945,2026-07-18 16:27:00,app_launch,自然流量
167229,7925,2026-07-18 16:31:00,app_launch,微信分享裂变
92815,4394,2026-07-18 16:32:00,app_launch,小红书种草
167229,7925,2026-07-18 16:32:00,ai_plan,微信分享裂变
40563,1906,2026-07-18 16:33:00,app_launch,抖音信息流
167229,7925,2026-07-18 16:33:00,view_spot,微信分享裂变
40563,1906,2026-07-18 16:34:00,ai_plan,抖音信息流
52798,2466,2026-07-18 16:40:00,app_launch,小红书种草
52798,2466,2026-07-18 16:41:00,ai_plan,小红书种草
52798,2466,2026-07-18 16:42:00,view_spot,小红书种草
64493,3028,2026-07-18 16:42:00,app_launch,微信分享裂变
64493,3028,2026-07-18 16:43:00,ai_plan,微信分享裂变
64493,3028,2026-07-18 16:44:00,view_spot,微信分享裂变
52798,2466,2026-07-18 16:45:00,view_spot,小红书种草
64493,3028,2026-07-18 16:47:00,view_spot,微信分享裂变
52798,2466,2026-07-18 16:48:00,add_favorite,小红书种草
64493,3028,2026-07-18 16:52:00,create_order,微信分享裂变
64493,3028,2026-07-18 16:53:00,pay_order,微信分享裂变
167227,7925,2026-07-18 16:59:00,app_launch,微信分享裂变
167227,7925,2026-07-18 17:00:00,ai_plan,微信分享裂变
167227,7925,2026-07-18 17:01:00,view_spot,微信分享裂变
167227,7925,2026-07-18 17:04:00,view_spot,微信分享裂变
71369,3363,2026-07-18 17:05:00,app_launch,小红书种草
71369,3363,2026-07-18 17:06:00,ai_plan,小红书种草
71369,3363,2026-07-18 17:07:00,view_spot,小红书种草
167227,7925,2026-07-18 17:07:00,view_spot,微信分享裂变
71369,3363,2026-07-18 17:10:00,view_spot,小红书种草
71369,3363,2026-07-18 17:13:00,view_spot,小红书种草
9910,466,2026-07-18 17:16:00,app_launch,小红书种草
71369,3363,2026-07-18 17:16:00,view_spot,小红书种草
69889,3291,2026-07-18 17:45:00,app_launch,抖音信息流
69889,3291,2026-07-18 17:46:00,ai_plan,抖音信息流
69889,3291,2026-07-18 17:47:00,view_spot,抖音信息流
22423,1056,2026-07-18 17:48:00,app_launch,小红书种草
22423,1056,2026-07-18 17:49:00,ai_plan,小红书种草
69889,3291,2026-07-18 17:53:00,add_favorite,抖音信息流
62799,2945,2026-07-18 18:02:00,app_launch,自然流量
62799,2945,2026-07-18 18:03:00,ai_plan,自然流量
62799,2945,2026-07-18 18:04:00,view_spot,自然流量
62799,2945,2026-07-18 18:07:00,view_spot,自然流量
167626,7942,2026-07-18 18:09:00,app_launch,抖音信息流
62799,2945,2026-07-18 18:10:00,view_spot,自然流量
62799,2945,2026-07-18 18:13:00,view_spot,自然流量
34412,1619,2026-07-18 18:17:00,app_launch,高校地推
69279,3264,2026-07-18 18:37:00,app_launch,抖音信息流
69279,3264,2026-07-18 18:38:00,ai_plan,抖音信息流
69279,3264,2026-07-18 18:39:00,view_spot,抖音信息流
69279,3264,2026-07-18 18:42:00,view_spot,抖音信息流
69279,3264,2026-07-18 18:45:00,view_spot,抖音信息流
9743,458,2026-07-18 18:49:00,app_launch,抖音信息流
9743,458,2026-07-18 18:50:00,ai_plan,抖音信息流
9743,458,2026-07-18 18:51:00,view_spot,抖音信息流
9743,458,2026-07-18 18:54:00,view_spot,抖音信息流
9743,458,2026-07-18 18:57:00,view_spot,抖音信息流
9743,458,2026-07-18 18:59:00,create_order,抖音信息流
9743,458,2026-07-18 19:00:00,view_spot,抖音信息流
9743,458,2026-07-18 19:00:00,pay_order,抖音信息流
1372,66,2026-07-18 19:02:00,app_launch,抖音信息流
1372,66,2026-07-18 19:03:00,ai_plan,抖音信息流
167627,7942,2026-07-18 19:10:00,app_launch,抖音信息流
167627,7942,2026-07-18 19:11:00,ai_plan,抖音信息流
44500,2081,2026-07-18 19:17:00,app_launch,抖音信息流
44500,2081,2026-07-18 19:18:00,ai_plan,抖音信息流
148553,7043,2026-07-18 19:27:00,app_launch,自然流量
141230,6689,2026-07-18 19:29:00,app_launch,抖音信息流
147647,7000,2026-07-18 19:42:00,app_launch,小红书种草
131955,6241,2026-07-18 19:54:00,app_launch,小红书种草
131955,6241,2026-07-18 19:55:00,ai_plan,小红书种草
131955,6241,2026-07-18 19:56:00,view_spot,小红书种草
141231,6689,2026-07-18 19:58:00,app_launch,抖音信息流
131955,6241,2026-07-18 19:59:00,view_spot,小红书种草
131955,6241,2026-07-18 20:02:00,view_spot,小红书种草
28584,1346,2026-07-18 20:04:00,app_launch,小红书种草
28584,1346,2026-07-18 20:05:00,ai_plan,小红书种草
131955,6241,2026-07-18 20:05:00,view_spot,小红书种草
9909,466,2026-07-18 20:23:00,app_launch,小红书种草
9909,466,2026-07-18 20:24:00,ai_plan,小红书种草
9909,466,2026-07-18 20:25:00,view_spot,小红书种草
9909,466,2026-07-18 20:28:00,view_spot,小红书种草
9909,466,2026-07-18 20:31:00,add_favorite,小红书种草
131690,6229,2026-07-18 20:34:00,app_launch,抖音信息流
91680,4343,2026-07-18 21:03:00,app_launch,抖音信息流
91680,4343,2026-07-18 21:04:00,ai_plan,抖音信息流
91680,4343,2026-07-18 21:05:00,view_spot,抖音信息流
91680,4343,2026-07-18 21:08:00,view_spot,抖音信息流
114139,5403,2026-07-18 21:08:00,app_launch,抖音信息流
114139,5403,2026-07-18 21:09:00,ai_plan,抖音信息流
67223,3164,2026-07-18 21:10:00,app_launch,小红书种草
67223,3164,2026-07-18 21:11:00,ai_plan,小红书种草
67223,3164,2026-07-18 21:12:00,view_spot,小红书种草
129589,6125,2026-07-18 21:14:00,app_launch,自然流量
67223,3164,2026-07-18 21:15:00,view_spot,小红书种草
129589,6125,2026-07-18 21:15:00,ai_plan,自然流量
129589,6125,2026-07-18 21:16:00,view_spot,自然流量
129589,6125,2026-07-18 21:19:00,view_spot,自然流量
129589,6125,2026-07-18 21:22:00,view_spot,自然流量
129589,6125,2026-07-18 21:25:00,view_spot,自然流量
137859,6522,2026-07-18 21:26:00,app_launch,抖音信息流
137859,6522,2026-07-18 21:27:00,ai_plan,抖音信息流
137859,6522,2026-07-18 21:28:00,view_spot,抖音信息流
131954,6241,2026-07-18 21:53:00,app_launch,小红书种草
131954,6241,2026-07-18 21:54:00,ai_plan,小红书种草
131954,6241,2026-07-18 21:55:00,view_spot,小红书种草
131954,6241,2026-07-18 21:58:00,view_spot,小红书种草
131954,6241,2026-07-18 22:01:00,add_favorite,小红书种草
74958,3535,2026-07-18 22:05:00,app_launch,小红书种草
74958,3535,2026-07-18 22:06:00,ai_plan,小红书种草
74958,3535,2026-07-18 22:07:00,view_spot,小红书种草
49210,2303,2026-07-18 22:22:00,app_launch,抖音信息流
49210,2303,2026-07-18 22:23:00,ai_plan,抖音信息流
40561,1906,2026-07-18 22:24:00,app_launch,抖音信息流
49210,2303,2026-07-18 22:24:00,view_spot,抖音信息流
40561,1906,2026-07-18 22:25:00,ai_plan,抖音信息流
49210,2303,2026-07-18 22:27:00,view_spot,抖音信息流
49210,2303,2026-07-18 22:30:00,view_spot,抖音信息流
49210,2303,2026-07-18 22:33:00,view_spot,抖音信息流
64495,3028,2026-07-18 22:39:00,app_launch,微信分享裂变
64495,3028,2026-07-18 22:40:00,ai_plan,微信分享裂变
64495,3028,2026-07-18 22:41:00,view_spot,微信分享裂变
64495,3028,2026-07-18 22:44:00,view_spot,微信分享裂变
64495,3028,2026-07-18 22:47:00,view_spot,微信分享裂变
64495,3028,2026-07-18 22:47:00,add_favorite,微信分享裂变
40562,1906,2026-07-18 22:57:00,app_launch,抖音信息流
40562,1906,2026-07-18 22:58:00,ai_plan,抖音信息流
22563,1062,2026-07-18 22:59:00,app_launch,小红书种草
22563,1062,2026-07-18 23:00:00,ai_plan,小红书种草
28588,1346,2026-07-19 07:06:00,app_launch,小红书种草
28588,1346,2026-07-19 07:07:00,ai_plan,小红书种草
28588,1346,2026-07-19 07:08:00,view_spot,小红书种草
74959,3535,2026-07-19 07:17:00,app_launch,小红书种草
74959,3535,2026-07-19 07:18:00,ai_plan,小红书种草
49211,2303,2026-07-19 07:23:00,app_launch,抖音信息流
49211,2303,2026-07-19 07:24:00,ai_plan,抖音信息流
49211,2303,2026-07-19 07:25:00,view_spot,抖音信息流
33067,1551,2026-07-19 07:27:00,app_launch,自然流量
49211,2303,2026-07-19 07:28:00,view_spot,抖音信息流
49211,2303,2026-07-19 07:33:00,create_order,抖音信息流
63655,2988,2026-07-19 08:26:00,app_launch,抖音信息流
63655,2988,2026-07-19 08:27:00,ai_plan,抖音信息流
63655,2988,2026-07-19 08:28:00,view_spot,抖音信息流
17167,812,2026-07-19 08:31:00,app_launch,自然流量
17167,812,2026-07-19 08:32:00,ai_plan,自然流量
82802,3916,2026-07-19 09:05:00,app_launch,抖音信息流
82802,3916,2026-07-19 09:06:00,ai_plan,抖音信息流
91235,4320,2026-07-19 09:34:00,app_launch,抖音信息流
91235,4320,2026-07-19 09:35:00,ai_plan,抖音信息流
91235,4320,2026-07-19 09:36:00,view_spot,抖音信息流
91235,4320,2026-07-19 09:39:00,view_spot,抖音信息流
91234,4320,2026-07-19 09:40:00,app_launch,抖音信息流
91234,4320,2026-07-19 09:41:00,ai_plan,抖音信息流
63657,2988,2026-07-19 09:47:00,app_launch,抖音信息流
63657,2988,2026-07-19 09:48:00,ai_plan,抖音信息流
17165,812,2026-07-19 10:13:00,app_launch,自然流量
17165,812,2026-07-19 10:14:00,ai_plan,自然流量
17165,812,2026-07-19 10:15:00,view_spot,自然流量
17165,812,2026-07-19 10:21:00,add_favorite,自然流量
46438,2174,2026-07-19 10:43:00,app_launch,自然流量
46438,2174,2026-07-19 10:44:00,ai_plan,自然流量
137863,6522,2026-07-19 10:49:00,app_launch,抖音信息流
137863,6522,2026-07-19 10:50:00,ai_plan,抖音信息流
63656,2988,2026-07-19 11:08:00,app_launch,抖音信息流
63656,2988,2026-07-19 11:09:00,ai_plan,抖音信息流
63656,2988,2026-07-19 11:10:00,view_spot,抖音信息流
63656,2988,2026-07-19 11:13:00,view_spot,抖音信息流
28587,1346,2026-07-19 11:15:00,app_launch,小红书种草
63656,2988,2026-07-19 11:16:00,view_spot,抖音信息流
92830,4395,2026-07-19 11:45:00,app_launch,抖音信息流
92830,4395,2026-07-19 11:46:00,ai_plan,抖音信息流
92830,4395,2026-07-19 11:47:00,view_spot,抖音信息流
92830,4395,2026-07-19 11:50:00,view_spot,抖音信息流
92830,4395,2026-07-19 11:53:00,view_spot,抖音信息流
33068,1551,2026-07-19 11:56:00,app_launch,自然流量
33068,1551,2026-07-19 11:57:00,ai_plan,自然流量
137862,6522,2026-07-19 12:05:00,app_launch,抖音信息流
137862,6522,2026-07-19 12:06:00,ai_plan,抖音信息流
137862,6522,2026-07-19 12:07:00,view_spot,抖音信息流
137862,6522,2026-07-19 12:10:00,view_spot,抖音信息流
80819,3814,2026-07-19 12:13:00,app_launch,自然流量
137862,6522,2026-07-19 12:13:00,view_spot,抖音信息流
137862,6522,2026-07-19 12:13:00,add_favorite,抖音信息流
80819,3814,2026-07-19 12:14:00,ai_plan,自然流量
137862,6522,2026-07-19 12:16:00,view_spot,抖音信息流
91682,4343,2026-07-19 12:42:00,app_launch,抖音信息流
32769,1536,2026-07-19 12:53:00,app_launch,抖音信息流
33066,1551,2026-07-19 13:38:00,app_launch,自然流量
33066,1551,2026-07-19 13:39:00,ai_plan,自然流量
17166,812,2026-07-19 13:52:00,app_launch,自然流量
17166,812,2026-07-19 13:53:00,ai_plan,自然流量
17166,812,2026-07-19 13:54:00,view_spot,自然流量
17166,812,2026-07-19 13:57:00,view_spot,自然流量
17166,812,2026-07-19 14:00:00,view_spot,自然流量
17166,812,2026-07-19 14:00:00,add_favorite,自然流量
17166,812,2026-07-19 14:03:00,view_spot,自然流量
104848,4962,2026-07-19 14:21:00,app_launch,自然流量
104848,4962,2026-07-19 14:22:00,ai_plan,自然流量
104848,4962,2026-07-19 14:23:00,view_spot,自然流量
104848,4962,2026-07-19 14:26:00,view_spot,自然流量
104848,4962,2026-07-19 14:29:00,view_spot,自然流量
104848,4962,2026-07-19 14:29:00,add_favorite,自然流量
104848,4962,2026-07-19 14:32:00,view_spot,自然流量
105304,4982,2026-07-19 14:39:00,app_launch,自然流量
105304,4982,2026-07-19 14:40:00,ai_plan,自然流量
105304,4982,2026-07-19 14:41:00,view_spot,自然流量
105304,4982,2026-07-19 14:44:00,view_spot,自然流量
105304,4982,2026-07-19 14:47:00,view_spot,自然流量
105304,4982,2026-07-19 14:50:00,view_spot,自然流量
14395,683,2026-07-19 14:51:00,app_launch,自然流量
14395,683,2026-07-19 14:52:00,ai_plan,自然流量
14395,683,2026-07-19 14:53:00,view_spot,自然流量
14395,683,2026-07-19 14:56:00,view_spot,自然流量
14395,683,2026-07-19 14:59:00,add_favorite,自然流量
69892,3291,2026-07-19 15:01:00,app_launch,抖音信息流
69892,3291,2026-07-19 15:02:00,ai_plan,抖音信息流
80818,3814,2026-07-19 15:05:00,app_launch,自然流量
80818,3814,2026-07-19 15:06:00,ai_plan,自然流量
80818,3814,2026-07-19 15:07:00,view_spot,自然流量
80818,3814,2026-07-19 15:10:00,view_spot,自然流量
80818,3814,2026-07-19 15:13:00,view_spot,自然流量
142375,6748,2026-07-19 15:13:00,app_launch,抖音信息流
142375,6748,2026-07-19 15:14:00,ai_plan,抖音信息流
141923,6727,2026-07-19 15:27:00,app_launch,自然流量
141923,6727,2026-07-19 15:28:00,ai_plan,自然流量
102644,4862,2026-07-19 15:42:00,app_launch,微信分享裂变
102644,4862,2026-07-19 15:43:00,ai_plan,微信分享裂变
102644,4862,2026-07-19 15:44:00,view_spot,微信分享裂变
102644,4862,2026-07-19 15:47:00,view_spot,微信分享裂变
102644,4862,2026-07-19 15:50:00,view_spot,微信分享裂变
141922,6727,2026-07-19 15:52:00,app_launch,自然流量
120976,5724,2026-07-19 16:29:00,app_launch,微信分享裂变
28589,1346,2026-07-19 16:53:00,app_launch,小红书种草
28589,1346,2026-07-19 16:54:00,ai_plan,小红书种草
69893,3291,2026-07-19 17:26:00,app_launch,抖音信息流
69893,3291,2026-07-19 17:27:00,ai_plan,抖音信息流
69893,3291,2026-07-19 17:28:00,view_spot,抖音信息流
69893,3291,2026-07-19 17:31:00,view_spot,抖音信息流
69893,3291,2026-07-19 17:34:00,view_spot,抖音信息流
69893,3291,2026-07-19 17:37:00,view_spot,抖音信息流
69894,3291,2026-07-19 17:40:00,app_launch,抖音信息流
14396,683,2026-07-19 17:55:00,app_launch,自然流量
14396,683,2026-07-19 17:56:00,ai_plan,自然流量
52799,2466,2026-07-19 17:56:00,app_launch,小红书种草
14396,683,2026-07-19 17:57:00,view_spot,自然流量
52799,2466,2026-07-19 17:57:00,ai_plan,小红书种草
52799,2466,2026-07-19 17:58:00,view_spot,小红书种草
10247,484,2026-07-19 17:59:00,app_launch,抖音信息流
14396,683,2026-07-19 18:00:00,view_spot,自然流量
52799,2466,2026-07-19 18:01:00,view_spot,小红书种草
52799,2466,2026-07-19 18:04:00,view_spot,小红书种草
52799,2466,2026-07-19 18:07:00,view_spot,小红书种草
154345,7312,2026-07-19 18:18:00,app_launch,自然流量
105306,4982,2026-07-19 18:23:00,app_launch,自然流量
105306,4982,2026-07-19 18:24:00,ai_plan,自然流量
91683,4343,2026-07-19 18:43:00,app_launch,抖音信息流
114141,5403,2026-07-19 19:04:00,app_launch,抖音信息流
114141,5403,2026-07-19 19:05:00,ai_plan,抖音信息流
114141,5403,2026-07-19 19:06:00,view_spot,抖音信息流
114141,5403,2026-07-19 19:09:00,view_spot,抖音信息流
114141,5403,2026-07-19 19:12:00,add_favorite,抖音信息流
85733,4055,2026-07-19 19:14:00,app_launch,微信分享裂变
114141,5403,2026-07-19 19:14:00,create_order,抖音信息流
85733,4055,2026-07-19 19:15:00,ai_plan,微信分享裂变
114141,5403,2026-07-19 19:15:00,pay_order,抖音信息流
80817,3814,2026-07-19 19:20:00,app_launch,自然流量
80817,3814,2026-07-19 19:21:00,ai_plan,自然流量
154347,7312,2026-07-19 19:33:00,app_launch,自然流量
154347,7312,2026-07-19 19:34:00,ai_plan,自然流量
60642,2841,2026-07-19 19:44:00,app_launch,微信分享裂变
60642,2841,2026-07-19 19:45:00,ai_plan,微信分享裂变
60644,2841,2026-07-19 20:02:00,app_launch,微信分享裂变
91684,4343,2026-07-19 20:03:00,app_launch,抖音信息流
91684,4343,2026-07-19 20:04:00,ai_plan,抖音信息流
91684,4343,2026-07-19 20:05:00,view_spot,抖音信息流
91684,4343,2026-07-19 20:11:00,add_favorite,抖音信息流
82801,3916,2026-07-19 20:24:00,app_launch,抖音信息流
82801,3916,2026-07-19 20:25:00,ai_plan,抖音信息流
114140,5403,2026-07-19 20:31:00,app_launch,抖音信息流
154346,7312,2026-07-19 20:50:00,app_launch,自然流量
154346,7312,2026-07-19 20:51:00,ai_plan,自然流量
154346,7312,2026-07-19 20:52:00,view_spot,自然流量
105305,4982,2026-07-19 21:56:00,app_launch,自然流量
105305,4982,2026-07-19 21:57:00,ai_plan,自然流量
142376,6748,2026-07-19 22:52:00,app_launch,抖音信息流
142376,6748,2026-07-19 22:53:00,ai_plan,抖音信息流
60643,2841,2026-07-19 22:57:00,app_launch,微信分享裂变
60643,2841,2026-07-19 22:58:00,ai_plan,微信分享裂变
109125,5166,2026-07-20 07:21:00,app_launch,小红书种草
109125,5166,2026-07-20 07:22:00,ai_plan,小红书种草
109125,5166,2026-07-20 07:23:00,view_spot,小红书种草
109125,5166,2026-07-20 07:26:00,view_spot,小红书种草
109125,5166,2026-07-20 07:29:00,add_favorite,小红书种草
69784,3287,2026-07-20 07:37:00,app_launch,小红书种草
69784,3287,2026-07-20 07:38:00,ai_plan,小红书种草
69784,3287,2026-07-20 07:39:00,view_spot,小红书种草
69784,3287,2026-07-20 07:42:00,view_spot,小红书种草
69784,3287,2026-07-20 07:47:00,create_order,小红书种草
49212,2303,2026-07-20 08:01:00,app_launch,抖音信息流
49212,2303,2026-07-20 08:02:00,ai_plan,抖音信息流
163247,7732,2026-07-20 08:35:00,app_launch,抖音信息流
163247,7732,2026-07-20 08:36:00,ai_plan,抖音信息流
163247,7732,2026-07-20 08:37:00,view_spot,抖音信息流
163247,7732,2026-07-20 08:40:00,view_spot,抖音信息流
163247,7732,2026-07-20 08:43:00,view_spot,抖音信息流
163247,7732,2026-07-20 08:43:00,add_favorite,抖音信息流
16087,764,2026-07-20 08:48:00,app_launch,自然流量
148556,7043,2026-07-20 09:12:00,app_launch,自然流量
148556,7043,2026-07-20 09:13:00,ai_plan,自然流量
148556,7043,2026-07-20 09:14:00,view_spot,自然流量
104850,4962,2026-07-20 09:17:00,app_launch,自然流量
148556,7043,2026-07-20 09:17:00,view_spot,自然流量
148556,7043,2026-07-20 09:20:00,add_favorite,自然流量
109126,5166,2026-07-20 09:34:00,app_launch,小红书种草
109126,5166,2026-07-20 09:35:00,ai_plan,小红书种草
109126,5166,2026-07-20 09:36:00,view_spot,小红书种草
109126,5166,2026-07-20 09:39:00,view_spot,小红书种草
123549,5841,2026-07-20 09:46:00,app_launch,抖音信息流
123549,5841,2026-07-20 09:47:00,ai_plan,抖音信息流
146200,6932,2026-07-20 10:33:00,app_launch,小红书种草
146200,6932,2026-07-20 10:34:00,ai_plan,小红书种草
146200,6932,2026-07-20 10:35:00,view_spot,小红书种草
146200,6932,2026-07-20 10:38:00,view_spot,小红书种草
146200,6932,2026-07-20 10:41:00,view_spot,小红书种草
137627,6508,2026-07-20 10:44:00,app_launch,自然流量
115090,5448,2026-07-20 10:46:00,app_launch,抖音信息流
74998,3536,2026-07-20 10:50:00,app_launch,微信分享裂变
74998,3536,2026-07-20 10:51:00,ai_plan,微信分享裂变
74998,3536,2026-07-20 10:52:00,view_spot,微信分享裂变
74998,3536,2026-07-20 10:55:00,view_spot,微信分享裂变
91236,4320,2026-07-20 10:56:00,app_launch,抖音信息流
91236,4320,2026-07-20 10:57:00,ai_plan,抖音信息流
74998,3536,2026-07-20 10:58:00,view_spot,微信分享裂变
91236,4320,2026-07-20 10:58:00,view_spot,抖音信息流
115091,5448,2026-07-20 10:59:00,app_launch,抖音信息流
74998,3536,2026-07-20 11:01:00,view_spot,微信分享裂变
91236,4320,2026-07-20 11:01:00,view_spot,抖音信息流
104851,4962,2026-07-20 11:08:00,app_launch,自然流量
57970,2717,2026-07-20 11:14:00,app_launch,抖音信息流
57970,2717,2026-07-20 11:15:00,ai_plan,抖音信息流
57970,2717,2026-07-20 11:16:00,view_spot,抖音信息流
57970,2717,2026-07-20 11:19:00,view_spot,抖音信息流
38986,1836,2026-07-20 11:27:00,app_launch,自然流量
38986,1836,2026-07-20 11:28:00,ai_plan,自然流量
146199,6932,2026-07-20 11:30:00,app_launch,小红书种草
146199,6932,2026-07-20 11:31:00,ai_plan,小红书种草
17168,812,2026-07-20 11:39:00,app_launch,自然流量
17168,812,2026-07-20 11:40:00,ai_plan,自然流量
17168,812,2026-07-20 11:41:00,view_spot,自然流量
17168,812,2026-07-20 11:44:00,view_spot,自然流量
17168,812,2026-07-20 11:47:00,add_favorite,自然流量
74999,3536,2026-07-20 12:19:00,app_launch,微信分享裂变
74999,3536,2026-07-20 12:20:00,ai_plan,微信分享裂变
79675,3762,2026-07-20 12:32:00,app_launch,抖音信息流
79675,3762,2026-07-20 12:33:00,ai_plan,抖音信息流
114143,5403,2026-07-20 13:37:00,app_launch,抖音信息流
154348,7312,2026-07-20 13:38:00,app_launch,自然流量
154350,7312,2026-07-20 13:38:00,app_launch,自然流量
154348,7312,2026-07-20 13:39:00,ai_plan,自然流量
154350,7312,2026-07-20 13:39:00,ai_plan,自然流量
69785,3287,2026-07-20 13:44:00,app_launch,小红书种草
69785,3287,2026-07-20 13:45:00,ai_plan,小红书种草
69785,3287,2026-07-20 13:46:00,view_spot,小红书种草
69785,3287,2026-07-20 13:49:00,view_spot,小红书种草
69785,3287,2026-07-20 13:52:00,view_spot,小红书种草
75000,3536,2026-07-20 15:06:00,app_launch,微信分享裂变
131692,6229,2026-07-20 15:20:00,app_launch,抖音信息流
79676,3762,2026-07-20 15:30:00,app_launch,抖音信息流
21583,1018,2026-07-20 15:50:00,app_launch,微信分享裂变
21583,1018,2026-07-20 15:51:00,ai_plan,微信分享裂变
131694,6229,2026-07-20 16:21:00,app_launch,抖音信息流
131694,6229,2026-07-20 16:22:00,ai_plan,抖音信息流
69786,3287,2026-07-20 16:23:00,app_launch,小红书种草
131694,6229,2026-07-20 16:23:00,view_spot,抖音信息流
69786,3287,2026-07-20 16:24:00,ai_plan,小红书种草
131694,6229,2026-07-20 16:26:00,view_spot,抖音信息流
131694,6229,2026-07-20 16:29:00,view_spot,抖音信息流
131694,6229,2026-07-20 16:29:00,add_favorite,抖音信息流
148555,7043,2026-07-20 16:49:00,app_launch,自然流量
146201,6932,2026-07-20 17:33:00,app_launch,小红书种草
146201,6932,2026-07-20 17:34:00,ai_plan,小红书种草
146201,6932,2026-07-20 17:35:00,view_spot,小红书种草
146201,6932,2026-07-20 17:38:00,view_spot,小红书种草
146201,6932,2026-07-20 17:41:00,view_spot,小红书种草
146201,6932,2026-07-20 17:44:00,view_spot,小红书种草
22174,1043,2026-07-20 17:49:00,app_launch,小红书种草
163246,7732,2026-07-20 18:12:00,app_launch,抖音信息流
163246,7732,2026-07-20 18:13:00,ai_plan,抖音信息流
163246,7732,2026-07-20 18:14:00,view_spot,抖音信息流
57971,2717,2026-07-20 18:16:00,app_launch,抖音信息流
163246,7732,2026-07-20 18:17:00,view_spot,抖音信息流
114142,5403,2026-07-20 18:18:00,app_launch,抖音信息流
114142,5403,2026-07-20 18:19:00,ai_plan,抖音信息流
114142,5403,2026-07-20 18:20:00,view_spot,抖音信息流
22175,1043,2026-07-20 18:23:00,app_launch,小红书种草
114142,5403,2026-07-20 18:23:00,view_spot,抖音信息流
22175,1043,2026-07-20 18:24:00,ai_plan,小红书种草
114142,5403,2026-07-20 18:26:00,view_spot,抖音信息流
163248,7732,2026-07-20 19:27:00,app_launch,抖音信息流
114144,5403,2026-07-20 19:35:00,app_launch,抖音信息流
162816,7710,2026-07-20 21:10:00,app_launch,小红书种草
69895,3291,2026-07-20 21:19:00,app_launch,抖音信息流
115089,5448,2026-07-20 21:27:00,app_launch,抖音信息流
115089,5448,2026-07-20 21:28:00,ai_plan,抖音信息流
148554,7043,2026-07-20 21:28:00,app_launch,自然流量
148554,7043,2026-07-20 21:29:00,ai_plan,自然流量
148554,7043,2026-07-20 21:30:00,view_spot,自然流量
148554,7043,2026-07-20 21:33:00,view_spot,自然流量
148554,7043,2026-07-20 21:36:00,view_spot,自然流量
154349,7312,2026-07-20 21:38:00,app_launch,自然流量
131693,6229,2026-07-20 22:44:00,app_launch,抖音信息流
104849,4962,2026-07-20 22:45:00,app_launch,自然流量
120979,5724,2026-07-21 07:01:00,app_launch,微信分享裂变
120979,5724,2026-07-21 07:02:00,ai_plan,微信分享裂变
120979,5724,2026-07-21 07:03:00,view_spot,微信分享裂变
120979,5724,2026-07-21 07:06:00,view_spot,微信分享裂变
120979,5724,2026-07-21 07:09:00,view_spot,微信分享裂变
120979,5724,2026-07-21 07:09:00,add_favorite,微信分享裂变
120979,5724,2026-07-21 07:11:00,create_order,微信分享裂变
120979,5724,2026-07-21 07:12:00,pay_order,微信分享裂变
91685,4343,2026-07-21 07:25:00,app_launch,抖音信息流
34413,1619,2026-07-21 08:01:00,app_launch,高校地推
77464,3657,2026-07-21 08:05:00,app_launch,自然流量
77464,3657,2026-07-21 08:06:00,ai_plan,自然流量
77464,3657,2026-07-21 08:07:00,view_spot,自然流量
77464,3657,2026-07-21 08:10:00,view_spot,自然流量
77464,3657,2026-07-21 08:13:00,view_spot,自然流量
77464,3657,2026-07-21 08:13:00,add_favorite,自然流量
77464,3657,2026-07-21 08:16:00,view_spot,自然流量
71370,3363,2026-07-21 09:05:00,app_launch,小红书种草
12376,587,2026-07-21 09:52:00,app_launch,自然流量
12376,587,2026-07-21 09:53:00,ai_plan,自然流量
12376,587,2026-07-21 09:54:00,view_spot,自然流量
92819,4394,2026-07-21 10:04:00,app_launch,小红书种草
40564,1906,2026-07-21 11:00:00,app_launch,抖音信息流
44501,2081,2026-07-21 11:00:00,app_launch,抖音信息流
40564,1906,2026-07-21 11:01:00,ai_plan,抖音信息流
44501,2081,2026-07-21 11:01:00,ai_plan,抖音信息流
21435,1010,2026-07-21 12:59:00,app_launch,抖音信息流
21435,1010,2026-07-21 13:00:00,ai_plan,抖音信息流
69787,3287,2026-07-21 13:04:00,app_launch,小红书种草
120978,5724,2026-07-21 13:24:00,app_launch,微信分享裂变
120978,5724,2026-07-21 13:25:00,ai_plan,微信分享裂变
120978,5724,2026-07-21 13:26:00,view_spot,微信分享裂变
69789,3287,2026-07-21 13:28:00,app_launch,小红书种草
69789,3287,2026-07-21 13:29:00,ai_plan,小红书种草
109127,5166,2026-07-21 13:29:00,app_launch,小红书种草
69789,3287,2026-07-21 13:30:00,view_spot,小红书种草
109127,5166,2026-07-21 13:30:00,ai_plan,小红书种草
109127,5166,2026-07-21 13:31:00,view_spot,小红书种草
120978,5724,2026-07-21 13:32:00,add_favorite,微信分享裂变
69789,3287,2026-07-21 13:33:00,view_spot,小红书种草
109127,5166,2026-07-21 13:34:00,view_spot,小红书种草
109127,5166,2026-07-21 13:37:00,view_spot,小红书种草
109127,5166,2026-07-21 13:37:00,add_favorite,小红书种草
92818,4394,2026-07-21 13:39:00,app_launch,小红书种草
92818,4394,2026-07-21 13:40:00,ai_plan,小红书种草
109127,5166,2026-07-21 13:40:00,view_spot,小红书种草
105610,4998,2026-07-21 13:46:00,app_launch,抖音信息流
91686,4343,2026-07-21 13:50:00,app_launch,抖音信息流
21437,1010,2026-07-21 13:55:00,app_launch,抖音信息流
146202,6932,2026-07-21 13:55:00,app_launch,小红书种草
21437,1010,2026-07-21 13:56:00,ai_plan,抖音信息流
21436,1010,2026-07-21 15:37:00,app_launch,抖音信息流
21436,1010,2026-07-21 15:38:00,ai_plan,抖音信息流
146203,6932,2026-07-21 15:59:00,app_launch,小红书种草
146203,6932,2026-07-21 16:00:00,ai_plan,小红书种草
71372,3363,2026-07-21 16:29:00,app_launch,小红书种草
71372,3363,2026-07-21 16:30:00,ai_plan,小红书种草
62800,2945,2026-07-21 16:48:00,app_launch,自然流量
62800,2945,2026-07-21 16:49:00,ai_plan,自然流量
62800,2945,2026-07-21 16:50:00,view_spot,自然流量
62800,2945,2026-07-21 16:53:00,view_spot,自然流量
62800,2945,2026-07-21 16:56:00,add_favorite,自然流量
22564,1062,2026-07-21 17:02:00,app_launch,小红书种草
22564,1062,2026-07-21 17:03:00,ai_plan,小红书种草
22564,1062,2026-07-21 17:04:00,view_spot,小红书种草
22564,1062,2026-07-21 17:10:00,add_favorite,小红书种草
67226,3164,2026-07-21 17:51:00,app_launch,小红书种草
67226,3164,2026-07-21 17:52:00,ai_plan,小红书种草
74960,3535,2026-07-21 17:59:00,app_launch,小红书种草
74960,3535,2026-07-21 18:00:00,ai_plan,小红书种草
77465,3657,2026-07-21 18:36:00,app_launch,自然流量
22013,1035,2026-07-21 18:37:00,app_launch,抖音信息流
22013,1035,2026-07-21 18:38:00,ai_plan,抖音信息流
34414,1619,2026-07-21 19:22:00,app_launch,高校地推
34414,1619,2026-07-21 19:23:00,ai_plan,高校地推
71371,3363,2026-07-21 19:24:00,app_launch,小红书种草
71371,3363,2026-07-21 19:25:00,ai_plan,小红书种草
71371,3363,2026-07-21 19:26:00,view_spot,小红书种草
71371,3363,2026-07-21 19:29:00,view_spot,小红书种草
71371,3363,2026-07-21 19:32:00,view_spot,小红书种草
71371,3363,2026-07-21 19:32:00,add_favorite,小红书种草
120977,5724,2026-07-21 19:32:00,app_launch,微信分享裂变
120977,5724,2026-07-21 19:33:00,ai_plan,微信分享裂变
120977,5724,2026-07-21 19:34:00,view_spot,微信分享裂变
71371,3363,2026-07-21 19:35:00,view_spot,小红书种草
120977,5724,2026-07-21 19:40:00,add_favorite,微信分享裂变
120977,5724,2026-07-21 19:42:00,create_order,微信分享裂变
12375,587,2026-07-21 19:56:00,app_launch,自然流量
74961,3535,2026-07-21 20:50:00,app_launch,小红书种草
74961,3535,2026-07-21 20:51:00,ai_plan,小红书种草
74961,3535,2026-07-21 20:52:00,view_spot,小红书种草
148557,7043,2026-07-21 21:08:00,app_launch,自然流量
69788,3287,2026-07-21 21:09:00,app_launch,小红书种草
148557,7043,2026-07-21 21:09:00,ai_plan,自然流量
69788,3287,2026-07-21 21:10:00,ai_plan,小红书种草
10248,484,2026-07-21 21:16:00,app_launch,抖音信息流
10248,484,2026-07-21 21:17:00,ai_plan,抖音信息流
10248,484,2026-07-21 21:18:00,view_spot,抖音信息流
10248,484,2026-07-21 21:21:00,view_spot,抖音信息流
10248,484,2026-07-21 21:24:00,view_spot,抖音信息流
10248,484,2026-07-21 21:26:00,create_order,抖音信息流
10248,484,2026-07-21 21:27:00,pay_order,抖音信息流
77463,3657,2026-07-21 22:09:00,app_launch,自然流量
74962,3535,2026-07-21 22:21:00,app_launch,小红书种草
148558,7043,2026-07-21 22:30:00,app_launch,自然流量
148558,7043,2026-07-21 22:31:00,ai_plan,自然流量
148558,7043,2026-07-21 22:32:00,view_spot,自然流量
148558,7043,2026-07-21 22:40:00,create_order,自然流量
148558,7043,2026-07-21 22:41:00,pay_order,自然流量
10249,484,2026-07-21 22:51:00,app_launch,抖音信息流
91687,4343,2026-07-21 22:56:00,app_launch,抖音信息流
91687,4343,2026-07-21 22:57:00,ai_plan,抖音信息流
91687,4343,2026-07-21 22:58:00,view_spot,抖音信息流
91687,4343,2026-07-21 23:01:00,view_spot,抖音信息流
91687,4343,2026-07-21 23:04:00,view_spot,抖音信息流
91687,4343,2026-07-21 23:07:00,view_spot,抖音信息流
16795,795,2026-07-22 07:00:00,app_launch,自然流量
16795,795,2026-07-22 07:01:00,ai_plan,自然流量
16795,795,2026-07-22 07:02:00,view_spot,自然流量
16795,795,2026-07-22 07:05:00,view_spot,自然流量
145340,6890,2026-07-22 07:35:00,app_launch,小红书种草
145340,6890,2026-07-22 07:36:00,ai_plan,小红书种草
154351,7312,2026-07-22 07:41:00,app_launch,自然流量
154351,7312,2026-07-22 07:42:00,ai_plan,自然流量
154351,7312,2026-07-22 07:43:00,view_spot,自然流量
92832,4395,2026-07-22 07:45:00,app_launch,抖音信息流
92832,4395,2026-07-22 07:46:00,ai_plan,抖音信息流
154351,7312,2026-07-22 07:46:00,view_spot,自然流量
92832,4395,2026-07-22 07:47:00,view_spot,抖音信息流
92832,4395,2026-07-22 07:50:00,view_spot,抖音信息流
154352,7312,2026-07-22 07:50:00,app_launch,自然流量
92832,4395,2026-07-22 07:53:00,view_spot,抖音信息流
159589,7558,2026-07-22 08:12:00,app_launch,抖音信息流
37442,1766,2026-07-22 08:26:00,app_launch,自然流量
37442,1766,2026-07-22 08:27:00,ai_plan,自然流量
92831,4395,2026-07-22 09:32:00,app_launch,抖音信息流
91720,4344,2026-07-22 10:02:00,app_launch,自然流量
91720,4344,2026-07-22 10:03:00,ai_plan,自然流量
91720,4344,2026-07-22 10:04:00,view_spot,自然流量
91720,4344,2026-07-22 10:07:00,view_spot,自然流量
69259,3263,2026-07-22 10:10:00,app_launch,自然流量
105307,4982,2026-07-22 10:14:00,app_launch,自然流量
109129,5166,2026-07-22 10:37:00,app_launch,小红书种草
109129,5166,2026-07-22 10:38:00,ai_plan,小红书种草
29947,1408,2026-07-22 11:15:00,app_launch,自然流量
29947,1408,2026-07-22 11:16:00,ai_plan,自然流量
29947,1408,2026-07-22 11:17:00,view_spot,自然流量
29947,1408,2026-07-22 11:20:00,view_spot,自然流量
105308,4982,2026-07-22 11:37:00,app_launch,自然流量
72730,3429,2026-07-22 12:34:00,app_launch,高校地推
72730,3429,2026-07-22 12:35:00,ai_plan,高校地推
72730,3429,2026-07-22 12:36:00,view_spot,高校地推
72730,3429,2026-07-22 12:39:00,view_spot,高校地推
143451,6801,2026-07-22 13:03:00,app_launch,抖音信息流
143451,6801,2026-07-22 13:04:00,ai_plan,抖音信息流
143451,6801,2026-07-22 13:05:00,view_spot,抖音信息流
143451,6801,2026-07-22 13:08:00,view_spot,抖音信息流
143452,6801,2026-07-22 14:16:00,app_launch,抖音信息流
143452,6801,2026-07-22 14:17:00,ai_plan,抖音信息流
143452,6801,2026-07-22 14:18:00,view_spot,抖音信息流
143452,6801,2026-07-22 14:21:00,view_spot,抖音信息流
143452,6801,2026-07-22 14:24:00,view_spot,抖音信息流
143452,6801,2026-07-22 14:27:00,view_spot,抖音信息流
32770,1536,2026-07-22 14:43:00,app_launch,抖音信息流
32770,1536,2026-07-22 14:44:00,ai_plan,抖音信息流
32770,1536,2026-07-22 14:45:00,view_spot,抖音信息流
32770,1536,2026-07-22 14:48:00,view_spot,抖音信息流
44502,2081,2026-07-22 15:32:00,app_launch,抖音信息流
44502,2081,2026-07-22 15:33:00,ai_plan,抖音信息流
44502,2081,2026-07-22 15:34:00,view_spot,抖音信息流
44502,2081,2026-07-22 15:37:00,view_spot,抖音信息流
83110,3933,2026-07-22 16:10:00,app_launch,抖音信息流
83110,3933,2026-07-22 16:11:00,ai_plan,抖音信息流
83109,3933,2026-07-22 16:18:00,app_launch,抖音信息流
83109,3933,2026-07-22 16:19:00,ai_plan,抖音信息流
83109,3933,2026-07-22 16:20:00,view_spot,抖音信息流
83109,3933,2026-07-22 16:23:00,view_spot,抖音信息流
83109,3933,2026-07-22 16:26:00,add_favorite,抖音信息流
32772,1536,2026-07-22 16:28:00,app_launch,抖音信息流
83109,3933,2026-07-22 16:28:00,create_order,抖音信息流
32772,1536,2026-07-22 16:29:00,ai_plan,抖音信息流
83109,3933,2026-07-22 16:29:00,pay_order,抖音信息流
72731,3429,2026-07-22 17:05:00,app_launch,高校地推
72731,3429,2026-07-22 17:06:00,ai_plan,高校地推
72731,3429,2026-07-22 17:07:00,view_spot,高校地推
9744,458,2026-07-22 17:12:00,app_launch,抖音信息流
72731,3429,2026-07-22 17:13:00,add_favorite,高校地推
23889,1124,2026-07-22 17:15:00,app_launch,自然流量
23889,1124,2026-07-22 17:16:00,ai_plan,自然流量
23889,1124,2026-07-22 17:17:00,view_spot,自然流量
23889,1124,2026-07-22 17:25:00,create_order,自然流量
23889,1124,2026-07-22 17:26:00,pay_order,自然流量
143453,6801,2026-07-22 17:45:00,app_launch,抖音信息流
143453,6801,2026-07-22 17:46:00,ai_plan,抖音信息流
143453,6801,2026-07-22 17:47:00,view_spot,抖音信息流
143453,6801,2026-07-22 17:50:00,view_spot,抖音信息流
143453,6801,2026-07-22 17:53:00,view_spot,抖音信息流
143453,6801,2026-07-22 17:53:00,add_favorite,抖音信息流
11720,555,2026-07-22 18:07:00,app_launch,自然流量
23887,1124,2026-07-22 18:27:00,app_launch,自然流量
29948,1408,2026-07-22 19:05:00,app_launch,自然流量
29948,1408,2026-07-22 19:06:00,ai_plan,自然流量
29948,1408,2026-07-22 19:07:00,view_spot,自然流量
63631,2987,2026-07-22 19:12:00,app_launch,自然流量
29948,1408,2026-07-22 19:13:00,add_favorite,自然流量
9745,458,2026-07-22 19:22:00,app_launch,抖音信息流
9745,458,2026-07-22 19:23:00,ai_plan,抖音信息流
23888,1124,2026-07-22 19:28:00,app_launch,自然流量
23888,1124,2026-07-22 19:29:00,ai_plan,自然流量
23888,1124,2026-07-22 19:30:00,view_spot,自然流量
29946,1408,2026-07-22 20:04:00,app_launch,自然流量
29946,1408,2026-07-22 20:05:00,ai_plan,自然流量
92833,4395,2026-07-22 20:05:00,app_launch,抖音信息流
29946,1408,2026-07-22 20:06:00,view_spot,自然流量
92833,4395,2026-07-22 20:06:00,ai_plan,抖音信息流
29946,1408,2026-07-22 20:09:00,view_spot,自然流量
29946,1408,2026-07-22 20:12:00,view_spot,自然流量
29946,1408,2026-07-22 20:12:00,add_favorite,自然流量
29946,1408,2026-07-22 20:15:00,view_spot,自然流量
67690,3183,2026-07-22 20:41:00,app_launch,抖音信息流
67689,3183,2026-07-22 20:46:00,app_launch,抖音信息流
67689,3183,2026-07-22 20:47:00,ai_plan,抖音信息流
67689,3183,2026-07-22 20:48:00,view_spot,抖音信息流
67689,3183,2026-07-22 20:51:00,view_spot,抖音信息流
32771,1536,2026-07-22 21:42:00,app_launch,抖音信息流
109128,5166,2026-07-22 21:42:00,app_launch,小红书种草
32771,1536,2026-07-22 21:43:00,ai_plan,抖音信息流
109128,5166,2026-07-22 21:43:00,ai_plan,小红书种草
32771,1536,2026-07-22 21:44:00,view_spot,抖音信息流
109128,5166,2026-07-22 21:44:00,view_spot,小红书种草
109128,5166,2026-07-22 21:47:00,view_spot,小红书种草
109128,5166,2026-07-22 21:50:00,view_spot,小红书种草
109128,5166,2026-07-22 21:53:00,view_spot,小红书种草
37443,1766,2026-07-22 22:18:00,app_launch,自然流量
69258,3263,2026-07-22 22:38:00,app_launch,自然流量
105309,4982,2026-07-22 22:54:00,app_launch,自然流量
23890,1124,2026-07-23 07:36:00,app_launch,自然流量
23890,1124,2026-07-23 07:37:00,ai_plan,自然流量
152955,7245,2026-07-23 07:45:00,app_launch,抖音信息流
152955,7245,2026-07-23 07:46:00,ai_plan,抖音信息流
137629,6508,2026-07-23 07:54:00,app_launch,自然流量
137629,6508,2026-07-23 07:55:00,ai_plan,自然流量
137629,6508,2026-07-23 07:56:00,view_spot,自然流量
137629,6508,2026-07-23 07:59:00,view_spot,自然流量
137629,6508,2026-07-23 08:02:00,view_spot,自然流量
34416,1619,2026-07-23 08:09:00,app_launch,高校地推
148559,7043,2026-07-23 08:21:00,app_launch,自然流量
148559,7043,2026-07-23 08:22:00,ai_plan,自然流量
22426,1056,2026-07-23 08:31:00,app_launch,小红书种草
22426,1056,2026-07-23 08:32:00,ai_plan,小红书种草
22426,1056,2026-07-23 08:33:00,view_spot,小红书种草
22426,1056,2026-07-23 08:36:00,view_spot,小红书种草
159590,7558,2026-07-23 09:13:00,app_launch,抖音信息流
137628,6508,2026-07-23 09:18:00,app_launch,自然流量
137628,6508,2026-07-23 09:19:00,ai_plan,自然流量
23891,1124,2026-07-23 09:26:00,app_launch,自然流量
141478,6703,2026-07-23 10:07:00,app_launch,高校地推
141479,6703,2026-07-23 10:44:00,app_launch,高校地推
141479,6703,2026-07-23 10:45:00,ai_plan,高校地推
141479,6703,2026-07-23 10:46:00,view_spot,高校地推
141479,6703,2026-07-23 10:49:00,view_spot,高校地推
141479,6703,2026-07-23 10:52:00,view_spot,高校地推
141479,6703,2026-07-23 10:52:00,add_favorite,高校地推
71950,3393,2026-07-23 11:32:00,app_launch,高校地推
104852,4962,2026-07-23 11:52:00,app_launch,自然流量
141480,6703,2026-07-23 12:17:00,app_launch,高校地推
141480,6703,2026-07-23 12:18:00,ai_plan,高校地推
69280,3264,2026-07-23 12:28:00,app_launch,抖音信息流
45944,2150,2026-07-23 12:31:00,app_launch,自然流量
148560,7043,2026-07-23 12:39:00,app_launch,自然流量
148560,7043,2026-07-23 12:40:00,ai_plan,自然流量
148560,7043,2026-07-23 12:41:00,view_spot,自然流量
106449,5037,2026-07-23 12:42:00,app_launch,微信分享裂变
106449,5037,2026-07-23 12:43:00,ai_plan,微信分享裂变
106449,5037,2026-07-23 12:44:00,view_spot,微信分享裂变
148560,7043,2026-07-23 12:44:00,view_spot,自然流量
106449,5037,2026-07-23 12:47:00,view_spot,微信分享裂变
148560,7043,2026-07-23 12:47:00,view_spot,自然流量
22015,1035,2026-07-23 13:04:00,app_launch,抖音信息流
22015,1035,2026-07-23 13:05:00,ai_plan,抖音信息流
22015,1035,2026-07-23 13:06:00,view_spot,抖音信息流
28591,1346,2026-07-23 13:20:00,app_launch,小红书种草
23892,1124,2026-07-23 13:35:00,app_launch,自然流量
23892,1124,2026-07-23 13:36:00,ai_plan,自然流量
23892,1124,2026-07-23 13:37:00,view_spot,自然流量
23892,1124,2026-07-23 13:40:00,view_spot,自然流量
22014,1035,2026-07-23 13:42:00,app_launch,抖音信息流
54425,2543,2026-07-23 13:42:00,app_launch,抖音信息流
22014,1035,2026-07-23 13:43:00,ai_plan,抖音信息流
23892,1124,2026-07-23 13:43:00,view_spot,自然流量
23892,1124,2026-07-23 13:43:00,add_favorite,自然流量
54425,2543,2026-07-23 13:43:00,ai_plan,抖音信息流
22014,1035,2026-07-23 13:44:00,view_spot,抖音信息流
23892,1124,2026-07-23 13:46:00,view_spot,自然流量
22014,1035,2026-07-23 13:47:00,view_spot,抖音信息流
21585,1018,2026-07-23 13:58:00,app_launch,微信分享裂变
148561,7043,2026-07-23 13:58:00,app_launch,自然流量
21585,1018,2026-07-23 13:59:00,ai_plan,微信分享裂变
148561,7043,2026-07-23 13:59:00,ai_plan,自然流量
21585,1018,2026-07-23 14:00:00,view_spot,微信分享裂变
148561,7043,2026-07-23 14:00:00,view_spot,自然流量
21585,1018,2026-07-23 14:03:00,view_spot,微信分享裂变
21585,1018,2026-07-23 14:06:00,view_spot,微信分享裂变
69260,3263,2026-07-23 14:47:00,app_launch,自然流量
69260,3263,2026-07-23 14:48:00,ai_plan,自然流量
34415,1619,2026-07-23 15:31:00,app_launch,高校地推
34415,1619,2026-07-23 15:32:00,ai_plan,高校地推
21584,1018,2026-07-23 16:08:00,app_launch,微信分享裂变
21584,1018,2026-07-23 16:09:00,ai_plan,微信分享裂变
137630,6508,2026-07-23 16:49:00,app_launch,自然流量
77466,3657,2026-07-23 16:59:00,app_launch,自然流量
77466,3657,2026-07-23 17:00:00,ai_plan,自然流量
77466,3657,2026-07-23 17:01:00,view_spot,自然流量
77466,3657,2026-07-23 17:04:00,view_spot,自然流量
77466,3657,2026-07-23 17:07:00,add_favorite,自然流量
77466,3657,2026-07-23 17:09:00,create_order,自然流量
77466,3657,2026-07-23 17:10:00,pay_order,自然流量
69281,3264,2026-07-23 17:16:00,app_launch,抖音信息流
69281,3264,2026-07-23 17:17:00,ai_plan,抖音信息流
69281,3264,2026-07-23 17:18:00,view_spot,抖音信息流
69281,3264,2026-07-23 17:21:00,view_spot,抖音信息流
69281,3264,2026-07-23 17:24:00,view_spot,抖音信息流
54426,2543,2026-07-23 18:17:00,app_launch,抖音信息流
54426,2543,2026-07-23 18:18:00,ai_plan,抖音信息流
54426,2543,2026-07-23 18:19:00,view_spot,抖音信息流
54426,2543,2026-07-23 18:22:00,view_spot,抖音信息流
54426,2543,2026-07-23 18:25:00,view_spot,抖音信息流
54426,2543,2026-07-23 18:28:00,view_spot,抖音信息流
43437,2032,2026-07-23 18:59:00,app_launch,抖音信息流
28590,1346,2026-07-23 19:18:00,app_launch,小红书种草
11721,555,2026-07-23 20:04:00,app_launch,自然流量
152954,7245,2026-07-23 20:12:00,app_launch,抖音信息流
152954,7245,2026-07-23 20:13:00,ai_plan,抖音信息流
152954,7245,2026-07-23 20:14:00,view_spot,抖音信息流
152954,7245,2026-07-23 20:17:00,view_spot,抖音信息流
71951,3393,2026-07-23 21:24:00,app_launch,高校地推
71952,3393,2026-07-23 21:30:00,app_launch,高校地推
21586,1018,2026-07-23 21:52:00,app_launch,微信分享裂变
21586,1018,2026-07-23 21:53:00,ai_plan,微信分享裂变
21586,1018,2026-07-23 21:54:00,view_spot,微信分享裂变
21586,1018,2026-07-23 21:57:00,view_spot,微信分享裂变
21586,1018,2026-07-23 22:00:00,view_spot,微信分享裂变
21586,1018,2026-07-23 22:02:00,create_order,微信分享裂变
21586,1018,2026-07-23 22:03:00,pay_order,微信分享裂变
167600,7941,2026-07-23 22:06:00,app_launch,自然流量
77467,3657,2026-07-23 22:15:00,app_launch,自然流量
10250,484,2026-07-23 22:36:00,app_launch,抖音信息流
45945,2150,2026-07-23 22:53:00,app_launch,自然流量
45945,2150,2026-07-23 22:54:00,ai_plan,自然流量
106450,5037,2026-07-23 22:59:00,app_launch,微信分享裂变
106450,5037,2026-07-23 23:00:00,ai_plan,微信分享裂变
106450,5037,2026-07-23 23:01:00,view_spot,微信分享裂变
109945,5205,2026-07-24 07:03:00,app_launch,自然流量
109945,5205,2026-07-24 07:04:00,ai_plan,自然流量
109945,5205,2026-07-24 07:05:00,view_spot,自然流量
109945,5205,2026-07-24 07:08:00,view_spot,自然流量
74965,3535,2026-07-24 07:10:00,app_launch,小红书种草
135797,6424,2026-07-24 07:10:00,app_launch,微信分享裂变
74965,3535,2026-07-24 07:11:00,ai_plan,小红书种草
109945,5205,2026-07-24 07:11:00,view_spot,自然流量
135797,6424,2026-07-24 07:11:00,ai_plan,微信分享裂变
74965,3535,2026-07-24 07:12:00,view_spot,小红书种草
109945,5205,2026-07-24 07:14:00,view_spot,自然流量
126026,5957,2026-07-24 07:36:00,app_launch,抖音信息流
22209,1045,2026-07-24 07:41:00,app_launch,自然流量
22209,1045,2026-07-24 07:42:00,ai_plan,自然流量
109943,5205,2026-07-24 07:44:00,app_launch,自然流量
109943,5205,2026-07-24 07:45:00,ai_plan,自然流量
126025,5957,2026-07-24 08:04:00,app_launch,抖音信息流
21439,1010,2026-07-24 08:08:00,app_launch,抖音信息流
21439,1010,2026-07-24 08:09:00,ai_plan,抖音信息流
137171,6488,2026-07-24 08:41:00,app_launch,小红书种草
137171,6488,2026-07-24 08:42:00,ai_plan,小红书种草
137171,6488,2026-07-24 08:43:00,view_spot,小红书种草
137171,6488,2026-07-24 08:46:00,view_spot,小红书种草
137171,6488,2026-07-24 08:49:00,view_spot,小红书种草
137171,6488,2026-07-24 08:49:00,add_favorite,小红书种草
137171,6488,2026-07-24 08:52:00,view_spot,小红书种草
48173,2253,2026-07-24 08:54:00,app_launch,抖音信息流
146691,6956,2026-07-24 08:55:00,app_launch,抖音信息流
133524,6318,2026-07-24 09:25:00,app_launch,小红书种草
133524,6318,2026-07-24 09:26:00,ai_plan,小红书种草
133524,6318,2026-07-24 09:27:00,view_spot,小红书种草
133524,6318,2026-07-24 09:30:00,view_spot,小红书种草
22208,1045,2026-07-24 09:45:00,app_launch,自然流量
22208,1045,2026-07-24 09:46:00,ai_plan,自然流量
83055,3930,2026-07-24 09:53:00,app_launch,高校地推
83055,3930,2026-07-24 09:54:00,ai_plan,高校地推
43438,2032,2026-07-24 10:00:00,app_launch,抖音信息流
43438,2032,2026-07-24 10:01:00,ai_plan,抖音信息流
43438,2032,2026-07-24 10:02:00,view_spot,抖音信息流
10252,484,2026-07-24 10:05:00,app_launch,抖音信息流
43438,2032,2026-07-24 10:05:00,view_spot,抖音信息流
43438,2032,2026-07-24 10:08:00,view_spot,抖音信息流
137172,6488,2026-07-24 10:14:00,app_launch,小红书种草
137172,6488,2026-07-24 10:15:00,ai_plan,小红书种草
29949,1408,2026-07-24 10:19:00,app_launch,自然流量
29949,1408,2026-07-24 10:20:00,ai_plan,自然流量
29949,1408,2026-07-24 10:21:00,view_spot,自然流量
118150,5592,2026-07-24 10:37:00,app_launch,微信分享裂变
118150,5592,2026-07-24 10:38:00,ai_plan,微信分享裂变
123223,5828,2026-07-24 11:00:00,app_launch,自然流量
45947,2150,2026-07-24 11:09:00,app_launch,自然流量
45947,2150,2026-07-24 11:10:00,ai_plan,自然流量
45947,2150,2026-07-24 11:11:00,view_spot,自然流量
69261,3263,2026-07-24 11:12:00,app_launch,自然流量
69261,3263,2026-07-24 11:13:00,ai_plan,自然流量
45947,2150,2026-07-24 11:14:00,view_spot,自然流量
45947,2150,2026-07-24 11:17:00,view_spot,自然流量
109944,5205,2026-07-24 11:37:00,app_launch,自然流量
109944,5205,2026-07-24 11:38:00,ai_plan,自然流量
109944,5205,2026-07-24 11:39:00,view_spot,自然流量
10251,484,2026-07-24 11:40:00,app_launch,抖音信息流
10251,484,2026-07-24 11:41:00,ai_plan,抖音信息流
137170,6488,2026-07-24 12:11:00,app_launch,小红书种草
29950,1408,2026-07-24 12:19:00,app_launch,自然流量
29950,1408,2026-07-24 12:20:00,ai_plan,自然流量
74963,3535,2026-07-24 12:27:00,app_launch,小红书种草
74963,3535,2026-07-24 12:28:00,ai_plan,小红书种草
74963,3535,2026-07-24 12:29:00,view_spot,小红书种草
102645,4862,2026-07-24 12:39:00,app_launch,微信分享裂变
102645,4862,2026-07-24 12:40:00,ai_plan,微信分享裂变
102645,4862,2026-07-24 12:41:00,view_spot,微信分享裂变
34418,1619,2026-07-24 12:42:00,app_launch,高校地推
133525,6318,2026-07-24 12:42:00,app_launch,小红书种草
102645,4862,2026-07-24 12:44:00,view_spot,微信分享裂变
102645,4862,2026-07-24 12:47:00,add_favorite,微信分享裂变
102645,4862,2026-07-24 12:49:00,create_order,微信分享裂变
102645,4862,2026-07-24 12:50:00,pay_order,微信分享裂变
43439,2032,2026-07-24 12:58:00,app_launch,抖音信息流
43439,2032,2026-07-24 12:59:00,ai_plan,抖音信息流
43439,2032,2026-07-24 13:00:00,view_spot,抖音信息流
11723,555,2026-07-24 13:01:00,app_launch,自然流量
11723,555,2026-07-24 13:02:00,ai_plan,自然流量
11723,555,2026-07-24 13:03:00,view_spot,自然流量
11723,555,2026-07-24 13:06:00,view_spot,自然流量
11723,555,2026-07-24 13:09:00,view_spot,自然流量
40565,1906,2026-07-24 13:15:00,app_launch,抖音信息流
40565,1906,2026-07-24 13:16:00,ai_plan,抖音信息流
123550,5841,2026-07-24 13:33:00,app_launch,抖音信息流
93247,4415,2026-07-24 13:50:00,app_launch,自然流量
93247,4415,2026-07-24 13:51:00,ai_plan,自然流量
93247,4415,2026-07-24 13:52:00,view_spot,自然流量
83111,3933,2026-07-24 13:55:00,app_launch,抖音信息流
93247,4415,2026-07-24 13:55:00,view_spot,自然流量
126027,5957,2026-07-24 13:56:00,app_launch,抖音信息流
93247,4415,2026-07-24 14:00:00,create_order,自然流量
93247,4415,2026-07-24 14:01:00,pay_order,自然流量
83112,3933,2026-07-24 14:24:00,app_launch,抖音信息流
83112,3933,2026-07-24 14:25:00,ai_plan,抖音信息流
83112,3933,2026-07-24 14:26:00,view_spot,抖音信息流
83112,3933,2026-07-24 14:32:00,add_favorite,抖音信息流
123224,5828,2026-07-24 14:40:00,app_launch,自然流量
123224,5828,2026-07-24 14:41:00,ai_plan,自然流量
45948,2150,2026-07-24 14:47:00,app_launch,自然流量
45948,2150,2026-07-24 14:48:00,ai_plan,自然流量
45948,2150,2026-07-24 14:49:00,view_spot,自然流量
45946,2150,2026-07-24 14:51:00,app_launch,自然流量
45946,2150,2026-07-24 14:52:00,ai_plan,自然流量
45948,2150,2026-07-24 14:52:00,view_spot,自然流量
45948,2150,2026-07-24 14:55:00,view_spot,自然流量
45948,2150,2026-07-24 14:55:00,add_favorite,自然流量
67666,3182,2026-07-24 14:57:00,app_launch,自然流量
45948,2150,2026-07-24 14:58:00,view_spot,自然流量
67666,3182,2026-07-24 14:58:00,ai_plan,自然流量
67666,3182,2026-07-24 14:59:00,view_spot,自然流量
67666,3182,2026-07-24 15:02:00,view_spot,自然流量
67666,3182,2026-07-24 15:05:00,view_spot,自然流量
33166,1555,2026-07-24 16:01:00,app_launch,自然流量
33166,1555,2026-07-24 16:02:00,ai_plan,自然流量
67667,3182,2026-07-24 16:19:00,app_launch,自然流量
67667,3182,2026-07-24 16:20:00,ai_plan,自然流量
51370,2406,2026-07-24 16:24:00,app_launch,自然流量
51370,2406,2026-07-24 16:25:00,ai_plan,自然流量
16796,795,2026-07-24 16:41:00,app_launch,自然流量
16796,795,2026-07-24 16:42:00,ai_plan,自然流量
16796,795,2026-07-24 16:43:00,view_spot,自然流量
29414,1384,2026-07-24 16:45:00,app_launch,高校地推
16796,795,2026-07-24 16:46:00,view_spot,自然流量
29414,1384,2026-07-24 16:46:00,ai_plan,高校地推
16796,795,2026-07-24 16:49:00,view_spot,自然流量
34417,1619,2026-07-24 17:02:00,app_launch,高校地推
34417,1619,2026-07-24 17:03:00,ai_plan,高校地推
34417,1619,2026-07-24 17:04:00,view_spot,高校地推
108402,5130,2026-07-24 17:04:00,app_launch,高校地推
108402,5130,2026-07-24 17:05:00,ai_plan,高校地推
34417,1619,2026-07-24 17:07:00,view_spot,高校地推
34417,1619,2026-07-24 17:10:00,view_spot,高校地推
162612,7701,2026-07-24 17:11:00,app_launch,自然流量
162612,7701,2026-07-24 17:12:00,ai_plan,自然流量
34417,1619,2026-07-24 17:13:00,view_spot,高校地推
29415,1384,2026-07-24 17:57:00,app_launch,高校地推
11722,555,2026-07-24 18:09:00,app_launch,自然流量
21438,1010,2026-07-24 18:48:00,app_launch,抖音信息流
21438,1010,2026-07-24 18:49:00,ai_plan,抖音信息流
141232,6689,2026-07-24 18:57:00,app_launch,抖音信息流
135796,6424,2026-07-24 19:01:00,app_launch,微信分享裂变
135796,6424,2026-07-24 19:02:00,ai_plan,微信分享裂变
135796,6424,2026-07-24 19:03:00,view_spot,微信分享裂变
135796,6424,2026-07-24 19:06:00,view_spot,微信分享裂变
135796,6424,2026-07-24 19:09:00,view_spot,微信分享裂变
43440,2032,2026-07-24 19:15:00,app_launch,抖音信息流
43440,2032,2026-07-24 19:16:00,ai_plan,抖音信息流
43440,2032,2026-07-24 19:17:00,view_spot,抖音信息流
43440,2032,2026-07-24 19:20:00,view_spot,抖音信息流
34419,1619,2026-07-24 19:23:00,app_launch,高校地推
34419,1619,2026-07-24 19:24:00,ai_plan,高校地推
34419,1619,2026-07-24 19:25:00,view_spot,高校地推
69262,3263,2026-07-24 19:25:00,app_launch,自然流量
69262,3263,2026-07-24 19:26:00,ai_plan,自然流量
48172,2253,2026-07-24 19:27:00,app_launch,抖音信息流
69262,3263,2026-07-24 19:27:00,view_spot,自然流量
48172,2253,2026-07-24 19:28:00,ai_plan,抖音信息流
48172,2253,2026-07-24 19:29:00,view_spot,抖音信息流
69262,3263,2026-07-24 19:30:00,view_spot,自然流量
48172,2253,2026-07-24 19:32:00,view_spot,抖音信息流
34419,1619,2026-07-24 19:33:00,create_order,高校地推
69262,3263,2026-07-24 19:33:00,view_spot,自然流量
69262,3263,2026-07-24 19:33:00,add_favorite,自然流量
48172,2253,2026-07-24 19:35:00,view_spot,抖音信息流
69262,3263,2026-07-24 19:35:00,create_order,自然流量
69262,3263,2026-07-24 19:36:00,view_spot,自然流量
69262,3263,2026-07-24 19:36:00,pay_order,自然流量
48172,2253,2026-07-24 19:38:00,view_spot,抖音信息流
167601,7941,2026-07-24 20:01:00,app_launch,自然流量
167601,7941,2026-07-24 20:02:00,ai_plan,自然流量
108403,5130,2026-07-24 20:32:00,app_launch,高校地推
108403,5130,2026-07-24 20:33:00,ai_plan,高校地推
29951,1408,2026-07-24 20:52:00,app_launch,自然流量
29951,1408,2026-07-24 20:53:00,ai_plan,自然流量
29951,1408,2026-07-24 20:54:00,view_spot,自然流量
29951,1408,2026-07-24 21:00:00,add_favorite,自然流量
67665,3182,2026-07-24 21:25:00,app_launch,自然流量
67665,3182,2026-07-24 21:26:00,ai_plan,自然流量
33167,1555,2026-07-24 21:55:00,app_launch,自然流量
33167,1555,2026-07-24 21:56:00,ai_plan,自然流量
74964,3535,2026-07-24 22:15:00,app_launch,小红书种草
74964,3535,2026-07-24 22:16:00,ai_plan,小红书种草
102646,4862,2026-07-24 22:53:00,app_launch,微信分享裂变
102646,4862,2026-07-24 22:54:00,ai_plan,微信分享裂变
146692,6956,2026-07-24 22:59:00,app_launch,抖音信息流
146692,6956,2026-07-24 23:00:00,ai_plan,抖音信息流
146692,6956,2026-07-24 23:01:00,view_spot,抖音信息流
146692,6956,2026-07-24 23:04:00,view_spot,抖音信息流
146692,6956,2026-07-24 23:07:00,add_favorite,抖音信息流
131957,6241,2026-07-25 07:04:00,app_launch,小红书种草
131957,6241,2026-07-25 07:05:00,ai_plan,小红书种草
131957,6241,2026-07-25 07:06:00,view_spot,小红书种草
131957,6241,2026-07-25 07:09:00,view_spot,小红书种草
22017,1035,2026-07-25 07:11:00,app_launch,抖音信息流
22017,1035,2026-07-25 07:12:00,ai_plan,抖音信息流
79677,3762,2026-07-25 07:32:00,app_launch,抖音信息流
79677,3762,2026-07-25 07:33:00,ai_plan,抖音信息流
79677,3762,2026-07-25 07:34:00,view_spot,抖音信息流
79677,3762,2026-07-25 07:37:00,view_spot,抖音信息流
79677,3762,2026-07-25 07:40:00,view_spot,抖音信息流
79677,3762,2026-07-25 07:43:00,view_spot,抖音信息流
1374,66,2026-07-25 08:14:00,app_launch,抖音信息流
93249,4415,2026-07-25 08:20:00,app_launch,自然流量
160442,7597,2026-07-25 08:39:00,app_launch,自然流量
160442,7597,2026-07-25 08:40:00,ai_plan,自然流量
160442,7597,2026-07-25 08:41:00,view_spot,自然流量
68267,3215,2026-07-25 08:49:00,app_launch,自然流量
160442,7597,2026-07-25 08:49:00,create_order,自然流量
68267,3215,2026-07-25 08:50:00,ai_plan,自然流量
160442,7597,2026-07-25 08:50:00,pay_order,自然流量
62347,2922,2026-07-25 08:58:00,app_launch,自然流量
62347,2922,2026-07-25 08:59:00,ai_plan,自然流量
62347,2922,2026-07-25 09:00:00,view_spot,自然流量
44503,2081,2026-07-25 09:21:00,app_launch,抖音信息流
44503,2081,2026-07-25 09:22:00,ai_plan,抖音信息流
44503,2081,2026-07-25 09:23:00,view_spot,抖音信息流
44503,2081,2026-07-25 09:26:00,view_spot,抖音信息流
44503,2081,2026-07-25 09:29:00,view_spot,抖音信息流
131958,6241,2026-07-25 09:30:00,app_launch,小红书种草
131958,6241,2026-07-25 09:31:00,ai_plan,小红书种草
44503,2081,2026-07-25 09:32:00,view_spot,抖音信息流
22211,1045,2026-07-25 09:40:00,app_launch,自然流量
22211,1045,2026-07-25 09:41:00,ai_plan,自然流量
22211,1045,2026-07-25 09:42:00,view_spot,自然流量
22211,1045,2026-07-25 09:45:00,view_spot,自然流量
22211,1045,2026-07-25 09:48:00,view_spot,自然流量
22211,1045,2026-07-25 09:48:00,add_favorite,自然流量
93248,4415,2026-07-25 09:48:00,app_launch,自然流量
93248,4415,2026-07-25 09:49:00,ai_plan,自然流量
59169,2771,2026-07-25 09:58:00,app_launch,自然流量
59169,2771,2026-07-25 09:59:00,ai_plan,自然流量
59169,2771,2026-07-25 10:00:00,view_spot,自然流量
59169,2771,2026-07-25 10:03:00,view_spot,自然流量
91239,4320,2026-07-25 10:03:00,app_launch,抖音信息流
91239,4320,2026-07-25 10:04:00,ai_plan,抖音信息流
91239,4320,2026-07-25 10:05:00,view_spot,抖音信息流
59169,2771,2026-07-25 10:06:00,add_favorite,自然流量
62345,2922,2026-07-25 10:16:00,app_launch,自然流量
36137,1700,2026-07-25 10:17:00,app_launch,小红书种草
1376,66,2026-07-25 10:37:00,app_launch,抖音信息流
1376,66,2026-07-25 10:38:00,ai_plan,抖音信息流
1376,66,2026-07-25 10:39:00,view_spot,抖音信息流
143454,6801,2026-07-25 10:40:00,app_launch,抖音信息流
143454,6801,2026-07-25 10:41:00,ai_plan,抖音信息流
1376,66,2026-07-25 10:42:00,view_spot,抖音信息流
1376,66,2026-07-25 10:45:00,view_spot,抖音信息流
167629,7942,2026-07-25 10:47:00,app_launch,抖音信息流
106451,5037,2026-07-25 11:01:00,app_launch,微信分享裂变
106451,5037,2026-07-25 11:02:00,ai_plan,微信分享裂变
74966,3535,2026-07-25 11:26:00,app_launch,小红书种草
74966,3535,2026-07-25 11:27:00,ai_plan,小红书种草
167630,7942,2026-07-25 11:33:00,app_launch,抖音信息流
167630,7942,2026-07-25 11:34:00,ai_plan,抖音信息流
167630,7942,2026-07-25 11:35:00,view_spot,抖音信息流
167630,7942,2026-07-25 11:38:00,view_spot,抖音信息流
167630,7942,2026-07-25 11:41:00,add_favorite,抖音信息流
10254,484,2026-07-25 11:48:00,app_launch,抖音信息流
45950,2150,2026-07-25 12:02:00,app_launch,自然流量
45950,2150,2026-07-25 12:03:00,ai_plan,自然流量
45950,2150,2026-07-25 12:04:00,view_spot,自然流量
33069,1551,2026-07-25 12:05:00,app_launch,自然流量
33069,1551,2026-07-25 12:06:00,ai_plan,自然流量
45950,2150,2026-07-25 12:07:00,view_spot,自然流量
45950,2150,2026-07-25 12:10:00,view_spot,自然流量
45950,2150,2026-07-25 12:13:00,view_spot,自然流量
21442,1010,2026-07-25 12:15:00,app_launch,抖音信息流
102647,4862,2026-07-25 12:54:00,app_launch,微信分享裂变
102647,4862,2026-07-25 12:55:00,ai_plan,微信分享裂变
102647,4862,2026-07-25 12:56:00,view_spot,微信分享裂变
60645,2841,2026-07-25 12:57:00,app_launch,微信分享裂变
102647,4862,2026-07-25 12:59:00,view_spot,微信分享裂变
102647,4862,2026-07-25 13:02:00,view_spot,微信分享裂变
102647,4862,2026-07-25 13:02:00,add_favorite,微信分享裂变
102647,4862,2026-07-25 13:05:00,view_spot,微信分享裂变
131956,6241,2026-07-25 13:09:00,app_launch,小红书种草
131956,6241,2026-07-25 13:10:00,ai_plan,小红书种草
131956,6241,2026-07-25 13:11:00,view_spot,小红书种草
131956,6241,2026-07-25 13:14:00,view_spot,小红书种草
115092,5448,2026-07-25 13:16:00,app_launch,抖音信息流
115092,5448,2026-07-25 13:17:00,ai_plan,抖音信息流
131956,6241,2026-07-25 13:17:00,view_spot,小红书种草
131956,6241,2026-07-25 13:17:00,add_favorite,小红书种草
91237,4320,2026-07-25 13:49:00,app_launch,抖音信息流
91237,4320,2026-07-25 13:50:00,ai_plan,抖音信息流
74967,3535,2026-07-25 13:58:00,app_launch,小红书种草
74967,3535,2026-07-25 13:59:00,ai_plan,小红书种草
74967,3535,2026-07-25 14:00:00,view_spot,小红书种草
74967,3535,2026-07-25 14:03:00,view_spot,小红书种草
21589,1018,2026-07-25 14:06:00,app_launch,微信分享裂变
74967,3535,2026-07-25 14:06:00,view_spot,小红书种草
21589,1018,2026-07-25 14:07:00,ai_plan,微信分享裂变
74967,3535,2026-07-25 14:09:00,view_spot,小红书种草
105612,4998,2026-07-25 14:31:00,app_launch,抖音信息流
21588,1018,2026-07-25 14:49:00,app_launch,微信分享裂变
109946,5205,2026-07-25 14:50:00,app_launch,自然流量
109946,5205,2026-07-25 14:51:00,ai_plan,自然流量
109946,5205,2026-07-25 14:52:00,view_spot,自然流量
109946,5205,2026-07-25 14:55:00,view_spot,自然流量
35334,1663,2026-07-25 15:01:00,app_launch,微信分享裂变
35334,1663,2026-07-25 15:02:00,ai_plan,微信分享裂变
35334,1663,2026-07-25 15:03:00,view_spot,微信分享裂变
35334,1663,2026-07-25 15:06:00,view_spot,微信分享裂变
10255,484,2026-07-25 15:10:00,app_launch,抖音信息流
10255,484,2026-07-25 15:11:00,ai_plan,抖音信息流
21440,1010,2026-07-25 15:11:00,app_launch,抖音信息流
28592,1346,2026-07-25 15:11:00,app_launch,小红书种草
10255,484,2026-07-25 15:12:00,view_spot,抖音信息流
21440,1010,2026-07-25 15:12:00,ai_plan,抖音信息流
28592,1346,2026-07-25 15:12:00,ai_plan,小红书种草
10255,484,2026-07-25 15:20:00,create_order,抖音信息流
10255,484,2026-07-25 15:21:00,pay_order,抖音信息流
33070,1551,2026-07-25 15:21:00,app_launch,自然流量
33070,1551,2026-07-25 15:22:00,ai_plan,自然流量
99423,4705,2026-07-25 15:50:00,app_launch,自然流量
99423,4705,2026-07-25 15:51:00,ai_plan,自然流量
102648,4862,2026-07-25 15:59:00,app_launch,微信分享裂变
102648,4862,2026-07-25 16:00:00,ai_plan,微信分享裂变
105611,4998,2026-07-25 16:02:00,app_launch,抖音信息流
41476,1946,2026-07-25 16:08:00,app_launch,高校地推
41476,1946,2026-07-25 16:09:00,ai_plan,高校地推
41476,1946,2026-07-25 16:10:00,view_spot,高校地推
41476,1946,2026-07-25 16:13:00,view_spot,高校地推
41476,1946,2026-07-25 16:16:00,view_spot,高校地推
41476,1946,2026-07-25 16:19:00,view_spot,高校地推
36136,1700,2026-07-25 16:26:00,app_launch,小红书种草
36136,1700,2026-07-25 16:27:00,ai_plan,小红书种草
36136,1700,2026-07-25 16:28:00,view_spot,小红书种草
36136,1700,2026-07-25 16:31:00,view_spot,小红书种草
36136,1700,2026-07-25 16:34:00,view_spot,小红书种草
62802,2945,2026-07-25 16:38:00,app_launch,自然流量
62802,2945,2026-07-25 16:39:00,ai_plan,自然流量
45951,2150,2026-07-25 16:41:00,app_launch,自然流量
45951,2150,2026-07-25 16:42:00,ai_plan,自然流量
62346,2922,2026-07-25 16:43:00,app_launch,自然流量
62346,2922,2026-07-25 16:44:00,ai_plan,自然流量
62346,2922,2026-07-25 16:45:00,view_spot,自然流量
62346,2922,2026-07-25 16:48:00,view_spot,自然流量
62346,2922,2026-07-25 16:51:00,view_spot,自然流量
62346,2922,2026-07-25 16:51:00,add_favorite,自然流量
91238,4320,2026-07-25 17:04:00,app_launch,抖音信息流
80665,3807,2026-07-25 17:21:00,app_launch,小红书种草
80665,3807,2026-07-25 17:22:00,ai_plan,小红书种草
80665,3807,2026-07-25 17:23:00,view_spot,小红书种草
80665,3807,2026-07-25 17:26:00,view_spot,小红书种草
1375,66,2026-07-25 17:38:00,app_launch,抖音信息流
160440,7597,2026-07-25 17:46:00,app_launch,自然流量
160440,7597,2026-07-25 17:47:00,ai_plan,自然流量
22018,1035,2026-07-25 17:48:00,app_launch,抖音信息流
10253,484,2026-07-25 17:50:00,app_launch,抖音信息流
10253,484,2026-07-25 17:51:00,ai_plan,抖音信息流
21441,1010,2026-07-25 17:54:00,app_launch,抖音信息流
21441,1010,2026-07-25 17:55:00,ai_plan,抖音信息流
123225,5828,2026-07-25 17:55:00,app_launch,自然流量
21441,1010,2026-07-25 17:56:00,view_spot,抖音信息流
123225,5828,2026-07-25 17:56:00,ai_plan,自然流量
123225,5828,2026-07-25 17:57:00,view_spot,自然流量
21441,1010,2026-07-25 17:59:00,view_spot,抖音信息流
123225,5828,2026-07-25 18:00:00,view_spot,自然流量
123225,5828,2026-07-25 18:03:00,add_favorite,自然流量
41475,1946,2026-07-25 18:23:00,app_launch,高校地推
41475,1946,2026-07-25 18:24:00,ai_plan,高校地推
41475,1946,2026-07-25 18:25:00,view_spot,高校地推
45949,2150,2026-07-25 18:55:00,app_launch,自然流量
59170,2771,2026-07-25 19:02:00,app_launch,自然流量
167628,7942,2026-07-25 19:15:00,app_launch,抖音信息流
167628,7942,2026-07-25 19:16:00,ai_plan,抖音信息流
55831,2610,2026-07-25 19:32:00,app_launch,抖音信息流
55831,2610,2026-07-25 19:33:00,ai_plan,抖音信息流
69790,3287,2026-07-25 19:33:00,app_launch,小红书种草
60646,2841,2026-07-25 19:49:00,app_launch,微信分享裂变
60646,2841,2026-07-25 19:50:00,ai_plan,微信分享裂变
60646,2841,2026-07-25 19:51:00,view_spot,微信分享裂变
60646,2841,2026-07-25 19:54:00,view_spot,微信分享裂变
60646,2841,2026-07-25 19:57:00,add_favorite,微信分享裂变
60646,2841,2026-07-25 19:59:00,create_order,微信分享裂变
60646,2841,2026-07-25 20:00:00,pay_order,微信分享裂变
160441,7597,2026-07-25 20:10:00,app_launch,自然流量
160441,7597,2026-07-25 20:11:00,ai_plan,自然流量
160441,7597,2026-07-25 20:12:00,view_spot,自然流量
99422,4705,2026-07-25 20:15:00,app_launch,自然流量
99422,4705,2026-07-25 20:16:00,ai_plan,自然流量
22870,1076,2026-07-25 20:20:00,app_launch,抖音信息流
160441,7597,2026-07-25 20:20:00,create_order,自然流量
22870,1076,2026-07-25 20:21:00,ai_plan,抖音信息流
22870,1076,2026-07-25 20:22:00,view_spot,抖音信息流
22871,1076,2026-07-25 20:37:00,app_launch,抖音信息流
22871,1076,2026-07-25 20:38:00,ai_plan,抖音信息流
22871,1076,2026-07-25 20:39:00,view_spot,抖音信息流
22871,1076,2026-07-25 20:42:00,view_spot,抖音信息流
22871,1076,2026-07-25 20:45:00,view_spot,抖音信息流
22871,1076,2026-07-25 20:48:00,view_spot,抖音信息流
55832,2610,2026-07-25 21:11:00,app_launch,抖音信息流
55832,2610,2026-07-25 21:12:00,ai_plan,抖音信息流
59168,2771,2026-07-25 21:12:00,app_launch,自然流量
44504,2081,2026-07-25 21:13:00,app_launch,抖音信息流
55832,2610,2026-07-25 21:13:00,view_spot,抖音信息流
59168,2771,2026-07-25 21:13:00,ai_plan,自然流量
59168,2771,2026-07-25 21:14:00,view_spot,自然流量
55832,2610,2026-07-25 21:16:00,view_spot,抖音信息流
55832,2610,2026-07-25 21:19:00,view_spot,抖音信息流
55832,2610,2026-07-25 21:21:00,create_order,抖音信息流
62801,2945,2026-07-25 21:41:00,app_launch,自然流量
21587,1018,2026-07-25 21:42:00,app_launch,微信分享裂变
62801,2945,2026-07-25 21:42:00,ai_plan,自然流量
62801,2945,2026-07-25 21:43:00,view_spot,自然流量
62801,2945,2026-07-25 21:46:00,view_spot,自然流量
62801,2945,2026-07-25 21:49:00,view_spot,自然流量
62801,2945,2026-07-25 21:49:00,add_favorite,自然流量
22016,1035,2026-07-25 22:29:00,app_launch,抖音信息流
22016,1035,2026-07-25 22:30:00,ai_plan,抖音信息流
74968,3535,2026-07-25 22:43:00,app_launch,小红书种草
74968,3535,2026-07-25 22:44:00,ai_plan,小红书种草
74968,3535,2026-07-25 22:45:00,view_spot,小红书种草
74968,3535,2026-07-25 22:48:00,view_spot,小红书种草
74968,3535,2026-07-25 22:51:00,view_spot,小红书种草
74968,3535,2026-07-25 22:51:00,add_favorite,小红书种草
74968,3535,2026-07-25 22:54:00,view_spot,小红书种草
22210,1045,2026-07-25 22:55:00,app_launch,自然流量
22210,1045,2026-07-25 22:56:00,ai_plan,自然流量
22210,1045,2026-07-25 22:57:00,view_spot,自然流量
79678,3762,2026-07-25 22:57:00,app_launch,抖音信息流
79678,3762,2026-07-25 22:58:00,ai_plan,抖音信息流
22210,1045,2026-07-25 23:00:00,view_spot,自然流量
22210,1045,2026-07-25 23:03:00,view_spot,自然流量
22210,1045,2026-07-25 23:06:00,view_spot,自然流量
59171,2771,2026-07-26 07:55:00,app_launch,自然流量
93386,4422,2026-07-26 07:55:00,app_launch,自然流量
59171,2771,2026-07-26 07:56:00,ai_plan,自然流量
93250,4415,2026-07-26 07:56:00,app_launch,自然流量
93386,4422,2026-07-26 07:56:00,ai_plan,自然流量
59171,2771,2026-07-26 07:57:00,view_spot,自然流量
93250,4415,2026-07-26 07:57:00,ai_plan,自然流量
93386,4422,2026-07-26 07:57:00,view_spot,自然流量
93250,4415,2026-07-26 07:58:00,view_spot,自然流量
93386,4422,2026-07-26 08:00:00,view_spot,自然流量
93250,4415,2026-07-26 08:01:00,view_spot,自然流量
93386,4422,2026-07-26 08:03:00,view_spot,自然流量
93250,4415,2026-07-26 08:04:00,view_spot,自然流量
44506,2081,2026-07-26 08:05:00,app_launch,抖音信息流
93386,4422,2026-07-26 08:06:00,view_spot,自然流量
60647,2841,2026-07-26 08:25:00,app_launch,微信分享裂变
60647,2841,2026-07-26 08:26:00,ai_plan,微信分享裂变
91241,4320,2026-07-26 08:26:00,app_launch,抖音信息流
60647,2841,2026-07-26 08:27:00,view_spot,微信分享裂变
91241,4320,2026-07-26 08:27:00,ai_plan,抖音信息流
60647,2841,2026-07-26 08:33:00,add_favorite,微信分享裂变
60647,2841,2026-07-26 08:35:00,create_order,微信分享裂变
60647,2841,2026-07-26 08:36:00,pay_order,微信分享裂变
71375,3363,2026-07-26 08:46:00,app_launch,小红书种草
71375,3363,2026-07-26 08:47:00,ai_plan,小红书种草
21444,1010,2026-07-26 09:16:00,app_launch,抖音信息流
59173,2771,2026-07-26 09:20:00,app_launch,自然流量
59173,2771,2026-07-26 09:21:00,ai_plan,自然流量
67668,3182,2026-07-26 09:30:00,app_launch,自然流量
67668,3182,2026-07-26 09:31:00,ai_plan,自然流量
10258,484,2026-07-26 09:54:00,app_launch,抖音信息流
10258,484,2026-07-26 09:55:00,ai_plan,抖音信息流
22176,1043,2026-07-26 10:10:00,app_launch,小红书种草
22176,1043,2026-07-26 10:11:00,ai_plan,小红书种草
133527,6318,2026-07-26 10:36:00,app_launch,小红书种草
49213,2303,2026-07-26 10:46:00,app_launch,抖音信息流
49213,2303,2026-07-26 10:47:00,ai_plan,抖音信息流
49213,2303,2026-07-26 10:48:00,view_spot,抖音信息流
49213,2303,2026-07-26 10:51:00,view_spot,抖音信息流
49213,2303,2026-07-26 10:54:00,view_spot,抖音信息流
49213,2303,2026-07-26 10:54:00,add_favorite,抖音信息流
49213,2303,2026-07-26 10:57:00,view_spot,抖音信息流
43441,2032,2026-07-26 11:00:00,app_launch,抖音信息流
78100,3685,2026-07-26 11:06:00,app_launch,自然流量
78100,3685,2026-07-26 11:07:00,ai_plan,自然流量
78100,3685,2026-07-26 11:08:00,view_spot,自然流量
78100,3685,2026-07-26 11:11:00,view_spot,自然流量
78100,3685,2026-07-26 11:14:00,view_spot,自然流量
78100,3685,2026-07-26 11:14:00,add_favorite,自然流量
78100,3685,2026-07-26 11:17:00,view_spot,自然流量
21590,1018,2026-07-26 11:59:00,app_launch,微信分享裂变
21590,1018,2026-07-26 12:00:00,ai_plan,微信分享裂变
21590,1018,2026-07-26 12:01:00,view_spot,微信分享裂变
21590,1018,2026-07-26 12:04:00,view_spot,微信分享裂变
91929,4353,2026-07-26 12:11:00,app_launch,小红书种草
60649,2841,2026-07-26 12:12:00,app_launch,微信分享裂变
91929,4353,2026-07-26 12:12:00,ai_plan,小红书种草
33169,1555,2026-07-26 12:13:00,app_launch,自然流量
91929,4353,2026-07-26 12:13:00,view_spot,小红书种草
33169,1555,2026-07-26 12:14:00,ai_plan,自然流量
33169,1555,2026-07-26 12:15:00,view_spot,自然流量
91929,4353,2026-07-26 12:16:00,view_spot,小红书种草
33169,1555,2026-07-26 12:18:00,view_spot,自然流量
33169,1555,2026-07-26 12:21:00,view_spot,自然流量
34420,1619,2026-07-26 12:23:00,app_launch,高校地推
78101,3685,2026-07-26 12:30:00,app_launch,自然流量
21445,1010,2026-07-26 12:40:00,app_launch,抖音信息流
43442,2032,2026-07-26 12:40:00,app_launch,抖音信息流
21445,1010,2026-07-26 12:41:00,ai_plan,抖音信息流
1377,66,2026-07-26 12:51:00,app_launch,抖音信息流
150021,7112,2026-07-26 12:56:00,app_launch,小红书种草
150021,7112,2026-07-26 12:57:00,ai_plan,小红书种草
150021,7112,2026-07-26 12:58:00,view_spot,小红书种草
150021,7112,2026-07-26 13:01:00,view_spot,小红书种草
150021,7112,2026-07-26 13:04:00,view_spot,小红书种草
102650,4862,2026-07-26 13:05:00,app_launch,微信分享裂变
102650,4862,2026-07-26 13:06:00,ai_plan,微信分享裂变
102650,4862,2026-07-26 13:07:00,view_spot,微信分享裂变
137865,6522,2026-07-26 13:07:00,app_launch,抖音信息流
150021,7112,2026-07-26 13:07:00,view_spot,小红书种草
102650,4862,2026-07-26 13:10:00,view_spot,微信分享裂变
102650,4862,2026-07-26 13:13:00,view_spot,微信分享裂变
102650,4862,2026-07-26 13:13:00,add_favorite,微信分享裂变
109874,5200,2026-07-26 13:13:00,app_launch,抖音信息流
9747,458,2026-07-26 13:14:00,app_launch,抖音信息流
109874,5200,2026-07-26 13:14:00,ai_plan,抖音信息流
109874,5200,2026-07-26 13:15:00,view_spot,抖音信息流
102650,4862,2026-07-26 13:16:00,view_spot,微信分享裂变
109874,5200,2026-07-26 13:18:00,view_spot,抖音信息流
109874,5200,2026-07-26 13:21:00,view_spot,抖音信息流
71373,3363,2026-07-26 13:24:00,app_launch,小红书种草
71373,3363,2026-07-26 13:25:00,ai_plan,小红书种草
93452,4425,2026-07-26 13:25:00,app_launch,小红书种草
71373,3363,2026-07-26 13:26:00,view_spot,小红书种草
93452,4425,2026-07-26 13:26:00,ai_plan,小红书种草
93452,4425,2026-07-26 13:27:00,view_spot,小红书种草
71373,3363,2026-07-26 13:29:00,view_spot,小红书种草
93452,4425,2026-07-26 13:30:00,view_spot,小红书种草
71373,3363,2026-07-26 13:32:00,view_spot,小红书种草
93452,4425,2026-07-26 13:33:00,view_spot,小红书种草
71373,3363,2026-07-26 13:34:00,create_order,小红书种草
71373,3363,2026-07-26 13:35:00,view_spot,小红书种草
71373,3363,2026-07-26 13:35:00,pay_order,小红书种草
92834,4395,2026-07-26 13:42:00,app_launch,抖音信息流
92834,4395,2026-07-26 13:43:00,ai_plan,抖音信息流
28594,1346,2026-07-26 13:52:00,app_launch,小红书种草
28594,1346,2026-07-26 13:53:00,ai_plan,小红书种草
21443,1010,2026-07-26 14:02:00,app_launch,抖音信息流
21443,1010,2026-07-26 14:03:00,ai_plan,抖音信息流
91240,4320,2026-07-26 14:05:00,app_launch,抖音信息流
91240,4320,2026-07-26 14:06:00,ai_plan,抖音信息流
91240,4320,2026-07-26 14:07:00,view_spot,抖音信息流
91240,4320,2026-07-26 14:10:00,view_spot,抖音信息流
51371,2406,2026-07-26 14:40:00,app_launch,自然流量
51371,2406,2026-07-26 14:41:00,ai_plan,自然流量
51371,2406,2026-07-26 14:42:00,view_spot,自然流量
93453,4425,2026-07-26 14:44:00,app_launch,小红书种草
51371,2406,2026-07-26 14:45:00,view_spot,自然流量
93453,4425,2026-07-26 14:45:00,ai_plan,小红书种草
93453,4425,2026-07-26 14:46:00,view_spot,小红书种草
51371,2406,2026-07-26 14:48:00,view_spot,自然流量
93453,4425,2026-07-26 14:54:00,create_order,小红书种草
93453,4425,2026-07-26 14:55:00,pay_order,小红书种草
102649,4862,2026-07-26 14:55:00,app_launch,微信分享裂变
102649,4862,2026-07-26 14:56:00,ai_plan,微信分享裂变
102649,4862,2026-07-26 14:57:00,view_spot,微信分享裂变
102649,4862,2026-07-26 15:00:00,view_spot,微信分享裂变
102649,4862,2026-07-26 15:03:00,view_spot,微信分享裂变
102649,4862,2026-07-26 15:03:00,add_favorite,微信分享裂变
102649,4862,2026-07-26 15:05:00,create_order,微信分享裂变
102649,4862,2026-07-26 15:06:00,pay_order,微信分享裂变
71374,3363,2026-07-26 15:20:00,app_launch,小红书种草
71374,3363,2026-07-26 15:21:00,ai_plan,小红书种草
71374,3363,2026-07-26 15:22:00,view_spot,小红书种草
71374,3363,2026-07-26 15:25:00,view_spot,小红书种草
61510,2883,2026-07-26 15:28:00,app_launch,抖音信息流
71374,3363,2026-07-26 15:28:00,view_spot,小红书种草
61510,2883,2026-07-26 15:29:00,ai_plan,抖音信息流
61510,2883,2026-07-26 15:30:00,view_spot,抖音信息流
71374,3363,2026-07-26 15:31:00,view_spot,小红书种草
10256,484,2026-07-26 15:33:00,app_launch,抖音信息流
61510,2883,2026-07-26 15:33:00,view_spot,抖音信息流
10256,484,2026-07-26 15:34:00,ai_plan,抖音信息流
10256,484,2026-07-26 15:35:00,view_spot,抖音信息流
61510,2883,2026-07-26 15:36:00,view_spot,抖音信息流
32028,1503,2026-07-26 15:37:00,app_launch,抖音信息流
10256,484,2026-07-26 15:38:00,view_spot,抖音信息流
9746,458,2026-07-26 15:39:00,app_launch,抖音信息流
10256,484,2026-07-26 15:41:00,view_spot,抖音信息流
33168,1555,2026-07-26 15:43:00,app_launch,自然流量
10256,484,2026-07-26 15:44:00,view_spot,抖音信息流
33168,1555,2026-07-26 15:44:00,ai_plan,自然流量
83058,3930,2026-07-26 15:59:00,app_launch,高校地推
83058,3930,2026-07-26 16:00:00,ai_plan,高校地推
83058,3930,2026-07-26 16:01:00,view_spot,高校地推
83058,3930,2026-07-26 16:04:00,view_spot,高校地推
28595,1346,2026-07-26 16:05:00,app_launch,小红书种草
28595,1346,2026-07-26 16:06:00,ai_plan,小红书种草
28595,1346,2026-07-26 16:07:00,view_spot,小红书种草
83058,3930,2026-07-26 16:07:00,view_spot,高校地推
28595,1346,2026-07-26 16:10:00,view_spot,小红书种草
28595,1346,2026-07-26 16:13:00,view_spot,小红书种草
28595,1346,2026-07-26 16:16:00,view_spot,小红书种草
51373,2406,2026-07-26 16:31:00,app_launch,自然流量
51373,2406,2026-07-26 16:32:00,ai_plan,自然流量
51373,2406,2026-07-26 16:33:00,view_spot,自然流量
114145,5403,2026-07-26 17:03:00,app_launch,抖音信息流
109947,5205,2026-07-26 17:06:00,app_launch,自然流量
67669,3182,2026-07-26 17:08:00,app_launch,自然流量
55833,2610,2026-07-26 17:25:00,app_launch,抖音信息流
55833,2610,2026-07-26 17:26:00,ai_plan,抖音信息流
55833,2610,2026-07-26 17:27:00,view_spot,抖音信息流
22177,1043,2026-07-26 17:28:00,app_launch,小红书种草
22177,1043,2026-07-26 17:29:00,ai_plan,小红书种草
22177,1043,2026-07-26 17:30:00,view_spot,小红书种草
55833,2610,2026-07-26 17:30:00,view_spot,抖音信息流
83056,3930,2026-07-26 17:32:00,app_launch,高校地推
55833,2610,2026-07-26 17:33:00,view_spot,抖音信息流
83056,3930,2026-07-26 17:33:00,ai_plan,高校地推
55833,2610,2026-07-26 17:36:00,view_spot,抖音信息流
32030,1503,2026-07-26 17:51:00,app_launch,抖音信息流
32030,1503,2026-07-26 17:52:00,ai_plan,抖音信息流
32030,1503,2026-07-26 17:53:00,view_spot,抖音信息流
32030,1503,2026-07-26 17:56:00,view_spot,抖音信息流
32030,1503,2026-07-26 17:59:00,add_favorite,抖音信息流
83057,3930,2026-07-26 18:03:00,app_launch,高校地推
83057,3930,2026-07-26 18:04:00,ai_plan,高校地推
32029,1503,2026-07-26 18:08:00,app_launch,抖音信息流
35335,1663,2026-07-26 18:18:00,app_launch,微信分享裂变
35335,1663,2026-07-26 18:19:00,ai_plan,微信分享裂变
35335,1663,2026-07-26 18:20:00,view_spot,微信分享裂变
35335,1663,2026-07-26 18:26:00,add_favorite,微信分享裂变
137864,6522,2026-07-26 18:45:00,app_launch,抖音信息流
43443,2032,2026-07-26 18:53:00,app_launch,抖音信息流
93384,4422,2026-07-26 18:53:00,app_launch,自然流量
93384,4422,2026-07-26 18:54:00,ai_plan,自然流量
93384,4422,2026-07-26 18:55:00,view_spot,自然流量
93384,4422,2026-07-26 18:58:00,view_spot,自然流量
91930,4353,2026-07-26 19:00:00,app_launch,小红书种草
91930,4353,2026-07-26 19:01:00,ai_plan,小红书种草
93384,4422,2026-07-26 19:01:00,view_spot,自然流量
91930,4353,2026-07-26 19:02:00,view_spot,小红书种草
91930,4353,2026-07-26 19:05:00,view_spot,小红书种草
91930,4353,2026-07-26 19:08:00,view_spot,小红书种草
91930,4353,2026-07-26 19:08:00,add_favorite,小红书种草
91930,4353,2026-07-26 19:11:00,view_spot,小红书种草
59172,2771,2026-07-26 19:24:00,app_launch,自然流量
59172,2771,2026-07-26 19:25:00,ai_plan,自然流量
59172,2771,2026-07-26 19:26:00,view_spot,自然流量
59172,2771,2026-07-26 19:29:00,view_spot,自然流量
22178,1043,2026-07-26 19:31:00,app_launch,小红书种草
22178,1043,2026-07-26 19:32:00,ai_plan,小红书种草
59172,2771,2026-07-26 19:32:00,view_spot,自然流量
59172,2771,2026-07-26 19:35:00,view_spot,自然流量
60648,2841,2026-07-26 19:35:00,app_launch,微信分享裂变
60648,2841,2026-07-26 19:36:00,ai_plan,微信分享裂变
60648,2841,2026-07-26 19:37:00,view_spot,微信分享裂变
60648,2841,2026-07-26 19:43:00,add_favorite,微信分享裂变
60648,2841,2026-07-26 19:45:00,create_order,微信分享裂变
60648,2841,2026-07-26 19:46:00,pay_order,微信分享裂变
61511,2883,2026-07-26 19:46:00,app_launch,抖音信息流
61511,2883,2026-07-26 19:47:00,ai_plan,抖音信息流
93454,4425,2026-07-26 19:57:00,app_launch,小红书种草
93454,4425,2026-07-26 19:58:00,ai_plan,小红书种草
45952,2150,2026-07-26 20:02:00,app_launch,自然流量
21591,1018,2026-07-26 20:05:00,app_launch,微信分享裂变
21591,1018,2026-07-26 20:06:00,ai_plan,微信分享裂变
21592,1018,2026-07-26 20:27:00,app_launch,微信分享裂变
21592,1018,2026-07-26 20:28:00,ai_plan,微信分享裂变
93385,4422,2026-07-26 20:51:00,app_launch,自然流量
93385,4422,2026-07-26 20:52:00,ai_plan,自然流量
44505,2081,2026-07-26 21:07:00,app_launch,抖音信息流
44505,2081,2026-07-26 21:08:00,ai_plan,抖音信息流
44505,2081,2026-07-26 21:09:00,view_spot,抖音信息流
44505,2081,2026-07-26 21:12:00,view_spot,抖音信息流
92835,4395,2026-07-26 21:16:00,app_launch,抖音信息流
44505,2081,2026-07-26 21:17:00,create_order,抖音信息流
92835,4395,2026-07-26 21:17:00,ai_plan,抖音信息流
44505,2081,2026-07-26 21:18:00,pay_order,抖音信息流
92835,4395,2026-07-26 21:18:00,view_spot,抖音信息流
92835,4395,2026-07-26 21:21:00,view_spot,抖音信息流
92835,4395,2026-07-26 21:24:00,view_spot,抖音信息流
92835,4395,2026-07-26 21:27:00,view_spot,抖音信息流
51372,2406,2026-07-26 21:31:00,app_launch,自然流量
51372,2406,2026-07-26 21:32:00,ai_plan,自然流量
51372,2406,2026-07-26 21:33:00,view_spot,自然流量
51372,2406,2026-07-26 21:36:00,view_spot,自然流量
51372,2406,2026-07-26 21:39:00,view_spot,自然流量
51372,2406,2026-07-26 21:42:00,view_spot,自然流量
1378,66,2026-07-26 21:44:00,app_launch,抖音信息流
1378,66,2026-07-26 21:45:00,ai_plan,抖音信息流
133526,6318,2026-07-26 21:56:00,app_launch,小红书种草
133526,6318,2026-07-26 21:57:00,ai_plan,小红书种草
133526,6318,2026-07-26 21:58:00,view_spot,小红书种草
133526,6318,2026-07-26 22:01:00,view_spot,小红书种草
22212,1045,2026-07-26 22:04:00,app_launch,自然流量
133526,6318,2026-07-26 22:04:00,view_spot,小红书种草
22212,1045,2026-07-26 22:05:00,ai_plan,自然流量
22212,1045,2026-07-26 22:06:00,view_spot,自然流量
22212,1045,2026-07-26 22:09:00,view_spot,自然流量
22212,1045,2026-07-26 22:12:00,view_spot,自然流量
22212,1045,2026-07-26 22:15:00,view_spot,自然流量
28593,1346,2026-07-26 22:37:00,app_launch,小红书种草
150020,7112,2026-07-26 22:43:00,app_launch,小红书种草
150020,7112,2026-07-26 22:44:00,ai_plan,小红书种草
150020,7112,2026-07-26 22:45:00,view_spot,小红书种草
10257,484,2026-07-26 22:49:00,app_launch,抖音信息流
109948,5205,2026-07-27 07:04:00,app_launch,自然流量
109948,5205,2026-07-27 07:05:00,ai_plan,自然流量
109948,5205,2026-07-27 07:06:00,view_spot,自然流量
109948,5205,2026-07-27 07:09:00,view_spot,自然流量
148564,7043,2026-07-27 07:28:00,app_launch,自然流量
148564,7043,2026-07-27 07:29:00,ai_plan,自然流量
148564,7043,2026-07-27 07:30:00,view_spot,自然流量
152958,7245,2026-07-27 07:31:00,app_launch,抖音信息流
34423,1619,2026-07-27 07:33:00,app_launch,高校地推
34423,1619,2026-07-27 07:34:00,ai_plan,高校地推
55834,2610,2026-07-27 07:44:00,app_launch,抖音信息流
55834,2610,2026-07-27 07:45:00,ai_plan,抖音信息流
146695,6956,2026-07-27 08:33:00,app_launch,抖音信息流
146695,6956,2026-07-27 08:34:00,ai_plan,抖音信息流
17170,812,2026-07-27 08:55:00,app_launch,自然流量
17170,812,2026-07-27 08:56:00,ai_plan,自然流量
17170,812,2026-07-27 08:57:00,view_spot,自然流量
17170,812,2026-07-27 09:00:00,view_spot,自然流量
9748,458,2026-07-27 09:23:00,app_launch,抖音信息流
17169,812,2026-07-27 09:54:00,app_launch,自然流量
93251,4415,2026-07-27 09:57:00,app_launch,自然流量
93251,4415,2026-07-27 09:58:00,ai_plan,自然流量
93251,4415,2026-07-27 09:59:00,view_spot,自然流量
93251,4415,2026-07-27 10:02:00,view_spot,自然流量
45954,2150,2026-07-27 10:04:00,app_launch,自然流量
61512,2883,2026-07-27 10:05:00,app_launch,抖音信息流
93251,4415,2026-07-27 10:05:00,view_spot,自然流量
93251,4415,2026-07-27 10:05:00,add_favorite,自然流量
61512,2883,2026-07-27 10:06:00,ai_plan,抖音信息流
61512,2883,2026-07-27 10:07:00,view_spot,抖音信息流
93251,4415,2026-07-27 10:08:00,view_spot,自然流量
61512,2883,2026-07-27 10:13:00,add_favorite,抖音信息流
29908,1407,2026-07-27 12:18:00,app_launch,高校地推
29908,1407,2026-07-27 12:19:00,ai_plan,高校地推
29908,1407,2026-07-27 12:20:00,view_spot,高校地推
29908,1407,2026-07-27 12:23:00,view_spot,高校地推
29908,1407,2026-07-27 12:26:00,view_spot,高校地推
148563,7043,2026-07-27 12:38:00,app_launch,自然流量
148563,7043,2026-07-27 12:39:00,ai_plan,自然流量
133565,6320,2026-07-27 12:43:00,app_launch,小红书种草
85734,4055,2026-07-27 12:46:00,app_launch,微信分享裂变
9749,458,2026-07-27 13:41:00,app_launch,抖音信息流
9749,458,2026-07-27 13:42:00,ai_plan,抖音信息流
55835,2610,2026-07-27 13:53:00,app_launch,抖音信息流
133564,6320,2026-07-27 13:56:00,app_launch,小红书种草
109950,5205,2026-07-27 14:29:00,app_launch,自然流量
109950,5205,2026-07-27 14:30:00,ai_plan,自然流量
109950,5205,2026-07-27 14:31:00,view_spot,自然流量
109950,5205,2026-07-27 14:34:00,view_spot,自然流量
109950,5205,2026-07-27 14:37:00,view_spot,自然流量
109950,5205,2026-07-27 14:39:00,create_order,自然流量
58727,2749,2026-07-27 14:49:00,app_launch,抖音信息流
58727,2749,2026-07-27 14:50:00,ai_plan,抖音信息流
58727,2749,2026-07-27 14:51:00,view_spot,抖音信息流
58727,2749,2026-07-27 14:54:00,view_spot,抖音信息流
58727,2749,2026-07-27 14:57:00,view_spot,抖音信息流
45953,2150,2026-07-27 15:04:00,app_launch,自然流量
93252,4415,2026-07-27 15:20:00,app_launch,自然流量
93252,4415,2026-07-27 15:21:00,ai_plan,自然流量
147405,6989,2026-07-27 15:27:00,app_launch,自然流量
147405,6989,2026-07-27 15:28:00,ai_plan,自然流量
147405,6989,2026-07-27 15:29:00,view_spot,自然流量
147405,6989,2026-07-27 15:32:00,view_spot,自然流量
147405,6989,2026-07-27 15:35:00,view_spot,自然流量
152957,7245,2026-07-27 15:42:00,app_launch,抖音信息流
152957,7245,2026-07-27 15:43:00,ai_plan,抖音信息流
29907,1407,2026-07-27 16:34:00,app_launch,高校地推
58728,2749,2026-07-27 16:57:00,app_launch,抖音信息流
58728,2749,2026-07-27 16:58:00,ai_plan,抖音信息流
162613,7701,2026-07-27 17:20:00,app_launch,自然流量
162613,7701,2026-07-27 17:21:00,ai_plan,自然流量
146694,6956,2026-07-27 17:25:00,app_launch,抖音信息流
146693,6956,2026-07-27 17:26:00,app_launch,抖音信息流
146694,6956,2026-07-27 17:26:00,ai_plan,抖音信息流
146693,6956,2026-07-27 17:27:00,ai_plan,抖音信息流
29909,1407,2026-07-27 17:34:00,app_launch,高校地推
29909,1407,2026-07-27 17:35:00,ai_plan,高校地推
29909,1407,2026-07-27 17:36:00,view_spot,高校地推
29909,1407,2026-07-27 17:42:00,add_favorite,高校地推
9750,458,2026-07-27 18:14:00,app_launch,抖音信息流
9750,458,2026-07-27 18:15:00,ai_plan,抖音信息流
104854,4962,2026-07-27 19:35:00,app_launch,自然流量
104854,4962,2026-07-27 19:36:00,ai_plan,自然流量
104854,4962,2026-07-27 19:37:00,view_spot,自然流量
104854,4962,2026-07-27 19:40:00,view_spot,自然流量
58726,2749,2026-07-27 19:42:00,app_launch,抖音信息流
104854,4962,2026-07-27 19:43:00,view_spot,自然流量
104854,4962,2026-07-27 19:46:00,view_spot,自然流量
109949,5205,2026-07-27 19:49:00,app_launch,自然流量
109949,5205,2026-07-27 19:50:00,ai_plan,自然流量
109949,5205,2026-07-27 19:51:00,view_spot,自然流量
109949,5205,2026-07-27 19:54:00,view_spot,自然流量
109949,5205,2026-07-27 19:57:00,view_spot,自然流量
109949,5205,2026-07-27 20:00:00,view_spot,自然流量
59174,2771,2026-07-27 20:02:00,app_launch,自然流量
59174,2771,2026-07-27 20:03:00,ai_plan,自然流量
34422,1619,2026-07-27 20:44:00,app_launch,高校地推
93253,4415,2026-07-27 20:58:00,app_launch,自然流量
93253,4415,2026-07-27 20:59:00,ai_plan,自然流量
93253,4415,2026-07-27 21:00:00,view_spot,自然流量
93253,4415,2026-07-27 21:03:00,view_spot,自然流量
93253,4415,2026-07-27 21:06:00,view_spot,自然流量
104853,4962,2026-07-27 21:15:00,app_launch,自然流量
104853,4962,2026-07-27 21:16:00,ai_plan,自然流量
41477,1946,2026-07-27 21:32:00,app_launch,高校地推
41477,1946,2026-07-27 21:33:00,ai_plan,高校地推
34421,1619,2026-07-27 21:54:00,app_launch,高校地推
34421,1619,2026-07-27 21:55:00,ai_plan,高校地推
148562,7043,2026-07-27 22:10:00,app_launch,自然流量
148562,7043,2026-07-27 22:11:00,ai_plan,自然流量
148562,7043,2026-07-27 22:12:00,view_spot,自然流量
152956,7245,2026-07-27 22:12:00,app_launch,抖音信息流
152956,7245,2026-07-27 22:13:00,ai_plan,抖音信息流
148562,7043,2026-07-27 22:15:00,view_spot,自然流量
148562,7043,2026-07-27 22:18:00,view_spot,自然流量
61513,2883,2026-07-28 07:13:00,app_launch,抖音信息流
80821,3814,2026-07-28 07:39:00,app_launch,自然流量
80821,3814,2026-07-28 07:40:00,ai_plan,自然流量
80821,3814,2026-07-28 07:41:00,view_spot,自然流量
80821,3814,2026-07-28 07:44:00,view_spot,自然流量
80821,3814,2026-07-28 07:47:00,view_spot,自然流量
80821,3814,2026-07-28 07:47:00,add_favorite,自然流量
80821,3814,2026-07-28 07:49:00,create_order,自然流量
80821,3814,2026-07-28 07:50:00,view_spot,自然流量
49214,2303,2026-07-28 07:58:00,app_launch,抖音信息流
32031,1503,2026-07-28 08:15:00,app_launch,抖音信息流
29910,1407,2026-07-28 08:16:00,app_launch,高校地推
91689,4343,2026-07-28 08:55:00,app_launch,抖音信息流
91689,4343,2026-07-28 08:56:00,ai_plan,抖音信息流
91689,4343,2026-07-28 08:57:00,view_spot,抖音信息流
51376,2406,2026-07-28 09:30:00,app_launch,自然流量
46269,2165,2026-07-28 10:02:00,app_launch,微信分享裂变
120982,5724,2026-07-28 10:14:00,app_launch,微信分享裂变
120982,5724,2026-07-28 10:15:00,ai_plan,微信分享裂变
120982,5724,2026-07-28 10:16:00,view_spot,微信分享裂变
120982,5724,2026-07-28 10:19:00,view_spot,微信分享裂变
120982,5724,2026-07-28 10:24:00,create_order,微信分享裂变
120982,5724,2026-07-28 10:25:00,pay_order,微信分享裂变
109951,5205,2026-07-28 10:33:00,app_launch,自然流量
109951,5205,2026-07-28 10:34:00,ai_plan,自然流量
109951,5205,2026-07-28 10:35:00,view_spot,自然流量
109951,5205,2026-07-28 10:38:00,view_spot,自然流量
22428,1056,2026-07-28 10:41:00,app_launch,小红书种草
109951,5205,2026-07-28 10:41:00,view_spot,自然流量
22428,1056,2026-07-28 10:42:00,ai_plan,小红书种草
22428,1056,2026-07-28 10:43:00,view_spot,小红书种草
22428,1056,2026-07-28 10:46:00,view_spot,小红书种草
126030,5957,2026-07-28 10:48:00,app_launch,抖音信息流
22428,1056,2026-07-28 10:49:00,add_favorite,小红书种草
65484,3079,2026-07-28 11:07:00,app_launch,小红书种草
65484,3079,2026-07-28 11:08:00,ai_plan,小红书种草
65484,3079,2026-07-28 11:09:00,view_spot,小红书种草
65484,3079,2026-07-28 11:12:00,view_spot,小红书种草
65484,3079,2026-07-28 11:15:00,view_spot,小红书种草
65484,3079,2026-07-28 11:18:00,view_spot,小红书种草
102651,4862,2026-07-28 11:19:00,app_launch,微信分享裂变
129592,6125,2026-07-28 11:20:00,app_launch,自然流量
167602,7941,2026-07-28 11:47:00,app_launch,自然流量
126028,5957,2026-07-28 11:48:00,app_launch,抖音信息流
167602,7941,2026-07-28 11:48:00,ai_plan,自然流量
93387,4422,2026-07-28 11:49:00,app_launch,自然流量
126028,5957,2026-07-28 11:49:00,ai_plan,抖音信息流
167602,7941,2026-07-28 11:49:00,view_spot,自然流量
126028,5957,2026-07-28 11:50:00,view_spot,抖音信息流
167602,7941,2026-07-28 11:52:00,view_spot,自然流量
167602,7941,2026-07-28 11:55:00,view_spot,自然流量
126028,5957,2026-07-28 11:56:00,add_favorite,抖音信息流
102652,4862,2026-07-28 12:00:00,app_launch,微信分享裂变
22427,1056,2026-07-28 12:39:00,app_launch,小红书种草
22427,1056,2026-07-28 12:40:00,ai_plan,小红书种草
32032,1503,2026-07-28 12:51:00,app_launch,抖音信息流
139337,6596,2026-07-28 12:51:00,app_launch,抖音信息流
32032,1503,2026-07-28 12:52:00,ai_plan,抖音信息流
139337,6596,2026-07-28 12:52:00,ai_plan,抖音信息流
152961,7245,2026-07-28 12:56:00,app_launch,抖音信息流
51375,2406,2026-07-28 13:15:00,app_launch,自然流量
65485,3079,2026-07-28 13:15:00,app_launch,小红书种草
65485,3079,2026-07-28 13:16:00,ai_plan,小红书种草
123226,5828,2026-07-28 13:21:00,app_launch,自然流量
123226,5828,2026-07-28 13:22:00,ai_plan,自然流量
123226,5828,2026-07-28 13:23:00,view_spot,自然流量
123226,5828,2026-07-28 13:26:00,view_spot,自然流量
123226,5828,2026-07-28 13:29:00,view_spot,自然流量
123226,5828,2026-07-28 13:31:00,create_order,自然流量
123226,5828,2026-07-28 13:32:00,view_spot,自然流量
123226,5828,2026-07-28 13:32:00,pay_order,自然流量
34424,1619,2026-07-28 13:54:00,app_launch,高校地推
34424,1619,2026-07-28 13:55:00,ai_plan,高校地推
129593,6125,2026-07-28 13:55:00,app_launch,自然流量
129593,6125,2026-07-28 13:56:00,ai_plan,自然流量
22214,1045,2026-07-28 14:32:00,app_launch,自然流量
22214,1045,2026-07-28 14:33:00,ai_plan,自然流量
22214,1045,2026-07-28 14:34:00,view_spot,自然流量
22214,1045,2026-07-28 14:37:00,view_spot,自然流量
22214,1045,2026-07-28 14:40:00,view_spot,自然流量
22214,1045,2026-07-28 14:40:00,add_favorite,自然流量
28598,1346,2026-07-28 14:41:00,app_launch,小红书种草
126029,5957,2026-07-28 14:41:00,app_launch,抖音信息流
22214,1045,2026-07-28 14:42:00,create_order,自然流量
28598,1346,2026-07-28 14:42:00,ai_plan,小红书种草
22214,1045,2026-07-28 14:43:00,pay_order,自然流量
28598,1346,2026-07-28 14:43:00,view_spot,小红书种草
129591,6125,2026-07-28 14:48:00,app_launch,自然流量
129591,6125,2026-07-28 14:49:00,ai_plan,自然流量
28597,1346,2026-07-28 14:52:00,app_launch,小红书种草
28597,1346,2026-07-28 14:53:00,ai_plan,小红书种草
91688,4343,2026-07-28 14:53:00,app_launch,抖音信息流
28597,1346,2026-07-28 14:54:00,view_spot,小红书种草
91688,4343,2026-07-28 14:54:00,ai_plan,抖音信息流
91688,4343,2026-07-28 14:55:00,view_spot,抖音信息流
28597,1346,2026-07-28 14:57:00,view_spot,小红书种草
91688,4343,2026-07-28 14:58:00,view_spot,抖音信息流
28597,1346,2026-07-28 15:00:00,view_spot,小红书种草
91688,4343,2026-07-28 15:01:00,view_spot,抖音信息流
28597,1346,2026-07-28 15:02:00,create_order,小红书种草
28597,1346,2026-07-28 15:03:00,view_spot,小红书种草
28597,1346,2026-07-28 15:03:00,pay_order,小红书种草
91688,4343,2026-07-28 15:03:00,create_order,抖音信息流
91688,4343,2026-07-28 15:04:00,view_spot,抖音信息流
22429,1056,2026-07-28 15:33:00,app_launch,小红书种草
22429,1056,2026-07-28 15:34:00,ai_plan,小红书种草
120981,5724,2026-07-28 16:08:00,app_launch,微信分享裂变
120981,5724,2026-07-28 16:09:00,ai_plan,微信分享裂变
102653,4862,2026-07-28 16:10:00,app_launch,微信分享裂变
120981,5724,2026-07-28 16:10:00,view_spot,微信分享裂变
102653,4862,2026-07-28 16:11:00,ai_plan,微信分享裂变
102653,4862,2026-07-28 16:12:00,view_spot,微信分享裂变
120981,5724,2026-07-28 16:13:00,view_spot,微信分享裂变
102653,4862,2026-07-28 16:15:00,view_spot,微信分享裂变
120981,5724,2026-07-28 16:16:00,view_spot,微信分享裂变
120981,5724,2026-07-28 16:16:00,add_favorite,微信分享裂变
102653,4862,2026-07-28 16:18:00,view_spot,微信分享裂变
102653,4862,2026-07-28 16:18:00,add_favorite,微信分享裂变
152959,7245,2026-07-28 16:18:00,app_launch,抖音信息流
120981,5724,2026-07-28 16:19:00,view_spot,微信分享裂变
102653,4862,2026-07-28 16:20:00,create_order,微信分享裂变
102653,4862,2026-07-28 16:21:00,pay_order,微信分享裂变
78102,3685,2026-07-28 17:26:00,app_launch,自然流量
78102,3685,2026-07-28 17:27:00,ai_plan,自然流量
78102,3685,2026-07-28 17:28:00,view_spot,自然流量
78102,3685,2026-07-28 17:31:00,view_spot,自然流量
78102,3685,2026-07-28 17:34:00,view_spot,自然流量
78102,3685,2026-07-28 17:37:00,view_spot,自然流量
120980,5724,2026-07-28 17:39:00,app_launch,微信分享裂变
69263,3263,2026-07-28 17:43:00,app_launch,自然流量
69263,3263,2026-07-28 17:44:00,ai_plan,自然流量
36138,1700,2026-07-28 17:48:00,app_launch,小红书种草
36138,1700,2026-07-28 17:49:00,ai_plan,小红书种草
91690,4343,2026-07-28 18:08:00,app_launch,抖音信息流
160443,7597,2026-07-28 18:12:00,app_launch,自然流量
160443,7597,2026-07-28 18:13:00,ai_plan,自然流量
61514,2883,2026-07-28 19:22:00,app_launch,抖音信息流
61514,2883,2026-07-28 19:23:00,ai_plan,抖音信息流
61514,2883,2026-07-28 19:24:00,view_spot,抖音信息流
22213,1045,2026-07-28 19:26:00,app_launch,自然流量
22213,1045,2026-07-28 19:27:00,ai_plan,自然流量
22213,1045,2026-07-28 19:28:00,view_spot,自然流量
32033,1503,2026-07-28 19:29:00,app_launch,抖音信息流
32033,1503,2026-07-28 19:30:00,ai_plan,抖音信息流
32033,1503,2026-07-28 19:31:00,view_spot,抖音信息流
61514,2883,2026-07-28 19:32:00,create_order,抖音信息流
22213,1045,2026-07-28 19:36:00,create_order,自然流量
65486,3079,2026-07-28 19:53:00,app_launch,小红书种草
51374,2406,2026-07-28 20:52:00,app_launch,自然流量
51374,2406,2026-07-28 20:53:00,ai_plan,自然流量
51374,2406,2026-07-28 20:54:00,view_spot,自然流量
28596,1346,2026-07-28 21:34:00,app_launch,小红书种草
28596,1346,2026-07-28 21:35:00,ai_plan,小红书种草
152960,7245,2026-07-28 21:42:00,app_launch,抖音信息流
152960,7245,2026-07-28 21:43:00,ai_plan,抖音信息流
152960,7245,2026-07-28 21:44:00,view_spot,抖音信息流
152960,7245,2026-07-28 21:47:00,view_spot,抖音信息流
80820,3814,2026-07-28 21:56:00,app_launch,自然流量
69283,3264,2026-07-28 21:57:00,app_launch,抖音信息流
80820,3814,2026-07-28 21:57:00,ai_plan,自然流量
69283,3264,2026-07-28 21:58:00,ai_plan,抖音信息流
80820,3814,2026-07-28 21:58:00,view_spot,自然流量
69283,3264,2026-07-28 21:59:00,view_spot,抖音信息流
80820,3814,2026-07-28 22:01:00,view_spot,自然流量
69283,3264,2026-07-28 22:02:00,view_spot,抖音信息流
69283,3264,2026-07-28 22:05:00,view_spot,抖音信息流
69283,3264,2026-07-28 22:07:00,create_order,抖音信息流
69283,3264,2026-07-28 22:08:00,view_spot,抖音信息流
69282,3264,2026-07-28 22:18:00,app_launch,抖音信息流
49215,2303,2026-07-28 22:28:00,app_launch,抖音信息流
123227,5828,2026-07-28 22:42:00,app_launch,自然流量
123227,5828,2026-07-28 22:43:00,ai_plan,自然流量
29952,1408,2026-07-28 22:57:00,app_launch,自然流量
113965,5395,2026-07-29 07:11:00,app_launch,抖音信息流
17171,812,2026-07-29 07:12:00,app_launch,自然流量
17171,812,2026-07-29 07:13:00,ai_plan,自然流量
17171,812,2026-07-29 07:14:00,view_spot,自然流量
17171,812,2026-07-29 07:17:00,view_spot,自然流量
17171,812,2026-07-29 07:20:00,view_spot,自然流量
17171,812,2026-07-29 07:22:00,create_order,自然流量
91723,4344,2026-07-29 07:31:00,app_launch,自然流量
91723,4344,2026-07-29 07:32:00,ai_plan,自然流量
139339,6596,2026-07-29 07:41:00,app_launch,抖音信息流
139339,6596,2026-07-29 07:42:00,ai_plan,抖音信息流
139339,6596,2026-07-29 07:43:00,view_spot,抖音信息流
7352,350,2026-07-29 07:46:00,app_launch,自然流量
36140,1700,2026-07-29 07:46:00,app_launch,小红书种草
139339,6596,2026-07-29 07:46:00,view_spot,抖音信息流
36140,1700,2026-07-29 07:47:00,ai_plan,小红书种草
36140,1700,2026-07-29 07:48:00,view_spot,小红书种草
36140,1700,2026-07-29 07:51:00,view_spot,小红书种草
36140,1700,2026-07-29 07:56:00,create_order,小红书种草
36140,1700,2026-07-29 07:57:00,pay_order,小红书种草
123229,5828,2026-07-29 07:57:00,app_launch,自然流量
93388,4422,2026-07-29 08:10:00,app_launch,自然流量
93388,4422,2026-07-29 08:11:00,ai_plan,自然流量
91722,4344,2026-07-29 08:21:00,app_launch,自然流量
91722,4344,2026-07-29 08:22:00,ai_plan,自然流量
91722,4344,2026-07-29 08:23:00,view_spot,自然流量
91722,4344,2026-07-29 08:26:00,view_spot,自然流量
91722,4344,2026-07-29 08:29:00,view_spot,自然流量
142377,6748,2026-07-29 08:44:00,app_launch,抖音信息流
143456,6801,2026-07-29 08:55:00,app_launch,抖音信息流
143456,6801,2026-07-29 08:56:00,ai_plan,抖音信息流
29911,1407,2026-07-29 09:59:00,app_launch,高校地推
32035,1503,2026-07-29 10:09:00,app_launch,抖音信息流
36139,1700,2026-07-29 10:20:00,app_launch,小红书种草
36139,1700,2026-07-29 10:21:00,ai_plan,小红书种草
22019,1035,2026-07-29 10:22:00,app_launch,抖音信息流
10260,484,2026-07-29 10:28:00,app_launch,抖音信息流
131960,6241,2026-07-29 10:31:00,app_launch,小红书种草
93389,4422,2026-07-29 10:53:00,app_launch,自然流量
93389,4422,2026-07-29 10:54:00,ai_plan,自然流量
69792,3287,2026-07-29 11:07:00,app_launch,小红书种草
105614,4998,2026-07-29 11:07:00,app_launch,抖音信息流
69792,3287,2026-07-29 11:08:00,ai_plan,小红书种草
105614,4998,2026-07-29 11:08:00,ai_plan,抖音信息流
69792,3287,2026-07-29 11:09:00,view_spot,小红书种草
69792,3287,2026-07-29 11:12:00,view_spot,小红书种草
69792,3287,2026-07-29 11:15:00,view_spot,小红书种草
69792,3287,2026-07-29 11:18:00,view_spot,小红书种草
133528,6318,2026-07-29 11:24:00,app_launch,小红书种草
109953,5205,2026-07-29 11:47:00,app_launch,自然流量
109953,5205,2026-07-29 11:48:00,ai_plan,自然流量
109953,5205,2026-07-29 11:49:00,view_spot,自然流量
109953,5205,2026-07-29 11:52:00,view_spot,自然流量
21291,1003,2026-07-29 11:55:00,app_launch,自然流量
109953,5205,2026-07-29 11:55:00,view_spot,自然流量
109953,5205,2026-07-29 11:55:00,add_favorite,自然流量
21291,1003,2026-07-29 11:56:00,ai_plan,自然流量
61517,2883,2026-07-29 12:06:00,app_launch,抖音信息流
61517,2883,2026-07-29 12:07:00,ai_plan,抖音信息流
105613,4998,2026-07-29 12:11:00,app_launch,抖音信息流
61515,2883,2026-07-29 12:12:00,app_launch,抖音信息流
105613,4998,2026-07-29 12:12:00,ai_plan,抖音信息流
61515,2883,2026-07-29 12:13:00,ai_plan,抖音信息流
105613,4998,2026-07-29 12:13:00,view_spot,抖音信息流
105613,4998,2026-07-29 12:16:00,view_spot,抖音信息流
105613,4998,2026-07-29 12:19:00,add_favorite,抖音信息流
123228,5828,2026-07-29 12:47:00,app_launch,自然流量
123228,5828,2026-07-29 12:48:00,ai_plan,自然流量
22021,1035,2026-07-29 12:52:00,app_launch,抖音信息流
32036,1503,2026-07-29 13:00:00,app_launch,抖音信息流
45330,2119,2026-07-29 13:18:00,app_launch,自然流量
45330,2119,2026-07-29 13:19:00,ai_plan,自然流量
45330,2119,2026-07-29 13:20:00,view_spot,自然流量
45330,2119,2026-07-29 13:23:00,view_spot,自然流量
43446,2032,2026-07-29 13:38:00,app_launch,抖音信息流
43446,2032,2026-07-29 13:39:00,ai_plan,抖音信息流
43446,2032,2026-07-29 13:40:00,view_spot,抖音信息流
43446,2032,2026-07-29 13:43:00,view_spot,抖音信息流
143455,6801,2026-07-29 13:44:00,app_launch,抖音信息流
43446,2032,2026-07-29 13:46:00,view_spot,抖音信息流
43446,2032,2026-07-29 13:49:00,view_spot,抖音信息流
109952,5205,2026-07-29 14:02:00,app_launch,自然流量
109952,5205,2026-07-29 14:03:00,ai_plan,自然流量
109952,5205,2026-07-29 14:04:00,view_spot,自然流量
109952,5205,2026-07-29 14:07:00,view_spot,自然流量
109952,5205,2026-07-29 14:10:00,view_spot,自然流量
69791,3287,2026-07-29 14:12:00,app_launch,小红书种草
69791,3287,2026-07-29 14:13:00,ai_plan,小红书种草
7353,350,2026-07-29 14:29:00,app_launch,自然流量
7353,350,2026-07-29 14:30:00,ai_plan,自然流量
7353,350,2026-07-29 14:31:00,view_spot,自然流量
7353,350,2026-07-29 14:34:00,view_spot,自然流量
7353,350,2026-07-29 14:37:00,view_spot,自然流量
21292,1003,2026-07-29 14:43:00,app_launch,自然流量
21292,1003,2026-07-29 14:44:00,ai_plan,自然流量
21292,1003,2026-07-29 14:45:00,view_spot,自然流量
69285,3264,2026-07-29 14:47:00,app_launch,抖音信息流
21292,1003,2026-07-29 14:48:00,view_spot,自然流量
32034,1503,2026-07-29 14:48:00,app_launch,抖音信息流
32034,1503,2026-07-29 14:49:00,ai_plan,抖音信息流
21290,1003,2026-07-29 14:51:00,app_launch,自然流量
21292,1003,2026-07-29 14:51:00,view_spot,自然流量
21290,1003,2026-07-29 14:52:00,ai_plan,自然流量
21290,1003,2026-07-29 14:53:00,view_spot,自然流量
21292,1003,2026-07-29 14:53:00,create_order,自然流量
21292,1003,2026-07-29 14:54:00,view_spot,自然流量
21292,1003,2026-07-29 14:54:00,pay_order,自然流量
21290,1003,2026-07-29 14:59:00,add_favorite,自然流量
113964,5395,2026-07-29 15:21:00,app_launch,抖音信息流
91721,4344,2026-07-29 15:30:00,app_launch,自然流量
91721,4344,2026-07-29 15:31:00,ai_plan,自然流量
43445,2032,2026-07-29 15:53:00,app_launch,抖音信息流
43445,2032,2026-07-29 15:54:00,ai_plan,抖音信息流
77468,3657,2026-07-29 15:59:00,app_launch,自然流量
77468,3657,2026-07-29 16:00:00,ai_plan,自然流量
36141,1700,2026-07-29 16:09:00,app_launch,小红书种草
36141,1700,2026-07-29 16:10:00,ai_plan,小红书种草
36141,1700,2026-07-29 16:11:00,view_spot,小红书种草
36141,1700,2026-07-29 16:14:00,view_spot,小红书种草
36141,1700,2026-07-29 16:17:00,add_favorite,小红书种草
123230,5828,2026-07-29 16:38:00,app_launch,自然流量
123230,5828,2026-07-29 16:39:00,ai_plan,自然流量
143457,6801,2026-07-29 16:58:00,app_launch,抖音信息流
61516,2883,2026-07-29 17:43:00,app_launch,抖音信息流
61516,2883,2026-07-29 17:44:00,ai_plan,抖音信息流
61516,2883,2026-07-29 17:45:00,view_spot,抖音信息流
77469,3657,2026-07-29 17:47:00,app_launch,自然流量
61516,2883,2026-07-29 17:48:00,view_spot,抖音信息流
61516,2883,2026-07-29 17:51:00,view_spot,抖音信息流
61516,2883,2026-07-29 17:54:00,view_spot,抖音信息流
139338,6596,2026-07-29 18:18:00,app_launch,抖音信息流
43444,2032,2026-07-29 18:22:00,app_launch,抖音信息流
43444,2032,2026-07-29 18:23:00,ai_plan,抖音信息流
69284,3264,2026-07-29 19:10:00,app_launch,抖音信息流
69284,3264,2026-07-29 19:11:00,ai_plan,抖音信息流
22020,1035,2026-07-29 19:12:00,app_launch,抖音信息流
69284,3264,2026-07-29 19:12:00,view_spot,抖音信息流
22020,1035,2026-07-29 19:13:00,ai_plan,抖音信息流
69284,3264,2026-07-29 19:15:00,view_spot,抖音信息流
69284,3264,2026-07-29 19:18:00,view_spot,抖音信息流
22216,1045,2026-07-29 19:56:00,app_launch,自然流量
22215,1045,2026-07-29 20:11:00,app_launch,自然流量
22215,1045,2026-07-29 20:12:00,ai_plan,自然流量
22215,1045,2026-07-29 20:13:00,view_spot,自然流量
22215,1045,2026-07-29 20:19:00,add_favorite,自然流量
10261,484,2026-07-29 20:20:00,app_launch,抖音信息流
17172,812,2026-07-29 20:36:00,app_launch,自然流量
17172,812,2026-07-29 20:37:00,ai_plan,自然流量
17172,812,2026-07-29 20:38:00,view_spot,自然流量
17172,812,2026-07-29 20:41:00,view_spot,自然流量
17172,812,2026-07-29 20:44:00,add_favorite,自然流量
45331,2119,2026-07-29 20:46:00,app_launch,自然流量
45331,2119,2026-07-29 20:47:00,ai_plan,自然流量
45331,2119,2026-07-29 20:48:00,view_spot,自然流量
45331,2119,2026-07-29 20:51:00,view_spot,自然流量
69793,3287,2026-07-29 20:53:00,app_launch,小红书种草
10259,484,2026-07-29 20:54:00,app_launch,抖音信息流
45331,2119,2026-07-29 20:54:00,view_spot,自然流量
69793,3287,2026-07-29 20:54:00,ai_plan,小红书种草
10259,484,2026-07-29 20:55:00,ai_plan,抖音信息流
10259,484,2026-07-29 20:56:00,view_spot,抖音信息流
10259,484,2026-07-29 20:59:00,view_spot,抖音信息流
10259,484,2026-07-29 21:02:00,view_spot,抖音信息流
10259,484,2026-07-29 21:05:00,view_spot,抖音信息流
134023,6341,2026-07-29 21:22:00,app_launch,微信分享裂变
134023,6341,2026-07-29 21:23:00,ai_plan,微信分享裂变
131959,6241,2026-07-29 21:53:00,app_launch,小红书种草
131959,6241,2026-07-29 21:54:00,ai_plan,小红书种草
16088,764,2026-07-29 22:58:00,app_launch,自然流量
16088,764,2026-07-29 22:59:00,ai_plan,自然流量
48174,2253,2026-07-29 22:59:00,app_launch,抖音信息流
48174,2253,2026-07-29 23:00:00,ai_plan,抖音信息流
48174,2253,2026-07-29 23:01:00,view_spot,抖音信息流
48174,2253,2026-07-29 23:04:00,view_spot,抖音信息流
48174,2253,2026-07-29 23:07:00,view_spot,抖音信息流
48174,2253,2026-07-29 23:10:00,view_spot,抖音信息流
114146,5403,2026-07-30 07:07:00,app_launch,抖音信息流
137631,6508,2026-07-30 07:07:00,app_launch,自然流量
114146,5403,2026-07-30 07:08:00,ai_plan,抖音信息流
137631,6508,2026-07-30 07:08:00,ai_plan,自然流量
114146,5403,2026-07-30 07:09:00,view_spot,抖音信息流
114146,5403,2026-07-30 07:12:00,view_spot,抖音信息流
114146,5403,2026-07-30 07:15:00,view_spot,抖音信息流
114146,5403,2026-07-30 07:17:00,create_order,抖音信息流
83061,3930,2026-07-30 07:36:00,app_launch,高校地推
90542,4291,2026-07-30 07:49:00,app_launch,自然流量
90542,4291,2026-07-30 07:50:00,ai_plan,自然流量
90542,4291,2026-07-30 07:51:00,view_spot,自然流量
90542,4291,2026-07-30 07:54:00,view_spot,自然流量
90542,4291,2026-07-30 07:57:00,view_spot,自然流量
90542,4291,2026-07-30 07:57:00,add_favorite,自然流量
90542,4291,2026-07-30 08:00:00,view_spot,自然流量
7354,350,2026-07-30 08:24:00,app_launch,自然流量
7354,350,2026-07-30 08:25:00,ai_plan,自然流量
114147,5403,2026-07-30 08:34:00,app_launch,抖音信息流
114147,5403,2026-07-30 08:35:00,ai_plan,抖音信息流
65487,3079,2026-07-30 08:36:00,app_launch,小红书种草
65487,3079,2026-07-30 08:37:00,ai_plan,小红书种草
69896,3291,2026-07-30 08:37:00,app_launch,抖音信息流
69896,3291,2026-07-30 08:38:00,ai_plan,抖音信息流
83059,3930,2026-07-30 09:39:00,app_launch,高校地推
83059,3930,2026-07-30 09:40:00,ai_plan,高校地推
22873,1076,2026-07-30 09:56:00,app_launch,抖音信息流
7356,350,2026-07-30 09:57:00,app_launch,自然流量
22873,1076,2026-07-30 09:57:00,ai_plan,抖音信息流
7356,350,2026-07-30 09:58:00,ai_plan,自然流量
22873,1076,2026-07-30 09:58:00,view_spot,抖音信息流
7356,350,2026-07-30 09:59:00,view_spot,自然流量
22873,1076,2026-07-30 10:01:00,view_spot,抖音信息流
7356,350,2026-07-30 10:02:00,view_spot,自然流量
45334,2119,2026-07-30 10:03:00,app_launch,自然流量
45334,2119,2026-07-30 10:04:00,ai_plan,自然流量
7356,350,2026-07-30 10:05:00,view_spot,自然流量
45334,2119,2026-07-30 10:05:00,view_spot,自然流量
7356,350,2026-07-30 10:07:00,create_order,自然流量
7356,350,2026-07-30 10:08:00,pay_order,自然流量
45334,2119,2026-07-30 10:08:00,view_spot,自然流量
85737,4055,2026-07-30 10:20:00,app_launch,微信分享裂变
85737,4055,2026-07-30 10:21:00,ai_plan,微信分享裂变
85737,4055,2026-07-30 10:22:00,view_spot,微信分享裂变
85737,4055,2026-07-30 10:25:00,view_spot,微信分享裂变
85737,4055,2026-07-30 10:28:00,view_spot,微信分享裂变
85737,4055,2026-07-30 10:31:00,view_spot,微信分享裂变
61519,2883,2026-07-30 10:32:00,app_launch,抖音信息流
61519,2883,2026-07-30 10:33:00,ai_plan,抖音信息流
61519,2883,2026-07-30 10:34:00,view_spot,抖音信息流
100258,4744,2026-07-30 10:34:00,app_launch,自然流量
100258,4744,2026-07-30 10:35:00,ai_plan,自然流量
100258,4744,2026-07-30 10:36:00,view_spot,自然流量
16089,764,2026-07-30 10:37:00,app_launch,自然流量
61519,2883,2026-07-30 10:37:00,view_spot,抖音信息流
16089,764,2026-07-30 10:38:00,ai_plan,自然流量
16089,764,2026-07-30 10:39:00,view_spot,自然流量
100258,4744,2026-07-30 10:39:00,view_spot,自然流量
61519,2883,2026-07-30 10:40:00,view_spot,抖音信息流
16089,764,2026-07-30 10:42:00,view_spot,自然流量
100258,4744,2026-07-30 10:42:00,view_spot,自然流量
61519,2883,2026-07-30 10:43:00,view_spot,抖音信息流
100258,4744,2026-07-30 10:44:00,create_order,自然流量
100258,4744,2026-07-30 10:45:00,view_spot,自然流量
100258,4744,2026-07-30 10:45:00,pay_order,自然流量
36142,1700,2026-07-30 11:00:00,app_launch,小红书种草
36142,1700,2026-07-30 11:01:00,ai_plan,小红书种草
44507,2081,2026-07-30 11:08:00,app_launch,抖音信息流
100257,4744,2026-07-30 11:36:00,app_launch,自然流量
100257,4744,2026-07-30 11:37:00,ai_plan,自然流量
100257,4744,2026-07-30 11:38:00,view_spot,自然流量
100257,4744,2026-07-30 11:41:00,view_spot,自然流量
100257,4744,2026-07-30 11:44:00,view_spot,自然流量
100257,4744,2026-07-30 11:47:00,view_spot,自然流量
55837,2610,2026-07-30 12:05:00,app_launch,抖音信息流
55837,2610,2026-07-30 12:06:00,ai_plan,抖音信息流
55837,2610,2026-07-30 12:07:00,view_spot,抖音信息流
69794,3287,2026-07-30 12:20:00,app_launch,小红书种草
69794,3287,2026-07-30 12:21:00,ai_plan,小红书种草
69794,3287,2026-07-30 12:22:00,view_spot,小红书种草
12377,587,2026-07-30 12:33:00,app_launch,自然流量
65488,3079,2026-07-30 13:15:00,app_launch,小红书种草
65488,3079,2026-07-30 13:16:00,ai_plan,小红书种草
65488,3079,2026-07-30 13:17:00,view_spot,小红书种草
65488,3079,2026-07-30 13:20:00,view_spot,小红书种草
65488,3079,2026-07-30 13:23:00,view_spot,小红书种草
55836,2610,2026-07-30 13:29:00,app_launch,抖音信息流
126032,5957,2026-07-30 13:29:00,app_launch,抖音信息流
55836,2610,2026-07-30 13:30:00,ai_plan,抖音信息流
55836,2610,2026-07-30 13:31:00,view_spot,抖音信息流
55836,2610,2026-07-30 13:34:00,view_spot,抖音信息流
62350,2922,2026-07-30 13:49:00,app_launch,自然流量
62350,2922,2026-07-30 13:50:00,ai_plan,自然流量
23894,1124,2026-07-30 13:51:00,app_launch,自然流量
62350,2922,2026-07-30 13:51:00,view_spot,自然流量
23894,1124,2026-07-30 13:52:00,ai_plan,自然流量
90541,4291,2026-07-30 13:58:00,app_launch,自然流量
62350,2922,2026-07-30 13:59:00,create_order,自然流量
61520,2883,2026-07-30 14:06:00,app_launch,抖音信息流
61520,2883,2026-07-30 14:07:00,ai_plan,抖音信息流
71954,3393,2026-07-30 14:15:00,app_launch,高校地推
85735,4055,2026-07-30 14:32:00,app_launch,微信分享裂变
90540,4291,2026-07-30 14:46:00,app_launch,自然流量
90540,4291,2026-07-30 14:47:00,ai_plan,自然流量
45333,2119,2026-07-30 15:16:00,app_launch,自然流量
45333,2119,2026-07-30 15:17:00,ai_plan,自然流量
45333,2119,2026-07-30 15:18:00,view_spot,自然流量
45333,2119,2026-07-30 15:21:00,view_spot,自然流量
78104,3685,2026-07-30 15:22:00,app_launch,自然流量
78104,3685,2026-07-30 15:23:00,ai_plan,自然流量
45333,2119,2026-07-30 15:24:00,view_spot,自然流量
78104,3685,2026-07-30 15:24:00,view_spot,自然流量
45333,2119,2026-07-30 15:26:00,create_order,自然流量
45333,2119,2026-07-30 15:27:00,pay_order,自然流量
78104,3685,2026-07-30 15:27:00,view_spot,自然流量
150023,7112,2026-07-30 15:31:00,app_launch,小红书种草
62348,2922,2026-07-30 15:32:00,app_launch,自然流量
78104,3685,2026-07-30 15:32:00,create_order,自然流量
150023,7112,2026-07-30 15:32:00,ai_plan,小红书种草
62348,2922,2026-07-30 15:33:00,ai_plan,自然流量
78104,3685,2026-07-30 15:33:00,pay_order,自然流量
150023,7112,2026-07-30 15:33:00,view_spot,小红书种草
62348,2922,2026-07-30 15:34:00,view_spot,自然流量
137632,6508,2026-07-30 15:35:00,app_launch,自然流量
137632,6508,2026-07-30 15:36:00,ai_plan,自然流量
150023,7112,2026-07-30 15:36:00,view_spot,小红书种草
150023,7112,2026-07-30 15:39:00,view_spot,小红书种草
150023,7112,2026-07-30 15:39:00,add_favorite,小红书种草
62348,2922,2026-07-30 15:42:00,create_order,自然流量
62348,2922,2026-07-30 15:43:00,pay_order,自然流量
10329,488,2026-07-30 16:06:00,app_launch,自然流量
10329,488,2026-07-30 16:07:00,ai_plan,自然流量
78103,3685,2026-07-30 16:10:00,app_launch,自然流量
46270,2165,2026-07-30 16:11:00,app_launch,微信分享裂变
78103,3685,2026-07-30 16:11:00,ai_plan,自然流量
46270,2165,2026-07-30 16:12:00,ai_plan,微信分享裂变
78103,3685,2026-07-30 16:12:00,view_spot,自然流量
46270,2165,2026-07-30 16:13:00,view_spot,微信分享裂变
46270,2165,2026-07-30 16:16:00,view_spot,微信分享裂变
46270,2165,2026-07-30 16:19:00,view_spot,微信分享裂变
46270,2165,2026-07-30 16:19:00,add_favorite,微信分享裂变
41195,1935,2026-07-30 16:21:00,app_launch,小红书种草
41195,1935,2026-07-30 16:22:00,ai_plan,小红书种草
61518,2883,2026-07-30 16:26:00,app_launch,抖音信息流
61518,2883,2026-07-30 16:27:00,ai_plan,抖音信息流
23893,1124,2026-07-30 16:41:00,app_launch,自然流量
23893,1124,2026-07-30 16:42:00,ai_plan,自然流量
23893,1124,2026-07-30 16:43:00,view_spot,自然流量
23893,1124,2026-07-30 16:46:00,view_spot,自然流量
23893,1124,2026-07-30 16:49:00,view_spot,自然流量
23893,1124,2026-07-30 16:49:00,add_favorite,自然流量
91726,4344,2026-07-30 17:05:00,app_launch,自然流量
91726,4344,2026-07-30 17:06:00,ai_plan,自然流量
91726,4344,2026-07-30 17:07:00,view_spot,自然流量
10328,488,2026-07-30 17:10:00,app_launch,自然流量
10328,488,2026-07-30 17:11:00,ai_plan,自然流量
10328,488,2026-07-30 17:12:00,view_spot,自然流量
10328,488,2026-07-30 17:15:00,view_spot,自然流量
91726,4344,2026-07-30 17:15:00,create_order,自然流量
10328,488,2026-07-30 17:18:00,view_spot,自然流量
45332,2119,2026-07-30 17:24:00,app_launch,自然流量
45332,2119,2026-07-30 17:25:00,ai_plan,自然流量
71953,3393,2026-07-30 17:40:00,app_launch,高校地推
71953,3393,2026-07-30 17:41:00,ai_plan,高校地推
147649,7000,2026-07-30 18:17:00,app_launch,小红书种草
147649,7000,2026-07-30 18:18:00,ai_plan,小红书种草
147648,7000,2026-07-30 18:19:00,app_launch,小红书种草
147649,7000,2026-07-30 18:19:00,view_spot,小红书种草
147648,7000,2026-07-30 18:20:00,ai_plan,小红书种草
147648,7000,2026-07-30 18:21:00,view_spot,小红书种草
147649,7000,2026-07-30 18:22:00,view_spot,小红书种草
147649,7000,2026-07-30 18:25:00,view_spot,小红书种草
147649,7000,2026-07-30 18:25:00,add_favorite,小红书种草
147649,7000,2026-07-30 18:28:00,view_spot,小红书种草
7355,350,2026-07-30 18:45:00,app_launch,自然流量
7355,350,2026-07-30 18:46:00,ai_plan,自然流量
141924,6727,2026-07-30 18:52:00,app_launch,自然流量
141924,6727,2026-07-30 18:53:00,ai_plan,自然流量
141924,6727,2026-07-30 18:54:00,view_spot,自然流量
141924,6727,2026-07-30 19:00:00,add_favorite,自然流量
65489,3079,2026-07-30 19:23:00,app_launch,小红书种草
65489,3079,2026-07-30 19:24:00,ai_plan,小红书种草
65489,3079,2026-07-30 19:25:00,view_spot,小红书种草
141925,6727,2026-07-30 19:27:00,app_launch,自然流量
65489,3079,2026-07-30 19:28:00,view_spot,小红书种草
167230,7925,2026-07-30 19:36:00,app_launch,微信分享裂变
167230,7925,2026-07-30 19:37:00,ai_plan,微信分享裂变
41194,1935,2026-07-30 19:38:00,app_launch,小红书种草
167230,7925,2026-07-30 19:38:00,view_spot,微信分享裂变
41194,1935,2026-07-30 19:39:00,ai_plan,小红书种草
167230,7925,2026-07-30 19:41:00,view_spot,微信分享裂变
150022,7112,2026-07-30 19:44:00,app_launch,小红书种草
167230,7925,2026-07-30 19:44:00,view_spot,微信分享裂变
150022,7112,2026-07-30 19:45:00,ai_plan,小红书种草
150022,7112,2026-07-30 19:46:00,view_spot,小红书种草
150022,7112,2026-07-30 19:49:00,view_spot,小红书种草
123153,5825,2026-07-30 19:57:00,app_launch,抖音信息流
139340,6596,2026-07-30 20:11:00,app_launch,抖音信息流
139341,6596,2026-07-30 20:17:00,app_launch,抖音信息流
139341,6596,2026-07-30 20:18:00,ai_plan,抖音信息流
137633,6508,2026-07-30 20:28:00,app_launch,自然流量
137633,6508,2026-07-30 20:29:00,ai_plan,自然流量
137633,6508,2026-07-30 20:30:00,view_spot,自然流量
85736,4055,2026-07-30 20:33:00,app_launch,微信分享裂变
137633,6508,2026-07-30 20:33:00,view_spot,自然流量
85736,4055,2026-07-30 20:34:00,ai_plan,微信分享裂变
85736,4055,2026-07-30 20:35:00,view_spot,微信分享裂变
137633,6508,2026-07-30 20:36:00,view_spot,自然流量
137633,6508,2026-07-30 20:38:00,create_order,自然流量
83060,3930,2026-07-30 20:46:00,app_launch,高校地推
83060,3930,2026-07-30 20:47:00,ai_plan,高校地推
34425,1619,2026-07-30 21:01:00,app_launch,高校地推
34425,1619,2026-07-30 21:02:00,ai_plan,高校地推
34425,1619,2026-07-30 21:03:00,view_spot,高校地推
34425,1619,2026-07-30 21:06:00,view_spot,高校地推
91725,4344,2026-07-30 21:08:00,app_launch,自然流量
34425,1619,2026-07-30 21:09:00,view_spot,高校地推
91725,4344,2026-07-30 21:09:00,ai_plan,自然流量
126031,5957,2026-07-30 21:24:00,app_launch,抖音信息流
126031,5957,2026-07-30 21:25:00,ai_plan,抖音信息流
22217,1045,2026-07-30 21:37:00,app_launch,自然流量
22217,1045,2026-07-30 21:38:00,ai_plan,自然流量
22217,1045,2026-07-30 21:39:00,view_spot,自然流量
22217,1045,2026-07-30 21:42:00,view_spot,自然流量
22217,1045,2026-07-30 21:45:00,view_spot,自然流量
22217,1045,2026-07-30 21:45:00,add_favorite,自然流量
78105,3685,2026-07-30 22:10:00,app_launch,自然流量
78105,3685,2026-07-30 22:11:00,ai_plan,自然流量
78105,3685,2026-07-30 22:12:00,view_spot,自然流量
44508,2081,2026-07-30 22:13:00,app_launch,抖音信息流
44508,2081,2026-07-30 22:14:00,ai_plan,抖音信息流
78105,3685,2026-07-30 22:15:00,view_spot,自然流量
126033,5957,2026-07-30 22:17:00,app_launch,抖音信息流
78105,3685,2026-07-30 22:18:00,view_spot,自然流量
78105,3685,2026-07-30 22:20:00,create_order,自然流量
22872,1076,2026-07-30 22:21:00,app_launch,抖音信息流
78105,3685,2026-07-30 22:21:00,pay_order,自然流量
22872,1076,2026-07-30 22:22:00,ai_plan,抖音信息流
91724,4344,2026-07-30 22:33:00,app_launch,自然流量
91724,4344,2026-07-30 22:34:00,ai_plan,自然流量
91724,4344,2026-07-30 22:35:00,view_spot,自然流量
91724,4344,2026-07-30 22:38:00,view_spot,自然流量
146696,6956,2026-07-30 22:38:00,app_launch,抖音信息流
146696,6956,2026-07-30 22:39:00,ai_plan,抖音信息流
91724,4344,2026-07-30 22:41:00,view_spot,自然流量
55838,2610,2026-07-30 22:51:00,app_launch,抖音信息流
62349,2922,2026-07-30 22:57:00,app_launch,自然流量
62349,2922,2026-07-30 22:58:00,ai_plan,自然流量
41196,1935,2026-07-30 22:59:00,app_launch,小红书种草
62349,2922,2026-07-30 22:59:00,view_spot,自然流量
41196,1935,2026-07-30 23:00:00,ai_plan,小红书种草
41196,1935,2026-07-30 23:01:00,view_spot,小红书种草
62349,2922,2026-07-30 23:02:00,view_spot,自然流量
41196,1935,2026-07-30 23:04:00,view_spot,小红书种草
62349,2922,2026-07-30 23:05:00,add_favorite,自然流量
41196,1935,2026-07-30 23:07:00,view_spot,小红书种草
41196,1935,2026-07-30 23:10:00,view_spot,小红书种草
160147,7583,2026-07-31 07:17:00,app_launch,自然流量
160147,7583,2026-07-31 07:18:00,ai_plan,自然流量
91727,4344,2026-07-31 07:40:00,app_launch,自然流量
91727,4344,2026-07-31 07:41:00,ai_plan,自然流量
100259,4744,2026-07-31 07:54:00,app_launch,自然流量
13620,648,2026-07-31 08:52:00,app_launch,抖音信息流
41197,1935,2026-07-31 08:53:00,app_launch,小红书种草
41197,1935,2026-07-31 08:54:00,ai_plan,小红书种草
154353,7312,2026-07-31 08:56:00,app_launch,自然流量
154353,7312,2026-07-31 08:57:00,ai_plan,自然流量
5662,264,2026-07-31 09:12:00,app_launch,自然流量
5662,264,2026-07-31 09:13:00,ai_plan,自然流量
45335,2119,2026-07-31 09:31:00,app_launch,自然流量
139343,6596,2026-07-31 09:31:00,app_launch,抖音信息流
45335,2119,2026-07-31 09:32:00,ai_plan,自然流量
139343,6596,2026-07-31 09:32:00,ai_plan,抖音信息流
139343,6596,2026-07-31 09:33:00,view_spot,抖音信息流
139343,6596,2026-07-31 09:39:00,add_favorite,抖音信息流
51377,2406,2026-07-31 10:14:00,app_launch,自然流量
91242,4320,2026-07-31 10:25:00,app_launch,抖音信息流
34426,1619,2026-07-31 10:53:00,app_launch,高校地推
34426,1619,2026-07-31 10:54:00,ai_plan,高校地推
34426,1619,2026-07-31 10:55:00,view_spot,高校地推
34426,1619,2026-07-31 10:58:00,view_spot,高校地推
34426,1619,2026-07-31 11:01:00,view_spot,高校地推
22022,1035,2026-07-31 11:17:00,app_launch,抖音信息流
22022,1035,2026-07-31 11:18:00,ai_plan,抖音信息流
22022,1035,2026-07-31 11:19:00,view_spot,抖音信息流
22022,1035,2026-07-31 11:22:00,view_spot,抖音信息流
22022,1035,2026-07-31 11:25:00,view_spot,抖音信息流
54429,2543,2026-07-31 11:28:00,app_launch,抖音信息流
54429,2543,2026-07-31 11:29:00,ai_plan,抖音信息流
54429,2543,2026-07-31 11:30:00,view_spot,抖音信息流
54429,2543,2026-07-31 11:33:00,view_spot,抖音信息流
41198,1935,2026-07-31 11:39:00,app_launch,小红书种草
160146,7583,2026-07-31 12:29:00,app_launch,自然流量
154354,7312,2026-07-31 12:30:00,app_launch,自然流量
160146,7583,2026-07-31 12:30:00,ai_plan,自然流量
109955,5205,2026-07-31 12:31:00,app_launch,自然流量
154354,7312,2026-07-31 12:31:00,ai_plan,自然流量
160146,7583,2026-07-31 12:31:00,view_spot,自然流量
154354,7312,2026-07-31 12:32:00,view_spot,自然流量
154354,7312,2026-07-31 12:35:00,view_spot,自然流量
154354,7312,2026-07-31 12:38:00,view_spot,自然流量
154354,7312,2026-07-31 12:41:00,view_spot,自然流量
142379,6748,2026-07-31 12:45:00,app_launch,抖音信息流
47368,2216,2026-07-31 12:46:00,app_launch,自然流量
142379,6748,2026-07-31 12:46:00,ai_plan,抖音信息流
47368,2216,2026-07-31 12:47:00,ai_plan,自然流量
5661,264,2026-07-31 13:07:00,app_launch,自然流量
5661,264,2026-07-31 13:08:00,ai_plan,自然流量
80822,3814,2026-07-31 13:51:00,app_launch,自然流量
167231,7925,2026-07-31 14:41:00,app_launch,微信分享裂变
167231,7925,2026-07-31 14:42:00,ai_plan,微信分享裂变
139342,6596,2026-07-31 15:19:00,app_launch,抖音信息流
139342,6596,2026-07-31 15:20:00,ai_plan,抖音信息流
139342,6596,2026-07-31 15:21:00,view_spot,抖音信息流
139342,6596,2026-07-31 15:24:00,view_spot,抖音信息流
167603,7941,2026-07-31 16:05:00,app_launch,自然流量
21446,1010,2026-07-31 16:12:00,app_launch,抖音信息流
21446,1010,2026-07-31 16:13:00,ai_plan,抖音信息流
21446,1010,2026-07-31 16:14:00,view_spot,抖音信息流
21446,1010,2026-07-31 16:17:00,view_spot,抖音信息流
21446,1010,2026-07-31 16:20:00,add_favorite,抖音信息流
54428,2543,2026-07-31 16:22:00,app_launch,抖音信息流
54428,2543,2026-07-31 16:23:00,ai_plan,抖音信息流
109956,5205,2026-07-31 16:27:00,app_launch,自然流量
109956,5205,2026-07-31 16:28:00,ai_plan,自然流量
104631,4953,2026-07-31 16:29:00,app_launch,自然流量
109956,5205,2026-07-31 16:29:00,view_spot,自然流量
109956,5205,2026-07-31 16:32:00,view_spot,自然流量
51378,2406,2026-07-31 16:34:00,app_launch,自然流量
51378,2406,2026-07-31 16:35:00,ai_plan,自然流量
109956,5205,2026-07-31 16:35:00,view_spot,自然流量
109956,5205,2026-07-31 16:38:00,view_spot,自然流量
64496,3028,2026-07-31 17:04:00,app_launch,微信分享裂变
64496,3028,2026-07-31 17:05:00,ai_plan,微信分享裂变
64496,3028,2026-07-31 17:06:00,view_spot,微信分享裂变
13619,648,2026-07-31 17:07:00,app_launch,抖音信息流
13619,648,2026-07-31 17:08:00,ai_plan,抖音信息流
64496,3028,2026-07-31 17:09:00,view_spot,微信分享裂变
100260,4744,2026-07-31 17:10:00,app_launch,自然流量
100260,4744,2026-07-31 17:11:00,ai_plan,自然流量
64496,3028,2026-07-31 17:12:00,view_spot,微信分享裂变
64496,3028,2026-07-31 17:12:00,add_favorite,微信分享裂变
100260,4744,2026-07-31 17:12:00,view_spot,自然流量
64496,3028,2026-07-31 17:15:00,view_spot,微信分享裂变
100260,4744,2026-07-31 17:20:00,create_order,自然流量
126034,5957,2026-07-31 17:53:00,app_launch,抖音信息流
160145,7583,2026-07-31 17:55:00,app_launch,自然流量
160145,7583,2026-07-31 17:56:00,ai_plan,自然流量
160145,7583,2026-07-31 17:57:00,view_spot,自然流量
160145,7583,2026-07-31 18:00:00,view_spot,自然流量
160145,7583,2026-07-31 18:03:00,view_spot,自然流量
160145,7583,2026-07-31 18:03:00,add_favorite,自然流量
160145,7583,2026-07-31 18:06:00,view_spot,自然流量
104632,4953,2026-07-31 18:14:00,app_launch,自然流量
91728,4344,2026-07-31 18:21:00,app_launch,自然流量
91728,4344,2026-07-31 18:22:00,ai_plan,自然流量
54427,2543,2026-07-31 18:25:00,app_launch,抖音信息流
54427,2543,2026-07-31 18:26:00,ai_plan,抖音信息流
54427,2543,2026-07-31 18:27:00,view_spot,抖音信息流
54427,2543,2026-07-31 18:30:00,view_spot,抖音信息流
54427,2543,2026-07-31 18:33:00,view_spot,抖音信息流
54427,2543,2026-07-31 18:36:00,view_spot,抖音信息流
13618,648,2026-07-31 18:46:00,app_launch,抖音信息流
13618,648,2026-07-31 18:47:00,ai_plan,抖音信息流
22024,1035,2026-07-31 18:50:00,app_launch,抖音信息流
167232,7925,2026-07-31 18:50:00,app_launch,微信分享裂变
167232,7925,2026-07-31 18:51:00,ai_plan,微信分享裂变
18435,867,2026-07-31 18:52:00,app_launch,微信分享裂变
167232,7925,2026-07-31 18:52:00,view_spot,微信分享裂变
18435,867,2026-07-31 18:53:00,ai_plan,微信分享裂变
18435,867,2026-07-31 18:54:00,view_spot,微信分享裂变
18435,867,2026-07-31 18:57:00,view_spot,微信分享裂变
167232,7925,2026-07-31 18:58:00,add_favorite,微信分享裂变
18435,867,2026-07-31 19:00:00,view_spot,微信分享裂变
18435,867,2026-07-31 19:03:00,view_spot,微信分享裂变
167233,7925,2026-07-31 19:08:00,app_launch,微信分享裂变
91244,4320,2026-07-31 19:09:00,app_launch,抖音信息流
167233,7925,2026-07-31 19:09:00,ai_plan,微信分享裂变
167233,7925,2026-07-31 19:10:00,view_spot,微信分享裂变
167233,7925,2026-07-31 19:13:00,view_spot,微信分享裂变
167233,7925,2026-07-31 19:16:00,view_spot,微信分享裂变
167233,7925,2026-07-31 19:16:00,add_favorite,微信分享裂变
167233,7925,2026-07-31 19:19:00,view_spot,微信分享裂变
142378,6748,2026-07-31 19:23:00,app_launch,抖音信息流
65490,3079,2026-07-31 19:48:00,app_launch,小红书种草
65490,3079,2026-07-31 19:49:00,ai_plan,小红书种草
139344,6596,2026-07-31 20:02:00,app_launch,抖音信息流
139344,6596,2026-07-31 20:03:00,ai_plan,抖音信息流
91243,4320,2026-07-31 20:57:00,app_launch,抖音信息流
109954,5205,2026-07-31 21:14:00,app_launch,自然流量
109954,5205,2026-07-31 21:15:00,ai_plan,自然流量
109954,5205,2026-07-31 21:16:00,view_spot,自然流量
109954,5205,2026-07-31 21:19:00,view_spot,自然流量
109954,5205,2026-07-31 21:24:00,create_order,自然流量
109954,5205,2026-07-31 21:25:00,pay_order,自然流量
5663,264,2026-07-31 21:32:00,app_launch,自然流量
5663,264,2026-07-31 21:33:00,ai_plan,自然流量
5663,264,2026-07-31 21:34:00,view_spot,自然流量
5663,264,2026-07-31 21:37:00,view_spot,自然流量
142380,6748,2026-07-31 21:39:00,app_launch,抖音信息流
5663,264,2026-07-31 21:40:00,view_spot,自然流量
5663,264,2026-07-31 21:43:00,view_spot,自然流量
134024,6341,2026-07-31 22:18:00,app_launch,微信分享裂变
134024,6341,2026-07-31 22:19:00,ai_plan,微信分享裂变
22023,1035,2026-07-31 22:22:00,app_launch,抖音信息流
22023,1035,2026-07-31 22:23:00,ai_plan,抖音信息流
22023,1035,2026-07-31 22:24:00,view_spot,抖音信息流
22023,1035,2026-07-31 22:30:00,add_favorite,抖音信息流
83114,3933,2026-08-01 07:01:00,app_launch,抖音信息流
21595,1018,2026-08-01 07:03:00,app_launch,微信分享裂变
83115,3933,2026-08-01 07:05:00,app_launch,抖音信息流
83115,3933,2026-08-01 07:06:00,ai_plan,抖音信息流
83115,3933,2026-08-01 07:07:00,view_spot,抖音信息流
83115,3933,2026-08-01 07:10:00,view_spot,抖音信息流
83115,3933,2026-08-01 07:13:00,view_spot,抖音信息流
83115,3933,2026-08-01 07:13:00,add_favorite,抖音信息流
109131,5166,2026-08-01 07:22:00,app_launch,小红书种草
131695,6229,2026-08-01 07:23:00,app_launch,抖音信息流
131695,6229,2026-08-01 07:24:00,ai_plan,抖音信息流
131695,6229,2026-08-01 07:25:00,view_spot,抖音信息流
129594,6125,2026-08-01 07:34:00,app_launch,自然流量
129594,6125,2026-08-01 07:35:00,ai_plan,自然流量
129594,6125,2026-08-01 07:36:00,view_spot,自然流量
129594,6125,2026-08-01 07:39:00,view_spot,自然流量
5665,264,2026-08-01 07:42:00,app_launch,自然流量
129594,6125,2026-08-01 07:42:00,view_spot,自然流量
5665,264,2026-08-01 07:43:00,ai_plan,自然流量
5665,264,2026-08-01 07:44:00,view_spot,自然流量
129594,6125,2026-08-01 07:45:00,view_spot,自然流量
131696,6229,2026-08-01 07:45:00,app_launch,抖音信息流
5665,264,2026-08-01 07:47:00,view_spot,自然流量
5665,264,2026-08-01 07:50:00,view_spot,自然流量
58730,2749,2026-08-01 07:51:00,app_launch,抖音信息流
58730,2749,2026-08-01 07:52:00,ai_plan,抖音信息流
5665,264,2026-08-01 07:53:00,view_spot,自然流量
123154,5825,2026-08-01 07:58:00,app_launch,抖音信息流
123154,5825,2026-08-01 07:59:00,ai_plan,抖音信息流
123154,5825,2026-08-01 08:00:00,view_spot,抖音信息流
18437,867,2026-08-01 08:25:00,app_launch,微信分享裂变
18437,867,2026-08-01 08:26:00,ai_plan,微信分享裂变
18437,867,2026-08-01 08:27:00,view_spot,微信分享裂变
47370,2216,2026-08-01 08:29:00,app_launch,自然流量
75003,3536,2026-08-01 08:30:00,app_launch,微信分享裂变
75003,3536,2026-08-01 08:31:00,ai_plan,微信分享裂变
75003,3536,2026-08-01 08:32:00,view_spot,微信分享裂变
75003,3536,2026-08-01 08:35:00,view_spot,微信分享裂变
75003,3536,2026-08-01 08:38:00,view_spot,微信分享裂变
75003,3536,2026-08-01 08:41:00,view_spot,微信分享裂变
14397,683,2026-08-01 08:43:00,app_launch,自然流量
41200,1935,2026-08-01 08:55:00,app_launch,小红书种草
41200,1935,2026-08-01 08:56:00,ai_plan,小红书种草
104633,4953,2026-08-01 09:04:00,app_launch,自然流量
104633,4953,2026-08-01 09:05:00,ai_plan,自然流量
75001,3536,2026-08-01 09:14:00,app_launch,微信分享裂变
75001,3536,2026-08-01 09:15:00,ai_plan,微信分享裂变
120984,5724,2026-08-01 09:19:00,app_launch,微信分享裂变
120984,5724,2026-08-01 09:20:00,ai_plan,微信分享裂变
120984,5724,2026-08-01 09:21:00,view_spot,微信分享裂变
120984,5724,2026-08-01 09:24:00,view_spot,微信分享裂变
120984,5724,2026-08-01 09:27:00,view_spot,微信分享裂变
120984,5724,2026-08-01 09:30:00,view_spot,微信分享裂变
108404,5130,2026-08-01 09:33:00,app_launch,高校地推
41479,1946,2026-08-01 09:40:00,app_launch,高校地推
75002,3536,2026-08-01 10:02:00,app_launch,微信分享裂变
75002,3536,2026-08-01 10:03:00,ai_plan,微信分享裂变
75002,3536,2026-08-01 10:04:00,view_spot,微信分享裂变
24323,1145,2026-08-01 10:13:00,app_launch,抖音信息流
33071,1551,2026-08-01 10:21:00,app_launch,自然流量
33071,1551,2026-08-01 10:22:00,ai_plan,自然流量
47371,2216,2026-08-01 10:25:00,app_launch,自然流量
47371,2216,2026-08-01 10:26:00,ai_plan,自然流量
55839,2610,2026-08-01 10:27:00,app_launch,抖音信息流
55839,2610,2026-08-01 10:28:00,ai_plan,抖音信息流
18438,867,2026-08-01 10:38:00,app_launch,微信分享裂变
14398,683,2026-08-01 10:49:00,app_launch,自然流量
108405,5130,2026-08-01 10:52:00,app_launch,高校地推
108405,5130,2026-08-01 10:53:00,ai_plan,高校地推
12681,602,2026-08-01 10:55:00,app_launch,微信分享裂变
90571,4292,2026-08-01 10:57:00,app_launch,自然流量
61522,2883,2026-08-01 10:58:00,app_launch,抖音信息流
90571,4292,2026-08-01 10:58:00,ai_plan,自然流量
90570,4292,2026-08-01 11:10:00,app_launch,自然流量
90570,4292,2026-08-01 11:11:00,ai_plan,自然流量
90570,4292,2026-08-01 11:12:00,view_spot,自然流量
29912,1407,2026-08-01 11:14:00,app_launch,高校地推
29912,1407,2026-08-01 11:15:00,ai_plan,高校地推
90570,4292,2026-08-01 11:15:00,view_spot,自然流量
29912,1407,2026-08-01 11:16:00,view_spot,高校地推
41199,1935,2026-08-01 11:16:00,app_launch,小红书种草
90570,4292,2026-08-01 11:18:00,view_spot,自然流量
29912,1407,2026-08-01 11:19:00,view_spot,高校地推
90569,4292,2026-08-01 11:23:00,app_launch,自然流量
146699,6956,2026-08-01 11:23:00,app_launch,抖音信息流
29912,1407,2026-08-01 11:24:00,create_order,高校地推
59176,2771,2026-08-01 11:24:00,app_launch,自然流量
90569,4292,2026-08-01 11:24:00,ai_plan,自然流量
29912,1407,2026-08-01 11:25:00,pay_order,高校地推
163249,7732,2026-08-01 11:33:00,app_launch,抖音信息流
163249,7732,2026-08-01 11:34:00,ai_plan,抖音信息流
163249,7732,2026-08-01 11:35:00,view_spot,抖音信息流
163249,7732,2026-08-01 11:38:00,view_spot,抖音信息流
163249,7732,2026-08-01 11:41:00,view_spot,抖音信息流
163249,7732,2026-08-01 11:41:00,add_favorite,抖音信息流
41478,1946,2026-08-01 11:49:00,app_launch,高校地推
41478,1946,2026-08-01 11:50:00,ai_plan,高校地推
41478,1946,2026-08-01 11:51:00,view_spot,高校地推
41478,1946,2026-08-01 11:54:00,view_spot,高校地推
47369,2216,2026-08-01 12:47:00,app_launch,自然流量
47369,2216,2026-08-01 12:48:00,ai_plan,自然流量
47369,2216,2026-08-01 12:49:00,view_spot,自然流量
47369,2216,2026-08-01 12:52:00,view_spot,自然流量
47369,2216,2026-08-01 12:55:00,view_spot,自然流量
22841,1075,2026-08-01 12:56:00,app_launch,微信分享裂变
22841,1075,2026-08-01 12:57:00,ai_plan,微信分享裂变
83113,3933,2026-08-01 13:06:00,app_launch,抖音信息流
123155,5825,2026-08-01 13:21:00,app_launch,抖音信息流
9751,458,2026-08-01 13:35:00,app_launch,抖音信息流
9751,458,2026-08-01 13:36:00,ai_plan,抖音信息流
29913,1407,2026-08-01 13:36:00,app_launch,高校地推
9751,458,2026-08-01 13:37:00,view_spot,抖音信息流
58729,2749,2026-08-01 13:38:00,app_launch,抖音信息流
9751,458,2026-08-01 13:43:00,add_favorite,抖音信息流
100261,4744,2026-08-01 15:31:00,app_launch,自然流量
100261,4744,2026-08-01 15:32:00,ai_plan,自然流量
100261,4744,2026-08-01 15:33:00,view_spot,自然流量
100261,4744,2026-08-01 15:36:00,view_spot,自然流量
100261,4744,2026-08-01 15:39:00,view_spot,自然流量
100261,4744,2026-08-01 15:39:00,add_favorite,自然流量
146698,6956,2026-08-01 15:45:00,app_launch,抖音信息流
41480,1946,2026-08-01 15:51:00,app_launch,高校地推
41480,1946,2026-08-01 15:52:00,ai_plan,高校地推
41480,1946,2026-08-01 15:53:00,view_spot,高校地推
45336,2119,2026-08-01 16:28:00,app_launch,自然流量
45336,2119,2026-08-01 16:29:00,ai_plan,自然流量
59177,2771,2026-08-01 16:29:00,app_launch,自然流量
45336,2119,2026-08-01 16:30:00,view_spot,自然流量
45336,2119,2026-08-01 16:33:00,view_spot,自然流量
45336,2119,2026-08-01 16:36:00,add_favorite,自然流量
131963,6241,2026-08-01 16:37:00,app_launch,小红书种草
131963,6241,2026-08-01 16:38:00,ai_plan,小红书种草
131963,6241,2026-08-01 16:39:00,view_spot,小红书种草
131963,6241,2026-08-01 16:42:00,view_spot,小红书种草
131963,6241,2026-08-01 16:45:00,view_spot,小红书种草
100262,4744,2026-08-01 16:50:00,app_launch,自然流量
100262,4744,2026-08-01 16:51:00,ai_plan,自然流量
142303,6745,2026-08-01 16:59:00,app_launch,自然流量
142303,6745,2026-08-01 17:00:00,ai_plan,自然流量
142303,6745,2026-08-01 17:01:00,view_spot,自然流量
9752,458,2026-08-01 17:02:00,app_launch,抖音信息流
142303,6745,2026-08-01 17:04:00,view_spot,自然流量
142303,6745,2026-08-01 17:07:00,view_spot,自然流量
142303,6745,2026-08-01 17:09:00,create_order,自然流量
142303,6745,2026-08-01 17:10:00,pay_order,自然流量
18436,867,2026-08-01 17:27:00,app_launch,微信分享裂变
18436,867,2026-08-01 17:28:00,ai_plan,微信分享裂变
18436,867,2026-08-01 17:29:00,view_spot,微信分享裂变
24322,1145,2026-08-01 17:33:00,app_launch,抖音信息流
69287,3264,2026-08-01 18:07:00,app_launch,抖音信息流
69287,3264,2026-08-01 18:08:00,ai_plan,抖音信息流
21593,1018,2026-08-01 18:10:00,app_launch,微信分享裂变
21593,1018,2026-08-01 18:11:00,ai_plan,微信分享裂变
21593,1018,2026-08-01 18:12:00,view_spot,微信分享裂变
21593,1018,2026-08-01 18:15:00,view_spot,微信分享裂变
22840,1075,2026-08-01 18:16:00,app_launch,微信分享裂变
22840,1075,2026-08-01 18:17:00,ai_plan,微信分享裂变
21593,1018,2026-08-01 18:18:00,add_favorite,微信分享裂变
104634,4953,2026-08-01 18:21:00,app_launch,自然流量
29914,1407,2026-08-01 18:24:00,app_launch,高校地推
29914,1407,2026-08-01 18:25:00,ai_plan,高校地推
29914,1407,2026-08-01 18:26:00,view_spot,高校地推
29914,1407,2026-08-01 18:29:00,view_spot,高校地推
102654,4862,2026-08-01 18:33:00,app_launch,微信分享裂变
102654,4862,2026-08-01 18:34:00,ai_plan,微信分享裂变
102654,4862,2026-08-01 18:35:00,view_spot,微信分享裂变
5664,264,2026-08-01 18:50:00,app_launch,自然流量
5664,264,2026-08-01 18:51:00,ai_plan,自然流量
5664,264,2026-08-01 18:52:00,view_spot,自然流量
21594,1018,2026-08-01 18:54:00,app_launch,微信分享裂变
5664,264,2026-08-01 18:55:00,view_spot,自然流量
120983,5724,2026-08-01 18:56:00,app_launch,微信分享裂变
120983,5724,2026-08-01 18:57:00,ai_plan,微信分享裂变
5664,264,2026-08-01 18:58:00,add_favorite,自然流量
120983,5724,2026-08-01 18:58:00,view_spot,微信分享裂变
131962,6241,2026-08-01 19:00:00,app_launch,小红书种草
120983,5724,2026-08-01 19:01:00,view_spot,微信分享裂变
131962,6241,2026-08-01 19:01:00,ai_plan,小红书种草
131962,6241,2026-08-01 19:02:00,view_spot,小红书种草
120983,5724,2026-08-01 19:04:00,view_spot,微信分享裂变
100263,4744,2026-08-01 19:05:00,app_launch,自然流量
100263,4744,2026-08-01 19:06:00,ai_plan,自然流量
146204,6932,2026-08-01 19:11:00,app_launch,小红书种草
59175,2771,2026-08-01 19:39:00,app_launch,自然流量
22218,1045,2026-08-01 19:57:00,app_launch,自然流量
146697,6956,2026-08-01 20:16:00,app_launch,抖音信息流
146697,6956,2026-08-01 20:17:00,ai_plan,抖音信息流
146697,6956,2026-08-01 20:18:00,view_spot,抖音信息流
146697,6956,2026-08-01 20:21:00,view_spot,抖音信息流
146697,6956,2026-08-01 20:24:00,view_spot,抖音信息流
61521,2883,2026-08-01 20:26:00,app_launch,抖音信息流
61521,2883,2026-08-01 20:27:00,ai_plan,抖音信息流
1379,66,2026-08-01 20:34:00,app_launch,抖音信息流
109130,5166,2026-08-01 20:58:00,app_launch,小红书种草
109130,5166,2026-08-01 20:59:00,ai_plan,小红书种草
109130,5166,2026-08-01 21:00:00,view_spot,小红书种草
109130,5166,2026-08-01 21:03:00,view_spot,小红书种草
109130,5166,2026-08-01 21:06:00,view_spot,小红书种草
109130,5166,2026-08-01 21:06:00,add_favorite,小红书种草
109130,5166,2026-08-01 21:08:00,create_order,小红书种草
109130,5166,2026-08-01 21:09:00,view_spot,小红书种草
109130,5166,2026-08-01 21:09:00,pay_order,小红书种草
5666,264,2026-08-01 21:14:00,app_launch,自然流量
137173,6488,2026-08-01 21:14:00,app_launch,小红书种草
5666,264,2026-08-01 21:15:00,ai_plan,自然流量
137173,6488,2026-08-01 21:15:00,ai_plan,小红书种草
137173,6488,2026-08-01 21:16:00,view_spot,小红书种草
137173,6488,2026-08-01 21:19:00,view_spot,小红书种草
137173,6488,2026-08-01 21:22:00,view_spot,小红书种草
131961,6241,2026-08-01 21:44:00,app_launch,小红书种草
137634,6508,2026-08-01 21:44:00,app_launch,自然流量
131961,6241,2026-08-01 21:45:00,ai_plan,小红书种草
69286,3264,2026-08-01 21:47:00,app_launch,抖音信息流
109132,5166,2026-08-01 21:52:00,app_launch,小红书种草
109132,5166,2026-08-01 21:53:00,ai_plan,小红书种草
131697,6229,2026-08-01 21:53:00,app_launch,抖音信息流
131697,6229,2026-08-01 21:54:00,ai_plan,抖音信息流
131697,6229,2026-08-01 21:55:00,view_spot,抖音信息流
69795,3287,2026-08-01 22:33:00,app_launch,小红书种草
69795,3287,2026-08-01 22:34:00,ai_plan,小红书种草
69795,3287,2026-08-01 22:35:00,view_spot,小红书种草
69795,3287,2026-08-01 22:38:00,view_spot,小红书种草
69795,3287,2026-08-01 22:41:00,view_spot,小红书种草
69795,3287,2026-08-01 22:41:00,add_favorite,小红书种草
146205,6932,2026-08-01 22:50:00,app_launch,小红书种草
134026,6341,2026-08-02 07:20:00,app_launch,微信分享裂变
134026,6341,2026-08-02 07:21:00,ai_plan,微信分享裂变
134026,6341,2026-08-02 07:22:00,view_spot,微信分享裂变
114148,5403,2026-08-02 07:26:00,app_launch,抖音信息流
114148,5403,2026-08-02 07:27:00,ai_plan,抖音信息流
67227,3164,2026-08-02 07:50:00,app_launch,小红书种草
67227,3164,2026-08-02 07:51:00,ai_plan,小红书种草
67227,3164,2026-08-02 07:52:00,view_spot,小红书种草
123156,5825,2026-08-02 07:53:00,app_launch,抖音信息流
123156,5825,2026-08-02 07:54:00,ai_plan,抖音信息流
123156,5825,2026-08-02 07:55:00,view_spot,抖音信息流
167234,7925,2026-08-02 07:59:00,app_launch,微信分享裂变
167234,7925,2026-08-02 08:00:00,ai_plan,微信分享裂变
123156,5825,2026-08-02 08:01:00,add_favorite,抖音信息流
123156,5825,2026-08-02 08:03:00,create_order,抖音信息流
123156,5825,2026-08-02 08:04:00,pay_order,抖音信息流
18441,867,2026-08-02 08:21:00,app_launch,微信分享裂变
18441,867,2026-08-02 08:22:00,ai_plan,微信分享裂变
18441,867,2026-08-02 08:23:00,view_spot,微信分享裂变
37446,1766,2026-08-02 08:29:00,app_launch,自然流量
41201,1935,2026-08-02 08:30:00,app_launch,小红书种草
41201,1935,2026-08-02 08:31:00,ai_plan,小红书种草
17174,812,2026-08-02 08:32:00,app_launch,自然流量
41201,1935,2026-08-02 08:32:00,view_spot,小红书种草
112418,5319,2026-08-02 08:33:00,app_launch,抖音信息流
41201,1935,2026-08-02 08:35:00,view_spot,小红书种草
5669,264,2026-08-02 08:38:00,app_launch,自然流量
41201,1935,2026-08-02 08:38:00,view_spot,小红书种草
5669,264,2026-08-02 08:39:00,ai_plan,自然流量
41201,1935,2026-08-02 08:41:00,view_spot,小红书种草
45337,2119,2026-08-02 08:56:00,app_launch,自然流量
17175,812,2026-08-02 08:59:00,app_launch,自然流量
134027,6341,2026-08-02 09:09:00,app_launch,微信分享裂变
134027,6341,2026-08-02 09:10:00,ai_plan,微信分享裂变
134027,6341,2026-08-02 09:11:00,view_spot,微信分享裂变
134027,6341,2026-08-02 09:14:00,view_spot,微信分享裂变
134027,6341,2026-08-02 09:17:00,view_spot,微信分享裂变
134027,6341,2026-08-02 09:17:00,add_favorite,微信分享裂变
134027,6341,2026-08-02 09:20:00,view_spot,微信分享裂变
113966,5395,2026-08-02 09:36:00,app_launch,抖音信息流
51380,2406,2026-08-02 09:37:00,app_launch,自然流量
113966,5395,2026-08-02 09:37:00,ai_plan,抖音信息流
51380,2406,2026-08-02 09:38:00,ai_plan,自然流量
113966,5395,2026-08-02 09:38:00,view_spot,抖音信息流
12682,602,2026-08-02 09:42:00,app_launch,微信分享裂变
12682,602,2026-08-02 09:43:00,ai_plan,微信分享裂变
12682,602,2026-08-02 09:44:00,view_spot,微信分享裂变
12682,602,2026-08-02 09:47:00,view_spot,微信分享裂变
37444,1766,2026-08-02 10:04:00,app_launch,自然流量
37444,1766,2026-08-02 10:05:00,ai_plan,自然流量
37444,1766,2026-08-02 10:06:00,view_spot,自然流量
37444,1766,2026-08-02 10:09:00,view_spot,自然流量
37444,1766,2026-08-02 10:12:00,view_spot,自然流量
37444,1766,2026-08-02 10:12:00,add_favorite,自然流量
23895,1124,2026-08-02 10:21:00,app_launch,自然流量
23895,1124,2026-08-02 10:22:00,ai_plan,自然流量
23895,1124,2026-08-02 10:23:00,view_spot,自然流量
23895,1124,2026-08-02 10:26:00,view_spot,自然流量
23897,1124,2026-08-02 10:37:00,app_launch,自然流量
23897,1124,2026-08-02 10:38:00,ai_plan,自然流量
23897,1124,2026-08-02 10:39:00,view_spot,自然流量
23897,1124,2026-08-02 10:42:00,view_spot,自然流量
100266,4744,2026-08-02 10:42:00,app_launch,自然流量
100266,4744,2026-08-02 10:43:00,ai_plan,自然流量
23897,1124,2026-08-02 10:45:00,view_spot,自然流量
139345,6596,2026-08-02 10:51:00,app_launch,抖音信息流
139345,6596,2026-08-02 10:52:00,ai_plan,抖音信息流
139345,6596,2026-08-02 10:53:00,view_spot,抖音信息流
63658,2988,2026-08-02 10:55:00,app_launch,抖音信息流
139345,6596,2026-08-02 10:56:00,view_spot,抖音信息流
139345,6596,2026-08-02 10:59:00,view_spot,抖音信息流
139345,6596,2026-08-02 10:59:00,add_favorite,抖音信息流
43447,2032,2026-08-02 11:05:00,app_launch,抖音信息流
43447,2032,2026-08-02 11:06:00,ai_plan,抖音信息流
146206,6932,2026-08-02 11:09:00,app_launch,小红书种草
146206,6932,2026-08-02 11:10:00,ai_plan,小红书种草
93256,4415,2026-08-02 11:25:00,app_launch,自然流量
146207,6932,2026-08-02 11:26:00,app_launch,小红书种草
41202,1935,2026-08-02 11:33:00,app_launch,小红书种草
41202,1935,2026-08-02 11:34:00,ai_plan,小红书种草
163251,7732,2026-08-02 11:53:00,app_launch,抖音信息流
530,24,2026-08-02 12:22:00,app_launch,微信分享裂变
530,24,2026-08-02 12:23:00,ai_plan,微信分享裂变
530,24,2026-08-02 12:24:00,view_spot,微信分享裂变
530,24,2026-08-02 12:30:00,add_favorite,微信分享裂变
69798,3287,2026-08-02 12:33:00,app_launch,小红书种草
69798,3287,2026-08-02 12:34:00,ai_plan,小红书种草
43448,2032,2026-08-02 12:40:00,app_launch,抖音信息流
43448,2032,2026-08-02 12:41:00,ai_plan,抖音信息流
51379,2406,2026-08-02 12:41:00,app_launch,自然流量
51379,2406,2026-08-02 12:42:00,ai_plan,自然流量
51379,2406,2026-08-02 12:43:00,view_spot,自然流量
51379,2406,2026-08-02 12:46:00,view_spot,自然流量
51379,2406,2026-08-02 12:49:00,view_spot,自然流量
51379,2406,2026-08-02 12:51:00,create_order,自然流量
51379,2406,2026-08-02 12:52:00,view_spot,自然流量
69796,3287,2026-08-02 12:55:00,app_launch,小红书种草
69796,3287,2026-08-02 12:56:00,ai_plan,小红书种草
69796,3287,2026-08-02 12:57:00,view_spot,小红书种草
69796,3287,2026-08-02 13:00:00,view_spot,小红书种草
18439,867,2026-08-02 13:09:00,app_launch,微信分享裂变
58731,2749,2026-08-02 13:22:00,app_launch,抖音信息流
58731,2749,2026-08-02 13:23:00,ai_plan,抖音信息流
58731,2749,2026-08-02 13:24:00,view_spot,抖音信息流
58731,2749,2026-08-02 13:27:00,view_spot,抖音信息流
58731,2749,2026-08-02 13:30:00,view_spot,抖音信息流
65491,3079,2026-08-02 13:40:00,app_launch,小红书种草
163250,7732,2026-08-02 13:40:00,app_launch,抖音信息流
65491,3079,2026-08-02 13:41:00,ai_plan,小红书种草
163250,7732,2026-08-02 13:41:00,ai_plan,抖音信息流
65491,3079,2026-08-02 13:42:00,view_spot,小红书种草
65491,3079,2026-08-02 13:45:00,view_spot,小红书种草
65491,3079,2026-08-02 13:48:00,view_spot,小红书种草
65491,3079,2026-08-02 13:51:00,view_spot,小红书种草
102655,4862,2026-08-02 13:54:00,app_launch,微信分享裂变
10943,519,2026-08-02 14:06:00,app_launch,自然流量
10943,519,2026-08-02 14:07:00,ai_plan,自然流量
10943,519,2026-08-02 14:08:00,view_spot,自然流量
10943,519,2026-08-02 14:11:00,view_spot,自然流量
10943,519,2026-08-02 14:14:00,view_spot,自然流量
10943,519,2026-08-02 14:14:00,add_favorite,自然流量
10943,519,2026-08-02 14:16:00,create_order,自然流量
10943,519,2026-08-02 14:17:00,pay_order,自然流量
37445,1766,2026-08-02 14:21:00,app_launch,自然流量
22026,1035,2026-08-02 14:44:00,app_launch,抖音信息流
92822,4394,2026-08-02 14:48:00,app_launch,小红书种草
93255,4415,2026-08-02 14:51:00,app_launch,自然流量
93255,4415,2026-08-02 14:52:00,ai_plan,自然流量
93255,4415,2026-08-02 14:53:00,view_spot,自然流量
1381,66,2026-08-02 14:54:00,app_launch,抖音信息流
93255,4415,2026-08-02 14:56:00,view_spot,自然流量
93255,4415,2026-08-02 14:59:00,add_favorite,自然流量
102657,4862,2026-08-02 15:05:00,app_launch,微信分享裂变
102657,4862,2026-08-02 15:06:00,ai_plan,微信分享裂变
102657,4862,2026-08-02 15:07:00,view_spot,微信分享裂变
22179,1043,2026-08-02 15:08:00,app_launch,小红书种草
22179,1043,2026-08-02 15:09:00,ai_plan,小红书种草
102657,4862,2026-08-02 15:10:00,view_spot,微信分享裂变
112419,5319,2026-08-02 15:13:00,app_launch,抖音信息流
160150,7583,2026-08-02 15:16:00,app_launch,自然流量
160148,7583,2026-08-02 15:21:00,app_launch,自然流量
55840,2610,2026-08-02 15:22:00,app_launch,抖音信息流
160148,7583,2026-08-02 15:22:00,ai_plan,自然流量
55840,2610,2026-08-02 15:23:00,ai_plan,抖音信息流
160148,7583,2026-08-02 15:23:00,view_spot,自然流量
134025,6341,2026-08-02 15:26:00,app_launch,微信分享裂变
160148,7583,2026-08-02 15:26:00,view_spot,自然流量
134025,6341,2026-08-02 15:27:00,ai_plan,微信分享裂变
160148,7583,2026-08-02 15:29:00,view_spot,自然流量
80823,3814,2026-08-02 15:30:00,app_launch,自然流量
114149,5403,2026-08-02 15:30:00,app_launch,抖音信息流
80823,3814,2026-08-02 15:31:00,ai_plan,自然流量
114149,5403,2026-08-02 15:31:00,ai_plan,抖音信息流
80823,3814,2026-08-02 15:32:00,view_spot,自然流量
100264,4744,2026-08-02 15:46:00,app_launch,自然流量
100264,4744,2026-08-02 15:47:00,ai_plan,自然流量
80666,3807,2026-08-02 15:49:00,app_launch,小红书种草
80666,3807,2026-08-02 15:50:00,ai_plan,小红书种草
167236,7925,2026-08-02 15:51:00,app_launch,微信分享裂变
167236,7925,2026-08-02 15:52:00,ai_plan,微信分享裂变
167236,7925,2026-08-02 15:53:00,view_spot,微信分享裂变
167236,7925,2026-08-02 15:56:00,view_spot,微信分享裂变
137174,6488,2026-08-02 16:02:00,app_launch,小红书种草
137174,6488,2026-08-02 16:03:00,ai_plan,小红书种草
23896,1124,2026-08-02 16:27:00,app_launch,自然流量
92821,4394,2026-08-02 16:27:00,app_launch,小红书种草
23896,1124,2026-08-02 16:28:00,ai_plan,自然流量
92821,4394,2026-08-02 16:28:00,ai_plan,小红书种草
102656,4862,2026-08-02 16:45:00,app_launch,微信分享裂变
102656,4862,2026-08-02 16:46:00,ai_plan,微信分享裂变
102656,4862,2026-08-02 16:47:00,view_spot,微信分享裂变
104635,4953,2026-08-02 16:48:00,app_launch,自然流量
102656,4862,2026-08-02 16:55:00,create_order,微信分享裂变
102656,4862,2026-08-02 16:56:00,pay_order,微信分享裂变
167235,7925,2026-08-02 17:01:00,app_launch,微信分享裂变
167235,7925,2026-08-02 17:02:00,ai_plan,微信分享裂变
167235,7925,2026-08-02 17:03:00,view_spot,微信分享裂变
167235,7925,2026-08-02 17:06:00,view_spot,微信分享裂变
167235,7925,2026-08-02 17:09:00,view_spot,微信分享裂变
167235,7925,2026-08-02 17:12:00,view_spot,微信分享裂变
10942,519,2026-08-02 17:20:00,app_launch,自然流量
10942,519,2026-08-02 17:21:00,ai_plan,自然流量
10942,519,2026-08-02 17:22:00,view_spot,自然流量
10942,519,2026-08-02 17:25:00,view_spot,自然流量
10942,519,2026-08-02 17:28:00,view_spot,自然流量
10942,519,2026-08-02 17:28:00,add_favorite,自然流量
28479,1340,2026-08-02 17:34:00,app_launch,抖音信息流
28479,1340,2026-08-02 17:35:00,ai_plan,抖音信息流
137175,6488,2026-08-02 17:35:00,app_launch,小红书种草
5667,264,2026-08-02 17:36:00,app_launch,自然流量
137175,6488,2026-08-02 17:36:00,ai_plan,小红书种草
5667,264,2026-08-02 17:37:00,ai_plan,自然流量
99424,4705,2026-08-02 17:37:00,app_launch,自然流量
137175,6488,2026-08-02 17:37:00,view_spot,小红书种草
5667,264,2026-08-02 17:38:00,view_spot,自然流量
99424,4705,2026-08-02 17:38:00,ai_plan,自然流量
99424,4705,2026-08-02 17:39:00,view_spot,自然流量
5667,264,2026-08-02 17:41:00,view_spot,自然流量
5667,264,2026-08-02 17:44:00,view_spot,自然流量
99424,4705,2026-08-02 17:45:00,add_favorite,自然流量
99424,4705,2026-08-02 17:47:00,create_order,自然流量
99424,4705,2026-08-02 17:48:00,pay_order,自然流量
163252,7732,2026-08-02 17:58:00,app_launch,抖音信息流
163252,7732,2026-08-02 17:59:00,ai_plan,抖音信息流
163252,7732,2026-08-02 18:00:00,view_spot,抖音信息流
163252,7732,2026-08-02 18:03:00,view_spot,抖音信息流
528,24,2026-08-02 18:06:00,app_launch,微信分享裂变
528,24,2026-08-02 18:07:00,ai_plan,微信分享裂变
528,24,2026-08-02 18:08:00,view_spot,微信分享裂变
528,24,2026-08-02 18:11:00,view_spot,微信分享裂变
528,24,2026-08-02 18:14:00,view_spot,微信分享裂变
28478,1340,2026-08-02 18:15:00,app_launch,抖音信息流
28478,1340,2026-08-02 18:16:00,ai_plan,抖音信息流
28478,1340,2026-08-02 18:17:00,view_spot,抖音信息流
92820,4394,2026-08-02 18:26:00,app_launch,小红书种草
92820,4394,2026-08-02 18:27:00,ai_plan,小红书种草
92820,4394,2026-08-02 18:28:00,view_spot,小红书种草
92820,4394,2026-08-02 18:31:00,view_spot,小红书种草
92820,4394,2026-08-02 18:34:00,view_spot,小红书种草
529,24,2026-08-02 18:56:00,app_launch,微信分享裂变
529,24,2026-08-02 18:57:00,ai_plan,微信分享裂变
529,24,2026-08-02 18:58:00,view_spot,微信分享裂变
529,24,2026-08-02 19:01:00,view_spot,微信分享裂变
529,24,2026-08-02 19:04:00,view_spot,微信分享裂变
529,24,2026-08-02 19:07:00,view_spot,微信分享裂变
22025,1035,2026-08-02 19:58:00,app_launch,抖音信息流
22025,1035,2026-08-02 19:59:00,ai_plan,抖音信息流
22025,1035,2026-08-02 20:00:00,view_spot,抖音信息流
22025,1035,2026-08-02 20:03:00,view_spot,抖音信息流
1380,66,2026-08-02 20:14:00,app_launch,抖音信息流
1380,66,2026-08-02 20:15:00,ai_plan,抖音信息流
100265,4744,2026-08-02 20:54:00,app_launch,自然流量
93254,4415,2026-08-02 20:56:00,app_launch,自然流量
93254,4415,2026-08-02 20:57:00,ai_plan,自然流量
55841,2610,2026-08-02 21:17:00,app_launch,抖音信息流
55841,2610,2026-08-02 21:18:00,ai_plan,抖音信息流
55841,2610,2026-08-02 21:19:00,view_spot,抖音信息流
55841,2610,2026-08-02 21:22:00,view_spot,抖音信息流
55841,2610,2026-08-02 21:25:00,view_spot,抖音信息流
55841,2610,2026-08-02 21:28:00,view_spot,抖音信息流
17173,812,2026-08-02 21:36:00,app_launch,自然流量
5668,264,2026-08-02 21:44:00,app_launch,自然流量
5668,264,2026-08-02 21:45:00,ai_plan,自然流量
5668,264,2026-08-02 21:46:00,view_spot,自然流量
99425,4705,2026-08-02 21:47:00,app_launch,自然流量
99425,4705,2026-08-02 21:48:00,ai_plan,自然流量
5668,264,2026-08-02 21:49:00,view_spot,自然流量
99425,4705,2026-08-02 21:49:00,view_spot,自然流量
69797,3287,2026-08-02 22:05:00,app_launch,小红书种草
69797,3287,2026-08-02 22:06:00,ai_plan,小红书种草
69797,3287,2026-08-02 22:07:00,view_spot,小红书种草
69797,3287,2026-08-02 22:10:00,view_spot,小红书种草
146700,6956,2026-08-02 22:12:00,app_launch,抖音信息流
69797,3287,2026-08-02 22:13:00,add_favorite,小红书种草
69797,3287,2026-08-02 22:15:00,create_order,小红书种草
69797,3287,2026-08-02 22:16:00,pay_order,小红书种草
77470,3657,2026-08-02 22:31:00,app_launch,自然流量
77470,3657,2026-08-02 22:32:00,ai_plan,自然流量
77470,3657,2026-08-02 22:33:00,view_spot,自然流量
65492,3079,2026-08-02 22:43:00,app_launch,小红书种草
47372,2216,2026-08-02 22:44:00,app_launch,自然流量
160149,7583,2026-08-02 22:50:00,app_launch,自然流量
160149,7583,2026-08-02 22:51:00,ai_plan,自然流量
18440,867,2026-08-02 22:55:00,app_launch,微信分享裂变
123157,5825,2026-08-02 22:55:00,app_launch,抖音信息流
18440,867,2026-08-02 22:56:00,ai_plan,微信分享裂变
123157,5825,2026-08-02 22:56:00,ai_plan,抖音信息流
18440,867,2026-08-02 22:57:00,view_spot,微信分享裂变
18440,867,2026-08-02 23:03:00,add_favorite,微信分享裂变
162159,7679,2026-08-03 09:15:00,app_launch,高校地推
32773,1536,2026-08-03 09:18:00,app_launch,抖音信息流
32773,1536,2026-08-03 09:19:00,ai_plan,抖音信息流
32773,1536,2026-08-03 09:20:00,view_spot,抖音信息流
32773,1536,2026-08-03 09:23:00,view_spot,抖音信息流
131699,6229,2026-08-03 09:25:00,app_launch,抖音信息流
32773,1536,2026-08-03 09:26:00,add_favorite,抖音信息流
10944,519,2026-08-03 09:27:00,app_launch,自然流量
10944,519,2026-08-03 09:28:00,ai_plan,自然流量
18442,867,2026-08-03 09:28:00,app_launch,微信分享裂变
10944,519,2026-08-03 09:29:00,view_spot,自然流量
18442,867,2026-08-03 09:29:00,ai_plan,微信分享裂变
18442,867,2026-08-03 09:30:00,view_spot,微信分享裂变
10944,519,2026-08-03 09:32:00,view_spot,自然流量
18442,867,2026-08-03 09:33:00,view_spot,微信分享裂变
10944,519,2026-08-03 09:35:00,view_spot,自然流量
18442,867,2026-08-03 09:36:00,view_spot,微信分享裂变
18442,867,2026-08-03 09:36:00,add_favorite,微信分享裂变
10944,519,2026-08-03 09:38:00,view_spot,自然流量
110813,5245,2026-08-03 10:10:00,app_launch,抖音信息流
80667,3807,2026-08-03 10:11:00,app_launch,小红书种草
110813,5245,2026-08-03 10:11:00,ai_plan,抖音信息流
146209,6932,2026-08-03 11:18:00,app_launch,小红书种草
146209,6932,2026-08-03 11:19:00,ai_plan,小红书种草
146209,6932,2026-08-03 11:20:00,view_spot,小红书种草
162158,7679,2026-08-03 11:21:00,app_launch,高校地推
162158,7679,2026-08-03 11:22:00,ai_plan,高校地推
146209,6932,2026-08-03 11:23:00,view_spot,小红书种草
162158,7679,2026-08-03 11:23:00,view_spot,高校地推
146209,6932,2026-08-03 11:26:00,view_spot,小红书种草
162158,7679,2026-08-03 11:26:00,view_spot,高校地推
146209,6932,2026-08-03 11:29:00,view_spot,小红书种草
162158,7679,2026-08-03 11:29:00,view_spot,高校地推
162158,7679,2026-08-03 11:29:00,add_favorite,高校地推
139348,6596,2026-08-03 11:43:00,app_launch,抖音信息流
16091,764,2026-08-03 11:44:00,app_launch,自然流量
139348,6596,2026-08-03 11:44:00,ai_plan,抖音信息流
139348,6596,2026-08-03 11:45:00,view_spot,抖音信息流
139348,6596,2026-08-03 11:48:00,view_spot,抖音信息流
110814,5245,2026-08-03 12:40:00,app_launch,抖音信息流
142304,6745,2026-08-03 13:22:00,app_launch,自然流量
142304,6745,2026-08-03 13:23:00,ai_plan,自然流量
29915,1407,2026-08-03 13:24:00,app_launch,高校地推
142304,6745,2026-08-03 13:24:00,view_spot,自然流量
29915,1407,2026-08-03 13:25:00,ai_plan,高校地推
29915,1407,2026-08-03 13:26:00,view_spot,高校地推
142304,6745,2026-08-03 13:27:00,view_spot,自然流量
29915,1407,2026-08-03 13:29:00,view_spot,高校地推
142304,6745,2026-08-03 13:30:00,view_spot,自然流量
29915,1407,2026-08-03 13:32:00,view_spot,高校地推
142304,6745,2026-08-03 13:32:00,create_order,自然流量
142304,6745,2026-08-03 13:33:00,pay_order,自然流量
29915,1407,2026-08-03 13:35:00,view_spot,高校地推
146701,6956,2026-08-03 14:02:00,app_launch,抖音信息流
93456,4425,2026-08-03 14:10:00,app_launch,小红书种草
92836,4395,2026-08-03 14:45:00,app_launch,抖音信息流
92836,4395,2026-08-03 14:46:00,ai_plan,抖音信息流
92836,4395,2026-08-03 14:47:00,view_spot,抖音信息流
91692,4343,2026-08-03 14:48:00,app_launch,抖音信息流
91692,4343,2026-08-03 14:49:00,ai_plan,抖音信息流
91692,4343,2026-08-03 14:50:00,view_spot,抖音信息流
92836,4395,2026-08-03 14:50:00,view_spot,抖音信息流
92836,4395,2026-08-03 14:53:00,view_spot,抖音信息流
92836,4395,2026-08-03 14:53:00,add_favorite,抖音信息流
92836,4395,2026-08-03 14:56:00,view_spot,抖音信息流
59178,2771,2026-08-03 15:28:00,app_launch,自然流量
162160,7679,2026-08-03 15:45:00,app_launch,高校地推
162160,7679,2026-08-03 15:46:00,ai_plan,高校地推
162160,7679,2026-08-03 15:47:00,view_spot,高校地推
59179,2771,2026-08-03 15:48:00,app_launch,自然流量
59179,2771,2026-08-03 15:49:00,ai_plan,自然流量
162160,7679,2026-08-03 15:50:00,view_spot,高校地推
162160,7679,2026-08-03 15:53:00,view_spot,高校地推
137177,6488,2026-08-03 16:14:00,app_launch,小红书种草
137177,6488,2026-08-03 16:15:00,ai_plan,小红书种草
142305,6745,2026-08-03 16:16:00,app_launch,自然流量
142305,6745,2026-08-03 16:17:00,ai_plan,自然流量
139347,6596,2026-08-03 16:26:00,app_launch,抖音信息流
83116,3933,2026-08-03 17:08:00,app_launch,抖音信息流
83116,3933,2026-08-03 17:09:00,ai_plan,抖音信息流
83116,3933,2026-08-03 17:10:00,view_spot,抖音信息流
83116,3933,2026-08-03 17:13:00,view_spot,抖音信息流
83116,3933,2026-08-03 17:16:00,view_spot,抖音信息流
83118,3933,2026-08-03 17:17:00,app_launch,抖音信息流
83118,3933,2026-08-03 17:18:00,ai_plan,抖音信息流
83118,3933,2026-08-03 17:19:00,view_spot,抖音信息流
83118,3933,2026-08-03 17:22:00,view_spot,抖音信息流
83118,3933,2026-08-03 17:25:00,view_spot,抖音信息流
83118,3933,2026-08-03 17:28:00,view_spot,抖音信息流
18443,867,2026-08-03 17:50:00,app_launch,微信分享裂变
18443,867,2026-08-03 17:51:00,ai_plan,微信分享裂变
18443,867,2026-08-03 17:52:00,view_spot,微信分享裂变
18443,867,2026-08-03 17:55:00,view_spot,微信分享裂变
139346,6596,2026-08-03 17:55:00,app_launch,抖音信息流
139346,6596,2026-08-03 17:56:00,ai_plan,抖音信息流
18443,867,2026-08-03 17:58:00,view_spot,微信分享裂变
18443,867,2026-08-03 17:58:00,add_favorite,微信分享裂变
18443,867,2026-08-03 18:00:00,create_order,微信分享裂变
18443,867,2026-08-03 18:01:00,view_spot,微信分享裂变
18443,867,2026-08-03 18:01:00,pay_order,微信分享裂变
531,24,2026-08-03 18:12:00,app_launch,微信分享裂变
110812,5245,2026-08-03 18:17:00,app_launch,抖音信息流
110812,5245,2026-08-03 18:18:00,ai_plan,抖音信息流
110812,5245,2026-08-03 18:19:00,view_spot,抖音信息流
91691,4343,2026-08-03 18:20:00,app_launch,抖音信息流
91691,4343,2026-08-03 18:21:00,ai_plan,抖音信息流
91691,4343,2026-08-03 18:22:00,view_spot,抖音信息流
110812,5245,2026-08-03 18:22:00,view_spot,抖音信息流
91691,4343,2026-08-03 18:25:00,view_spot,抖音信息流
110812,5245,2026-08-03 18:25:00,view_spot,抖音信息流
59180,2771,2026-08-03 18:59:00,app_launch,自然流量
59180,2771,2026-08-03 19:00:00,ai_plan,自然流量
46271,2165,2026-08-03 19:30:00,app_launch,微信分享裂变
46271,2165,2026-08-03 19:31:00,ai_plan,微信分享裂变
46271,2165,2026-08-03 19:32:00,view_spot,微信分享裂变
46271,2165,2026-08-03 19:35:00,view_spot,微信分享裂变
131698,6229,2026-08-03 19:36:00,app_launch,抖音信息流
131698,6229,2026-08-03 19:37:00,ai_plan,抖音信息流
46271,2165,2026-08-03 19:38:00,view_spot,微信分享裂变
131698,6229,2026-08-03 19:38:00,view_spot,抖音信息流
83117,3933,2026-08-03 19:40:00,app_launch,抖音信息流
46271,2165,2026-08-03 19:41:00,view_spot,微信分享裂变
83117,3933,2026-08-03 19:41:00,ai_plan,抖音信息流
131698,6229,2026-08-03 19:41:00,view_spot,抖音信息流
83117,3933,2026-08-03 19:42:00,view_spot,抖音信息流
131698,6229,2026-08-03 19:44:00,view_spot,抖音信息流
83117,3933,2026-08-03 19:45:00,view_spot,抖音信息流
167605,7941,2026-08-03 19:45:00,app_launch,自然流量
131698,6229,2026-08-03 19:47:00,view_spot,抖音信息流
83117,3933,2026-08-03 19:48:00,view_spot,抖音信息流
10946,519,2026-08-03 20:12:00,app_launch,自然流量
10946,519,2026-08-03 20:13:00,ai_plan,自然流量
10946,519,2026-08-03 20:14:00,view_spot,自然流量
10946,519,2026-08-03 20:17:00,view_spot,自然流量
10946,519,2026-08-03 20:20:00,view_spot,自然流量
10946,519,2026-08-03 20:20:00,add_favorite,自然流量
10946,519,2026-08-03 20:23:00,view_spot,自然流量
16090,764,2026-08-03 20:24:00,app_launch,自然流量
16090,764,2026-08-03 20:25:00,ai_plan,自然流量
146208,6932,2026-08-03 20:41:00,app_launch,小红书种草
146208,6932,2026-08-03 20:42:00,ai_plan,小红书种草
137176,6488,2026-08-03 21:29:00,app_launch,小红书种草
137176,6488,2026-08-03 21:30:00,ai_plan,小红书种草
137176,6488,2026-08-03 21:31:00,view_spot,小红书种草
137176,6488,2026-08-03 21:34:00,view_spot,小红书种草
93455,4425,2026-08-03 21:36:00,app_launch,小红书种草
93455,4425,2026-08-03 21:37:00,ai_plan,小红书种草
137176,6488,2026-08-03 21:37:00,view_spot,小红书种草
93455,4425,2026-08-03 21:38:00,view_spot,小红书种草
137176,6488,2026-08-03 21:39:00,create_order,小红书种草
93455,4425,2026-08-03 21:41:00,view_spot,小红书种草
93455,4425,2026-08-03 21:44:00,add_favorite,小红书种草
10945,519,2026-08-03 21:51:00,app_launch,自然流量
10945,519,2026-08-03 21:52:00,ai_plan,自然流量
10945,519,2026-08-03 21:53:00,view_spot,自然流量
10945,519,2026-08-03 21:56:00,view_spot,自然流量
131700,6229,2026-08-03 21:58:00,app_launch,抖音信息流
10945,519,2026-08-03 21:59:00,add_favorite,自然流量
167604,7941,2026-08-03 22:07:00,app_launch,自然流量
135798,6424,2026-08-03 22:24:00,app_launch,微信分享裂变
135798,6424,2026-08-03 22:25:00,ai_plan,微信分享裂变
135798,6424,2026-08-03 22:26:00,view_spot,微信分享裂变
135798,6424,2026-08-03 22:29:00,view_spot,微信分享裂变
135798,6424,2026-08-03 22:32:00,add_favorite,微信分享裂变
135798,6424,2026-08-03 22:34:00,create_order,微信分享裂变
58732,2749,2026-08-03 22:36:00,app_launch,抖音信息流
58732,2749,2026-08-03 22:37:00,ai_plan,抖音信息流
58732,2749,2026-08-03 22:38:00,view_spot,抖音信息流
58732,2749,2026-08-03 22:41:00,view_spot,抖音信息流
58732,2749,2026-08-03 22:44:00,view_spot,抖音信息流
58732,2749,2026-08-03 22:44:00,add_favorite,抖音信息流
160151,7583,2026-08-04 07:10:00,app_launch,自然流量
160151,7583,2026-08-04 07:11:00,ai_plan,自然流量
160151,7583,2026-08-04 07:12:00,view_spot,自然流量
160151,7583,2026-08-04 07:15:00,view_spot,自然流量
160151,7583,2026-08-04 07:18:00,view_spot,自然流量
160151,7583,2026-08-04 07:18:00,add_favorite,自然流量
45957,2150,2026-08-04 07:21:00,app_launch,自然流量
58734,2749,2026-08-04 07:34:00,app_launch,抖音信息流
123158,5825,2026-08-04 07:40:00,app_launch,抖音信息流
159591,7558,2026-08-04 08:21:00,app_launch,抖音信息流
32039,1503,2026-08-04 08:46:00,app_launch,抖音信息流
32039,1503,2026-08-04 08:47:00,ai_plan,抖音信息流
32039,1503,2026-08-04 08:48:00,view_spot,抖音信息流
32039,1503,2026-08-04 08:51:00,view_spot,抖音信息流
32039,1503,2026-08-04 08:54:00,view_spot,抖音信息流
32039,1503,2026-08-04 08:57:00,view_spot,抖音信息流
160153,7583,2026-08-04 10:22:00,app_launch,自然流量
160153,7583,2026-08-04 10:23:00,ai_plan,自然流量
160153,7583,2026-08-04 10:24:00,view_spot,自然流量
160153,7583,2026-08-04 10:27:00,view_spot,自然流量
160153,7583,2026-08-04 10:30:00,view_spot,自然流量
131701,6229,2026-08-04 11:25:00,app_launch,抖音信息流
131701,6229,2026-08-04 11:26:00,ai_plan,抖音信息流
131701,6229,2026-08-04 11:27:00,view_spot,抖音信息流
24324,1145,2026-08-04 11:29:00,app_launch,抖音信息流
24324,1145,2026-08-04 11:30:00,ai_plan,抖音信息流
131701,6229,2026-08-04 11:30:00,view_spot,抖音信息流
131701,6229,2026-08-04 11:33:00,view_spot,抖音信息流
131701,6229,2026-08-04 11:35:00,create_order,抖音信息流
131701,6229,2026-08-04 11:36:00,view_spot,抖音信息流
131701,6229,2026-08-04 11:36:00,pay_order,抖音信息流
38439,1812,2026-08-04 11:58:00,app_launch,抖音信息流
22842,1075,2026-08-04 12:00:00,app_launch,微信分享裂变
22842,1075,2026-08-04 12:01:00,ai_plan,微信分享裂变
142382,6748,2026-08-04 12:01:00,app_launch,抖音信息流
142382,6748,2026-08-04 12:02:00,ai_plan,抖音信息流
142382,6748,2026-08-04 12:03:00,view_spot,抖音信息流
67693,3183,2026-08-04 12:06:00,app_launch,抖音信息流
142382,6748,2026-08-04 12:06:00,view_spot,抖音信息流
142382,6748,2026-08-04 12:09:00,view_spot,抖音信息流
142382,6748,2026-08-04 12:12:00,view_spot,抖音信息流
162818,7710,2026-08-04 12:27:00,app_launch,小红书种草
59182,2771,2026-08-04 12:30:00,app_launch,自然流量
59182,2771,2026-08-04 12:31:00,ai_plan,自然流量
59182,2771,2026-08-04 12:32:00,view_spot,自然流量
146210,6932,2026-08-04 12:33:00,app_launch,小红书种草
59182,2771,2026-08-04 12:35:00,view_spot,自然流量
59182,2771,2026-08-04 12:38:00,view_spot,自然流量
59182,2771,2026-08-04 12:40:00,create_order,自然流量
165525,7840,2026-08-04 12:45:00,app_launch,抖音信息流
123159,5825,2026-08-04 12:52:00,app_launch,抖音信息流
123159,5825,2026-08-04 12:53:00,ai_plan,抖音信息流
123159,5825,2026-08-04 12:54:00,view_spot,抖音信息流
123159,5825,2026-08-04 12:57:00,view_spot,抖音信息流
57972,2717,2026-08-04 12:58:00,app_launch,抖音信息流
123159,5825,2026-08-04 13:00:00,view_spot,抖音信息流
123159,5825,2026-08-04 13:00:00,add_favorite,抖音信息流
123159,5825,2026-08-04 13:03:00,view_spot,抖音信息流
32037,1503,2026-08-04 13:23:00,app_launch,抖音信息流
32037,1503,2026-08-04 13:24:00,ai_plan,抖音信息流
32037,1503,2026-08-04 13:25:00,view_spot,抖音信息流
532,24,2026-08-04 13:34:00,app_launch,微信分享裂变
532,24,2026-08-04 13:35:00,ai_plan,微信分享裂变
59181,2771,2026-08-04 13:48:00,app_launch,自然流量
59181,2771,2026-08-04 13:49:00,ai_plan,自然流量
142383,6748,2026-08-04 13:49:00,app_launch,抖音信息流
59181,2771,2026-08-04 13:50:00,view_spot,自然流量
142383,6748,2026-08-04 13:50:00,ai_plan,抖音信息流
59181,2771,2026-08-04 13:53:00,view_spot,自然流量
59181,2771,2026-08-04 13:56:00,add_favorite,自然流量
165524,7840,2026-08-04 14:02:00,app_launch,抖音信息流
162817,7710,2026-08-04 14:05:00,app_launch,小红书种草
162817,7710,2026-08-04 14:06:00,ai_plan,小红书种草
162817,7710,2026-08-04 14:07:00,view_spot,小红书种草
162817,7710,2026-08-04 14:10:00,view_spot,小红书种草
162817,7710,2026-08-04 14:13:00,add_favorite,小红书种草
162817,7710,2026-08-04 14:15:00,create_order,小红书种草
162817,7710,2026-08-04 14:16:00,pay_order,小红书种草
22565,1062,2026-08-04 14:20:00,app_launch,小红书种草
22565,1062,2026-08-04 14:21:00,ai_plan,小红书种草
59183,2771,2026-08-04 15:18:00,app_launch,自然流量
59183,2771,2026-08-04 15:19:00,ai_plan,自然流量
59183,2771,2026-08-04 15:20:00,view_spot,自然流量
59183,2771,2026-08-04 15:23:00,view_spot,自然流量
159593,7558,2026-08-04 15:54:00,app_launch,抖音信息流
11724,555,2026-08-04 16:10:00,app_launch,自然流量
123160,5825,2026-08-04 16:10:00,app_launch,抖音信息流
11724,555,2026-08-04 16:11:00,ai_plan,自然流量
123160,5825,2026-08-04 16:11:00,ai_plan,抖音信息流
162161,7679,2026-08-04 17:16:00,app_launch,高校地推
162161,7679,2026-08-04 17:17:00,ai_plan,高校地推
162161,7679,2026-08-04 17:18:00,view_spot,高校地推
162161,7679,2026-08-04 17:21:00,view_spot,高校地推
162161,7679,2026-08-04 17:24:00,view_spot,高校地推
162161,7679,2026-08-04 17:27:00,view_spot,高校地推
10947,519,2026-08-04 17:38:00,app_launch,自然流量
10948,519,2026-08-04 17:45:00,app_launch,自然流量
10948,519,2026-08-04 17:46:00,ai_plan,自然流量
10948,519,2026-08-04 17:47:00,view_spot,自然流量
13622,648,2026-08-04 17:48:00,app_launch,抖音信息流
13622,648,2026-08-04 17:49:00,ai_plan,抖音信息流
159592,7558,2026-08-04 17:49:00,app_launch,抖音信息流
10948,519,2026-08-04 17:50:00,view_spot,自然流量
41203,1935,2026-08-04 17:52:00,app_launch,小红书种草
10948,519,2026-08-04 17:53:00,view_spot,自然流量
10948,519,2026-08-04 17:53:00,add_favorite,自然流量
41203,1935,2026-08-04 17:53:00,ai_plan,小红书种草
41203,1935,2026-08-04 17:54:00,view_spot,小红书种草
10948,519,2026-08-04 17:55:00,create_order,自然流量
58733,2749,2026-08-04 17:55:00,app_launch,抖音信息流
10948,519,2026-08-04 17:56:00,view_spot,自然流量
10948,519,2026-08-04 17:56:00,pay_order,自然流量
58733,2749,2026-08-04 17:56:00,ai_plan,抖音信息流
32038,1503,2026-08-04 18:00:00,app_launch,抖音信息流
41203,1935,2026-08-04 18:02:00,create_order,小红书种草
41203,1935,2026-08-04 18:03:00,pay_order,小红书种草
68268,3215,2026-08-04 18:35:00,app_launch,自然流量
67692,3183,2026-08-04 18:43:00,app_launch,抖音信息流
11725,555,2026-08-04 18:44:00,app_launch,自然流量
67692,3183,2026-08-04 18:44:00,ai_plan,抖音信息流
11725,555,2026-08-04 18:45:00,ai_plan,自然流量
11725,555,2026-08-04 18:46:00,view_spot,自然流量
13621,648,2026-08-04 18:47:00,app_launch,抖音信息流
13621,648,2026-08-04 18:48:00,ai_plan,抖音信息流
11725,555,2026-08-04 18:49:00,view_spot,自然流量
13621,648,2026-08-04 18:49:00,view_spot,抖音信息流
11725,555,2026-08-04 18:52:00,view_spot,自然流量
11725,555,2026-08-04 18:52:00,add_favorite,自然流量
67691,3183,2026-08-04 18:53:00,app_launch,抖音信息流
142381,6748,2026-08-04 19:06:00,app_launch,抖音信息流
24325,1145,2026-08-04 19:29:00,app_launch,抖音信息流
45956,2150,2026-08-04 19:46:00,app_launch,自然流量
45956,2150,2026-08-04 19:47:00,ai_plan,自然流量
38438,1812,2026-08-04 19:51:00,app_launch,抖音信息流
38438,1812,2026-08-04 19:52:00,ai_plan,抖音信息流
38438,1812,2026-08-04 19:53:00,view_spot,抖音信息流
45955,2150,2026-08-04 21:34:00,app_launch,自然流量
131702,6229,2026-08-04 21:34:00,app_launch,抖音信息流
80824,3814,2026-08-04 22:33:00,app_launch,自然流量
80824,3814,2026-08-04 22:34:00,ai_plan,自然流量
80824,3814,2026-08-04 22:35:00,view_spot,自然流量
80824,3814,2026-08-04 22:38:00,view_spot,自然流量
160152,7583,2026-08-04 22:43:00,app_launch,自然流量
160152,7583,2026-08-04 22:44:00,ai_plan,自然流量
160152,7583,2026-08-04 22:45:00,view_spot,自然流量
160152,7583,2026-08-04 22:48:00,view_spot,自然流量
47373,2216,2026-08-05 07:15:00,app_launch,自然流量
47373,2216,2026-08-05 07:16:00,ai_plan,自然流量
47373,2216,2026-08-05 07:17:00,view_spot,自然流量
47373,2216,2026-08-05 07:20:00,view_spot,自然流量
47373,2216,2026-08-05 07:23:00,view_spot,自然流量
29918,1407,2026-08-05 07:43:00,app_launch,高校地推
29918,1407,2026-08-05 07:44:00,ai_plan,高校地推
29918,1407,2026-08-05 07:45:00,view_spot,高校地推
29918,1407,2026-08-05 07:48:00,view_spot,高校地推
22182,1043,2026-08-05 07:56:00,app_launch,小红书种草
115787,5485,2026-08-05 08:01:00,app_launch,微信分享裂变
22181,1043,2026-08-05 08:10:00,app_launch,小红书种草
22181,1043,2026-08-05 08:11:00,ai_plan,小红书种草
31625,1484,2026-08-05 08:21:00,app_launch,自然流量
31625,1484,2026-08-05 08:22:00,ai_plan,自然流量
99428,4705,2026-08-05 08:45:00,app_launch,自然流量
29916,1407,2026-08-05 09:30:00,app_launch,高校地推
90544,4291,2026-08-05 09:30:00,app_launch,自然流量
29916,1407,2026-08-05 09:31:00,ai_plan,高校地推
137866,6522,2026-08-05 10:24:00,app_launch,抖音信息流
137866,6522,2026-08-05 10:25:00,ai_plan,抖音信息流
139350,6596,2026-08-05 10:37:00,app_launch,抖音信息流
139350,6596,2026-08-05 10:38:00,ai_plan,抖音信息流
29917,1407,2026-08-05 10:46:00,app_launch,高校地推
29917,1407,2026-08-05 10:47:00,ai_plan,高校地推
29917,1407,2026-08-05 10:48:00,view_spot,高校地推
29917,1407,2026-08-05 10:56:00,create_order,高校地推
64497,3028,2026-08-05 11:13:00,app_launch,微信分享裂变
64497,3028,2026-08-05 11:14:00,ai_plan,微信分享裂变
90543,4291,2026-08-05 11:56:00,app_launch,自然流量
137867,6522,2026-08-05 12:01:00,app_launch,抖音信息流
60111,2816,2026-08-05 12:31:00,app_launch,抖音信息流
60111,2816,2026-08-05 12:32:00,ai_plan,抖音信息流
49216,2303,2026-08-05 12:45:00,app_launch,抖音信息流
60110,2816,2026-08-05 13:22:00,app_launch,抖音信息流
60110,2816,2026-08-05 13:23:00,ai_plan,抖音信息流
162163,7679,2026-08-05 13:53:00,app_launch,高校地推
162163,7679,2026-08-05 13:54:00,ai_plan,高校地推
69897,3291,2026-08-05 14:02:00,app_launch,抖音信息流
69897,3291,2026-08-05 14:03:00,ai_plan,抖音信息流
115788,5485,2026-08-05 14:09:00,app_launch,微信分享裂变
115788,5485,2026-08-05 14:10:00,ai_plan,微信分享裂变
115788,5485,2026-08-05 14:11:00,view_spot,微信分享裂变
140574,6655,2026-08-05 14:40:00,app_launch,抖音信息流
140574,6655,2026-08-05 14:41:00,ai_plan,抖音信息流
140574,6655,2026-08-05 14:42:00,view_spot,抖音信息流
140574,6655,2026-08-05 14:48:00,add_favorite,抖音信息流
140574,6655,2026-08-05 14:50:00,create_order,抖音信息流
140574,6655,2026-08-05 14:51:00,pay_order,抖音信息流
31624,1484,2026-08-05 14:56:00,app_launch,自然流量
90572,4292,2026-08-05 14:58:00,app_launch,自然流量
90572,4292,2026-08-05 14:59:00,ai_plan,自然流量
90572,4292,2026-08-05 15:00:00,view_spot,自然流量
90572,4292,2026-08-05 15:03:00,view_spot,自然流量
90572,4292,2026-08-05 15:06:00,view_spot,自然流量
100267,4744,2026-08-05 15:24:00,app_launch,自然流量
47374,2216,2026-08-05 15:52:00,app_launch,自然流量
140575,6655,2026-08-05 16:15:00,app_launch,抖音信息流
140575,6655,2026-08-05 16:16:00,ai_plan,抖音信息流
533,24,2026-08-05 17:17:00,app_launch,微信分享裂变
99427,4705,2026-08-05 17:27:00,app_launch,自然流量
100268,4744,2026-08-05 17:29:00,app_launch,自然流量
142307,6745,2026-08-05 17:39:00,app_launch,自然流量
142307,6745,2026-08-05 17:40:00,ai_plan,自然流量
58735,2749,2026-08-05 17:45:00,app_launch,抖音信息流
58735,2749,2026-08-05 17:46:00,ai_plan,抖音信息流
58735,2749,2026-08-05 17:47:00,view_spot,抖音信息流
55842,2610,2026-08-05 18:36:00,app_launch,抖音信息流
22180,1043,2026-08-05 18:42:00,app_launch,小红书种草
22180,1043,2026-08-05 18:43:00,ai_plan,小红书种草
22180,1043,2026-08-05 18:44:00,view_spot,小红书种草
60112,2816,2026-08-05 18:46:00,app_launch,抖音信息流
22180,1043,2026-08-05 18:47:00,view_spot,小红书种草
139349,6596,2026-08-05 18:48:00,app_launch,抖音信息流
139349,6596,2026-08-05 18:49:00,ai_plan,抖音信息流
22180,1043,2026-08-05 18:50:00,view_spot,小红书种草
139349,6596,2026-08-05 18:50:00,view_spot,抖音信息流
22180,1043,2026-08-05 18:53:00,view_spot,小红书种草
139349,6596,2026-08-05 18:56:00,add_favorite,抖音信息流
99426,4705,2026-08-05 19:27:00,app_launch,自然流量
99426,4705,2026-08-05 19:28:00,ai_plan,自然流量
99426,4705,2026-08-05 19:29:00,view_spot,自然流量
99426,4705,2026-08-05 19:32:00,view_spot,自然流量
99426,4705,2026-08-05 19:35:00,view_spot,自然流量
99426,4705,2026-08-05 19:35:00,add_favorite,自然流量
123551,5841,2026-08-05 19:37:00,app_launch,抖音信息流
99426,4705,2026-08-05 19:38:00,view_spot,自然流量
123551,5841,2026-08-05 19:38:00,ai_plan,抖音信息流
123551,5841,2026-08-05 19:39:00,view_spot,抖音信息流
123551,5841,2026-08-05 19:42:00,view_spot,抖音信息流
123551,5841,2026-08-05 19:45:00,view_spot,抖音信息流
123551,5841,2026-08-05 19:45:00,add_favorite,抖音信息流
123551,5841,2026-08-05 19:47:00,create_order,抖音信息流
123551,5841,2026-08-05 19:48:00,view_spot,抖音信息流
123551,5841,2026-08-05 19:48:00,pay_order,抖音信息流
142306,6745,2026-08-05 20:09:00,app_launch,自然流量
142308,6745,2026-08-05 20:15:00,app_launch,自然流量
142308,6745,2026-08-05 20:16:00,ai_plan,自然流量
142308,6745,2026-08-05 20:17:00,view_spot,自然流量
142308,6745,2026-08-05 20:20:00,view_spot,自然流量
162162,7679,2026-08-05 20:40:00,app_launch,高校地推
162162,7679,2026-08-05 20:41:00,ai_plan,高校地推
24326,1145,2026-08-05 20:54:00,app_launch,抖音信息流
24326,1145,2026-08-05 20:55:00,ai_plan,抖音信息流
90573,4292,2026-08-05 21:00:00,app_launch,自然流量
534,24,2026-08-05 21:37:00,app_launch,微信分享裂变
534,24,2026-08-05 21:38:00,ai_plan,微信分享裂变
18706,880,2026-08-05 22:11:00,app_launch,小红书种草
18706,880,2026-08-05 22:12:00,ai_plan,小红书种草
18706,880,2026-08-05 22:13:00,view_spot,小红书种草
18706,880,2026-08-05 22:16:00,view_spot,小红书种草
18706,880,2026-08-05 22:19:00,view_spot,小红书种草
18706,880,2026-08-05 22:22:00,view_spot,小红书种草
16092,764,2026-08-06 07:28:00,app_launch,自然流量
16092,764,2026-08-06 07:29:00,ai_plan,自然流量
135262,6399,2026-08-06 07:40:00,app_launch,抖音信息流
33170,1555,2026-08-06 07:42:00,app_launch,自然流量
33170,1555,2026-08-06 07:43:00,ai_plan,自然流量
33170,1555,2026-08-06 07:44:00,view_spot,自然流量
33170,1555,2026-08-06 07:47:00,view_spot,自然流量
93390,4422,2026-08-06 07:49:00,app_launch,自然流量
22430,1056,2026-08-06 08:24:00,app_launch,小红书种草
18446,867,2026-08-06 08:31:00,app_launch,微信分享裂变
18446,867,2026-08-06 08:32:00,ai_plan,微信分享裂变
18446,867,2026-08-06 08:33:00,view_spot,微信分享裂变
18446,867,2026-08-06 08:36:00,view_spot,微信分享裂变
18446,867,2026-08-06 08:39:00,add_favorite,微信分享裂变
93258,4415,2026-08-06 08:51:00,app_launch,自然流量
70703,3333,2026-08-06 09:05:00,app_launch,自然流量
70703,3333,2026-08-06 09:06:00,ai_plan,自然流量
70703,3333,2026-08-06 09:07:00,view_spot,自然流量
70703,3333,2026-08-06 09:10:00,view_spot,自然流量
70703,3333,2026-08-06 09:13:00,view_spot,自然流量
70703,3333,2026-08-06 09:15:00,create_order,自然流量
70703,3333,2026-08-06 09:16:00,pay_order,自然流量
53130,2479,2026-08-06 09:24:00,app_launch,抖音信息流
137869,6522,2026-08-06 09:45:00,app_launch,抖音信息流
114151,5403,2026-08-06 09:48:00,app_launch,抖音信息流
114151,5403,2026-08-06 09:49:00,ai_plan,抖音信息流
114151,5403,2026-08-06 09:50:00,view_spot,抖音信息流
114151,5403,2026-08-06 09:53:00,view_spot,抖音信息流
70702,3333,2026-08-06 09:54:00,app_launch,自然流量
114151,5403,2026-08-06 09:56:00,view_spot,抖音信息流
114151,5403,2026-08-06 09:56:00,add_favorite,抖音信息流
35336,1663,2026-08-06 09:59:00,app_launch,微信分享裂变
35336,1663,2026-08-06 10:00:00,ai_plan,微信分享裂变
10949,519,2026-08-06 10:01:00,app_launch,自然流量
10949,519,2026-08-06 10:02:00,ai_plan,自然流量
10949,519,2026-08-06 10:03:00,view_spot,自然流量
10949,519,2026-08-06 10:06:00,view_spot,自然流量
10949,519,2026-08-06 10:09:00,view_spot,自然流量
10949,519,2026-08-06 10:09:00,add_favorite,自然流量
10949,519,2026-08-06 10:12:00,view_spot,自然流量
55843,2610,2026-08-06 10:30:00,app_launch,抖音信息流
55843,2610,2026-08-06 10:31:00,ai_plan,抖音信息流
55843,2610,2026-08-06 10:32:00,view_spot,抖音信息流
55843,2610,2026-08-06 10:35:00,view_spot,抖音信息流
160154,7583,2026-08-06 10:37:00,app_launch,自然流量
160155,7583,2026-08-06 10:55:00,app_launch,自然流量
160155,7583,2026-08-06 10:56:00,ai_plan,自然流量
160155,7583,2026-08-06 10:57:00,view_spot,自然流量
160155,7583,2026-08-06 11:00:00,view_spot,自然流量
40729,1913,2026-08-06 11:02:00,app_launch,高校地推
40729,1913,2026-08-06 11:03:00,ai_plan,高校地推
40729,1913,2026-08-06 11:04:00,view_spot,高校地推
40730,1913,2026-08-06 11:28:00,app_launch,高校地推
38440,1812,2026-08-06 11:34:00,app_launch,抖音信息流
38440,1812,2026-08-06 11:35:00,ai_plan,抖音信息流
93391,4422,2026-08-06 11:36:00,app_launch,自然流量
93391,4422,2026-08-06 11:37:00,ai_plan,自然流量
93391,4422,2026-08-06 11:38:00,view_spot,自然流量
134028,6341,2026-08-06 11:39:00,app_launch,微信分享裂变
93391,4422,2026-08-06 11:41:00,view_spot,自然流量
93391,4422,2026-08-06 11:46:00,create_order,自然流量
99430,4705,2026-08-06 11:51:00,app_launch,自然流量
74969,3535,2026-08-06 12:29:00,app_launch,小红书种草
74969,3535,2026-08-06 12:30:00,ai_plan,小红书种草
74969,3535,2026-08-06 12:31:00,view_spot,小红书种草
74969,3535,2026-08-06 12:34:00,view_spot,小红书种草
85038,4020,2026-08-06 12:34:00,app_launch,小红书种草
85038,4020,2026-08-06 12:35:00,ai_plan,小红书种草
85038,4020,2026-08-06 12:36:00,view_spot,小红书种草
74969,3535,2026-08-06 12:37:00,view_spot,小红书种草
74969,3535,2026-08-06 12:37:00,add_favorite,小红书种草
85038,4020,2026-08-06 12:39:00,view_spot,小红书种草
74969,3535,2026-08-06 12:40:00,view_spot,小红书种草
85038,4020,2026-08-06 12:42:00,add_favorite,小红书种草
83121,3933,2026-08-06 13:10:00,app_launch,抖音信息流
83121,3933,2026-08-06 13:11:00,ai_plan,抖音信息流
83121,3933,2026-08-06 13:12:00,view_spot,抖音信息流
105615,4998,2026-08-06 13:12:00,app_launch,抖音信息流
83121,3933,2026-08-06 13:15:00,view_spot,抖音信息流
83121,3933,2026-08-06 13:18:00,add_favorite,抖音信息流
137868,6522,2026-08-06 13:36:00,app_launch,抖音信息流
137868,6522,2026-08-06 13:37:00,ai_plan,抖音信息流
137868,6522,2026-08-06 13:38:00,view_spot,抖音信息流
137868,6522,2026-08-06 13:46:00,create_order,抖音信息流
160156,7583,2026-08-06 13:46:00,app_launch,自然流量
137868,6522,2026-08-06 13:47:00,pay_order,抖音信息流
160156,7583,2026-08-06 13:47:00,ai_plan,自然流量
114150,5403,2026-08-06 13:59:00,app_launch,抖音信息流
114150,5403,2026-08-06 14:00:00,ai_plan,抖音信息流
114150,5403,2026-08-06 14:01:00,view_spot,抖音信息流
114150,5403,2026-08-06 14:04:00,view_spot,抖音信息流
74970,3535,2026-08-06 14:07:00,app_launch,小红书种草
38441,1812,2026-08-06 14:57:00,app_launch,抖音信息流
44511,2081,2026-08-06 14:57:00,app_launch,抖音信息流
38441,1812,2026-08-06 14:58:00,ai_plan,抖音信息流
44511,2081,2026-08-06 14:58:00,ai_plan,抖音信息流
10331,488,2026-08-06 15:00:00,app_launch,自然流量
10331,488,2026-08-06 15:01:00,ai_plan,自然流量
137178,6488,2026-08-06 15:42:00,app_launch,小红书种草
135799,6424,2026-08-06 15:43:00,app_launch,微信分享裂变
137178,6488,2026-08-06 15:43:00,ai_plan,小红书种草
135799,6424,2026-08-06 15:44:00,ai_plan,微信分享裂变
137178,6488,2026-08-06 15:44:00,view_spot,小红书种草
137178,6488,2026-08-06 15:47:00,view_spot,小红书种草
137178,6488,2026-08-06 15:50:00,view_spot,小红书种草
137178,6488,2026-08-06 15:52:00,create_order,小红书种草
137178,6488,2026-08-06 15:53:00,view_spot,小红书种草
45340,2119,2026-08-06 15:54:00,app_launch,自然流量
45340,2119,2026-08-06 15:55:00,ai_plan,自然流量
109876,5200,2026-08-06 15:57:00,app_launch,抖音信息流
109876,5200,2026-08-06 15:58:00,ai_plan,抖音信息流
135261,6399,2026-08-06 16:12:00,app_launch,抖音信息流
83119,3933,2026-08-06 16:14:00,app_launch,抖音信息流
135800,6424,2026-08-06 16:22:00,app_launch,微信分享裂变
147406,6989,2026-08-06 16:22:00,app_launch,自然流量
41204,1935,2026-08-06 16:23:00,app_launch,小红书种草
135801,6424,2026-08-06 16:28:00,app_launch,微信分享裂变
135801,6424,2026-08-06 16:29:00,ai_plan,微信分享裂变
135801,6424,2026-08-06 16:30:00,view_spot,微信分享裂变
135801,6424,2026-08-06 16:33:00,view_spot,微信分享裂变
135801,6424,2026-08-06 16:36:00,add_favorite,微信分享裂变
85738,4055,2026-08-06 16:52:00,app_launch,微信分享裂变
85738,4055,2026-08-06 16:53:00,ai_plan,微信分享裂变
45338,2119,2026-08-06 17:09:00,app_launch,自然流量
45338,2119,2026-08-06 17:10:00,ai_plan,自然流量
45338,2119,2026-08-06 17:11:00,view_spot,自然流量
70701,3333,2026-08-06 17:11:00,app_launch,自然流量
45338,2119,2026-08-06 17:14:00,view_spot,自然流量
146702,6956,2026-08-06 17:28:00,app_launch,抖音信息流
10332,488,2026-08-06 17:57:00,app_launch,自然流量
85039,4020,2026-08-06 17:59:00,app_launch,小红书种草
44509,2081,2026-08-06 18:04:00,app_launch,抖音信息流
44509,2081,2026-08-06 18:05:00,ai_plan,抖音信息流
159594,7558,2026-08-06 18:24:00,app_launch,抖音信息流
18445,867,2026-08-06 18:50:00,app_launch,微信分享裂变
18445,867,2026-08-06 18:51:00,ai_plan,微信分享裂变
18445,867,2026-08-06 18:52:00,view_spot,微信分享裂变
18445,867,2026-08-06 18:55:00,view_spot,微信分享裂变
99429,4705,2026-08-06 18:56:00,app_launch,自然流量
99429,4705,2026-08-06 18:57:00,ai_plan,自然流量
18445,867,2026-08-06 18:58:00,view_spot,微信分享裂变
18445,867,2026-08-06 18:58:00,add_favorite,微信分享裂变
18445,867,2026-08-06 19:00:00,create_order,微信分享裂变
18445,867,2026-08-06 19:01:00,view_spot,微信分享裂变
18445,867,2026-08-06 19:01:00,pay_order,微信分享裂变
105616,4998,2026-08-06 19:01:00,app_launch,抖音信息流
99431,4705,2026-08-06 19:33:00,app_launch,自然流量
137179,6488,2026-08-06 19:55:00,app_launch,小红书种草
10330,488,2026-08-06 19:59:00,app_launch,自然流量
159595,7558,2026-08-06 19:59:00,app_launch,抖音信息流
10330,488,2026-08-06 20:00:00,ai_plan,自然流量
10330,488,2026-08-06 20:01:00,view_spot,自然流量
10330,488,2026-08-06 20:04:00,view_spot,自然流量
10330,488,2026-08-06 20:07:00,view_spot,自然流量
53129,2479,2026-08-06 20:21:00,app_launch,抖音信息流
53129,2479,2026-08-06 20:22:00,ai_plan,抖音信息流
53129,2479,2026-08-06 20:23:00,view_spot,抖音信息流
53129,2479,2026-08-06 20:26:00,view_spot,抖音信息流
53129,2479,2026-08-06 20:29:00,view_spot,抖音信息流
53129,2479,2026-08-06 20:32:00,view_spot,抖音信息流
146211,6932,2026-08-06 20:34:00,app_launch,小红书种草
146211,6932,2026-08-06 20:35:00,ai_plan,小红书种草
85739,4055,2026-08-06 20:44:00,app_launch,微信分享裂变
85739,4055,2026-08-06 20:45:00,ai_plan,微信分享裂变
85739,4055,2026-08-06 20:46:00,view_spot,微信分享裂变
85739,4055,2026-08-06 20:49:00,view_spot,微信分享裂变
85739,4055,2026-08-06 20:52:00,view_spot,微信分享裂变
83120,3933,2026-08-06 20:55:00,app_launch,抖音信息流
83120,3933,2026-08-06 20:56:00,ai_plan,抖音信息流
16093,764,2026-08-06 20:57:00,app_launch,自然流量
45339,2119,2026-08-06 20:57:00,app_launch,自然流量
16093,764,2026-08-06 20:58:00,ai_plan,自然流量
22431,1056,2026-08-06 21:16:00,app_launch,小红书种草
137870,6522,2026-08-06 21:24:00,app_launch,抖音信息流
137870,6522,2026-08-06 21:25:00,ai_plan,抖音信息流
137870,6522,2026-08-06 21:26:00,view_spot,抖音信息流
44510,2081,2026-08-06 21:29:00,app_launch,抖音信息流
137870,6522,2026-08-06 21:29:00,view_spot,抖音信息流
44510,2081,2026-08-06 21:30:00,ai_plan,抖音信息流
44510,2081,2026-08-06 21:31:00,view_spot,抖音信息流
137870,6522,2026-08-06 21:32:00,view_spot,抖音信息流
18444,867,2026-08-06 22:15:00,app_launch,微信分享裂变
18444,867,2026-08-06 22:16:00,ai_plan,微信分享裂变
18444,867,2026-08-06 22:17:00,view_spot,微信分享裂变
18444,867,2026-08-06 22:20:00,view_spot,微信分享裂变
93257,4415,2026-08-06 22:21:00,app_launch,自然流量
18444,867,2026-08-06 22:23:00,view_spot,微信分享裂变
18444,867,2026-08-06 22:26:00,view_spot,微信分享裂变
146703,6956,2026-08-06 22:28:00,app_launch,抖音信息流
146703,6956,2026-08-06 22:29:00,ai_plan,抖音信息流
109875,5200,2026-08-06 22:52:00,app_launch,抖音信息流
104636,4953,2026-08-06 22:53:00,app_launch,自然流量
109875,5200,2026-08-06 22:53:00,ai_plan,抖音信息流
109875,5200,2026-08-06 22:54:00,view_spot,抖音信息流
109875,5200,2026-08-06 22:57:00,view_spot,抖音信息流
159596,7558,2026-08-06 22:58:00,app_launch,抖音信息流
159596,7558,2026-08-06 22:59:00,ai_plan,抖音信息流
109875,5200,2026-08-06 23:00:00,view_spot,抖音信息流
109875,5200,2026-08-06 23:03:00,view_spot,抖音信息流
60651,2841,2026-08-07 08:04:00,app_launch,微信分享裂变
60651,2841,2026-08-07 08:05:00,ai_plan,微信分享裂变
60652,2841,2026-08-07 08:57:00,app_launch,微信分享裂变
60652,2841,2026-08-07 08:58:00,ai_plan,微信分享裂变
60652,2841,2026-08-07 08:59:00,view_spot,微信分享裂变
60652,2841,2026-08-07 09:02:00,view_spot,微信分享裂变
60652,2841,2026-08-07 09:05:00,view_spot,微信分享裂变
60652,2841,2026-08-07 09:08:00,view_spot,微信分享裂变
101229,4795,2026-08-07 09:42:00,app_launch,抖音信息流
63632,2987,2026-08-07 09:44:00,app_launch,自然流量
63632,2987,2026-08-07 09:45:00,ai_plan,自然流量
63633,2987,2026-08-07 10:06:00,app_launch,自然流量
91246,4320,2026-08-07 10:06:00,app_launch,抖音信息流
63633,2987,2026-08-07 10:07:00,ai_plan,自然流量
91246,4320,2026-08-07 10:07:00,ai_plan,抖音信息流
63633,2987,2026-08-07 10:08:00,view_spot,自然流量
91246,4320,2026-08-07 10:08:00,view_spot,抖音信息流
91246,4320,2026-08-07 10:11:00,view_spot,抖音信息流
91246,4320,2026-08-07 10:14:00,view_spot,抖音信息流
91246,4320,2026-08-07 10:14:00,add_favorite,抖音信息流
91246,4320,2026-08-07 10:17:00,view_spot,抖音信息流
101230,4795,2026-08-07 10:25:00,app_launch,抖音信息流
101230,4795,2026-08-07 10:26:00,ai_plan,抖音信息流
60650,2841,2026-08-07 10:31:00,app_launch,微信分享裂变
60650,2841,2026-08-07 10:32:00,ai_plan,微信分享裂变
137180,6488,2026-08-07 10:56:00,app_launch,小红书种草
137180,6488,2026-08-07 10:57:00,ai_plan,小红书种草
139351,6596,2026-08-07 10:59:00,app_launch,抖音信息流
139351,6596,2026-08-07 11:00:00,ai_plan,抖音信息流
35338,1663,2026-08-07 11:18:00,app_launch,微信分享裂变
35338,1663,2026-08-07 11:19:00,ai_plan,微信分享裂变
35338,1663,2026-08-07 11:20:00,view_spot,微信分享裂变
35338,1663,2026-08-07 11:23:00,view_spot,微信分享裂变
35338,1663,2026-08-07 11:26:00,view_spot,微信分享裂变
139352,6596,2026-08-07 11:26:00,app_launch,抖音信息流
139352,6596,2026-08-07 11:27:00,ai_plan,抖音信息流
139352,6596,2026-08-07 11:28:00,view_spot,抖音信息流
139352,6596,2026-08-07 11:31:00,view_spot,抖音信息流
139352,6596,2026-08-07 11:34:00,view_spot,抖音信息流
139352,6596,2026-08-07 11:37:00,view_spot,抖音信息流
137181,6488,2026-08-07 11:42:00,app_launch,小红书种草
137181,6488,2026-08-07 11:43:00,ai_plan,小红书种草
137181,6488,2026-08-07 11:44:00,view_spot,小红书种草
137181,6488,2026-08-07 11:47:00,view_spot,小红书种草
137181,6488,2026-08-07 11:50:00,view_spot,小红书种草
137181,6488,2026-08-07 11:50:00,add_favorite,小红书种草
137181,6488,2026-08-07 11:53:00,view_spot,小红书种草
148567,7043,2026-08-07 11:54:00,app_launch,自然流量
148567,7043,2026-08-07 11:55:00,ai_plan,自然流量
148567,7043,2026-08-07 11:56:00,view_spot,自然流量
148567,7043,2026-08-07 11:59:00,view_spot,自然流量
148567,7043,2026-08-07 12:02:00,view_spot,自然流量
11726,555,2026-08-07 12:16:00,app_launch,自然流量
11726,555,2026-08-07 12:17:00,ai_plan,自然流量
11726,555,2026-08-07 12:18:00,view_spot,自然流量
11726,555,2026-08-07 12:21:00,view_spot,自然流量
37449,1766,2026-08-07 12:29:00,app_launch,自然流量
37449,1766,2026-08-07 12:30:00,ai_plan,自然流量
37449,1766,2026-08-07 12:31:00,view_spot,自然流量
37447,1766,2026-08-07 12:33:00,app_launch,自然流量
37449,1766,2026-08-07 12:34:00,view_spot,自然流量
37449,1766,2026-08-07 12:37:00,view_spot,自然流量
37449,1766,2026-08-07 12:37:00,add_favorite,自然流量
37449,1766,2026-08-07 12:39:00,create_order,自然流量
37449,1766,2026-08-07 12:40:00,pay_order,自然流量
11727,555,2026-08-07 12:53:00,app_launch,自然流量
11727,555,2026-08-07 12:54:00,ai_plan,自然流量
91245,4320,2026-08-07 13:10:00,app_launch,抖音信息流
91245,4320,2026-08-07 13:11:00,ai_plan,抖音信息流
91245,4320,2026-08-07 13:12:00,view_spot,抖音信息流
35337,1663,2026-08-07 13:14:00,app_launch,微信分享裂变
35337,1663,2026-08-07 13:15:00,ai_plan,微信分享裂变
91245,4320,2026-08-07 13:15:00,view_spot,抖音信息流
35337,1663,2026-08-07 13:16:00,view_spot,微信分享裂变
91245,4320,2026-08-07 13:18:00,view_spot,抖音信息流
35337,1663,2026-08-07 13:19:00,view_spot,微信分享裂变
91245,4320,2026-08-07 13:21:00,view_spot,抖音信息流
109957,5205,2026-08-07 13:53:00,app_launch,自然流量
109957,5205,2026-08-07 13:54:00,ai_plan,自然流量
109958,5205,2026-08-07 14:00:00,app_launch,自然流量
109958,5205,2026-08-07 14:01:00,ai_plan,自然流量
109958,5205,2026-08-07 14:02:00,view_spot,自然流量
69900,3291,2026-08-07 14:07:00,app_launch,抖音信息流
69900,3291,2026-08-07 14:08:00,ai_plan,抖音信息流
69900,3291,2026-08-07 14:09:00,view_spot,抖音信息流
69900,3291,2026-08-07 14:12:00,view_spot,抖音信息流
69900,3291,2026-08-07 14:15:00,view_spot,抖音信息流
12683,602,2026-08-07 14:41:00,app_launch,微信分享裂变
12683,602,2026-08-07 14:42:00,ai_plan,微信分享裂变
142309,6745,2026-08-07 14:48:00,app_launch,自然流量
12685,602,2026-08-07 15:14:00,app_launch,微信分享裂变
148565,7043,2026-08-07 16:19:00,app_launch,自然流量
11728,555,2026-08-07 16:32:00,app_launch,自然流量
70704,3333,2026-08-07 16:39:00,app_launch,自然流量
70704,3333,2026-08-07 16:40:00,ai_plan,自然流量
69899,3291,2026-08-07 16:45:00,app_launch,抖音信息流
69899,3291,2026-08-07 16:46:00,ai_plan,抖音信息流
69899,3291,2026-08-07 16:47:00,view_spot,抖音信息流
45343,2119,2026-08-07 16:50:00,app_launch,自然流量
69899,3291,2026-08-07 16:50:00,view_spot,抖音信息流
45343,2119,2026-08-07 16:51:00,ai_plan,自然流量
45343,2119,2026-08-07 16:52:00,view_spot,自然流量
45343,2119,2026-08-07 16:55:00,view_spot,自然流量
69898,3291,2026-08-07 18:14:00,app_launch,抖音信息流
69898,3291,2026-08-07 18:15:00,ai_plan,抖音信息流
5671,264,2026-08-07 18:24:00,app_launch,自然流量
37448,1766,2026-08-07 18:47:00,app_launch,自然流量
37448,1766,2026-08-07 18:48:00,ai_plan,自然流量
37448,1766,2026-08-07 18:49:00,view_spot,自然流量
37448,1766,2026-08-07 18:52:00,view_spot,自然流量
5672,264,2026-08-07 18:54:00,app_launch,自然流量
5672,264,2026-08-07 18:55:00,ai_plan,自然流量
37448,1766,2026-08-07 18:55:00,view_spot,自然流量
37448,1766,2026-08-07 18:55:00,add_favorite,自然流量
37448,1766,2026-08-07 18:58:00,view_spot,自然流量
153251,7260,2026-08-07 19:23:00,app_launch,自然流量
153251,7260,2026-08-07 19:24:00,ai_plan,自然流量
45341,2119,2026-08-07 19:30:00,app_launch,自然流量
45341,2119,2026-08-07 19:31:00,ai_plan,自然流量
140576,6655,2026-08-07 19:35:00,app_launch,抖音信息流
140576,6655,2026-08-07 19:36:00,ai_plan,抖音信息流
148566,7043,2026-08-07 19:37:00,app_launch,自然流量
146212,6932,2026-08-07 19:38:00,app_launch,小红书种草
148566,7043,2026-08-07 19:38:00,ai_plan,自然流量
146212,6932,2026-08-07 19:39:00,ai_plan,小红书种草
148566,7043,2026-08-07 19:39:00,view_spot,自然流量
45342,2119,2026-08-07 20:09:00,app_launch,自然流量
45342,2119,2026-08-07 20:10:00,ai_plan,自然流量
45342,2119,2026-08-07 20:11:00,view_spot,自然流量
45342,2119,2026-08-07 20:14:00,view_spot,自然流量
45342,2119,2026-08-07 20:17:00,view_spot,自然流量
45342,2119,2026-08-07 20:17:00,add_favorite,自然流量
45342,2119,2026-08-07 20:20:00,view_spot,自然流量
101228,4795,2026-08-07 20:20:00,app_launch,抖音信息流
139353,6596,2026-08-07 20:32:00,app_launch,抖音信息流
139353,6596,2026-08-07 20:33:00,ai_plan,抖音信息流
139353,6596,2026-08-07 20:34:00,view_spot,抖音信息流
139353,6596,2026-08-07 20:37:00,view_spot,抖音信息流
139353,6596,2026-08-07 20:40:00,view_spot,抖音信息流
139353,6596,2026-08-07 20:43:00,view_spot,抖音信息流
145341,6890,2026-08-07 20:48:00,app_launch,小红书种草
145341,6890,2026-08-07 20:49:00,ai_plan,小红书种草
145341,6890,2026-08-07 20:50:00,view_spot,小红书种草
145341,6890,2026-08-07 20:53:00,view_spot,小红书种草
145341,6890,2026-08-07 20:56:00,view_spot,小红书种草
145341,6890,2026-08-07 20:56:00,add_favorite,小红书种草
12684,602,2026-08-07 21:47:00,app_launch,微信分享裂变
12684,602,2026-08-07 21:48:00,ai_plan,微信分享裂变
12684,602,2026-08-07 21:49:00,view_spot,微信分享裂变
153252,7260,2026-08-07 21:53:00,app_launch,自然流量
153252,7260,2026-08-07 21:54:00,ai_plan,自然流量
153252,7260,2026-08-07 21:55:00,view_spot,自然流量
70705,3333,2026-08-07 21:58:00,app_launch,自然流量
153252,7260,2026-08-07 21:58:00,view_spot,自然流量
153252,7260,2026-08-07 22:01:00,view_spot,自然流量
153252,7260,2026-08-07 22:03:00,create_order,自然流量
153252,7260,2026-08-07 22:04:00,pay_order,自然流量
5670,264,2026-08-07 22:30:00,app_launch,自然流量
5670,264,2026-08-07 22:31:00,ai_plan,自然流量
142310,6745,2026-08-07 22:40:00,app_launch,自然流量
142310,6745,2026-08-07 22:41:00,ai_plan,自然流量
142310,6745,2026-08-07 22:42:00,view_spot,自然流量
142310,6745,2026-08-07 22:45:00,view_spot,自然流量
126036,5957,2026-08-08 07:10:00,app_launch,抖音信息流
126036,5957,2026-08-08 07:11:00,ai_plan,抖音信息流
126035,5957,2026-08-08 07:19:00,app_launch,抖音信息流
126035,5957,2026-08-08 07:20:00,ai_plan,抖音信息流
98226,4648,2026-08-08 07:24:00,app_launch,自然流量
98226,4648,2026-08-08 07:25:00,ai_plan,自然流量
35340,1663,2026-08-08 07:35:00,app_launch,微信分享裂变
35340,1663,2026-08-08 07:36:00,ai_plan,微信分享裂变
35340,1663,2026-08-08 07:37:00,view_spot,微信分享裂变
35340,1663,2026-08-08 07:40:00,view_spot,微信分享裂变
35340,1663,2026-08-08 07:43:00,view_spot,微信分享裂变
35340,1663,2026-08-08 07:45:00,create_order,微信分享裂变
35340,1663,2026-08-08 07:46:00,view_spot,微信分享裂变
163255,7732,2026-08-08 07:49:00,app_launch,抖音信息流
163255,7732,2026-08-08 07:50:00,ai_plan,抖音信息流
35341,1663,2026-08-08 07:58:00,app_launch,微信分享裂变
137182,6488,2026-08-08 07:58:00,app_launch,小红书种草
35341,1663,2026-08-08 07:59:00,ai_plan,微信分享裂变
535,24,2026-08-08 08:00:00,app_launch,微信分享裂变
35341,1663,2026-08-08 08:00:00,view_spot,微信分享裂变
535,24,2026-08-08 08:01:00,ai_plan,微信分享裂变
535,24,2026-08-08 08:02:00,view_spot,微信分享裂变
35341,1663,2026-08-08 08:03:00,view_spot,微信分享裂变
535,24,2026-08-08 08:05:00,view_spot,微信分享裂变
35341,1663,2026-08-08 08:06:00,add_favorite,微信分享裂变
35341,1663,2026-08-08 08:08:00,create_order,微信分享裂变
35341,1663,2026-08-08 08:09:00,pay_order,微信分享裂变
63659,2988,2026-08-08 08:09:00,app_launch,抖音信息流
535,24,2026-08-08 08:10:00,create_order,微信分享裂变
63659,2988,2026-08-08 08:10:00,ai_plan,抖音信息流
535,24,2026-08-08 08:11:00,pay_order,微信分享裂变
63659,2988,2026-08-08 08:11:00,view_spot,抖音信息流
63659,2988,2026-08-08 08:14:00,view_spot,抖音信息流
63659,2988,2026-08-08 08:17:00,add_favorite,抖音信息流
63659,2988,2026-08-08 08:19:00,create_order,抖音信息流
90574,4292,2026-08-08 08:25:00,app_launch,自然流量
83122,3933,2026-08-08 08:35:00,app_launch,抖音信息流
113969,5395,2026-08-08 08:45:00,app_launch,抖音信息流
113969,5395,2026-08-08 08:46:00,ai_plan,抖音信息流
113969,5395,2026-08-08 08:47:00,view_spot,抖音信息流
113969,5395,2026-08-08 08:50:00,view_spot,抖音信息流
113969,5395,2026-08-08 08:53:00,view_spot,抖音信息流
113969,5395,2026-08-08 08:53:00,add_favorite,抖音信息流
113969,5395,2026-08-08 08:56:00,view_spot,抖音信息流
45344,2119,2026-08-08 08:57:00,app_launch,自然流量
45958,2150,2026-08-08 08:59:00,app_launch,自然流量
45346,2119,2026-08-08 09:09:00,app_launch,自然流量
45346,2119,2026-08-08 09:10:00,ai_plan,自然流量
45346,2119,2026-08-08 09:11:00,view_spot,自然流量
134029,6341,2026-08-08 09:13:00,app_launch,微信分享裂变
45346,2119,2026-08-08 09:14:00,view_spot,自然流量
134029,6341,2026-08-08 09:14:00,ai_plan,微信分享裂变
59184,2771,2026-08-08 09:15:00,app_launch,自然流量
59184,2771,2026-08-08 09:16:00,ai_plan,自然流量
45346,2119,2026-08-08 09:17:00,view_spot,自然流量
59184,2771,2026-08-08 09:17:00,view_spot,自然流量
45346,2119,2026-08-08 09:19:00,create_order,自然流量
45346,2119,2026-08-08 09:20:00,view_spot,自然流量
45346,2119,2026-08-08 09:20:00,pay_order,自然流量
59184,2771,2026-08-08 09:23:00,add_favorite,自然流量
80670,3807,2026-08-08 09:23:00,app_launch,小红书种草
80670,3807,2026-08-08 09:24:00,ai_plan,小红书种草
52802,2466,2026-08-08 09:35:00,app_launch,小红书种草
52802,2466,2026-08-08 09:36:00,ai_plan,小红书种草
145343,6890,2026-08-08 09:43:00,app_launch,小红书种草
145343,6890,2026-08-08 09:44:00,ai_plan,小红书种草
137183,6488,2026-08-08 09:46:00,app_launch,小红书种草
137183,6488,2026-08-08 09:47:00,ai_plan,小红书种草
109134,5166,2026-08-08 09:53:00,app_launch,小红书种草
109134,5166,2026-08-08 09:54:00,ai_plan,小红书种草
32774,1536,2026-08-08 09:55:00,app_launch,抖音信息流
32774,1536,2026-08-08 09:56:00,ai_plan,抖音信息流
90545,4291,2026-08-08 10:35:00,app_launch,自然流量
22183,1043,2026-08-08 10:58:00,app_launch,小红书种草
22183,1043,2026-08-08 10:59:00,ai_plan,小红书种草
22183,1043,2026-08-08 11:00:00,view_spot,小红书种草
22183,1043,2026-08-08 11:03:00,view_spot,小红书种草
22183,1043,2026-08-08 11:06:00,view_spot,小红书种草
22183,1043,2026-08-08 11:06:00,add_favorite,小红书种草
113968,5395,2026-08-08 11:06:00,app_launch,抖音信息流
113968,5395,2026-08-08 11:07:00,ai_plan,抖音信息流
22183,1043,2026-08-08 11:08:00,create_order,小红书种草
22183,1043,2026-08-08 11:09:00,view_spot,小红书种草
22183,1043,2026-08-08 11:09:00,pay_order,小红书种草
18447,867,2026-08-08 11:22:00,app_launch,微信分享裂变
18447,867,2026-08-08 11:23:00,ai_plan,微信分享裂变
18447,867,2026-08-08 11:24:00,view_spot,微信分享裂变
18447,867,2026-08-08 11:27:00,view_spot,微信分享裂变
167633,7942,2026-08-08 11:30:00,app_launch,抖音信息流
18447,867,2026-08-08 11:32:00,create_order,微信分享裂变
18447,867,2026-08-08 11:33:00,pay_order,微信分享裂变
80669,3807,2026-08-08 11:50:00,app_launch,小红书种草
100269,4744,2026-08-08 12:05:00,app_launch,自然流量
32775,1536,2026-08-08 12:10:00,app_launch,抖音信息流
32775,1536,2026-08-08 12:11:00,ai_plan,抖音信息流
143459,6801,2026-08-08 12:27:00,app_launch,抖音信息流
143459,6801,2026-08-08 12:28:00,ai_plan,抖音信息流
153253,7260,2026-08-08 12:30:00,app_launch,自然流量
150026,7112,2026-08-08 12:37:00,app_launch,小红书种草
123161,5825,2026-08-08 12:43:00,app_launch,抖音信息流
59185,2771,2026-08-08 12:59:00,app_launch,自然流量
59185,2771,2026-08-08 13:00:00,ai_plan,自然流量
59185,2771,2026-08-08 13:01:00,view_spot,自然流量
79679,3762,2026-08-08 13:03:00,app_launch,抖音信息流
59185,2771,2026-08-08 13:04:00,view_spot,自然流量
59185,2771,2026-08-08 13:07:00,view_spot,自然流量
59185,2771,2026-08-08 13:07:00,add_favorite,自然流量
146215,6932,2026-08-08 13:07:00,app_launch,小红书种草
146215,6932,2026-08-08 13:08:00,ai_plan,小红书种草
109133,5166,2026-08-08 13:09:00,app_launch,小红书种草
146215,6932,2026-08-08 13:09:00,view_spot,小红书种草
109133,5166,2026-08-08 13:10:00,ai_plan,小红书种草
146215,6932,2026-08-08 13:12:00,view_spot,小红书种草
109877,5200,2026-08-08 13:13:00,app_launch,抖音信息流
109877,5200,2026-08-08 13:14:00,ai_plan,抖音信息流
109877,5200,2026-08-08 13:15:00,view_spot,抖音信息流
146215,6932,2026-08-08 13:15:00,view_spot,小红书种草
146215,6932,2026-08-08 13:17:00,create_order,小红书种草
109877,5200,2026-08-08 13:18:00,view_spot,抖音信息流
146215,6932,2026-08-08 13:18:00,pay_order,小红书种草
68269,3215,2026-08-08 13:22:00,app_launch,自然流量
109879,5200,2026-08-08 13:31:00,app_launch,抖音信息流
109879,5200,2026-08-08 13:32:00,ai_plan,抖音信息流
109879,5200,2026-08-08 13:33:00,view_spot,抖音信息流
109879,5200,2026-08-08 13:36:00,view_spot,抖音信息流
109879,5200,2026-08-08 13:39:00,view_spot,抖音信息流
7358,350,2026-08-08 13:50:00,app_launch,自然流量
7358,350,2026-08-08 13:51:00,ai_plan,自然流量
7358,350,2026-08-08 13:52:00,view_spot,自然流量
7358,350,2026-08-08 13:55:00,view_spot,自然流量
7358,350,2026-08-08 13:58:00,view_spot,自然流量
52801,2466,2026-08-08 14:29:00,app_launch,小红书种草
16096,764,2026-08-08 14:30:00,app_launch,自然流量
52801,2466,2026-08-08 14:30:00,ai_plan,小红书种草
16096,764,2026-08-08 14:31:00,ai_plan,自然流量
29953,1408,2026-08-08 14:31:00,app_launch,自然流量
29953,1408,2026-08-08 14:32:00,ai_plan,自然流量
29953,1408,2026-08-08 14:33:00,view_spot,自然流量
91695,4343,2026-08-08 14:38:00,app_launch,抖音信息流
10951,519,2026-08-08 14:39:00,app_launch,自然流量
91695,4343,2026-08-08 14:39:00,ai_plan,抖音信息流
10951,519,2026-08-08 14:40:00,ai_plan,自然流量
140577,6655,2026-08-08 14:40:00,app_launch,抖音信息流
10951,519,2026-08-08 14:41:00,view_spot,自然流量
29953,1408,2026-08-08 14:41:00,create_order,自然流量
71957,3393,2026-08-08 14:41:00,app_launch,高校地推
29953,1408,2026-08-08 14:42:00,pay_order,自然流量
71957,3393,2026-08-08 14:42:00,ai_plan,高校地推
10951,519,2026-08-08 14:44:00,view_spot,自然流量
10951,519,2026-08-08 14:49:00,create_order,自然流量
78106,3685,2026-08-08 15:21:00,app_launch,自然流量
91932,4353,2026-08-08 15:21:00,app_launch,小红书种草
78106,3685,2026-08-08 15:22:00,ai_plan,自然流量
91932,4353,2026-08-08 15:22:00,ai_plan,小红书种草
78106,3685,2026-08-08 15:23:00,view_spot,自然流量
91932,4353,2026-08-08 15:23:00,view_spot,小红书种草
78106,3685,2026-08-08 15:26:00,view_spot,自然流量
91932,4353,2026-08-08 15:26:00,view_spot,小红书种草
78106,3685,2026-08-08 15:29:00,add_favorite,自然流量
91932,4353,2026-08-08 15:29:00,view_spot,小红书种草
91932,4353,2026-08-08 15:29:00,add_favorite,小红书种草
145342,6890,2026-08-08 15:41:00,app_launch,小红书种草
63662,2989,2026-08-08 15:46:00,app_launch,自然流量
63662,2989,2026-08-08 15:47:00,ai_plan,自然流量
63661,2988,2026-08-08 15:58:00,app_launch,抖音信息流
63661,2988,2026-08-08 15:59:00,ai_plan,抖音信息流
91693,4343,2026-08-08 16:02:00,app_launch,抖音信息流
91693,4343,2026-08-08 16:03:00,ai_plan,抖音信息流
109959,5205,2026-08-08 16:03:00,app_launch,自然流量
109959,5205,2026-08-08 16:04:00,ai_plan,自然流量
71956,3393,2026-08-08 16:11:00,app_launch,高校地推
71956,3393,2026-08-08 16:12:00,ai_plan,高校地推
71956,3393,2026-08-08 16:13:00,view_spot,高校地推
71956,3393,2026-08-08 16:16:00,view_spot,高校地推
60113,2816,2026-08-08 16:18:00,app_launch,抖音信息流
60113,2816,2026-08-08 16:19:00,ai_plan,抖音信息流
71956,3393,2026-08-08 16:19:00,view_spot,高校地推
71956,3393,2026-08-08 16:19:00,add_favorite,高校地推
71956,3393,2026-08-08 16:22:00,view_spot,高校地推
80668,3807,2026-08-08 16:28:00,app_launch,小红书种草
167631,7942,2026-08-08 16:37:00,app_launch,抖音信息流
150025,7112,2026-08-08 16:38:00,app_launch,小红书种草
29954,1408,2026-08-08 16:50:00,app_launch,自然流量
29954,1408,2026-08-08 16:51:00,ai_plan,自然流量
90546,4291,2026-08-08 16:51:00,app_launch,自然流量
29954,1408,2026-08-08 16:52:00,view_spot,自然流量
29954,1408,2026-08-08 16:58:00,add_favorite,自然流量
100270,4744,2026-08-08 17:16:00,app_launch,自然流量
100270,4744,2026-08-08 17:17:00,ai_plan,自然流量
150024,7112,2026-08-08 17:26:00,app_launch,小红书种草
150024,7112,2026-08-08 17:27:00,ai_plan,小红书种草
150024,7112,2026-08-08 17:28:00,view_spot,小红书种草
45345,2119,2026-08-08 17:32:00,app_launch,自然流量
45345,2119,2026-08-08 17:33:00,ai_plan,自然流量
45345,2119,2026-08-08 17:34:00,view_spot,自然流量
150024,7112,2026-08-08 17:34:00,add_favorite,小红书种草
150024,7112,2026-08-08 17:36:00,create_order,小红书种草
45345,2119,2026-08-08 17:37:00,view_spot,自然流量
150024,7112,2026-08-08 17:37:00,pay_order,小红书种草
45345,2119,2026-08-08 17:40:00,add_favorite,自然流量
29955,1408,2026-08-08 17:44:00,app_launch,自然流量
91931,4353,2026-08-08 17:45:00,app_launch,小红书种草
91931,4353,2026-08-08 17:46:00,ai_plan,小红书种草
40567,1906,2026-08-08 17:51:00,app_launch,抖音信息流
163254,7732,2026-08-08 17:51:00,app_launch,抖音信息流
40567,1906,2026-08-08 17:52:00,ai_plan,抖音信息流
72732,3429,2026-08-08 17:58:00,app_launch,高校地推
72732,3429,2026-08-08 17:59:00,ai_plan,高校地推
35339,1663,2026-08-08 18:01:00,app_launch,微信分享裂变
35339,1663,2026-08-08 18:02:00,ai_plan,微信分享裂变
40566,1906,2026-08-08 18:02:00,app_launch,抖音信息流
146214,6932,2026-08-08 18:02:00,app_launch,小红书种草
40566,1906,2026-08-08 18:03:00,ai_plan,抖音信息流
146214,6932,2026-08-08 18:03:00,ai_plan,小红书种草
40566,1906,2026-08-08 18:04:00,view_spot,抖音信息流
146214,6932,2026-08-08 18:04:00,view_spot,小红书种草
40566,1906,2026-08-08 18:07:00,view_spot,抖音信息流
146214,6932,2026-08-08 18:07:00,view_spot,小红书种草
40566,1906,2026-08-08 18:10:00,view_spot,抖音信息流
146214,6932,2026-08-08 18:10:00,view_spot,小红书种草
40566,1906,2026-08-08 18:12:00,create_order,抖音信息流
40566,1906,2026-08-08 18:13:00,view_spot,抖音信息流
40566,1906,2026-08-08 18:13:00,pay_order,抖音信息流
163253,7732,2026-08-08 18:43:00,app_launch,抖音信息流
113967,5395,2026-08-08 18:51:00,app_launch,抖音信息流
140578,6655,2026-08-08 18:53:00,app_launch,抖音信息流
140578,6655,2026-08-08 18:54:00,ai_plan,抖音信息流
10950,519,2026-08-08 18:59:00,app_launch,自然流量
123162,5825,2026-08-08 18:59:00,app_launch,抖音信息流
10950,519,2026-08-08 19:00:00,ai_plan,自然流量
123162,5825,2026-08-08 19:00:00,ai_plan,抖音信息流
10950,519,2026-08-08 19:01:00,view_spot,自然流量
123162,5825,2026-08-08 19:01:00,view_spot,抖音信息流
123162,5825,2026-08-08 19:04:00,view_spot,抖音信息流
167632,7942,2026-08-08 19:11:00,app_launch,抖音信息流
7357,350,2026-08-08 19:34:00,app_launch,自然流量
536,24,2026-08-08 19:40:00,app_launch,微信分享裂变
59186,2771,2026-08-08 19:40:00,app_launch,自然流量
142384,6748,2026-08-08 19:40:00,app_launch,抖音信息流
536,24,2026-08-08 19:41:00,ai_plan,微信分享裂变
59186,2771,2026-08-08 19:41:00,ai_plan,自然流量
142384,6748,2026-08-08 19:41:00,ai_plan,抖音信息流
142384,6748,2026-08-08 19:42:00,view_spot,抖音信息流
123163,5825,2026-08-08 19:49:00,app_launch,抖音信息流
123163,5825,2026-08-08 19:50:00,ai_plan,抖音信息流
72733,3429,2026-08-08 20:01:00,app_launch,高校地推
145344,6890,2026-08-08 20:01:00,app_launch,小红书种草
160157,7583,2026-08-08 20:05:00,app_launch,自然流量
78108,3685,2026-08-08 20:15:00,app_launch,自然流量
78108,3685,2026-08-08 20:16:00,ai_plan,自然流量
91694,4343,2026-08-08 20:19:00,app_launch,抖音信息流
78107,3685,2026-08-08 20:33:00,app_launch,自然流量
78107,3685,2026-08-08 20:34:00,ai_plan,自然流量
78107,3685,2026-08-08 20:35:00,view_spot,自然流量
78107,3685,2026-08-08 20:38:00,view_spot,自然流量
78107,3685,2026-08-08 20:41:00,view_spot,自然流量
78107,3685,2026-08-08 20:44:00,view_spot,自然流量
16797,795,2026-08-08 20:45:00,app_launch,自然流量
52800,2466,2026-08-08 21:20:00,app_launch,小红书种草
52800,2466,2026-08-08 21:21:00,ai_plan,小红书种草
16095,764,2026-08-08 21:26:00,app_launch,自然流量
70706,3333,2026-08-08 21:49:00,app_launch,自然流量
140579,6655,2026-08-08 21:59:00,app_launch,抖音信息流
126037,5957,2026-08-08 22:00:00,app_launch,抖音信息流
126037,5957,2026-08-08 22:01:00,ai_plan,抖音信息流
126037,5957,2026-08-08 22:02:00,view_spot,抖音信息流
143458,6801,2026-08-08 22:13:00,app_launch,抖音信息流
143458,6801,2026-08-08 22:14:00,ai_plan,抖音信息流
143458,6801,2026-08-08 22:15:00,view_spot,抖音信息流
146213,6932,2026-08-08 22:16:00,app_launch,小红书种草
143458,6801,2026-08-08 22:18:00,view_spot,抖音信息流
63660,2988,2026-08-08 22:19:00,app_launch,抖音信息流
134030,6341,2026-08-08 22:20:00,app_launch,微信分享裂变
134030,6341,2026-08-08 22:21:00,ai_plan,微信分享裂变
143458,6801,2026-08-08 22:21:00,view_spot,抖音信息流
143458,6801,2026-08-08 22:21:00,add_favorite,抖音信息流
134030,6341,2026-08-08 22:22:00,view_spot,微信分享裂变
134030,6341,2026-08-08 22:25:00,view_spot,微信分享裂变
134030,6341,2026-08-08 22:28:00,add_favorite,微信分享裂变
109878,5200,2026-08-08 22:30:00,app_launch,抖音信息流
109878,5200,2026-08-08 22:31:00,ai_plan,抖音信息流
16094,764,2026-08-08 22:41:00,app_launch,自然流量
71955,3393,2026-08-08 22:48:00,app_launch,高校地推
109135,5166,2026-08-08 22:59:00,app_launch,小红书种草
99433,4705,2026-08-09 07:00:00,app_launch,自然流量
16799,795,2026-08-09 07:01:00,app_launch,自然流量
99433,4705,2026-08-09 07:01:00,ai_plan,自然流量
16799,795,2026-08-09 07:02:00,ai_plan,自然流量
99433,4705,2026-08-09 07:02:00,view_spot,自然流量
16799,795,2026-08-09 07:03:00,view_spot,自然流量
22843,1075,2026-08-09 07:05:00,app_launch,微信分享裂变
99433,4705,2026-08-09 07:05:00,view_spot,自然流量
16799,795,2026-08-09 07:06:00,view_spot,自然流量
22843,1075,2026-08-09 07:06:00,ai_plan,微信分享裂变
22843,1075,2026-08-09 07:07:00,view_spot,微信分享裂变
16799,795,2026-08-09 07:09:00,view_spot,自然流量
16799,795,2026-08-09 07:09:00,add_favorite,自然流量
22843,1075,2026-08-09 07:10:00,view_spot,微信分享裂变
16799,795,2026-08-09 07:12:00,view_spot,自然流量
22843,1075,2026-08-09 07:13:00,view_spot,微信分享裂变
153255,7260,2026-08-09 07:45:00,app_launch,自然流量
153255,7260,2026-08-09 07:46:00,ai_plan,自然流量
41206,1935,2026-08-09 07:58:00,app_launch,小红书种草
131703,6229,2026-08-09 07:58:00,app_launch,抖音信息流
131703,6229,2026-08-09 07:59:00,ai_plan,抖音信息流
142533,6756,2026-08-09 08:05:00,app_launch,自然流量
102660,4862,2026-08-09 08:09:00,app_launch,微信分享裂变
102660,4862,2026-08-09 08:10:00,ai_plan,微信分享裂变
32040,1503,2026-08-09 08:11:00,app_launch,抖音信息流
102660,4862,2026-08-09 08:11:00,view_spot,微信分享裂变
63663,2989,2026-08-09 08:13:00,app_launch,自然流量
63663,2989,2026-08-09 08:14:00,ai_plan,自然流量
102660,4862,2026-08-09 08:14:00,view_spot,微信分享裂变
63663,2989,2026-08-09 08:15:00,view_spot,自然流量
63663,2989,2026-08-09 08:18:00,view_spot,自然流量
63663,2989,2026-08-09 08:21:00,view_spot,自然流量
90548,4291,2026-08-09 08:23:00,app_launch,自然流量
115789,5485,2026-08-09 08:23:00,app_launch,微信分享裂变
63663,2989,2026-08-09 08:24:00,view_spot,自然流量
90548,4291,2026-08-09 08:24:00,ai_plan,自然流量
115789,5485,2026-08-09 08:24:00,ai_plan,微信分享裂变
90548,4291,2026-08-09 08:25:00,view_spot,自然流量
92825,4394,2026-08-09 08:32:00,app_launch,小红书种草
92825,4394,2026-08-09 08:33:00,ai_plan,小红书种草
69902,3291,2026-08-09 08:56:00,app_launch,抖音信息流
29919,1407,2026-08-09 08:58:00,app_launch,高校地推
14669,697,2026-08-09 09:06:00,app_launch,小红书种草
14669,697,2026-08-09 09:07:00,ai_plan,小红书种草
14669,697,2026-08-09 09:08:00,view_spot,小红书种草
538,24,2026-08-09 09:12:00,app_launch,微信分享裂变
538,24,2026-08-09 09:13:00,ai_plan,微信分享裂变
538,24,2026-08-09 09:14:00,view_spot,微信分享裂变
538,24,2026-08-09 09:17:00,view_spot,微信分享裂变
538,24,2026-08-09 09:20:00,view_spot,微信分享裂变
41207,1935,2026-08-09 09:20:00,app_launch,小红书种草
41207,1935,2026-08-09 09:21:00,ai_plan,小红书种草
41207,1935,2026-08-09 09:22:00,view_spot,小红书种草
41207,1935,2026-08-09 09:25:00,view_spot,小红书种草
90549,4291,2026-08-09 09:54:00,app_launch,自然流量
90549,4291,2026-08-09 09:55:00,ai_plan,自然流量
90549,4291,2026-08-09 09:56:00,view_spot,自然流量
79815,3768,2026-08-09 09:59:00,app_launch,抖音信息流
79815,3768,2026-08-09 10:00:00,ai_plan,抖音信息流
79815,3768,2026-08-09 10:01:00,view_spot,抖音信息流
79815,3768,2026-08-09 10:04:00,view_spot,抖音信息流
147407,6989,2026-08-09 10:04:00,app_launch,自然流量
147407,6989,2026-08-09 10:05:00,ai_plan,自然流量
16798,795,2026-08-09 10:18:00,app_launch,自然流量
10952,519,2026-08-09 10:28:00,app_launch,自然流量
10952,519,2026-08-09 10:29:00,ai_plan,自然流量
41481,1946,2026-08-09 10:29:00,app_launch,高校地推
10952,519,2026-08-09 10:30:00,view_spot,自然流量
41481,1946,2026-08-09 10:30:00,ai_plan,高校地推
41481,1946,2026-08-09 10:31:00,view_spot,高校地推
10952,519,2026-08-09 10:33:00,view_spot,自然流量
41481,1946,2026-08-09 10:34:00,view_spot,高校地推
10952,519,2026-08-09 10:36:00,add_favorite,自然流量
22566,1062,2026-08-09 10:36:00,app_launch,小红书种草
22566,1062,2026-08-09 10:37:00,ai_plan,小红书种草
10952,519,2026-08-09 10:38:00,create_order,自然流量
22566,1062,2026-08-09 10:38:00,view_spot,小红书种草
41481,1946,2026-08-09 10:39:00,create_order,高校地推
41481,1946,2026-08-09 10:40:00,pay_order,高校地推
22566,1062,2026-08-09 10:41:00,view_spot,小红书种草
41483,1946,2026-08-09 10:46:00,app_launch,高校地推
41483,1946,2026-08-09 10:47:00,ai_plan,高校地推
90547,4291,2026-08-09 10:56:00,app_launch,自然流量
90547,4291,2026-08-09 10:57:00,ai_plan,自然流量
90547,4291,2026-08-09 10:58:00,view_spot,自然流量
90547,4291,2026-08-09 11:01:00,view_spot,自然流量
16099,764,2026-08-09 11:02:00,app_launch,自然流量
16099,764,2026-08-09 11:03:00,ai_plan,自然流量
16099,764,2026-08-09 11:04:00,view_spot,自然流量
90547,4291,2026-08-09 11:04:00,view_spot,自然流量
90547,4291,2026-08-09 11:04:00,add_favorite,自然流量
90547,4291,2026-08-09 11:06:00,create_order,自然流量
90547,4291,2026-08-09 11:07:00,view_spot,自然流量
90547,4291,2026-08-09 11:07:00,pay_order,自然流量
16099,764,2026-08-09 11:10:00,add_favorite,自然流量
55245,2583,2026-08-09 11:12:00,app_launch,自然流量
55245,2583,2026-08-09 11:13:00,ai_plan,自然流量
55245,2583,2026-08-09 11:14:00,view_spot,自然流量
55245,2583,2026-08-09 11:17:00,view_spot,自然流量
85740,4055,2026-08-09 11:19:00,app_launch,微信分享裂变
104638,4953,2026-08-09 11:34:00,app_launch,自然流量
104638,4953,2026-08-09 11:35:00,ai_plan,自然流量
70709,3333,2026-08-09 11:44:00,app_launch,自然流量
70709,3333,2026-08-09 11:45:00,ai_plan,自然流量
70709,3333,2026-08-09 11:46:00,view_spot,自然流量
70709,3333,2026-08-09 11:49:00,view_spot,自然流量
104637,4953,2026-08-09 12:01:00,app_launch,自然流量
104637,4953,2026-08-09 12:02:00,ai_plan,自然流量
104637,4953,2026-08-09 12:03:00,view_spot,自然流量
102659,4862,2026-08-09 12:07:00,app_launch,微信分享裂变
142532,6756,2026-08-09 12:07:00,app_launch,自然流量
102659,4862,2026-08-09 12:08:00,ai_plan,微信分享裂变
79813,3768,2026-08-09 12:28:00,app_launch,抖音信息流
99432,4705,2026-08-09 12:31:00,app_launch,自然流量
99432,4705,2026-08-09 12:32:00,ai_plan,自然流量
537,24,2026-08-09 12:41:00,app_launch,微信分享裂变
537,24,2026-08-09 12:42:00,ai_plan,微信分享裂变
129728,6132,2026-08-09 12:48:00,app_launch,小红书种草
129728,6132,2026-08-09 12:49:00,ai_plan,小红书种草
62804,2945,2026-08-09 13:06:00,app_launch,自然流量
159597,7558,2026-08-09 13:15:00,app_launch,抖音信息流
31627,1484,2026-08-09 13:38:00,app_launch,自然流量
154355,7312,2026-08-09 13:40:00,app_launch,自然流量
154355,7312,2026-08-09 13:41:00,ai_plan,自然流量
69901,3291,2026-08-09 13:57:00,app_launch,抖音信息流
70707,3333,2026-08-09 14:04:00,app_launch,自然流量
153254,7260,2026-08-09 14:07:00,app_launch,自然流量
153254,7260,2026-08-09 14:08:00,ai_plan,自然流量
29416,1384,2026-08-09 14:09:00,app_launch,高校地推
153254,7260,2026-08-09 14:09:00,view_spot,自然流量
92824,4394,2026-08-09 14:12:00,app_launch,小红书种草
29921,1407,2026-08-09 14:13:00,app_launch,高校地推
92824,4394,2026-08-09 14:13:00,ai_plan,小红书种草
29921,1407,2026-08-09 14:14:00,ai_plan,高校地推
31628,1484,2026-08-09 14:27:00,app_launch,自然流量
31628,1484,2026-08-09 14:28:00,ai_plan,自然流量
31628,1484,2026-08-09 14:29:00,view_spot,自然流量
31628,1484,2026-08-09 14:32:00,view_spot,自然流量
165527,7840,2026-08-09 14:41:00,app_launch,抖音信息流
165527,7840,2026-08-09 14:42:00,ai_plan,抖音信息流
165527,7840,2026-08-09 14:43:00,view_spot,抖音信息流
165527,7840,2026-08-09 14:46:00,view_spot,抖音信息流
63664,2989,2026-08-09 14:48:00,app_launch,自然流量
63664,2989,2026-08-09 14:49:00,ai_plan,自然流量
165527,7840,2026-08-09 14:49:00,view_spot,抖音信息流
165527,7840,2026-08-09 14:49:00,add_favorite,抖音信息流
165527,7840,2026-08-09 14:51:00,create_order,抖音信息流
165527,7840,2026-08-09 14:52:00,view_spot,抖音信息流
165527,7840,2026-08-09 14:52:00,pay_order,抖音信息流
62803,2945,2026-08-09 14:59:00,app_launch,自然流量
62803,2945,2026-08-09 15:00:00,ai_plan,自然流量
62803,2945,2026-08-09 15:01:00,view_spot,自然流量
92823,4394,2026-08-09 15:02:00,app_launch,小红书种草
62803,2945,2026-08-09 15:04:00,view_spot,自然流量
79814,3768,2026-08-09 15:06:00,app_launch,抖音信息流
85741,4055,2026-08-09 15:17:00,app_launch,微信分享裂变
85741,4055,2026-08-09 15:18:00,ai_plan,微信分享裂变
85741,4055,2026-08-09 15:19:00,view_spot,微信分享裂变
85741,4055,2026-08-09 15:22:00,view_spot,微信分享裂变
85741,4055,2026-08-09 15:25:00,view_spot,微信分享裂变
85741,4055,2026-08-09 15:28:00,view_spot,微信分享裂变
70708,3333,2026-08-09 15:33:00,app_launch,自然流量
539,24,2026-08-09 15:39:00,app_launch,微信分享裂变
539,24,2026-08-09 15:40:00,ai_plan,微信分享裂变
32042,1503,2026-08-09 15:54:00,app_launch,抖音信息流
32041,1503,2026-08-09 15:55:00,app_launch,抖音信息流
32041,1503,2026-08-09 15:56:00,ai_plan,抖音信息流
32041,1503,2026-08-09 15:57:00,view_spot,抖音信息流
29920,1407,2026-08-09 16:00:00,app_launch,高校地推
32041,1503,2026-08-09 16:00:00,view_spot,抖音信息流
29920,1407,2026-08-09 16:01:00,ai_plan,高校地推
29920,1407,2026-08-09 16:02:00,view_spot,高校地推
32041,1503,2026-08-09 16:03:00,view_spot,抖音信息流
32041,1503,2026-08-09 16:06:00,view_spot,抖音信息流
85742,4055,2026-08-09 16:13:00,app_launch,微信分享裂变
85742,4055,2026-08-09 16:14:00,ai_plan,微信分享裂变
85742,4055,2026-08-09 16:15:00,view_spot,微信分享裂变
85742,4055,2026-08-09 16:18:00,view_spot,微信分享裂变
85742,4055,2026-08-09 16:21:00,view_spot,微信分享裂变
85742,4055,2026-08-09 16:21:00,add_favorite,微信分享裂变
85742,4055,2026-08-09 16:23:00,create_order,微信分享裂变
85742,4055,2026-08-09 16:24:00,pay_order,微信分享裂变
115790,5485,2026-08-09 16:35:00,app_launch,微信分享裂变
129727,6132,2026-08-09 16:55:00,app_launch,小红书种草
129727,6132,2026-08-09 16:56:00,ai_plan,小红书种草
129727,6132,2026-08-09 16:57:00,view_spot,小红书种草
129727,6132,2026-08-09 17:00:00,view_spot,小红书种草
129727,6132,2026-08-09 17:03:00,view_spot,小红书种草
129727,6132,2026-08-09 17:03:00,add_favorite,小红书种草
67695,3183,2026-08-09 17:04:00,app_launch,抖音信息流
67695,3183,2026-08-09 17:05:00,ai_plan,抖音信息流
129727,6132,2026-08-09 17:06:00,view_spot,小红书种草
75004,3536,2026-08-09 17:37:00,app_launch,微信分享裂变
142531,6756,2026-08-09 17:37:00,app_launch,自然流量
142531,6756,2026-08-09 17:38:00,ai_plan,自然流量
142531,6756,2026-08-09 17:39:00,view_spot,自然流量
142531,6756,2026-08-09 17:42:00,view_spot,自然流量
22844,1075,2026-08-09 18:04:00,app_launch,微信分享裂变
22844,1075,2026-08-09 18:05:00,ai_plan,微信分享裂变
16097,764,2026-08-09 18:16:00,app_launch,自然流量
16097,764,2026-08-09 18:17:00,ai_plan,自然流量
16097,764,2026-08-09 18:18:00,view_spot,自然流量
16097,764,2026-08-09 18:21:00,view_spot,自然流量
16097,764,2026-08-09 18:24:00,view_spot,自然流量
16097,764,2026-08-09 18:27:00,view_spot,自然流量
47375,2216,2026-08-09 18:50:00,app_launch,自然流量
47375,2216,2026-08-09 18:51:00,ai_plan,自然流量
47375,2216,2026-08-09 18:52:00,view_spot,自然流量
47375,2216,2026-08-09 18:55:00,view_spot,自然流量
47375,2216,2026-08-09 18:58:00,view_spot,自然流量
47375,2216,2026-08-09 19:01:00,view_spot,自然流量
165526,7840,2026-08-09 19:11:00,app_launch,抖音信息流
31626,1484,2026-08-09 19:13:00,app_launch,自然流量
31626,1484,2026-08-09 19:14:00,ai_plan,自然流量
31626,1484,2026-08-09 19:15:00,view_spot,自然流量
31626,1484,2026-08-09 19:21:00,add_favorite,自然流量
31626,1484,2026-08-09 19:23:00,create_order,自然流量
31626,1484,2026-08-09 19:24:00,pay_order,自然流量
102658,4862,2026-08-09 19:24:00,app_launch,微信分享裂变
102658,4862,2026-08-09 19:25:00,ai_plan,微信分享裂变
102658,4862,2026-08-09 19:26:00,view_spot,微信分享裂变
75005,3536,2026-08-09 19:28:00,app_launch,微信分享裂变
75005,3536,2026-08-09 19:29:00,ai_plan,微信分享裂变
102658,4862,2026-08-09 19:29:00,view_spot,微信分享裂变
75005,3536,2026-08-09 19:30:00,view_spot,微信分享裂变
102658,4862,2026-08-09 19:32:00,view_spot,微信分享裂变
102658,4862,2026-08-09 19:34:00,create_order,微信分享裂变
102658,4862,2026-08-09 19:35:00,view_spot,微信分享裂变
102658,4862,2026-08-09 19:35:00,pay_order,微信分享裂变
28480,1340,2026-08-09 19:38:00,app_launch,抖音信息流
75005,3536,2026-08-09 19:38:00,create_order,微信分享裂变
28480,1340,2026-08-09 19:39:00,ai_plan,抖音信息流
75005,3536,2026-08-09 19:39:00,pay_order,微信分享裂变
28480,1340,2026-08-09 19:40:00,view_spot,抖音信息流
22567,1062,2026-08-09 19:46:00,app_launch,小红书种草
22567,1062,2026-08-09 19:47:00,ai_plan,小红书种草
22567,1062,2026-08-09 19:48:00,view_spot,小红书种草
22567,1062,2026-08-09 19:51:00,view_spot,小红书种草
22567,1062,2026-08-09 19:54:00,add_favorite,小红书种草
22567,1062,2026-08-09 19:56:00,create_order,小红书种草
22567,1062,2026-08-09 19:57:00,pay_order,小红书种草
129726,6132,2026-08-09 19:59:00,app_launch,小红书种草
129726,6132,2026-08-09 20:00:00,ai_plan,小红书种草
129726,6132,2026-08-09 20:01:00,view_spot,小红书种草
154356,7312,2026-08-09 20:18:00,app_launch,自然流量
131704,6229,2026-08-09 20:36:00,app_launch,抖音信息流
131704,6229,2026-08-09 20:37:00,ai_plan,抖音信息流
131704,6229,2026-08-09 20:38:00,view_spot,抖音信息流
14670,697,2026-08-09 20:59:00,app_launch,小红书种草
14668,697,2026-08-09 21:33:00,app_launch,小红书种草
14668,697,2026-08-09 21:34:00,ai_plan,小红书种草
67696,3183,2026-08-09 21:37:00,app_launch,抖音信息流
67696,3183,2026-08-09 21:38:00,ai_plan,抖音信息流
10953,519,2026-08-09 21:39:00,app_launch,自然流量
10953,519,2026-08-09 21:40:00,ai_plan,自然流量
10953,519,2026-08-09 21:41:00,view_spot,自然流量
41482,1946,2026-08-09 21:52:00,app_launch,高校地推
41482,1946,2026-08-09 21:53:00,ai_plan,高校地推
67694,3183,2026-08-09 22:18:00,app_launch,抖音信息流
67694,3183,2026-08-09 22:19:00,ai_plan,抖音信息流
109960,5205,2026-08-09 22:24:00,app_launch,自然流量
109960,5205,2026-08-09 22:25:00,ai_plan,自然流量
41205,1935,2026-08-09 22:30:00,app_launch,小红书种草
16098,764,2026-08-09 22:39:00,app_launch,自然流量
115093,5448,2026-08-09 22:54:00,app_launch,抖音信息流
115093,5448,2026-08-09 22:55:00,ai_plan,抖音信息流
115093,5448,2026-08-09 22:56:00,view_spot,抖音信息流
115093,5448,2026-08-09 22:59:00,view_spot,抖音信息流
115093,5448,2026-08-09 23:02:00,add_favorite,抖音信息流
10955,519,2026-08-10 07:10:00,app_launch,自然流量
10955,519,2026-08-10 07:11:00,ai_plan,自然流量
10955,519,2026-08-10 07:12:00,view_spot,自然流量
10955,519,2026-08-10 07:15:00,view_spot,自然流量
80825,3814,2026-08-10 07:32:00,app_launch,自然流量
80825,3814,2026-08-10 07:33:00,ai_plan,自然流量
80825,3814,2026-08-10 07:34:00,view_spot,自然流量
80825,3814,2026-08-10 07:37:00,view_spot,自然流量
21596,1018,2026-08-10 07:40:00,app_launch,微信分享裂变
80825,3814,2026-08-10 07:40:00,view_spot,自然流量
21596,1018,2026-08-10 07:41:00,ai_plan,微信分享裂变
21596,1018,2026-08-10 07:42:00,view_spot,微信分享裂变
80825,3814,2026-08-10 07:42:00,create_order,自然流量
80825,3814,2026-08-10 07:43:00,view_spot,自然流量
129730,6132,2026-08-10 07:47:00,app_launch,小红书种草
147410,6989,2026-08-10 07:56:00,app_launch,自然流量
147410,6989,2026-08-10 07:57:00,ai_plan,自然流量
100271,4744,2026-08-10 08:10:00,app_launch,自然流量
100271,4744,2026-08-10 08:11:00,ai_plan,自然流量
100271,4744,2026-08-10 08:12:00,view_spot,自然流量
100271,4744,2026-08-10 08:15:00,view_spot,自然流量
100271,4744,2026-08-10 08:18:00,view_spot,自然流量
100271,4744,2026-08-10 08:21:00,view_spot,自然流量
28599,1346,2026-08-10 08:40:00,app_launch,小红书种草
28599,1346,2026-08-10 08:41:00,ai_plan,小红书种草
28599,1346,2026-08-10 08:42:00,view_spot,小红书种草
28599,1346,2026-08-10 08:45:00,view_spot,小红书种草
142312,6745,2026-08-10 09:18:00,app_launch,自然流量
142312,6745,2026-08-10 09:19:00,ai_plan,自然流量
80826,3814,2026-08-10 09:45:00,app_launch,自然流量
80826,3814,2026-08-10 09:46:00,ai_plan,自然流量
80827,3814,2026-08-10 09:50:00,app_launch,自然流量
80827,3814,2026-08-10 09:51:00,ai_plan,自然流量
80827,3814,2026-08-10 09:52:00,view_spot,自然流量
80827,3814,2026-08-10 09:55:00,view_spot,自然流量
80827,3814,2026-08-10 09:58:00,view_spot,自然流量
80827,3814,2026-08-10 10:01:00,view_spot,自然流量
69800,3287,2026-08-10 10:12:00,app_launch,小红书种草
10954,519,2026-08-10 10:23:00,app_launch,自然流量
10954,519,2026-08-10 10:24:00,ai_plan,自然流量
10954,519,2026-08-10 10:25:00,view_spot,自然流量
10954,519,2026-08-10 10:28:00,view_spot,自然流量
10956,519,2026-08-10 12:03:00,app_launch,自然流量
129729,6132,2026-08-10 12:27:00,app_launch,小红书种草
129729,6132,2026-08-10 12:28:00,ai_plan,小红书种草
129729,6132,2026-08-10 12:29:00,view_spot,小红书种草
129729,6132,2026-08-10 12:32:00,view_spot,小红书种草
129729,6132,2026-08-10 12:35:00,view_spot,小红书种草
129729,6132,2026-08-10 12:35:00,add_favorite,小红书种草
134032,6341,2026-08-10 13:31:00,app_launch,微信分享裂变
134032,6341,2026-08-10 13:32:00,ai_plan,微信分享裂变
134032,6341,2026-08-10 13:33:00,view_spot,微信分享裂变
163257,7732,2026-08-10 13:34:00,app_launch,抖音信息流
134032,6341,2026-08-10 13:36:00,view_spot,微信分享裂变
134032,6341,2026-08-10 13:39:00,view_spot,微信分享裂变
12687,602,2026-08-10 13:40:00,app_launch,微信分享裂变
12687,602,2026-08-10 13:41:00,ai_plan,微信分享裂变
100272,4744,2026-08-10 13:48:00,app_launch,自然流量
147408,6989,2026-08-10 14:46:00,app_launch,自然流量
134031,6341,2026-08-10 14:52:00,app_launch,微信分享裂变
134031,6341,2026-08-10 14:53:00,ai_plan,微信分享裂变
126039,5957,2026-08-10 14:57:00,app_launch,抖音信息流
126039,5957,2026-08-10 14:58:00,ai_plan,抖音信息流
126039,5957,2026-08-10 14:59:00,view_spot,抖音信息流
126039,5957,2026-08-10 15:02:00,view_spot,抖音信息流
126039,5957,2026-08-10 15:05:00,view_spot,抖音信息流
126039,5957,2026-08-10 15:08:00,view_spot,抖音信息流
126038,5957,2026-08-10 15:17:00,app_launch,抖音信息流
126038,5957,2026-08-10 15:18:00,ai_plan,抖音信息流
126038,5957,2026-08-10 15:19:00,view_spot,抖音信息流
126038,5957,2026-08-10 15:27:00,create_order,抖音信息流
163258,7732,2026-08-10 15:50:00,app_launch,抖音信息流
64498,3028,2026-08-10 15:56:00,app_launch,微信分享裂变
64498,3028,2026-08-10 15:57:00,ai_plan,微信分享裂变
64498,3028,2026-08-10 15:58:00,view_spot,微信分享裂变
64498,3028,2026-08-10 16:01:00,view_spot,微信分享裂变
64498,3028,2026-08-10 16:04:00,view_spot,微信分享裂变
64498,3028,2026-08-10 16:07:00,view_spot,微信分享裂变
150028,7112,2026-08-10 16:17:00,app_launch,小红书种草
150028,7112,2026-08-10 16:18:00,ai_plan,小红书种草
150028,7112,2026-08-10 16:19:00,view_spot,小红书种草
69799,3287,2026-08-10 16:21:00,app_launch,小红书种草
150027,7112,2026-08-10 16:31:00,app_launch,小红书种草
150027,7112,2026-08-10 16:32:00,ai_plan,小红书种草
141233,6689,2026-08-10 16:38:00,app_launch,抖音信息流
141233,6689,2026-08-10 16:39:00,ai_plan,抖音信息流
141233,6689,2026-08-10 16:40:00,view_spot,抖音信息流
141233,6689,2026-08-10 16:43:00,view_spot,抖音信息流
141233,6689,2026-08-10 16:46:00,view_spot,抖音信息流
167606,7941,2026-08-10 16:49:00,app_launch,自然流量
46272,2165,2026-08-10 17:07:00,app_launch,微信分享裂变
46272,2165,2026-08-10 17:08:00,ai_plan,微信分享裂变
46272,2165,2026-08-10 17:09:00,view_spot,微信分享裂变
46272,2165,2026-08-10 17:12:00,view_spot,微信分享裂变
46272,2165,2026-08-10 17:15:00,view_spot,微信分享裂变
129731,6132,2026-08-10 18:29:00,app_launch,小红书种草
142313,6745,2026-08-10 18:37:00,app_launch,自然流量
142313,6745,2026-08-10 18:38:00,ai_plan,自然流量
142313,6745,2026-08-10 18:39:00,view_spot,自然流量
142313,6745,2026-08-10 18:42:00,view_spot,自然流量
142313,6745,2026-08-10 18:45:00,view_spot,自然流量
142313,6745,2026-08-10 18:45:00,add_favorite,自然流量
142313,6745,2026-08-10 18:48:00,view_spot,自然流量
62351,2922,2026-08-10 19:14:00,app_launch,自然流量
91933,4353,2026-08-10 19:14:00,app_launch,小红书种草
62351,2922,2026-08-10 19:15:00,ai_plan,自然流量
91933,4353,2026-08-10 19:15:00,ai_plan,小红书种草
62351,2922,2026-08-10 19:16:00,view_spot,自然流量
91933,4353,2026-08-10 19:16:00,view_spot,小红书种草
163256,7732,2026-08-10 19:17:00,app_launch,抖音信息流
163256,7732,2026-08-10 19:18:00,ai_plan,抖音信息流
62351,2922,2026-08-10 19:19:00,view_spot,自然流量
163256,7732,2026-08-10 19:19:00,view_spot,抖音信息流
62351,2922,2026-08-10 19:22:00,view_spot,自然流量
91933,4353,2026-08-10 19:22:00,add_favorite,小红书种草
163256,7732,2026-08-10 19:22:00,view_spot,抖音信息流
21597,1018,2026-08-10 19:46:00,app_launch,微信分享裂变
21597,1018,2026-08-10 19:47:00,ai_plan,微信分享裂变
62352,2922,2026-08-10 19:53:00,app_launch,自然流量
62352,2922,2026-08-10 19:54:00,ai_plan,自然流量
62352,2922,2026-08-10 19:55:00,view_spot,自然流量
62352,2922,2026-08-10 19:58:00,view_spot,自然流量
62352,2922,2026-08-10 20:01:00,view_spot,自然流量
62352,2922,2026-08-10 20:04:00,view_spot,自然流量
69801,3287,2026-08-10 20:08:00,app_launch,小红书种草
69801,3287,2026-08-10 20:09:00,ai_plan,小红书种草
12686,602,2026-08-10 20:26:00,app_launch,微信分享裂变
12686,602,2026-08-10 20:27:00,ai_plan,微信分享裂变
12686,602,2026-08-10 20:28:00,view_spot,微信分享裂变
12686,602,2026-08-10 20:31:00,view_spot,微信分享裂变
12686,602,2026-08-10 20:34:00,add_favorite,微信分享裂变
147409,6989,2026-08-10 21:03:00,app_launch,自然流量
35342,1663,2026-08-10 22:09:00,app_launch,微信分享裂变
35342,1663,2026-08-10 22:10:00,ai_plan,微信分享裂变
79816,3768,2026-08-10 22:10:00,app_launch,抖音信息流
35342,1663,2026-08-10 22:11:00,view_spot,微信分享裂变
79816,3768,2026-08-10 22:11:00,ai_plan,抖音信息流
79816,3768,2026-08-10 22:12:00,view_spot,抖音信息流
35342,1663,2026-08-10 22:14:00,view_spot,微信分享裂变
79816,3768,2026-08-10 22:15:00,view_spot,抖音信息流
35342,1663,2026-08-10 22:17:00,view_spot,微信分享裂变
35342,1663,2026-08-10 22:17:00,add_favorite,微信分享裂变
79816,3768,2026-08-10 22:18:00,view_spot,抖音信息流
142311,6745,2026-08-10 22:37:00,app_launch,自然流量
70710,3333,2026-08-10 22:46:00,app_launch,自然流量
57260,2681,2026-08-11 08:15:00,app_launch,微信分享裂变
57260,2681,2026-08-11 08:16:00,ai_plan,微信分享裂变
57260,2681,2026-08-11 08:17:00,view_spot,微信分享裂变
57260,2681,2026-08-11 08:23:00,add_favorite,微信分享裂变
67228,3164,2026-08-11 08:39:00,app_launch,小红书种草
67228,3164,2026-08-11 08:40:00,ai_plan,小红书种草
22184,1043,2026-08-11 08:42:00,app_launch,小红书种草
135263,6399,2026-08-11 08:46:00,app_launch,抖音信息流
135263,6399,2026-08-11 08:47:00,ai_plan,抖音信息流
9754,458,2026-08-11 09:02:00,app_launch,抖音信息流
9754,458,2026-08-11 09:03:00,ai_plan,抖音信息流
41208,1935,2026-08-11 09:46:00,app_launch,小红书种草
35343,1663,2026-08-11 09:54:00,app_launch,微信分享裂变
35343,1663,2026-08-11 09:55:00,ai_plan,微信分享裂变
35343,1663,2026-08-11 09:56:00,view_spot,微信分享裂变
35343,1663,2026-08-11 09:59:00,view_spot,微信分享裂变
35343,1663,2026-08-11 10:02:00,view_spot,微信分享裂变
35343,1663,2026-08-11 10:04:00,create_order,微信分享裂变
35343,1663,2026-08-11 10:05:00,pay_order,微信分享裂变
69904,3291,2026-08-11 10:21:00,app_launch,抖音信息流
69904,3291,2026-08-11 10:22:00,ai_plan,抖音信息流
69904,3291,2026-08-11 10:23:00,view_spot,抖音信息流
71376,3363,2026-08-11 10:36:00,app_launch,小红书种草
71376,3363,2026-08-11 10:37:00,ai_plan,小红书种草
162165,7679,2026-08-11 11:03:00,app_launch,高校地推
23898,1124,2026-08-11 11:06:00,app_launch,自然流量
23898,1124,2026-08-11 11:07:00,ai_plan,自然流量
142534,6756,2026-08-11 11:42:00,app_launch,自然流量
142534,6756,2026-08-11 11:43:00,ai_plan,自然流量
54430,2543,2026-08-11 11:55:00,app_launch,抖音信息流
57259,2681,2026-08-11 12:16:00,app_launch,微信分享裂变
57259,2681,2026-08-11 12:17:00,ai_plan,微信分享裂变
57259,2681,2026-08-11 12:18:00,view_spot,微信分享裂变
90577,4292,2026-08-11 12:19:00,app_launch,自然流量
69903,3291,2026-08-11 12:29:00,app_launch,抖音信息流
129732,6132,2026-08-11 12:29:00,app_launch,小红书种草
129732,6132,2026-08-11 12:30:00,ai_plan,小红书种草
35344,1663,2026-08-11 12:52:00,app_launch,微信分享裂变
35344,1663,2026-08-11 12:53:00,ai_plan,微信分享裂变
18448,867,2026-08-11 13:09:00,app_launch,微信分享裂变
18448,867,2026-08-11 13:10:00,ai_plan,微信分享裂变
18448,867,2026-08-11 13:11:00,view_spot,微信分享裂变
9753,458,2026-08-11 13:12:00,app_launch,抖音信息流
18448,867,2026-08-11 13:14:00,view_spot,微信分享裂变
150029,7112,2026-08-11 13:22:00,app_launch,小红书种草
48175,2253,2026-08-11 13:43:00,app_launch,抖音信息流
163259,7732,2026-08-11 13:49:00,app_launch,抖音信息流
123233,5828,2026-08-11 13:51:00,app_launch,自然流量
123233,5828,2026-08-11 13:52:00,ai_plan,自然流量
123233,5828,2026-08-11 13:53:00,view_spot,自然流量
123233,5828,2026-08-11 13:59:00,add_favorite,自然流量
54432,2543,2026-08-11 14:07:00,app_launch,抖音信息流
54432,2543,2026-08-11 14:08:00,ai_plan,抖音信息流
91729,4344,2026-08-11 14:25:00,app_launch,自然流量
91729,4344,2026-08-11 14:26:00,ai_plan,自然流量
160160,7583,2026-08-11 14:50:00,app_launch,自然流量
79818,3768,2026-08-11 15:16:00,app_launch,抖音信息流
123231,5828,2026-08-11 15:38:00,app_launch,自然流量
74971,3535,2026-08-11 15:53:00,app_launch,小红书种草
74971,3535,2026-08-11 15:54:00,ai_plan,小红书种草
143460,6801,2026-08-11 16:00:00,app_launch,抖音信息流
143460,6801,2026-08-11 16:01:00,ai_plan,抖音信息流
58736,2749,2026-08-11 16:11:00,app_launch,抖音信息流
58736,2749,2026-08-11 16:12:00,ai_plan,抖音信息流
58736,2749,2026-08-11 16:13:00,view_spot,抖音信息流
58736,2749,2026-08-11 16:16:00,view_spot,抖音信息流
58736,2749,2026-08-11 16:21:00,create_order,抖音信息流
58736,2749,2026-08-11 16:22:00,pay_order,抖音信息流
165528,7840,2026-08-11 16:51:00,app_launch,抖音信息流
162164,7679,2026-08-11 17:00:00,app_launch,高校地推
162164,7679,2026-08-11 17:01:00,ai_plan,高校地推
162164,7679,2026-08-11 17:02:00,view_spot,高校地推
162164,7679,2026-08-11 17:05:00,view_spot,高校地推
67229,3164,2026-08-11 17:19:00,app_launch,小红书种草
54431,2543,2026-08-11 18:03:00,app_launch,抖音信息流
153257,7260,2026-08-11 18:05:00,app_launch,自然流量
153257,7260,2026-08-11 18:06:00,ai_plan,自然流量
153257,7260,2026-08-11 18:07:00,view_spot,自然流量
153257,7260,2026-08-11 18:10:00,view_spot,自然流量
540,24,2026-08-11 18:19:00,app_launch,微信分享裂变
540,24,2026-08-11 18:20:00,ai_plan,微信分享裂变
540,24,2026-08-11 18:21:00,view_spot,微信分享裂变
540,24,2026-08-11 18:24:00,view_spot,微信分享裂变
540,24,2026-08-11 18:27:00,add_favorite,微信分享裂变
163260,7732,2026-08-11 19:24:00,app_launch,抖音信息流
90576,4292,2026-08-11 19:25:00,app_launch,自然流量
90576,4292,2026-08-11 19:26:00,ai_plan,自然流量
90576,4292,2026-08-11 19:27:00,view_spot,自然流量
22185,1043,2026-08-11 19:28:00,app_launch,小红书种草
22185,1043,2026-08-11 19:29:00,ai_plan,小红书种草
22185,1043,2026-08-11 19:30:00,view_spot,小红书种草
90576,4292,2026-08-11 19:30:00,view_spot,自然流量
22185,1043,2026-08-11 19:33:00,view_spot,小红书种草
90576,4292,2026-08-11 19:33:00,view_spot,自然流量
22185,1043,2026-08-11 19:36:00,view_spot,小红书种草
90576,4292,2026-08-11 19:36:00,view_spot,自然流量
160159,7583,2026-08-11 19:38:00,app_launch,自然流量
22185,1043,2026-08-11 19:39:00,view_spot,小红书种草
160159,7583,2026-08-11 19:39:00,ai_plan,自然流量
22186,1043,2026-08-11 20:34:00,app_launch,小红书种草
114152,5403,2026-08-11 20:34:00,app_launch,抖音信息流
22186,1043,2026-08-11 20:35:00,ai_plan,小红书种草
114152,5403,2026-08-11 20:35:00,ai_plan,抖音信息流
22186,1043,2026-08-11 20:36:00,view_spot,小红书种草
90575,4292,2026-08-11 20:36:00,app_launch,自然流量
90575,4292,2026-08-11 20:37:00,ai_plan,自然流量
79817,3768,2026-08-11 20:38:00,app_launch,抖音信息流
90575,4292,2026-08-11 20:38:00,view_spot,自然流量
90575,4292,2026-08-11 20:41:00,view_spot,自然流量
90575,4292,2026-08-11 20:44:00,view_spot,自然流量
90575,4292,2026-08-11 20:44:00,add_favorite,自然流量
90575,4292,2026-08-11 20:47:00,view_spot,自然流量
79819,3768,2026-08-11 20:48:00,app_launch,抖音信息流
79819,3768,2026-08-11 20:49:00,ai_plan,抖音信息流
153256,7260,2026-08-11 20:52:00,app_launch,自然流量
153256,7260,2026-08-11 20:53:00,ai_plan,自然流量
153256,7260,2026-08-11 20:54:00,view_spot,自然流量
153256,7260,2026-08-11 20:57:00,view_spot,自然流量
86258,4079,2026-08-11 20:58:00,app_launch,自然流量
153256,7260,2026-08-11 21:00:00,view_spot,自然流量
153256,7260,2026-08-11 21:00:00,add_favorite,自然流量
153256,7260,2026-08-11 21:03:00,view_spot,自然流量
9755,458,2026-08-11 21:16:00,app_launch,抖音信息流
123232,5828,2026-08-11 21:17:00,app_launch,自然流量
104500,4946,2026-08-11 21:21:00,app_launch,微信分享裂变
104500,4946,2026-08-11 21:22:00,ai_plan,微信分享裂变
104500,4946,2026-08-11 21:23:00,view_spot,微信分享裂变
104500,4946,2026-08-11 21:26:00,view_spot,微信分享裂变
104500,4946,2026-08-11 21:29:00,view_spot,微信分享裂变
40731,1913,2026-08-11 21:45:00,app_launch,高校地推
40731,1913,2026-08-11 21:46:00,ai_plan,高校地推
40731,1913,2026-08-11 21:47:00,view_spot,高校地推
40731,1913,2026-08-11 21:50:00,view_spot,高校地推
40731,1913,2026-08-11 21:53:00,view_spot,高校地推
40731,1913,2026-08-11 21:56:00,view_spot,高校地推
150030,7112,2026-08-11 22:10:00,app_launch,小红书种草
134033,6341,2026-08-11 22:13:00,app_launch,微信分享裂变
134033,6341,2026-08-11 22:14:00,ai_plan,微信分享裂变
134033,6341,2026-08-11 22:15:00,view_spot,微信分享裂变
134033,6341,2026-08-11 22:21:00,add_favorite,微信分享裂变
160158,7583,2026-08-11 22:22:00,app_launch,自然流量
134033,6341,2026-08-11 22:23:00,create_order,微信分享裂变
160158,7583,2026-08-11 22:23:00,ai_plan,自然流量
134033,6341,2026-08-11 22:24:00,pay_order,微信分享裂变
541,24,2026-08-11 22:41:00,app_launch,微信分享裂变
541,24,2026-08-11 22:42:00,ai_plan,微信分享裂变
541,24,2026-08-11 22:43:00,view_spot,微信分享裂变
541,24,2026-08-11 22:46:00,view_spot,微信分享裂变
541,24,2026-08-11 22:49:00,view_spot,微信分享裂变
541,24,2026-08-11 22:49:00,add_favorite,微信分享裂变
541,24,2026-08-11 22:51:00,create_order,微信分享裂变
541,24,2026-08-11 22:52:00,pay_order,微信分享裂变
41209,1935,2026-08-12 07:06:00,app_launch,小红书种草
41209,1935,2026-08-12 07:07:00,ai_plan,小红书种草
150032,7112,2026-08-12 07:07:00,app_launch,小红书种草
41209,1935,2026-08-12 07:08:00,view_spot,小红书种草
41209,1935,2026-08-12 07:11:00,view_spot,小红书种草
41209,1935,2026-08-12 07:14:00,view_spot,小红书种草
104639,4953,2026-08-12 07:20:00,app_launch,自然流量
41210,1935,2026-08-12 07:27:00,app_launch,小红书种草
41210,1935,2026-08-12 07:28:00,ai_plan,小红书种草
29922,1407,2026-08-12 07:39:00,app_launch,高校地推
160445,7597,2026-08-12 07:52:00,app_launch,自然流量
160445,7597,2026-08-12 07:53:00,ai_plan,自然流量
153258,7260,2026-08-12 07:54:00,app_launch,自然流量
160445,7597,2026-08-12 07:54:00,view_spot,自然流量
153258,7260,2026-08-12 07:55:00,ai_plan,自然流量
153258,7260,2026-08-12 07:56:00,view_spot,自然流量
160445,7597,2026-08-12 07:57:00,view_spot,自然流量
153258,7260,2026-08-12 07:59:00,view_spot,自然流量
28601,1346,2026-08-12 08:00:00,app_launch,小红书种草
123164,5825,2026-08-12 08:00:00,app_launch,抖音信息流
28601,1346,2026-08-12 08:01:00,ai_plan,小红书种草
28601,1346,2026-08-12 08:02:00,view_spot,小红书种草
153258,7260,2026-08-12 08:02:00,view_spot,自然流量
28601,1346,2026-08-12 08:05:00,view_spot,小红书种草
153258,7260,2026-08-12 08:05:00,view_spot,自然流量
28601,1346,2026-08-12 08:08:00,view_spot,小红书种草
28601,1346,2026-08-12 08:08:00,add_favorite,小红书种草
28601,1346,2026-08-12 08:11:00,view_spot,小红书种草
79820,3768,2026-08-12 08:15:00,app_launch,抖音信息流
79820,3768,2026-08-12 08:16:00,ai_plan,抖音信息流
79820,3768,2026-08-12 08:17:00,view_spot,抖音信息流
143461,6801,2026-08-12 08:18:00,app_launch,抖音信息流
143461,6801,2026-08-12 08:19:00,ai_plan,抖音信息流
79820,3768,2026-08-12 08:20:00,view_spot,抖音信息流
104640,4953,2026-08-12 08:22:00,app_launch,自然流量
79820,3768,2026-08-12 08:23:00,add_favorite,抖音信息流
104640,4953,2026-08-12 08:23:00,ai_plan,自然流量
104640,4953,2026-08-12 08:24:00,view_spot,自然流量
104640,4953,2026-08-12 08:27:00,view_spot,自然流量
104640,4953,2026-08-12 08:30:00,view_spot,自然流量
10959,519,2026-08-12 09:07:00,app_launch,自然流量
10959,519,2026-08-12 09:08:00,ai_plan,自然流量
10959,519,2026-08-12 09:09:00,view_spot,自然流量
35686,1678,2026-08-12 09:11:00,app_launch,抖音信息流
10959,519,2026-08-12 09:12:00,view_spot,自然流量
35686,1678,2026-08-12 09:12:00,ai_plan,抖音信息流
35686,1678,2026-08-12 09:13:00,view_spot,抖音信息流
10959,519,2026-08-12 09:15:00,view_spot,自然流量
10959,519,2026-08-12 09:15:00,add_favorite,自然流量
35686,1678,2026-08-12 09:16:00,view_spot,抖音信息流
10959,519,2026-08-12 09:17:00,create_order,自然流量
10959,519,2026-08-12 09:18:00,pay_order,自然流量
35686,1678,2026-08-12 09:19:00,add_favorite,抖音信息流
104641,4953,2026-08-12 09:34:00,app_launch,自然流量
104641,4953,2026-08-12 09:35:00,ai_plan,自然流量
104641,4953,2026-08-12 09:36:00,view_spot,自然流量
60115,2816,2026-08-12 09:37:00,app_launch,抖音信息流
60115,2816,2026-08-12 09:38:00,ai_plan,抖音信息流
133530,6318,2026-08-12 09:38:00,app_launch,小红书种草
104641,4953,2026-08-12 09:39:00,view_spot,自然流量
104641,4953,2026-08-12 09:42:00,view_spot,自然流量
104641,4953,2026-08-12 09:42:00,add_favorite,自然流量
104641,4953,2026-08-12 09:44:00,create_order,自然流量
104641,4953,2026-08-12 09:45:00,view_spot,自然流量
23899,1124,2026-08-12 09:48:00,app_launch,自然流量
23899,1124,2026-08-12 09:49:00,ai_plan,自然流量
23899,1124,2026-08-12 09:50:00,view_spot,自然流量
23899,1124,2026-08-12 09:53:00,view_spot,自然流量
23899,1124,2026-08-12 09:56:00,view_spot,自然流量
23899,1124,2026-08-12 09:56:00,add_favorite,自然流量
23899,1124,2026-08-12 09:59:00,view_spot,自然流量
150031,7112,2026-08-12 10:29:00,app_launch,小红书种草
150031,7112,2026-08-12 10:30:00,ai_plan,小红书种草
150031,7112,2026-08-12 10:31:00,view_spot,小红书种草
142536,6756,2026-08-12 10:33:00,app_launch,自然流量
142536,6756,2026-08-12 10:34:00,ai_plan,自然流量
150031,7112,2026-08-12 10:34:00,view_spot,小红书种草
142536,6756,2026-08-12 10:35:00,view_spot,自然流量
150031,7112,2026-08-12 10:37:00,view_spot,小红书种草
142536,6756,2026-08-12 10:38:00,view_spot,自然流量
150031,7112,2026-08-12 10:39:00,create_order,小红书种草
150031,7112,2026-08-12 10:40:00,view_spot,小红书种草
150031,7112,2026-08-12 10:40:00,pay_order,小红书种草
142536,6756,2026-08-12 10:41:00,view_spot,自然流量
160444,7597,2026-08-12 11:05:00,app_launch,自然流量
70711,3333,2026-08-12 11:06:00,app_launch,自然流量
160444,7597,2026-08-12 11:06:00,ai_plan,自然流量
10957,519,2026-08-12 11:35:00,app_launch,自然流量
10957,519,2026-08-12 11:36:00,ai_plan,自然流量
38444,1812,2026-08-12 12:03:00,app_launch,抖音信息流
123165,5825,2026-08-12 12:30:00,app_launch,抖音信息流
29923,1407,2026-08-12 12:31:00,app_launch,高校地推
123165,5825,2026-08-12 12:31:00,ai_plan,抖音信息流
29923,1407,2026-08-12 12:32:00,ai_plan,高校地推
29923,1407,2026-08-12 12:33:00,view_spot,高校地推
29923,1407,2026-08-12 12:36:00,view_spot,高校地推
162168,7679,2026-08-12 12:44:00,app_launch,高校地推
162168,7679,2026-08-12 12:45:00,ai_plan,高校地推
133529,6318,2026-08-12 13:04:00,app_launch,小红书种草
133529,6318,2026-08-12 13:05:00,ai_plan,小红书种草
133529,6318,2026-08-12 13:06:00,view_spot,小红书种草
133529,6318,2026-08-12 13:09:00,view_spot,小红书种草
133529,6318,2026-08-12 13:12:00,view_spot,小红书种草
133529,6318,2026-08-12 13:14:00,create_order,小红书种草
133529,6318,2026-08-12 13:15:00,pay_order,小红书种草
153259,7260,2026-08-12 13:25:00,app_launch,自然流量
153259,7260,2026-08-12 13:26:00,ai_plan,自然流量
153259,7260,2026-08-12 13:27:00,view_spot,自然流量
153259,7260,2026-08-12 13:30:00,view_spot,自然流量
153259,7260,2026-08-12 13:33:00,view_spot,自然流量
142535,6756,2026-08-12 13:58:00,app_launch,自然流量
102661,4862,2026-08-12 14:21:00,app_launch,微信分享裂变
102661,4862,2026-08-12 14:22:00,ai_plan,微信分享裂变
102661,4862,2026-08-12 14:23:00,view_spot,微信分享裂变
102661,4862,2026-08-12 14:26:00,view_spot,微信分享裂变
102661,4862,2026-08-12 14:29:00,view_spot,微信分享裂变
86260,4079,2026-08-12 14:33:00,app_launch,自然流量
86260,4079,2026-08-12 14:34:00,ai_plan,自然流量
86260,4079,2026-08-12 14:35:00,view_spot,自然流量
86260,4079,2026-08-12 14:38:00,view_spot,自然流量
86260,4079,2026-08-12 14:41:00,view_spot,自然流量
86260,4079,2026-08-12 14:44:00,view_spot,自然流量
162166,7679,2026-08-12 15:02:00,app_launch,高校地推
60114,2816,2026-08-12 15:17:00,app_launch,抖音信息流
22568,1062,2026-08-12 15:18:00,app_launch,小红书种草
60114,2816,2026-08-12 15:18:00,ai_plan,抖音信息流
86261,4079,2026-08-12 15:39:00,app_launch,自然流量
86261,4079,2026-08-12 15:40:00,ai_plan,自然流量
86261,4079,2026-08-12 15:41:00,view_spot,自然流量
162167,7679,2026-08-12 15:42:00,app_launch,高校地推
86261,4079,2026-08-12 15:44:00,view_spot,自然流量
86261,4079,2026-08-12 15:49:00,create_order,自然流量
86261,4079,2026-08-12 15:50:00,pay_order,自然流量
22220,1045,2026-08-12 16:02:00,app_launch,自然流量
22220,1045,2026-08-12 16:03:00,ai_plan,自然流量
22220,1045,2026-08-12 16:04:00,view_spot,自然流量
22220,1045,2026-08-12 16:07:00,view_spot,自然流量
22221,1045,2026-08-12 16:09:00,app_launch,自然流量
22221,1045,2026-08-12 16:10:00,ai_plan,自然流量
148569,7043,2026-08-12 16:10:00,app_launch,自然流量
22221,1045,2026-08-12 16:11:00,view_spot,自然流量
148569,7043,2026-08-12 16:11:00,ai_plan,自然流量
38443,1812,2026-08-12 16:14:00,app_launch,抖音信息流
38443,1812,2026-08-12 16:15:00,ai_plan,抖音信息流
38443,1812,2026-08-12 16:16:00,view_spot,抖音信息流
22221,1045,2026-08-12 16:17:00,add_favorite,自然流量
41211,1935,2026-08-12 16:33:00,app_launch,小红书种草
93392,4422,2026-08-12 16:54:00,app_launch,自然流量
143463,6801,2026-08-12 16:54:00,app_launch,抖音信息流
93392,4422,2026-08-12 16:55:00,ai_plan,自然流量
143463,6801,2026-08-12 16:55:00,ai_plan,抖音信息流
93392,4422,2026-08-12 16:56:00,view_spot,自然流量
143463,6801,2026-08-12 16:56:00,view_spot,抖音信息流
143463,6801,2026-08-12 16:59:00,view_spot,抖音信息流
57262,2681,2026-08-12 17:02:00,app_launch,微信分享裂变
143463,6801,2026-08-12 17:02:00,view_spot,抖音信息流
143463,6801,2026-08-12 17:02:00,add_favorite,抖音信息流
10262,484,2026-08-12 17:22:00,app_launch,抖音信息流
10262,484,2026-08-12 17:23:00,ai_plan,抖音信息流
38442,1812,2026-08-12 17:42:00,app_launch,抖音信息流
46439,2174,2026-08-12 17:50:00,app_launch,自然流量
46439,2174,2026-08-12 17:51:00,ai_plan,自然流量
46439,2174,2026-08-12 17:52:00,view_spot,自然流量
10958,519,2026-08-12 17:53:00,app_launch,自然流量
10958,519,2026-08-12 17:54:00,ai_plan,自然流量
10958,519,2026-08-12 17:55:00,view_spot,自然流量
46439,2174,2026-08-12 17:55:00,view_spot,自然流量
10958,519,2026-08-12 17:58:00,view_spot,自然流量
46439,2174,2026-08-12 18:00:00,create_order,自然流量
10958,519,2026-08-12 18:01:00,add_favorite,自然流量
46439,2174,2026-08-12 18:01:00,pay_order,自然流量
10958,519,2026-08-12 18:03:00,create_order,自然流量
10958,519,2026-08-12 18:04:00,pay_order,自然流量
160446,7597,2026-08-12 18:08:00,app_launch,自然流量
4852,223,2026-08-12 18:31:00,app_launch,小红书种草
4852,223,2026-08-12 18:32:00,ai_plan,小红书种草
22569,1062,2026-08-12 18:54:00,app_launch,小红书种草
22569,1062,2026-08-12 18:55:00,ai_plan,小红书种草
22569,1062,2026-08-12 18:56:00,view_spot,小红书种草
79822,3768,2026-08-12 19:09:00,app_launch,抖音信息流
79822,3768,2026-08-12 19:10:00,ai_plan,抖音信息流
57261,2681,2026-08-12 19:41:00,app_launch,微信分享裂变
57261,2681,2026-08-12 19:42:00,ai_plan,微信分享裂变
57261,2681,2026-08-12 19:43:00,view_spot,微信分享裂变
57261,2681,2026-08-12 19:51:00,create_order,微信分享裂变
46440,2174,2026-08-12 19:53:00,app_launch,自然流量
46440,2174,2026-08-12 19:54:00,ai_plan,自然流量
46440,2174,2026-08-12 19:55:00,view_spot,自然流量
46440,2174,2026-08-12 19:58:00,view_spot,自然流量
46440,2174,2026-08-12 20:01:00,view_spot,自然流量
22219,1045,2026-08-12 20:09:00,app_launch,自然流量
22219,1045,2026-08-12 20:10:00,ai_plan,自然流量
143462,6801,2026-08-12 20:44:00,app_launch,抖音信息流
143462,6801,2026-08-12 20:45:00,ai_plan,抖音信息流
79821,3768,2026-08-12 20:52:00,app_launch,抖音信息流
79821,3768,2026-08-12 20:53:00,ai_plan,抖音信息流
23900,1124,2026-08-12 21:05:00,app_launch,自然流量
148568,7043,2026-08-12 21:25:00,app_launch,自然流量
28600,1346,2026-08-12 21:26:00,app_launch,小红书种草
148568,7043,2026-08-12 21:26:00,ai_plan,自然流量
28600,1346,2026-08-12 21:27:00,ai_plan,小红书种草
148568,7043,2026-08-12 21:27:00,view_spot,自然流量
86259,4079,2026-08-12 21:33:00,app_launch,自然流量
148568,7043,2026-08-12 21:33:00,add_favorite,自然流量
86259,4079,2026-08-12 21:34:00,ai_plan,自然流量
86259,4079,2026-08-12 21:35:00,view_spot,自然流量
148568,7043,2026-08-12 21:35:00,create_order,自然流量
148568,7043,2026-08-12 21:36:00,pay_order,自然流量
86259,4079,2026-08-12 21:38:00,view_spot,自然流量
86259,4079,2026-08-12 21:41:00,view_spot,自然流量
86259,4079,2026-08-12 21:44:00,view_spot,自然流量
4851,223,2026-08-12 21:54:00,app_launch,小红书种草
4851,223,2026-08-12 21:55:00,ai_plan,小红书种草
4851,223,2026-08-12 21:56:00,view_spot,小红书种草
24327,1145,2026-08-12 21:59:00,app_launch,抖音信息流
4851,223,2026-08-12 22:04:00,create_order,小红书种草
21293,1003,2026-08-12 22:42:00,app_launch,自然流量
21293,1003,2026-08-12 22:43:00,ai_plan,自然流量
67670,3182,2026-08-12 22:57:00,app_launch,自然流量
21295,1003,2026-08-13 07:11:00,app_launch,自然流量
21295,1003,2026-08-13 07:12:00,ai_plan,自然流量
21295,1003,2026-08-13 07:13:00,view_spot,自然流量
21295,1003,2026-08-13 07:16:00,view_spot,自然流量
104642,4953,2026-08-13 08:08:00,app_launch,自然流量
104642,4953,2026-08-13 08:09:00,ai_plan,自然流量
104642,4953,2026-08-13 08:10:00,view_spot,自然流量
104642,4953,2026-08-13 08:13:00,view_spot,自然流量
55247,2583,2026-08-13 08:23:00,app_launch,自然流量
55247,2583,2026-08-13 08:24:00,ai_plan,自然流量
55247,2583,2026-08-13 08:25:00,view_spot,自然流量
55247,2583,2026-08-13 08:28:00,view_spot,自然流量
55247,2583,2026-08-13 08:31:00,view_spot,自然流量
55247,2583,2026-08-13 08:34:00,view_spot,自然流量
4855,223,2026-08-13 08:50:00,app_launch,小红书种草
4855,223,2026-08-13 08:51:00,ai_plan,小红书种草
4855,223,2026-08-13 08:52:00,view_spot,小红书种草
4855,223,2026-08-13 08:55:00,view_spot,小红书种草
91696,4343,2026-08-13 09:17:00,app_launch,抖音信息流
45347,2119,2026-08-13 09:35:00,app_launch,自然流量
109136,5166,2026-08-13 09:44:00,app_launch,小红书种草
109136,5166,2026-08-13 09:45:00,ai_plan,小红书种草
109136,5166,2026-08-13 09:46:00,view_spot,小红书种草
109136,5166,2026-08-13 09:49:00,view_spot,小红书种草
109136,5166,2026-08-13 09:52:00,view_spot,小红书种草
109136,5166,2026-08-13 09:55:00,view_spot,小红书种草
542,24,2026-08-13 10:02:00,app_launch,微信分享裂变
542,24,2026-08-13 10:03:00,ai_plan,微信分享裂变
5673,264,2026-08-13 10:03:00,app_launch,自然流量
542,24,2026-08-13 10:04:00,view_spot,微信分享裂变
542,24,2026-08-13 10:07:00,view_spot,微信分享裂变
72734,3429,2026-08-13 10:38:00,app_launch,高校地推
72734,3429,2026-08-13 10:39:00,ai_plan,高校地推
72734,3429,2026-08-13 10:40:00,view_spot,高校地推
72734,3429,2026-08-13 10:43:00,view_spot,高校地推
72734,3429,2026-08-13 10:46:00,view_spot,高校地推
148056,7021,2026-08-13 11:03:00,app_launch,高校地推
148056,7021,2026-08-13 11:04:00,ai_plan,高校地推
148056,7021,2026-08-13 11:05:00,view_spot,高校地推
123166,5825,2026-08-13 11:08:00,app_launch,抖音信息流
148056,7021,2026-08-13 11:08:00,view_spot,高校地推
148056,7021,2026-08-13 11:11:00,view_spot,高校地推
4854,223,2026-08-13 11:14:00,app_launch,小红书种草
148056,7021,2026-08-13 11:14:00,view_spot,高校地推
4854,223,2026-08-13 11:15:00,ai_plan,小红书种草
4854,223,2026-08-13 11:16:00,view_spot,小红书种草
4854,223,2026-08-13 11:19:00,view_spot,小红书种草
4854,223,2026-08-13 11:22:00,view_spot,小红书种草
4854,223,2026-08-13 11:24:00,create_order,小红书种草
4854,223,2026-08-13 11:25:00,pay_order,小红书种草
104643,4953,2026-08-13 11:47:00,app_launch,自然流量
104643,4953,2026-08-13 11:48:00,ai_plan,自然流量
543,24,2026-08-13 12:50:00,app_launch,微信分享裂变
55246,2583,2026-08-13 13:10:00,app_launch,自然流量
63634,2987,2026-08-13 13:18:00,app_launch,自然流量
60118,2816,2026-08-13 13:45:00,app_launch,抖音信息流
60118,2816,2026-08-13 13:46:00,ai_plan,抖音信息流
91697,4343,2026-08-13 13:57:00,app_launch,抖音信息流
91247,4320,2026-08-13 13:59:00,app_launch,抖音信息流
45348,2119,2026-08-13 14:00:00,app_launch,自然流量
91247,4320,2026-08-13 14:00:00,ai_plan,抖音信息流
45348,2119,2026-08-13 14:01:00,ai_plan,自然流量
45348,2119,2026-08-13 14:02:00,view_spot,自然流量
45348,2119,2026-08-13 14:05:00,view_spot,自然流量
148055,7021,2026-08-13 14:39:00,app_launch,高校地推
118365,5603,2026-08-13 14:40:00,app_launch,微信分享裂变
60116,2816,2026-08-13 15:40:00,app_launch,抖音信息流
60116,2816,2026-08-13 15:41:00,ai_plan,抖音信息流
32777,1536,2026-08-13 16:02:00,app_launch,抖音信息流
32777,1536,2026-08-13 16:03:00,ai_plan,抖音信息流
4853,223,2026-08-13 16:12:00,app_launch,小红书种草
4853,223,2026-08-13 16:13:00,ai_plan,小红书种草
91934,4353,2026-08-13 16:15:00,app_launch,小红书种草
91934,4353,2026-08-13 16:16:00,ai_plan,小红书种草
91934,4353,2026-08-13 16:17:00,view_spot,小红书种草
91934,4353,2026-08-13 16:20:00,view_spot,小红书种草
91934,4353,2026-08-13 16:23:00,add_favorite,小红书种草
32776,1536,2026-08-13 16:55:00,app_launch,抖音信息流
32776,1536,2026-08-13 16:56:00,ai_plan,抖音信息流
118364,5603,2026-08-13 17:37:00,app_launch,微信分享裂变
118364,5603,2026-08-13 17:38:00,ai_plan,微信分享裂变
118364,5603,2026-08-13 17:39:00,view_spot,微信分享裂变
118364,5603,2026-08-13 17:42:00,view_spot,微信分享裂变
118364,5603,2026-08-13 17:45:00,add_favorite,微信分享裂变
91698,4343,2026-08-13 18:02:00,app_launch,抖音信息流
91935,4353,2026-08-13 18:16:00,app_launch,小红书种草
91935,4353,2026-08-13 18:17:00,ai_plan,小红书种草
91935,4353,2026-08-13 18:18:00,view_spot,小红书种草
91935,4353,2026-08-13 18:26:00,create_order,小红书种草
91935,4353,2026-08-13 18:27:00,pay_order,小红书种草
21294,1003,2026-08-13 18:33:00,app_launch,自然流量
21294,1003,2026-08-13 18:34:00,ai_plan,自然流量
21294,1003,2026-08-13 18:35:00,view_spot,自然流量
21294,1003,2026-08-13 18:38:00,view_spot,自然流量
21294,1003,2026-08-13 18:41:00,view_spot,自然流量
21294,1003,2026-08-13 18:44:00,view_spot,自然流量
21448,1010,2026-08-13 18:52:00,app_launch,抖音信息流
21448,1010,2026-08-13 18:53:00,ai_plan,抖音信息流
137871,6522,2026-08-13 19:18:00,app_launch,抖音信息流
137871,6522,2026-08-13 19:19:00,ai_plan,抖音信息流
91248,4320,2026-08-13 20:08:00,app_launch,抖音信息流
91248,4320,2026-08-13 20:09:00,ai_plan,抖音信息流
21447,1010,2026-08-13 20:10:00,app_launch,抖音信息流
21447,1010,2026-08-13 20:11:00,ai_plan,抖音信息流
21447,1010,2026-08-13 20:12:00,view_spot,抖音信息流
21447,1010,2026-08-13 20:15:00,view_spot,抖音信息流
60117,2816,2026-08-13 20:18:00,app_launch,抖音信息流
60117,2816,2026-08-13 20:19:00,ai_plan,抖音信息流
60117,2816,2026-08-13 20:20:00,view_spot,抖音信息流
60117,2816,2026-08-13 20:23:00,view_spot,抖音信息流
72736,3429,2026-08-13 21:05:00,app_launch,高校地推
72736,3429,2026-08-13 21:06:00,ai_plan,高校地推
72736,3429,2026-08-13 21:07:00,view_spot,高校地推
72736,3429,2026-08-13 21:10:00,view_spot,高校地推
72736,3429,2026-08-13 21:13:00,view_spot,高校地推
72736,3429,2026-08-13 21:13:00,add_favorite,高校地推
118366,5603,2026-08-13 21:16:00,app_launch,微信分享裂变
118366,5603,2026-08-13 21:17:00,ai_plan,微信分享裂变
118366,5603,2026-08-13 21:18:00,view_spot,微信分享裂变
135802,6424,2026-08-13 21:18:00,app_launch,微信分享裂变
135802,6424,2026-08-13 21:19:00,ai_plan,微信分享裂变
135802,6424,2026-08-13 21:20:00,view_spot,微信分享裂变
137184,6488,2026-08-13 21:20:00,app_launch,小红书种草
109137,5166,2026-08-13 21:21:00,app_launch,小红书种草
118366,5603,2026-08-13 21:21:00,view_spot,微信分享裂变
109137,5166,2026-08-13 21:22:00,ai_plan,小红书种草
109137,5166,2026-08-13 21:23:00,view_spot,小红书种草
135802,6424,2026-08-13 21:23:00,view_spot,微信分享裂变
55248,2583,2026-08-13 21:24:00,app_launch,自然流量
118366,5603,2026-08-13 21:24:00,view_spot,微信分享裂变
109137,5166,2026-08-13 21:26:00,view_spot,小红书种草
135802,6424,2026-08-13 21:26:00,view_spot,微信分享裂变
109137,5166,2026-08-13 21:29:00,view_spot,小红书种草
109137,5166,2026-08-13 21:29:00,add_favorite,小红书种草
21296,1003,2026-08-13 21:55:00,app_launch,自然流量
21296,1003,2026-08-13 21:56:00,ai_plan,自然流量
72735,3429,2026-08-13 22:57:00,app_launch,高校地推
72735,3429,2026-08-13 22:58:00,ai_plan,高校地推
72735,3429,2026-08-13 22:59:00,view_spot,高校地推
72735,3429,2026-08-13 23:02:00,view_spot,高校地推
72735,3429,2026-08-13 23:05:00,view_spot,高校地推
162170,7679,2026-08-14 07:14:00,app_launch,高校地推
141928,6727,2026-08-14 07:15:00,app_launch,自然流量
141928,6727,2026-08-14 07:16:00,ai_plan,自然流量
141928,6727,2026-08-14 07:17:00,view_spot,自然流量
141928,6727,2026-08-14 07:20:00,view_spot,自然流量
141928,6727,2026-08-14 07:23:00,view_spot,自然流量
141928,6727,2026-08-14 07:23:00,add_favorite,自然流量
141928,6727,2026-08-14 07:26:00,view_spot,自然流量
150033,7112,2026-08-14 07:27:00,app_launch,小红书种草
63666,2989,2026-08-14 07:40:00,app_launch,自然流量
63666,2989,2026-08-14 07:41:00,ai_plan,自然流量
137884,6523,2026-08-14 07:41:00,app_launch,自然流量
63666,2989,2026-08-14 07:42:00,view_spot,自然流量
137884,6523,2026-08-14 07:42:00,ai_plan,自然流量
63666,2989,2026-08-14 07:45:00,view_spot,自然流量
118367,5603,2026-08-14 08:16:00,app_launch,微信分享裂变
118367,5603,2026-08-14 08:17:00,ai_plan,微信分享裂变
123552,5841,2026-08-14 08:40:00,app_launch,抖音信息流
35688,1678,2026-08-14 08:53:00,app_launch,抖音信息流
35688,1678,2026-08-14 08:54:00,ai_plan,抖音信息流
5676,264,2026-08-14 10:10:00,app_launch,自然流量
5676,264,2026-08-14 10:11:00,ai_plan,自然流量
5676,264,2026-08-14 10:12:00,view_spot,自然流量
55249,2583,2026-08-14 11:13:00,app_launch,自然流量
28129,1323,2026-08-14 11:39:00,app_launch,自然流量
28129,1323,2026-08-14 11:40:00,ai_plan,自然流量
28129,1323,2026-08-14 11:41:00,view_spot,自然流量
104502,4946,2026-08-14 11:41:00,app_launch,微信分享裂变
104502,4946,2026-08-14 11:42:00,ai_plan,微信分享裂变
28129,1323,2026-08-14 11:44:00,view_spot,自然流量
5674,264,2026-08-14 11:53:00,app_launch,自然流量
69288,3264,2026-08-14 12:34:00,app_launch,抖音信息流
69288,3264,2026-08-14 12:35:00,ai_plan,抖音信息流
104501,4946,2026-08-14 12:36:00,app_launch,微信分享裂变
104501,4946,2026-08-14 12:37:00,ai_plan,微信分享裂变
104501,4946,2026-08-14 12:38:00,view_spot,微信分享裂变
104501,4946,2026-08-14 12:41:00,view_spot,微信分享裂变
104501,4946,2026-08-14 12:44:00,view_spot,微信分享裂变
104501,4946,2026-08-14 12:46:00,create_order,微信分享裂变
104501,4946,2026-08-14 12:47:00,view_spot,微信分享裂变
104501,4946,2026-08-14 12:47:00,pay_order,微信分享裂变
63667,2989,2026-08-14 12:54:00,app_launch,自然流量
63667,2989,2026-08-14 12:55:00,ai_plan,自然流量
69289,3264,2026-08-14 13:15:00,app_launch,抖音信息流
69289,3264,2026-08-14 13:16:00,ai_plan,抖音信息流
69289,3264,2026-08-14 13:17:00,view_spot,抖音信息流
69289,3264,2026-08-14 13:20:00,view_spot,抖音信息流
69289,3264,2026-08-14 13:23:00,view_spot,抖音信息流
69289,3264,2026-08-14 13:23:00,add_favorite,抖音信息流
69289,3264,2026-08-14 13:25:00,create_order,抖音信息流
69289,3264,2026-08-14 13:26:00,view_spot,抖音信息流
57973,2717,2026-08-14 13:47:00,app_launch,抖音信息流
69290,3264,2026-08-14 13:52:00,app_launch,抖音信息流
113970,5395,2026-08-14 13:58:00,app_launch,抖音信息流
113970,5395,2026-08-14 13:59:00,ai_plan,抖音信息流
113970,5395,2026-08-14 14:00:00,view_spot,抖音信息流
13623,648,2026-08-14 14:06:00,app_launch,抖音信息流
123167,5825,2026-08-14 14:18:00,app_launch,抖音信息流
141927,6727,2026-08-14 14:35:00,app_launch,自然流量
141927,6727,2026-08-14 14:36:00,ai_plan,自然流量
141927,6727,2026-08-14 14:37:00,view_spot,自然流量
141927,6727,2026-08-14 14:40:00,view_spot,自然流量
141927,6727,2026-08-14 14:43:00,add_favorite,自然流量
123168,5825,2026-08-14 15:36:00,app_launch,抖音信息流
123168,5825,2026-08-14 15:37:00,ai_plan,抖音信息流
123553,5841,2026-08-14 15:42:00,app_launch,抖音信息流
46441,2174,2026-08-14 15:45:00,app_launch,自然流量
46441,2174,2026-08-14 15:46:00,ai_plan,自然流量
110816,5245,2026-08-14 15:46:00,app_launch,抖音信息流
46441,2174,2026-08-14 15:47:00,view_spot,自然流量
110816,5245,2026-08-14 15:47:00,ai_plan,抖音信息流
110816,5245,2026-08-14 15:48:00,view_spot,抖音信息流
46441,2174,2026-08-14 15:50:00,view_spot,自然流量
110816,5245,2026-08-14 15:51:00,view_spot,抖音信息流
46441,2174,2026-08-14 15:53:00,view_spot,自然流量
110816,5245,2026-08-14 15:54:00,view_spot,抖音信息流
46441,2174,2026-08-14 15:56:00,view_spot,自然流量
110816,5245,2026-08-14 15:57:00,view_spot,抖音信息流
104503,4946,2026-08-14 16:09:00,app_launch,微信分享裂变
91249,4320,2026-08-14 16:10:00,app_launch,抖音信息流
104503,4946,2026-08-14 16:10:00,ai_plan,微信分享裂变
91249,4320,2026-08-14 16:11:00,ai_plan,抖音信息流
104503,4946,2026-08-14 16:11:00,view_spot,微信分享裂变
91249,4320,2026-08-14 16:12:00,view_spot,抖音信息流
104503,4946,2026-08-14 16:17:00,add_favorite,微信分享裂变
104503,4946,2026-08-14 16:19:00,create_order,微信分享裂变
91249,4320,2026-08-14 16:20:00,create_order,抖音信息流
104503,4946,2026-08-14 16:20:00,pay_order,微信分享裂变
91249,4320,2026-08-14 16:21:00,pay_order,抖音信息流
55250,2583,2026-08-14 16:42:00,app_launch,自然流量
65494,3079,2026-08-14 17:02:00,app_launch,小红书种草
65494,3079,2026-08-14 17:03:00,ai_plan,小红书种草
65494,3079,2026-08-14 17:04:00,view_spot,小红书种草
65494,3079,2026-08-14 17:07:00,view_spot,小红书种草
65494,3079,2026-08-14 17:12:00,create_order,小红书种草
65494,3079,2026-08-14 17:13:00,pay_order,小红书种草
35689,1678,2026-08-14 17:42:00,app_launch,抖音信息流
113971,5395,2026-08-14 17:44:00,app_launch,抖音信息流
113971,5395,2026-08-14 17:45:00,ai_plan,抖音信息流
28128,1323,2026-08-14 18:03:00,app_launch,自然流量
167237,7925,2026-08-14 18:03:00,app_launch,微信分享裂变
28128,1323,2026-08-14 18:04:00,ai_plan,自然流量
28128,1323,2026-08-14 18:05:00,view_spot,自然流量
28128,1323,2026-08-14 18:08:00,view_spot,自然流量
28128,1323,2026-08-14 18:11:00,add_favorite,自然流量
60119,2816,2026-08-14 18:43:00,app_launch,抖音信息流
167238,7925,2026-08-14 19:02:00,app_launch,微信分享裂变
65493,3079,2026-08-14 19:17:00,app_launch,小红书种草
65493,3079,2026-08-14 19:18:00,ai_plan,小红书种草
65493,3079,2026-08-14 19:19:00,view_spot,小红书种草
5675,264,2026-08-14 19:22:00,app_launch,自然流量
65493,3079,2026-08-14 19:22:00,view_spot,小红书种草
63665,2989,2026-08-14 19:25:00,app_launch,自然流量
65493,3079,2026-08-14 19:25:00,view_spot,小红书种草
63665,2989,2026-08-14 19:26:00,ai_plan,自然流量
110815,5245,2026-08-14 19:26:00,app_launch,抖音信息流
63665,2989,2026-08-14 19:27:00,view_spot,自然流量
65493,3079,2026-08-14 19:28:00,view_spot,小红书种草
63665,2989,2026-08-14 19:30:00,view_spot,自然流量
35687,1678,2026-08-14 20:04:00,app_launch,抖音信息流
35687,1678,2026-08-14 20:05:00,ai_plan,抖音信息流
35687,1678,2026-08-14 20:06:00,view_spot,抖音信息流
35687,1678,2026-08-14 20:09:00,view_spot,抖音信息流
35687,1678,2026-08-14 20:12:00,view_spot,抖音信息流
35687,1678,2026-08-14 20:12:00,add_favorite,抖音信息流
35687,1678,2026-08-14 20:15:00,view_spot,抖音信息流
118368,5603,2026-08-14 20:22:00,app_launch,微信分享裂变
118368,5603,2026-08-14 20:23:00,ai_plan,微信分享裂变
118368,5603,2026-08-14 20:24:00,view_spot,微信分享裂变
4856,223,2026-08-14 20:41:00,app_launch,小红书种草
4856,223,2026-08-14 20:42:00,ai_plan,小红书种草
4856,223,2026-08-14 20:43:00,view_spot,小红书种草
4856,223,2026-08-14 20:46:00,view_spot,小红书种草
4856,223,2026-08-14 20:49:00,view_spot,小红书种草
162169,7679,2026-08-14 20:59:00,app_launch,高校地推
137883,6523,2026-08-14 21:06:00,app_launch,自然流量
137883,6523,2026-08-14 21:07:00,ai_plan,自然流量
60120,2816,2026-08-14 21:21:00,app_launch,抖音信息流
60120,2816,2026-08-14 21:22:00,ai_plan,抖音信息流
60120,2816,2026-08-14 21:23:00,view_spot,抖音信息流
123554,5841,2026-08-14 21:25:00,app_launch,抖音信息流
60120,2816,2026-08-14 21:26:00,view_spot,抖音信息流
113972,5395,2026-08-14 21:26:00,app_launch,抖音信息流
123554,5841,2026-08-14 21:26:00,ai_plan,抖音信息流
113972,5395,2026-08-14 21:27:00,ai_plan,抖音信息流
60120,2816,2026-08-14 21:31:00,create_order,抖音信息流
60120,2816,2026-08-14 21:32:00,pay_order,抖音信息流
21598,1018,2026-08-14 22:18:00,app_launch,微信分享裂变
21598,1018,2026-08-14 22:19:00,ai_plan,微信分享裂变
36143,1700,2026-08-14 22:36:00,app_launch,小红书种草
141926,6727,2026-08-14 22:54:00,app_launch,自然流量
10961,519,2026-08-15 07:04:00,app_launch,自然流量
48178,2253,2026-08-15 07:33:00,app_launch,抖音信息流
48178,2253,2026-08-15 07:34:00,ai_plan,抖音信息流
48178,2253,2026-08-15 07:35:00,view_spot,抖音信息流
22433,1056,2026-08-15 07:36:00,app_launch,小红书种草
162171,7679,2026-08-15 08:01:00,app_launch,高校地推
162171,7679,2026-08-15 08:02:00,ai_plan,高校地推
75006,3536,2026-08-15 08:12:00,app_launch,微信分享裂变
75006,3536,2026-08-15 08:13:00,ai_plan,微信分享裂变
75006,3536,2026-08-15 08:14:00,view_spot,微信分享裂变
75006,3536,2026-08-15 08:17:00,view_spot,微信分享裂变
129733,6132,2026-08-15 08:19:00,app_launch,小红书种草
75006,3536,2026-08-15 08:20:00,view_spot,微信分享裂变
75006,3536,2026-08-15 08:20:00,add_favorite,微信分享裂变
129733,6132,2026-08-15 08:20:00,ai_plan,小红书种草
129733,6132,2026-08-15 08:21:00,view_spot,小红书种草
129733,6132,2026-08-15 08:24:00,view_spot,小红书种草
129733,6132,2026-08-15 08:27:00,add_favorite,小红书种草
131705,6229,2026-08-15 08:27:00,app_launch,抖音信息流
10960,519,2026-08-15 08:32:00,app_launch,自然流量
135804,6424,2026-08-15 09:08:00,app_launch,微信分享裂变
135804,6424,2026-08-15 09:09:00,ai_plan,微信分享裂变
135804,6424,2026-08-15 09:10:00,view_spot,微信分享裂变
135804,6424,2026-08-15 09:13:00,view_spot,微信分享裂变
135804,6424,2026-08-15 09:16:00,view_spot,微信分享裂变
135804,6424,2026-08-15 09:19:00,view_spot,微信分享裂变
162173,7679,2026-08-15 09:25:00,app_launch,高校地推
162173,7679,2026-08-15 09:26:00,ai_plan,高校地推
162173,7679,2026-08-15 09:27:00,view_spot,高校地推
162173,7679,2026-08-15 09:30:00,view_spot,高校地推
162173,7679,2026-08-15 09:33:00,view_spot,高校地推
162173,7679,2026-08-15 09:33:00,add_favorite,高校地推
162173,7679,2026-08-15 09:36:00,view_spot,高校地推
12688,602,2026-08-15 09:47:00,app_launch,微信分享裂变
12688,602,2026-08-15 09:48:00,ai_plan,微信分享裂变
41485,1946,2026-08-15 09:50:00,app_launch,高校地推
41485,1946,2026-08-15 09:51:00,ai_plan,高校地推
41485,1946,2026-08-15 09:52:00,view_spot,高校地推
22847,1075,2026-08-15 09:53:00,app_launch,微信分享裂变
41485,1946,2026-08-15 09:55:00,view_spot,高校地推
153260,7260,2026-08-15 10:31:00,app_launch,自然流量
22432,1056,2026-08-15 10:37:00,app_launch,小红书种草
22432,1056,2026-08-15 10:38:00,ai_plan,小红书种草
69291,3264,2026-08-15 10:38:00,app_launch,抖音信息流
69291,3264,2026-08-15 10:39:00,ai_plan,抖音信息流
79823,3768,2026-08-15 10:44:00,app_launch,抖音信息流
79823,3768,2026-08-15 10:45:00,ai_plan,抖音信息流
79823,3768,2026-08-15 10:46:00,view_spot,抖音信息流
79823,3768,2026-08-15 10:49:00,view_spot,抖音信息流
58737,2749,2026-08-15 10:56:00,app_launch,抖音信息流
35690,1678,2026-08-15 11:01:00,app_launch,抖音信息流
114153,5403,2026-08-15 11:17:00,app_launch,抖音信息流
114153,5403,2026-08-15 11:18:00,ai_plan,抖音信息流
163263,7732,2026-08-15 11:29:00,app_launch,抖音信息流
163263,7732,2026-08-15 11:30:00,ai_plan,抖音信息流
29924,1407,2026-08-15 12:29:00,app_launch,高校地推
29924,1407,2026-08-15 12:30:00,ai_plan,高校地推
83123,3933,2026-08-15 12:35:00,app_launch,抖音信息流
83123,3933,2026-08-15 12:36:00,ai_plan,抖音信息流
83123,3933,2026-08-15 12:37:00,view_spot,抖音信息流
83123,3933,2026-08-15 12:40:00,view_spot,抖音信息流
83123,3933,2026-08-15 12:43:00,view_spot,抖音信息流
163261,7732,2026-08-15 12:43:00,app_launch,抖音信息流
83123,3933,2026-08-15 12:46:00,view_spot,抖音信息流
142385,6748,2026-08-15 13:03:00,app_launch,抖音信息流
12379,587,2026-08-15 13:04:00,app_launch,自然流量
63669,2989,2026-08-15 13:48:00,app_launch,自然流量
63669,2989,2026-08-15 13:49:00,ai_plan,自然流量
63669,2989,2026-08-15 13:50:00,view_spot,自然流量
63669,2989,2026-08-15 13:53:00,view_spot,自然流量
63669,2989,2026-08-15 13:56:00,view_spot,自然流量
63669,2989,2026-08-15 13:56:00,add_favorite,自然流量
63669,2989,2026-08-15 13:59:00,view_spot,自然流量
162172,7679,2026-08-15 13:59:00,app_launch,高校地推
162172,7679,2026-08-15 14:00:00,ai_plan,高校地推
110818,5245,2026-08-15 14:22:00,app_launch,抖音信息流
110818,5245,2026-08-15 14:23:00,ai_plan,抖音信息流
110817,5245,2026-08-15 14:29:00,app_launch,抖音信息流
83063,3930,2026-08-15 14:38:00,app_launch,高校地推
83063,3930,2026-08-15 14:39:00,ai_plan,高校地推
83063,3930,2026-08-15 14:40:00,view_spot,高校地推
75007,3536,2026-08-15 14:52:00,app_launch,微信分享裂变
165529,7840,2026-08-15 14:54:00,app_launch,抖音信息流
165529,7840,2026-08-15 14:55:00,ai_plan,抖音信息流
83125,3933,2026-08-15 14:56:00,app_launch,抖音信息流
165529,7840,2026-08-15 14:56:00,view_spot,抖音信息流
83125,3933,2026-08-15 14:57:00,ai_plan,抖音信息流
58738,2749,2026-08-15 15:04:00,app_launch,抖音信息流
58738,2749,2026-08-15 15:05:00,ai_plan,抖音信息流
58738,2749,2026-08-15 15:06:00,view_spot,抖音信息流
58738,2749,2026-08-15 15:09:00,view_spot,抖音信息流
113328,5364,2026-08-15 15:28:00,app_launch,高校地推
113328,5364,2026-08-15 15:29:00,ai_plan,高校地推
113328,5364,2026-08-15 15:30:00,view_spot,高校地推
113328,5364,2026-08-15 15:33:00,view_spot,高校地推
123555,5841,2026-08-15 15:51:00,app_launch,抖音信息流
123555,5841,2026-08-15 15:52:00,ai_plan,抖音信息流
123555,5841,2026-08-15 15:53:00,view_spot,抖音信息流
123555,5841,2026-08-15 15:56:00,view_spot,抖音信息流
123555,5841,2026-08-15 15:59:00,view_spot,抖音信息流
123555,5841,2026-08-15 15:59:00,add_favorite,抖音信息流
10263,484,2026-08-15 16:07:00,app_launch,抖音信息流
118151,5592,2026-08-15 16:09:00,app_launch,微信分享裂变
118151,5592,2026-08-15 16:10:00,ai_plan,微信分享裂变
48176,2253,2026-08-15 16:11:00,app_launch,抖音信息流
118151,5592,2026-08-15 16:11:00,view_spot,微信分享裂变
118151,5592,2026-08-15 16:14:00,view_spot,微信分享裂变
118151,5592,2026-08-15 16:17:00,view_spot,微信分享裂变
118151,5592,2026-08-15 16:19:00,create_order,微信分享裂变
118151,5592,2026-08-15 16:20:00,pay_order,微信分享裂变
53131,2479,2026-08-15 16:28:00,app_launch,抖音信息流
53131,2479,2026-08-15 16:29:00,ai_plan,抖音信息流
153261,7260,2026-08-15 16:43:00,app_launch,自然流量
41212,1935,2026-08-15 16:50:00,app_launch,小红书种草
41212,1935,2026-08-15 16:51:00,ai_plan,小红书种草
31629,1484,2026-08-15 17:03:00,app_launch,自然流量
104504,4946,2026-08-15 17:03:00,app_launch,微信分享裂变
104504,4946,2026-08-15 17:04:00,ai_plan,微信分享裂变
28132,1323,2026-08-15 17:22:00,app_launch,自然流量
28132,1323,2026-08-15 17:23:00,ai_plan,自然流量
48177,2253,2026-08-15 17:44:00,app_launch,抖音信息流
48177,2253,2026-08-15 17:45:00,ai_plan,抖音信息流
48177,2253,2026-08-15 17:46:00,view_spot,抖音信息流
113327,5364,2026-08-15 17:55:00,app_launch,高校地推
113327,5364,2026-08-15 17:56:00,ai_plan,高校地推
113327,5364,2026-08-15 17:57:00,view_spot,高校地推
113327,5364,2026-08-15 18:00:00,view_spot,高校地推
113327,5364,2026-08-15 18:03:00,view_spot,高校地推
113327,5364,2026-08-15 18:05:00,create_order,高校地推
113327,5364,2026-08-15 18:06:00,view_spot,高校地推
113327,5364,2026-08-15 18:06:00,pay_order,高校地推
57264,2681,2026-08-15 18:17:00,app_launch,微信分享裂变
57264,2681,2026-08-15 18:18:00,ai_plan,微信分享裂变
57264,2681,2026-08-15 18:19:00,view_spot,微信分享裂变
57264,2681,2026-08-15 18:22:00,view_spot,微信分享裂变
57264,2681,2026-08-15 18:25:00,add_favorite,微信分享裂变
83124,3933,2026-08-15 18:31:00,app_launch,抖音信息流
83124,3933,2026-08-15 18:32:00,ai_plan,抖音信息流
57263,2681,2026-08-15 18:46:00,app_launch,微信分享裂变
57263,2681,2026-08-15 18:47:00,ai_plan,微信分享裂变
57263,2681,2026-08-15 18:48:00,view_spot,微信分享裂变
41213,1935,2026-08-15 19:21:00,app_launch,小红书种草
41213,1935,2026-08-15 19:22:00,ai_plan,小红书种草
12380,587,2026-08-15 19:32:00,app_launch,自然流量
12378,587,2026-08-15 19:41:00,app_launch,自然流量
10265,484,2026-08-15 20:00:00,app_launch,抖音信息流
10265,484,2026-08-15 20:01:00,ai_plan,抖音信息流
165530,7840,2026-08-15 20:15:00,app_launch,抖音信息流
165530,7840,2026-08-15 20:16:00,ai_plan,抖音信息流
148057,7021,2026-08-15 20:19:00,app_launch,高校地推
148057,7021,2026-08-15 20:20:00,ai_plan,高校地推
148057,7021,2026-08-15 20:21:00,view_spot,高校地推
41484,1946,2026-08-15 20:24:00,app_launch,高校地推
53132,2479,2026-08-15 20:25:00,app_launch,抖音信息流
53132,2479,2026-08-15 20:26:00,ai_plan,抖音信息流
53132,2479,2026-08-15 20:27:00,view_spot,抖音信息流
53132,2479,2026-08-15 20:33:00,add_favorite,抖音信息流
110819,5245,2026-08-15 20:39:00,app_launch,抖音信息流
110819,5245,2026-08-15 20:40:00,ai_plan,抖音信息流
29925,1407,2026-08-15 20:53:00,app_launch,高校地推
29925,1407,2026-08-15 20:54:00,ai_plan,高校地推
63668,2989,2026-08-15 21:13:00,app_launch,自然流量
63668,2989,2026-08-15 21:14:00,ai_plan,自然流量
63668,2989,2026-08-15 21:15:00,view_spot,自然流量
63668,2989,2026-08-15 21:18:00,view_spot,自然流量
63668,2989,2026-08-15 21:21:00,view_spot,自然流量
63668,2989,2026-08-15 21:24:00,view_spot,自然流量
83064,3930,2026-08-15 21:27:00,app_launch,高校地推
83064,3930,2026-08-15 21:28:00,ai_plan,高校地推
10264,484,2026-08-15 21:29:00,app_launch,抖音信息流
10264,484,2026-08-15 21:30:00,ai_plan,抖音信息流
83062,3930,2026-08-15 21:35:00,app_launch,高校地推
28130,1323,2026-08-15 21:38:00,app_launch,自然流量
28130,1323,2026-08-15 21:39:00,ai_plan,自然流量
28130,1323,2026-08-15 21:40:00,view_spot,自然流量
35691,1678,2026-08-15 21:44:00,app_launch,抖音信息流
35691,1678,2026-08-15 21:45:00,ai_plan,抖音信息流
35691,1678,2026-08-15 21:46:00,view_spot,抖音信息流
35691,1678,2026-08-15 21:49:00,view_spot,抖音信息流
35691,1678,2026-08-15 21:52:00,view_spot,抖音信息流
135803,6424,2026-08-15 22:11:00,app_launch,微信分享裂变
135803,6424,2026-08-15 22:12:00,ai_plan,微信分享裂变
135803,6424,2026-08-15 22:13:00,view_spot,微信分享裂变
104505,4946,2026-08-15 22:16:00,app_launch,微信分享裂变
104505,4946,2026-08-15 22:17:00,ai_plan,微信分享裂变
104505,4946,2026-08-15 22:18:00,view_spot,微信分享裂变
104505,4946,2026-08-15 22:21:00,view_spot,微信分享裂变
163262,7732,2026-08-15 22:22:00,app_launch,抖音信息流
163262,7732,2026-08-15 22:23:00,ai_plan,抖音信息流
104505,4946,2026-08-15 22:24:00,view_spot,微信分享裂变
29926,1407,2026-08-15 22:26:00,app_launch,高校地推
29926,1407,2026-08-15 22:27:00,ai_plan,高校地推
104505,4946,2026-08-15 22:27:00,view_spot,微信分享裂变
22845,1075,2026-08-15 22:46:00,app_launch,微信分享裂变
22846,1075,2026-08-15 22:52:00,app_launch,微信分享裂变
22846,1075,2026-08-15 22:53:00,ai_plan,微信分享裂变
22846,1075,2026-08-15 22:54:00,view_spot,微信分享裂变
28131,1323,2026-08-15 22:56:00,app_launch,自然流量
22846,1075,2026-08-15 22:57:00,view_spot,微信分享裂变
28131,1323,2026-08-15 22:57:00,ai_plan,自然流量
22846,1075,2026-08-15 23:00:00,view_spot,微信分享裂变
22846,1075,2026-08-15 23:02:00,create_order,微信分享裂变
22846,1075,2026-08-15 23:03:00,pay_order,微信分享裂变
22434,1056,2026-08-16 07:01:00,app_launch,小红书种草
22434,1056,2026-08-16 07:02:00,ai_plan,小红书种草
22434,1056,2026-08-16 07:03:00,view_spot,小红书种草
22434,1056,2026-08-16 07:06:00,view_spot,小红书种草
22434,1056,2026-08-16 07:09:00,view_spot,小红书种草
22434,1056,2026-08-16 07:09:00,add_favorite,小红书种草
22434,1056,2026-08-16 07:12:00,view_spot,小红书种草
12689,602,2026-08-16 07:22:00,app_launch,微信分享裂变
21599,1018,2026-08-16 07:31:00,app_launch,微信分享裂变
64499,3028,2026-08-16 07:31:00,app_launch,微信分享裂变
106452,5037,2026-08-16 07:43:00,app_launch,微信分享裂变
106452,5037,2026-08-16 07:44:00,ai_plan,微信分享裂变
106452,5037,2026-08-16 07:45:00,view_spot,微信分享裂变
60121,2816,2026-08-16 07:47:00,app_launch,抖音信息流
60121,2816,2026-08-16 07:48:00,ai_plan,抖音信息流
106452,5037,2026-08-16 07:48:00,view_spot,微信分享裂变
60121,2816,2026-08-16 07:49:00,view_spot,抖音信息流
106452,5037,2026-08-16 07:51:00,view_spot,微信分享裂变
106452,5037,2026-08-16 07:51:00,add_favorite,微信分享裂变
60121,2816,2026-08-16 07:52:00,view_spot,抖音信息流
106452,5037,2026-08-16 07:54:00,view_spot,微信分享裂变
60121,2816,2026-08-16 07:55:00,view_spot,抖音信息流
60121,2816,2026-08-16 07:58:00,view_spot,抖音信息流
57266,2681,2026-08-16 07:59:00,app_launch,微信分享裂变
57266,2681,2026-08-16 08:00:00,ai_plan,微信分享裂变
57266,2681,2026-08-16 08:01:00,view_spot,微信分享裂变
57265,2681,2026-08-16 08:04:00,app_launch,微信分享裂变
57266,2681,2026-08-16 08:04:00,view_spot,微信分享裂变
57266,2681,2026-08-16 08:09:00,create_order,微信分享裂变
57266,2681,2026-08-16 08:10:00,pay_order,微信分享裂变
28602,1346,2026-08-16 08:14:00,app_launch,小红书种草
60654,2841,2026-08-16 08:14:00,app_launch,微信分享裂变
60654,2841,2026-08-16 08:15:00,ai_plan,微信分享裂变
162174,7679,2026-08-16 08:29:00,app_launch,高校地推
162174,7679,2026-08-16 08:30:00,ai_plan,高校地推
12690,602,2026-08-16 08:38:00,app_launch,微信分享裂变
12690,602,2026-08-16 08:39:00,ai_plan,微信分享裂变
12690,602,2026-08-16 08:40:00,view_spot,微信分享裂变
12690,602,2026-08-16 08:46:00,add_favorite,微信分享裂变
12690,602,2026-08-16 08:48:00,create_order,微信分享裂变
123169,5825,2026-08-16 08:56:00,app_launch,抖音信息流
123169,5825,2026-08-16 08:57:00,ai_plan,抖音信息流
123169,5825,2026-08-16 08:58:00,view_spot,抖音信息流
123169,5825,2026-08-16 09:01:00,view_spot,抖音信息流
123169,5825,2026-08-16 09:04:00,view_spot,抖音信息流
162175,7679,2026-08-16 09:04:00,app_launch,高校地推
162175,7679,2026-08-16 09:05:00,ai_plan,高校地推
162175,7679,2026-08-16 09:06:00,view_spot,高校地推
123169,5825,2026-08-16 09:07:00,view_spot,抖音信息流
10962,519,2026-08-16 09:15:00,app_launch,自然流量
10962,519,2026-08-16 09:16:00,ai_plan,自然流量
10962,519,2026-08-16 09:17:00,view_spot,自然流量
22222,1045,2026-08-16 09:21:00,app_launch,自然流量
22222,1045,2026-08-16 09:22:00,ai_plan,自然流量
29929,1407,2026-08-16 09:34:00,app_launch,高校地推
22570,1062,2026-08-16 09:43:00,app_launch,小红书种草
60653,2841,2026-08-16 10:07:00,app_launch,微信分享裂变
153262,7260,2026-08-16 10:07:00,app_launch,自然流量
60653,2841,2026-08-16 10:08:00,ai_plan,微信分享裂变
153262,7260,2026-08-16 10:08:00,ai_plan,自然流量
131964,6241,2026-08-16 10:20:00,app_launch,小红书种草
131964,6241,2026-08-16 10:21:00,ai_plan,小红书种草
131964,6241,2026-08-16 10:22:00,view_spot,小红书种草
131964,6241,2026-08-16 10:25:00,view_spot,小红书种草
131964,6241,2026-08-16 10:28:00,view_spot,小红书种草
63670,2989,2026-08-16 11:13:00,app_launch,自然流量
106454,5037,2026-08-16 11:21:00,app_launch,微信分享裂变
106454,5037,2026-08-16 11:22:00,ai_plan,微信分享裂变
106454,5037,2026-08-16 11:23:00,view_spot,微信分享裂变
118371,5603,2026-08-16 11:52:00,app_launch,微信分享裂变
109962,5205,2026-08-16 11:53:00,app_launch,自然流量
109962,5205,2026-08-16 11:54:00,ai_plan,自然流量
109962,5205,2026-08-16 11:55:00,view_spot,自然流量
21299,1003,2026-08-16 12:01:00,app_launch,自然流量
109962,5205,2026-08-16 12:01:00,add_favorite,自然流量
21299,1003,2026-08-16 12:02:00,ai_plan,自然流量
21299,1003,2026-08-16 12:03:00,view_spot,自然流量
21299,1003,2026-08-16 12:06:00,view_spot,自然流量
21299,1003,2026-08-16 12:09:00,view_spot,自然流量
21299,1003,2026-08-16 12:12:00,view_spot,自然流量
51382,2406,2026-08-16 12:16:00,app_launch,自然流量
51382,2406,2026-08-16 12:17:00,ai_plan,自然流量
51382,2406,2026-08-16 12:18:00,view_spot,自然流量
51382,2406,2026-08-16 12:21:00,view_spot,自然流量
10964,519,2026-08-16 12:24:00,app_launch,自然流量
51382,2406,2026-08-16 12:24:00,view_spot,自然流量
51382,2406,2026-08-16 12:24:00,add_favorite,自然流量
51382,2406,2026-08-16 12:27:00,view_spot,自然流量
129735,6132,2026-08-16 12:28:00,app_launch,小红书种草
129735,6132,2026-08-16 12:29:00,ai_plan,小红书种草
129735,6132,2026-08-16 12:30:00,view_spot,小红书种草
129735,6132,2026-08-16 12:33:00,view_spot,小红书种草
62805,2945,2026-08-16 12:37:00,app_launch,自然流量
62805,2945,2026-08-16 12:38:00,ai_plan,自然流量
62805,2945,2026-08-16 12:39:00,view_spot,自然流量
62805,2945,2026-08-16 12:42:00,view_spot,自然流量
110820,5245,2026-08-16 12:44:00,app_launch,抖音信息流
62805,2945,2026-08-16 12:45:00,add_favorite,自然流量
110820,5245,2026-08-16 12:45:00,ai_plan,抖音信息流
29928,1407,2026-08-16 12:54:00,app_launch,高校地推
22571,1062,2026-08-16 12:57:00,app_launch,小红书种草
22571,1062,2026-08-16 12:58:00,ai_plan,小红书种草
22571,1062,2026-08-16 12:59:00,view_spot,小红书种草
93260,4415,2026-08-16 13:00:00,app_launch,自然流量
69905,3291,2026-08-16 13:50:00,app_launch,抖音信息流
69905,3291,2026-08-16 13:51:00,ai_plan,抖音信息流
69905,3291,2026-08-16 13:52:00,view_spot,抖音信息流
69905,3291,2026-08-16 13:55:00,view_spot,抖音信息流
69905,3291,2026-08-16 13:58:00,view_spot,抖音信息流
69905,3291,2026-08-16 13:58:00,add_favorite,抖音信息流
10963,519,2026-08-16 14:46:00,app_launch,自然流量
10963,519,2026-08-16 14:47:00,ai_plan,自然流量
10963,519,2026-08-16 14:48:00,view_spot,自然流量
106453,5037,2026-08-16 15:24:00,app_launch,微信分享裂变
106453,5037,2026-08-16 15:25:00,ai_plan,微信分享裂变
106453,5037,2026-08-16 15:26:00,view_spot,微信分享裂变
106453,5037,2026-08-16 15:29:00,view_spot,微信分享裂变
106453,5037,2026-08-16 15:32:00,add_favorite,微信分享裂变
133566,6320,2026-08-16 15:54:00,app_launch,小红书种草
133566,6320,2026-08-16 15:55:00,ai_plan,小红书种草
133566,6320,2026-08-16 15:56:00,view_spot,小红书种草
133566,6320,2026-08-16 15:59:00,view_spot,小红书种草
64501,3028,2026-08-16 16:02:00,app_launch,微信分享裂变
133566,6320,2026-08-16 16:02:00,view_spot,小红书种草
133566,6320,2026-08-16 16:02:00,add_favorite,小红书种草
64501,3028,2026-08-16 16:03:00,ai_plan,微信分享裂变
64501,3028,2026-08-16 16:04:00,view_spot,微信分享裂变
133566,6320,2026-08-16 16:05:00,view_spot,小红书种草
64501,3028,2026-08-16 16:07:00,view_spot,微信分享裂变
28603,1346,2026-08-16 16:08:00,app_launch,小红书种草
41214,1935,2026-08-16 16:08:00,app_launch,小红书种草
63671,2989,2026-08-16 16:08:00,app_launch,自然流量
28603,1346,2026-08-16 16:09:00,ai_plan,小红书种草
41214,1935,2026-08-16 16:09:00,ai_plan,小红书种草
63671,2989,2026-08-16 16:09:00,ai_plan,自然流量
28603,1346,2026-08-16 16:10:00,view_spot,小红书种草
41214,1935,2026-08-16 16:10:00,view_spot,小红书种草
64501,3028,2026-08-16 16:10:00,view_spot,微信分享裂变
64501,3028,2026-08-16 16:10:00,add_favorite,微信分享裂变
28603,1346,2026-08-16 16:13:00,view_spot,小红书种草
41214,1935,2026-08-16 16:13:00,view_spot,小红书种草
28603,1346,2026-08-16 16:16:00,view_spot,小红书种草
41214,1935,2026-08-16 16:16:00,view_spot,小红书种草
41214,1935,2026-08-16 16:16:00,add_favorite,小红书种草
28603,1346,2026-08-16 16:19:00,view_spot,小红书种草
41214,1935,2026-08-16 16:19:00,view_spot,小红书种草
12691,602,2026-08-16 16:45:00,app_launch,微信分享裂变
165531,7840,2026-08-16 17:32:00,app_launch,抖音信息流
165531,7840,2026-08-16 17:33:00,ai_plan,抖音信息流
165531,7840,2026-08-16 17:34:00,view_spot,抖音信息流
21297,1003,2026-08-16 17:39:00,app_launch,自然流量
21297,1003,2026-08-16 17:40:00,ai_plan,自然流量
165531,7840,2026-08-16 17:40:00,add_favorite,抖音信息流
165532,7840,2026-08-16 17:44:00,app_launch,抖音信息流
34427,1619,2026-08-16 17:48:00,app_launch,高校地推
64500,3028,2026-08-16 17:48:00,app_launch,微信分享裂变
34427,1619,2026-08-16 17:49:00,ai_plan,高校地推
64500,3028,2026-08-16 17:49:00,ai_plan,微信分享裂变
34427,1619,2026-08-16 17:50:00,view_spot,高校地推
64500,3028,2026-08-16 17:50:00,view_spot,微信分享裂变
34427,1619,2026-08-16 17:53:00,view_spot,高校地推
34427,1619,2026-08-16 17:56:00,view_spot,高校地推
29927,1407,2026-08-16 18:28:00,app_launch,高校地推
51381,2406,2026-08-16 18:45:00,app_launch,自然流量
51383,2406,2026-08-16 19:10:00,app_launch,自然流量
51383,2406,2026-08-16 19:11:00,ai_plan,自然流量
22223,1045,2026-08-16 19:15:00,app_launch,自然流量
131965,6241,2026-08-16 19:23:00,app_launch,小红书种草
131965,6241,2026-08-16 19:24:00,ai_plan,小红书种草
131965,6241,2026-08-16 19:25:00,view_spot,小红书种草
131965,6241,2026-08-16 19:28:00,view_spot,小红书种草
93259,4415,2026-08-16 19:34:00,app_launch,自然流量
123170,5825,2026-08-16 19:38:00,app_launch,抖音信息流
123170,5825,2026-08-16 19:39:00,ai_plan,抖音信息流
123170,5825,2026-08-16 19:40:00,view_spot,抖音信息流
22224,1045,2026-08-16 19:47:00,app_launch,自然流量
22224,1045,2026-08-16 19:48:00,ai_plan,自然流量
109961,5205,2026-08-16 20:10:00,app_launch,自然流量
101231,4795,2026-08-16 20:12:00,app_launch,抖音信息流
110821,5245,2026-08-16 20:28:00,app_launch,抖音信息流
110821,5245,2026-08-16 20:29:00,ai_plan,抖音信息流
110821,5245,2026-08-16 20:30:00,view_spot,抖音信息流
110821,5245,2026-08-16 20:33:00,view_spot,抖音信息流
110821,5245,2026-08-16 20:36:00,view_spot,抖音信息流
110821,5245,2026-08-16 20:36:00,add_favorite,抖音信息流
118370,5603,2026-08-16 21:17:00,app_launch,微信分享裂变
129734,6132,2026-08-16 21:17:00,app_launch,小红书种草
118370,5603,2026-08-16 21:18:00,ai_plan,微信分享裂变
129734,6132,2026-08-16 21:18:00,ai_plan,小红书种草
118370,5603,2026-08-16 21:19:00,view_spot,微信分享裂变
129734,6132,2026-08-16 21:19:00,view_spot,小红书种草
118370,5603,2026-08-16 21:22:00,view_spot,微信分享裂变
129734,6132,2026-08-16 21:22:00,view_spot,小红书种草
118370,5603,2026-08-16 21:25:00,view_spot,微信分享裂变
129734,6132,2026-08-16 21:25:00,add_favorite,小红书种草
118370,5603,2026-08-16 21:28:00,view_spot,微信分享裂变
69906,3291,2026-08-16 22:15:00,app_launch,抖音信息流
69906,3291,2026-08-16 22:16:00,ai_plan,抖音信息流
118369,5603,2026-08-16 22:16:00,app_launch,微信分享裂变
69906,3291,2026-08-16 22:17:00,view_spot,抖音信息流
69906,3291,2026-08-16 22:20:00,view_spot,抖音信息流
21298,1003,2026-08-16 22:23:00,app_launch,自然流量
69906,3291,2026-08-16 22:25:00,create_order,抖音信息流
91936,4353,2026-08-16 22:52:00,app_launch,小红书种草
148058,7021,2026-08-17 07:43:00,app_launch,高校地推
150036,7112,2026-08-17 08:28:00,app_launch,小红书种草
83065,3930,2026-08-17 08:55:00,app_launch,高校地推
83065,3930,2026-08-17 08:56:00,ai_plan,高校地推
83065,3930,2026-08-17 08:57:00,view_spot,高校地推
10268,484,2026-08-17 09:05:00,app_launch,抖音信息流
10268,484,2026-08-17 09:06:00,ai_plan,抖音信息流
150034,7112,2026-08-17 09:17:00,app_launch,小红书种草
150035,7112,2026-08-17 11:24:00,app_launch,小红书种草
150035,7112,2026-08-17 11:25:00,ai_plan,小红书种草
150035,7112,2026-08-17 11:26:00,view_spot,小红书种草
150035,7112,2026-08-17 11:29:00,view_spot,小红书种草
150035,7112,2026-08-17 11:32:00,view_spot,小红书种草
150035,7112,2026-08-17 11:34:00,create_order,小红书种草
150035,7112,2026-08-17 11:35:00,view_spot,小红书种草
150035,7112,2026-08-17 11:35:00,pay_order,小红书种草
544,24,2026-08-17 11:50:00,app_launch,微信分享裂变
544,24,2026-08-17 11:51:00,ai_plan,微信分享裂变
544,24,2026-08-17 11:52:00,view_spot,微信分享裂变
544,24,2026-08-17 11:55:00,view_spot,微信分享裂变
45349,2119,2026-08-17 11:55:00,app_launch,自然流量
45349,2119,2026-08-17 11:56:00,ai_plan,自然流量
544,24,2026-08-17 11:58:00,view_spot,微信分享裂变
544,24,2026-08-17 11:58:00,add_favorite,微信分享裂变
544,24,2026-08-17 12:00:00,create_order,微信分享裂变
544,24,2026-08-17 12:01:00,pay_order,微信分享裂变
83066,3930,2026-08-17 12:08:00,app_launch,高校地推
79826,3768,2026-08-17 12:27:00,app_launch,抖音信息流
79826,3768,2026-08-17 12:28:00,ai_plan,抖音信息流
148059,7021,2026-08-17 12:40:00,app_launch,高校地推
148059,7021,2026-08-17 12:41:00,ai_plan,高校地推
148059,7021,2026-08-17 12:42:00,view_spot,高校地推
148059,7021,2026-08-17 12:45:00,view_spot,高校地推
129736,6132,2026-08-17 12:48:00,app_launch,小红书种草
148059,7021,2026-08-17 12:48:00,view_spot,高校地推
129736,6132,2026-08-17 12:49:00,ai_plan,小红书种草
35694,1678,2026-08-17 12:50:00,app_launch,抖音信息流
35694,1678,2026-08-17 12:51:00,ai_plan,抖音信息流
79825,3768,2026-08-17 12:58:00,app_launch,抖音信息流
79824,3768,2026-08-17 13:11:00,app_launch,抖音信息流
79824,3768,2026-08-17 13:12:00,ai_plan,抖音信息流
79824,3768,2026-08-17 13:13:00,view_spot,抖音信息流
79824,3768,2026-08-17 13:16:00,view_spot,抖音信息流
79824,3768,2026-08-17 13:19:00,view_spot,抖音信息流
79824,3768,2026-08-17 13:22:00,view_spot,抖音信息流
35692,1678,2026-08-17 13:26:00,app_launch,抖音信息流
83067,3930,2026-08-17 13:26:00,app_launch,高校地推
83067,3930,2026-08-17 13:27:00,ai_plan,高校地推
83067,3930,2026-08-17 13:28:00,view_spot,高校地推
83067,3930,2026-08-17 13:31:00,view_spot,高校地推
83067,3930,2026-08-17 13:34:00,view_spot,高校地推
83067,3930,2026-08-17 13:36:00,create_order,高校地推
83067,3930,2026-08-17 13:37:00,view_spot,高校地推
83067,3930,2026-08-17 13:37:00,pay_order,高校地推
129737,6132,2026-08-17 13:52:00,app_launch,小红书种草
64503,3028,2026-08-17 14:18:00,app_launch,微信分享裂变
64503,3028,2026-08-17 14:19:00,ai_plan,微信分享裂变
64503,3028,2026-08-17 14:20:00,view_spot,微信分享裂变
64503,3028,2026-08-17 14:23:00,view_spot,微信分享裂变
64503,3028,2026-08-17 14:26:00,view_spot,微信分享裂变
64503,3028,2026-08-17 14:26:00,add_favorite,微信分享裂变
113329,5364,2026-08-17 14:31:00,app_launch,高校地推
113329,5364,2026-08-17 14:32:00,ai_plan,高校地推
160163,7583,2026-08-17 16:13:00,app_launch,自然流量
160163,7583,2026-08-17 16:14:00,ai_plan,自然流量
160163,7583,2026-08-17 16:15:00,view_spot,自然流量
160163,7583,2026-08-17 16:18:00,view_spot,自然流量
160163,7583,2026-08-17 16:23:00,create_order,自然流量
22874,1076,2026-08-17 17:45:00,app_launch,抖音信息流
64502,3028,2026-08-17 17:45:00,app_launch,微信分享裂变
22874,1076,2026-08-17 17:46:00,ai_plan,抖音信息流
64502,3028,2026-08-17 17:46:00,ai_plan,微信分享裂变
64502,3028,2026-08-17 17:47:00,view_spot,微信分享裂变
110822,5245,2026-08-17 17:58:00,app_launch,抖音信息流
113330,5364,2026-08-17 17:58:00,app_launch,高校地推
160161,7583,2026-08-17 18:38:00,app_launch,自然流量
160161,7583,2026-08-17 18:39:00,ai_plan,自然流量
10266,484,2026-08-17 19:04:00,app_launch,抖音信息流
10266,484,2026-08-17 19:05:00,ai_plan,抖音信息流
118372,5603,2026-08-17 19:16:00,app_launch,微信分享裂变
118372,5603,2026-08-17 19:17:00,ai_plan,微信分享裂变
118372,5603,2026-08-17 19:18:00,view_spot,微信分享裂变
22875,1076,2026-08-17 20:07:00,app_launch,抖音信息流
22875,1076,2026-08-17 20:08:00,ai_plan,抖音信息流
22875,1076,2026-08-17 20:09:00,view_spot,抖音信息流
160162,7583,2026-08-17 20:11:00,app_launch,自然流量
22875,1076,2026-08-17 20:15:00,add_favorite,抖音信息流
21300,1003,2026-08-17 21:02:00,app_launch,自然流量
21300,1003,2026-08-17 21:03:00,ai_plan,自然流量
21301,1003,2026-08-17 21:08:00,app_launch,自然流量
35693,1678,2026-08-17 21:10:00,app_launch,抖音信息流
10267,484,2026-08-17 21:31:00,app_launch,抖音信息流
10267,484,2026-08-17 21:32:00,ai_plan,抖音信息流
10267,484,2026-08-17 21:33:00,view_spot,抖音信息流
10267,484,2026-08-17 21:36:00,view_spot,抖音信息流
10267,484,2026-08-17 21:39:00,view_spot,抖音信息流
10267,484,2026-08-17 21:42:00,view_spot,抖音信息流
113331,5364,2026-08-17 22:47:00,app_launch,高校地推
113331,5364,2026-08-17 22:48:00,ai_plan,高校地推
113331,5364,2026-08-17 22:49:00,view_spot,高校地推
14671,697,2026-08-18 07:05:00,app_launch,小红书种草
14671,697,2026-08-18 07:06:00,ai_plan,小红书种草
14671,697,2026-08-18 07:07:00,view_spot,小红书种草
14671,697,2026-08-18 07:10:00,view_spot,小红书种草
14671,697,2026-08-18 07:13:00,add_favorite,小红书种草
142314,6745,2026-08-18 07:25:00,app_launch,自然流量
142314,6745,2026-08-18 07:26:00,ai_plan,自然流量
142314,6745,2026-08-18 07:27:00,view_spot,自然流量
142314,6745,2026-08-18 07:35:00,create_order,自然流量
69292,3264,2026-08-18 07:41:00,app_launch,抖音信息流
7359,350,2026-08-18 08:29:00,app_launch,自然流量
7359,350,2026-08-18 08:30:00,ai_plan,自然流量
29956,1408,2026-08-18 08:42:00,app_launch,自然流量
33073,1551,2026-08-18 08:43:00,app_launch,自然流量
63672,2989,2026-08-18 08:43:00,app_launch,自然流量
33073,1551,2026-08-18 08:44:00,ai_plan,自然流量
63672,2989,2026-08-18 08:44:00,ai_plan,自然流量
33073,1551,2026-08-18 08:45:00,view_spot,自然流量
33073,1551,2026-08-18 08:48:00,view_spot,自然流量
33073,1551,2026-08-18 08:51:00,view_spot,自然流量
33073,1551,2026-08-18 08:53:00,create_order,自然流量
7360,350,2026-08-18 09:02:00,app_launch,自然流量
7360,350,2026-08-18 09:03:00,ai_plan,自然流量
104645,4953,2026-08-18 09:27:00,app_launch,自然流量
104645,4953,2026-08-18 09:28:00,ai_plan,自然流量
82804,3916,2026-08-18 09:35:00,app_launch,抖音信息流
82804,3916,2026-08-18 09:36:00,ai_plan,抖音信息流
21601,1018,2026-08-18 09:54:00,app_launch,微信分享裂变
91250,4320,2026-08-18 09:54:00,app_launch,抖音信息流
21601,1018,2026-08-18 09:55:00,ai_plan,微信分享裂变
91250,4320,2026-08-18 09:55:00,ai_plan,抖音信息流
21601,1018,2026-08-18 09:56:00,view_spot,微信分享裂变
91250,4320,2026-08-18 09:56:00,view_spot,抖音信息流
21601,1018,2026-08-18 09:59:00,view_spot,微信分享裂变
91250,4320,2026-08-18 09:59:00,view_spot,抖音信息流
21601,1018,2026-08-18 10:02:00,add_favorite,微信分享裂变
91250,4320,2026-08-18 10:02:00,view_spot,抖音信息流
35696,1678,2026-08-18 10:22:00,app_launch,抖音信息流
61523,2883,2026-08-18 10:25:00,app_launch,抖音信息流
61523,2883,2026-08-18 10:26:00,ai_plan,抖音信息流
61523,2883,2026-08-18 10:27:00,view_spot,抖音信息流
61523,2883,2026-08-18 10:30:00,view_spot,抖音信息流
82805,3916,2026-08-18 11:02:00,app_launch,抖音信息流
142315,6745,2026-08-18 11:08:00,app_launch,自然流量
142315,6745,2026-08-18 11:09:00,ai_plan,自然流量
142315,6745,2026-08-18 11:10:00,view_spot,自然流量
142315,6745,2026-08-18 11:13:00,view_spot,自然流量
142315,6745,2026-08-18 11:16:00,view_spot,自然流量
142315,6745,2026-08-18 11:16:00,add_favorite,自然流量
63674,2989,2026-08-18 11:17:00,app_launch,自然流量
63674,2989,2026-08-18 11:18:00,ai_plan,自然流量
63674,2989,2026-08-18 11:19:00,view_spot,自然流量
63674,2989,2026-08-18 11:25:00,add_favorite,自然流量
131706,6229,2026-08-18 11:57:00,app_launch,抖音信息流
131706,6229,2026-08-18 11:58:00,ai_plan,抖音信息流
131706,6229,2026-08-18 11:59:00,view_spot,抖音信息流
131706,6229,2026-08-18 12:02:00,view_spot,抖音信息流
69803,3287,2026-08-18 12:15:00,app_launch,小红书种草
82803,3916,2026-08-18 12:21:00,app_launch,抖音信息流
82803,3916,2026-08-18 12:22:00,ai_plan,抖音信息流
82803,3916,2026-08-18 12:23:00,view_spot,抖音信息流
82803,3916,2026-08-18 12:26:00,view_spot,抖音信息流
82803,3916,2026-08-18 12:29:00,view_spot,抖音信息流
82803,3916,2026-08-18 12:32:00,view_spot,抖音信息流
18449,867,2026-08-18 14:32:00,app_launch,微信分享裂变
18449,867,2026-08-18 14:33:00,ai_plan,微信分享裂变
18449,867,2026-08-18 14:34:00,view_spot,微信分享裂变
18449,867,2026-08-18 14:37:00,view_spot,微信分享裂变
18449,867,2026-08-18 14:40:00,view_spot,微信分享裂变
18449,867,2026-08-18 14:43:00,view_spot,微信分享裂变
69293,3264,2026-08-18 15:02:00,app_launch,抖音信息流
69293,3264,2026-08-18 15:03:00,ai_plan,抖音信息流
131707,6229,2026-08-18 15:09:00,app_launch,抖音信息流
131707,6229,2026-08-18 15:10:00,ai_plan,抖音信息流
61524,2883,2026-08-18 16:38:00,app_launch,抖音信息流
61524,2883,2026-08-18 16:39:00,ai_plan,抖音信息流
115792,5485,2026-08-18 16:49:00,app_launch,微信分享裂变
165533,7840,2026-08-18 16:49:00,app_launch,抖音信息流
115792,5485,2026-08-18 16:50:00,ai_plan,微信分享裂变
115792,5485,2026-08-18 16:51:00,view_spot,微信分享裂变
115792,5485,2026-08-18 16:54:00,view_spot,微信分享裂变
115792,5485,2026-08-18 16:57:00,add_favorite,微信分享裂变
33072,1551,2026-08-18 17:00:00,app_launch,自然流量
92837,4395,2026-08-18 17:39:00,app_launch,抖音信息流
92837,4395,2026-08-18 17:40:00,ai_plan,抖音信息流
35695,1678,2026-08-18 18:33:00,app_launch,抖音信息流
18450,867,2026-08-18 18:34:00,app_launch,微信分享裂变
18450,867,2026-08-18 18:35:00,ai_plan,微信分享裂变
33074,1551,2026-08-18 18:39:00,app_launch,自然流量
33074,1551,2026-08-18 18:40:00,ai_plan,自然流量
33074,1551,2026-08-18 18:41:00,view_spot,自然流量
33074,1551,2026-08-18 18:44:00,view_spot,自然流量
63673,2989,2026-08-18 18:51:00,app_launch,自然流量
92838,4395,2026-08-18 18:58:00,app_launch,抖音信息流
92838,4395,2026-08-18 18:59:00,ai_plan,抖音信息流
131708,6229,2026-08-18 19:07:00,app_launch,抖音信息流
131708,6229,2026-08-18 19:08:00,ai_plan,抖音信息流
91251,4320,2026-08-18 19:15:00,app_launch,抖音信息流
91251,4320,2026-08-18 19:16:00,ai_plan,抖音信息流
104646,4953,2026-08-18 20:42:00,app_launch,自然流量
104646,4953,2026-08-18 20:43:00,ai_plan,自然流量
21449,1010,2026-08-18 21:14:00,app_launch,抖音信息流
21602,1018,2026-08-18 21:21:00,app_launch,微信分享裂变
142316,6745,2026-08-18 22:19:00,app_launch,自然流量
142316,6745,2026-08-18 22:20:00,ai_plan,自然流量
104644,4953,2026-08-18 22:21:00,app_launch,自然流量
104644,4953,2026-08-18 22:22:00,ai_plan,自然流量
104644,4953,2026-08-18 22:23:00,view_spot,自然流量
104644,4953,2026-08-18 22:26:00,view_spot,自然流量
104644,4953,2026-08-18 22:29:00,view_spot,自然流量
104644,4953,2026-08-18 22:29:00,add_favorite,自然流量
69294,3264,2026-08-18 22:43:00,app_launch,抖音信息流
21600,1018,2026-08-18 22:45:00,app_launch,微信分享裂变
21600,1018,2026-08-18 22:46:00,ai_plan,微信分享裂变
69802,3287,2026-08-18 22:51:00,app_launch,小红书种草
69802,3287,2026-08-18 22:52:00,ai_plan,小红书种草
115791,5485,2026-08-18 22:52:00,app_launch,微信分享裂变
69802,3287,2026-08-18 22:53:00,view_spot,小红书种草
115791,5485,2026-08-18 22:53:00,ai_plan,微信分享裂变
69802,3287,2026-08-18 22:56:00,view_spot,小红书种草
69802,3287,2026-08-18 22:59:00,view_spot,小红书种草
69802,3287,2026-08-18 23:02:00,view_spot,小红书种草
12693,602,2026-08-19 07:04:00,app_launch,微信分享裂变
12693,602,2026-08-19 07:05:00,ai_plan,微信分享裂变
12693,602,2026-08-19 07:06:00,view_spot,微信分享裂变
12693,602,2026-08-19 07:09:00,view_spot,微信分享裂变
47376,2216,2026-08-19 07:30:00,app_launch,自然流量
47376,2216,2026-08-19 07:31:00,ai_plan,自然流量
47376,2216,2026-08-19 07:32:00,view_spot,自然流量
47376,2216,2026-08-19 07:35:00,view_spot,自然流量
22226,1045,2026-08-19 08:18:00,app_launch,自然流量
22226,1045,2026-08-19 08:19:00,ai_plan,自然流量
22226,1045,2026-08-19 08:20:00,view_spot,自然流量
22226,1045,2026-08-19 08:23:00,view_spot,自然流量
22226,1045,2026-08-19 08:26:00,view_spot,自然流量
22226,1045,2026-08-19 08:29:00,view_spot,自然流量
69805,3287,2026-08-19 08:29:00,app_launch,小红书种草
21451,1010,2026-08-19 09:03:00,app_launch,抖音信息流
5677,264,2026-08-19 09:15:00,app_launch,自然流量
58740,2749,2026-08-19 09:15:00,app_launch,抖音信息流
58740,2749,2026-08-19 09:16:00,ai_plan,抖音信息流
58740,2749,2026-08-19 09:17:00,view_spot,抖音信息流
69264,3263,2026-08-19 09:24:00,app_launch,自然流量
31630,1484,2026-08-19 09:35:00,app_launch,自然流量
31630,1484,2026-08-19 09:36:00,ai_plan,自然流量
31630,1484,2026-08-19 09:37:00,view_spot,自然流量
62492,2930,2026-08-19 10:10:00,app_launch,小红书种草
22187,1043,2026-08-19 10:19:00,app_launch,小红书种草
22187,1043,2026-08-19 10:20:00,ai_plan,小红书种草
22227,1045,2026-08-19 10:46:00,app_launch,自然流量
36145,1700,2026-08-19 10:49:00,app_launch,小红书种草
36145,1700,2026-08-19 10:50:00,ai_plan,小红书种草
36145,1700,2026-08-19 10:51:00,view_spot,小红书种草
35698,1678,2026-08-19 10:54:00,app_launch,抖音信息流
36145,1700,2026-08-19 10:54:00,view_spot,小红书种草
36145,1700,2026-08-19 10:57:00,add_favorite,小红书种草
62807,2945,2026-08-19 11:03:00,app_launch,自然流量
62807,2945,2026-08-19 11:04:00,ai_plan,自然流量
62807,2945,2026-08-19 11:05:00,view_spot,自然流量
40569,1906,2026-08-19 11:59:00,app_launch,抖音信息流
68270,3215,2026-08-19 12:17:00,app_launch,自然流量
68270,3215,2026-08-19 12:18:00,ai_plan,自然流量
1382,66,2026-08-19 12:39:00,app_launch,抖音信息流
1382,66,2026-08-19 12:40:00,ai_plan,抖音信息流
1382,66,2026-08-19 12:41:00,view_spot,抖音信息流
1382,66,2026-08-19 12:44:00,view_spot,抖音信息流
1382,66,2026-08-19 12:47:00,view_spot,抖音信息流
1382,66,2026-08-19 12:50:00,view_spot,抖音信息流
1383,66,2026-08-19 12:51:00,app_launch,抖音信息流
1383,66,2026-08-19 12:52:00,ai_plan,抖音信息流
1383,66,2026-08-19 12:53:00,view_spot,抖音信息流
1383,66,2026-08-19 13:01:00,create_order,抖音信息流
1383,66,2026-08-19 13:02:00,pay_order,抖音信息流
35697,1678,2026-08-19 13:27:00,app_launch,抖音信息流
7361,350,2026-08-19 13:58:00,app_launch,自然流量
7361,350,2026-08-19 13:59:00,ai_plan,自然流量
7361,350,2026-08-19 14:00:00,view_spot,自然流量
7361,350,2026-08-19 14:03:00,view_spot,自然流量
7361,350,2026-08-19 14:06:00,view_spot,自然流量
68271,3215,2026-08-19 14:27:00,app_launch,自然流量
68271,3215,2026-08-19 14:28:00,ai_plan,自然流量
68271,3215,2026-08-19 14:29:00,view_spot,自然流量
68271,3215,2026-08-19 14:32:00,view_spot,自然流量
68271,3215,2026-08-19 14:35:00,view_spot,自然流量
68271,3215,2026-08-19 14:35:00,add_favorite,自然流量
7363,350,2026-08-19 15:05:00,app_launch,自然流量
7363,350,2026-08-19 15:06:00,ai_plan,自然流量
1384,66,2026-08-19 15:28:00,app_launch,抖音信息流
62808,2945,2026-08-19 15:45:00,app_launch,自然流量
62808,2945,2026-08-19 15:46:00,ai_plan,自然流量
62808,2945,2026-08-19 15:47:00,view_spot,自然流量
62808,2945,2026-08-19 15:50:00,view_spot,自然流量
62808,2945,2026-08-19 15:55:00,create_order,自然流量
62808,2945,2026-08-19 15:56:00,pay_order,自然流量
12692,602,2026-08-19 16:22:00,app_launch,微信分享裂变
12692,602,2026-08-19 16:23:00,ai_plan,微信分享裂变
21450,1010,2026-08-19 16:23:00,app_launch,抖音信息流
12692,602,2026-08-19 16:24:00,view_spot,微信分享裂变
21450,1010,2026-08-19 16:24:00,ai_plan,抖音信息流
21450,1010,2026-08-19 16:25:00,view_spot,抖音信息流
12692,602,2026-08-19 16:27:00,view_spot,微信分享裂变
21450,1010,2026-08-19 16:28:00,view_spot,抖音信息流
62806,2945,2026-08-19 16:44:00,app_launch,自然流量
47377,2216,2026-08-19 16:45:00,app_launch,自然流量
62806,2945,2026-08-19 16:45:00,ai_plan,自然流量
47377,2216,2026-08-19 16:46:00,ai_plan,自然流量
28133,1323,2026-08-19 17:01:00,app_launch,自然流量
28133,1323,2026-08-19 17:02:00,ai_plan,自然流量
7362,350,2026-08-19 17:12:00,app_launch,自然流量
22225,1045,2026-08-19 17:13:00,app_launch,自然流量
40570,1906,2026-08-19 17:25:00,app_launch,抖音信息流
40570,1906,2026-08-19 17:26:00,ai_plan,抖音信息流
112787,5338,2026-08-19 18:47:00,app_launch,小红书种草
112787,5338,2026-08-19 18:48:00,ai_plan,小红书种草
36144,1700,2026-08-19 18:54:00,app_launch,小红书种草
58741,2749,2026-08-19 19:19:00,app_launch,抖音信息流
58741,2749,2026-08-19 19:20:00,ai_plan,抖音信息流
58741,2749,2026-08-19 19:21:00,view_spot,抖音信息流
58741,2749,2026-08-19 19:24:00,view_spot,抖音信息流
31632,1484,2026-08-19 19:27:00,app_launch,自然流量
31632,1484,2026-08-19 19:28:00,ai_plan,自然流量
31632,1484,2026-08-19 19:29:00,view_spot,自然流量
31632,1484,2026-08-19 19:32:00,view_spot,自然流量
31632,1484,2026-08-19 19:35:00,view_spot,自然流量
31632,1484,2026-08-19 19:35:00,add_favorite,自然流量
31632,1484,2026-08-19 19:37:00,create_order,自然流量
31632,1484,2026-08-19 19:38:00,pay_order,自然流量
62494,2930,2026-08-19 19:59:00,app_launch,小红书种草
62493,2930,2026-08-19 20:00:00,app_launch,小红书种草
62494,2930,2026-08-19 20:00:00,ai_plan,小红书种草
62493,2930,2026-08-19 20:01:00,ai_plan,小红书种草
69806,3287,2026-08-19 20:33:00,app_launch,小红书种草
69806,3287,2026-08-19 20:34:00,ai_plan,小红书种草
69806,3287,2026-08-19 20:35:00,view_spot,小红书种草
69806,3287,2026-08-19 20:38:00,view_spot,小红书种草
69804,3287,2026-08-19 20:57:00,app_launch,小红书种草
69804,3287,2026-08-19 20:58:00,ai_plan,小红书种草
69804,3287,2026-08-19 20:59:00,view_spot,小红书种草
69804,3287,2026-08-19 21:02:00,view_spot,小红书种草
69804,3287,2026-08-19 21:05:00,view_spot,小红书种草
69804,3287,2026-08-19 21:08:00,view_spot,小红书种草
22027,1035,2026-08-19 21:15:00,app_launch,抖音信息流
40568,1906,2026-08-19 21:42:00,app_launch,抖音信息流
40568,1906,2026-08-19 21:43:00,ai_plan,抖音信息流
31631,1484,2026-08-19 21:49:00,app_launch,自然流量
58739,2749,2026-08-19 22:07:00,app_launch,抖音信息流
35699,1678,2026-08-19 22:08:00,app_launch,抖音信息流
22028,1035,2026-08-19 22:35:00,app_launch,抖音信息流
22188,1043,2026-08-19 22:52:00,app_launch,小红书种草
22188,1043,2026-08-19 22:53:00,ai_plan,小红书种草
22188,1043,2026-08-19 22:54:00,view_spot,小红书种草
22188,1043,2026-08-19 22:57:00,view_spot,小红书种草
22188,1043,2026-08-19 23:00:00,view_spot,小红书种草
22188,1043,2026-08-19 23:00:00,add_favorite,小红书种草
22188,1043,2026-08-19 23:03:00,view_spot,小红书种草
58743,2749,2026-08-20 07:04:00,app_launch,抖音信息流
58743,2749,2026-08-20 07:05:00,ai_plan,抖音信息流
58743,2749,2026-08-20 07:06:00,view_spot,抖音信息流
58743,2749,2026-08-20 07:09:00,view_spot,抖音信息流
62809,2945,2026-08-20 07:27:00,app_launch,自然流量
62809,2945,2026-08-20 07:28:00,ai_plan,自然流量
104647,4953,2026-08-20 07:32:00,app_launch,自然流量
104647,4953,2026-08-20 07:33:00,ai_plan,自然流量
104647,4953,2026-08-20 07:34:00,view_spot,自然流量
104647,4953,2026-08-20 07:37:00,view_spot,自然流量
104647,4953,2026-08-20 07:40:00,view_spot,自然流量
104647,4953,2026-08-20 07:40:00,add_favorite,自然流量
104647,4953,2026-08-20 07:43:00,view_spot,自然流量
91699,4343,2026-08-20 07:51:00,app_launch,抖音信息流
91699,4343,2026-08-20 07:52:00,ai_plan,抖音信息流
91699,4343,2026-08-20 07:53:00,view_spot,抖音信息流
113334,5364,2026-08-20 07:55:00,app_launch,高校地推
91699,4343,2026-08-20 07:56:00,view_spot,抖音信息流
113334,5364,2026-08-20 07:56:00,ai_plan,高校地推
113334,5364,2026-08-20 07:57:00,view_spot,高校地推
91699,4343,2026-08-20 07:59:00,view_spot,抖音信息流
113334,5364,2026-08-20 08:00:00,view_spot,高校地推
91699,4343,2026-08-20 08:02:00,view_spot,抖音信息流
113334,5364,2026-08-20 08:03:00,view_spot,高校地推
113334,5364,2026-08-20 08:03:00,add_favorite,高校地推
113334,5364,2026-08-20 08:05:00,create_order,高校地推
113334,5364,2026-08-20 08:06:00,pay_order,高校地推
70712,3333,2026-08-20 08:10:00,app_launch,自然流量
70712,3333,2026-08-20 08:11:00,ai_plan,自然流量
70712,3333,2026-08-20 08:12:00,view_spot,自然流量
70712,3333,2026-08-20 08:15:00,view_spot,自然流量
70712,3333,2026-08-20 08:18:00,view_spot,自然流量
91700,4343,2026-08-20 08:19:00,app_launch,抖音信息流
70712,3333,2026-08-20 08:20:00,create_order,自然流量
91700,4343,2026-08-20 08:20:00,ai_plan,抖音信息流
70712,3333,2026-08-20 08:21:00,view_spot,自然流量
70712,3333,2026-08-20 08:21:00,pay_order,自然流量
91700,4343,2026-08-20 08:21:00,view_spot,抖音信息流
91700,4343,2026-08-20 08:24:00,view_spot,抖音信息流
91700,4343,2026-08-20 08:27:00,view_spot,抖音信息流
47380,2216,2026-08-20 09:06:00,app_launch,自然流量
47380,2216,2026-08-20 09:07:00,ai_plan,自然流量
47380,2216,2026-08-20 09:08:00,view_spot,自然流量
47380,2216,2026-08-20 09:11:00,view_spot,自然流量
134036,6341,2026-08-20 09:12:00,app_launch,微信分享裂变
134036,6341,2026-08-20 09:13:00,ai_plan,微信分享裂变
47380,2216,2026-08-20 09:14:00,view_spot,自然流量
47380,2216,2026-08-20 09:16:00,create_order,自然流量
47380,2216,2026-08-20 09:17:00,pay_order,自然流量
29930,1407,2026-08-20 09:27:00,app_launch,高校地推
29930,1407,2026-08-20 09:28:00,ai_plan,高校地推
78109,3685,2026-08-20 10:12:00,app_launch,自然流量
78109,3685,2026-08-20 10:13:00,ai_plan,自然流量
78109,3685,2026-08-20 10:14:00,view_spot,自然流量
78109,3685,2026-08-20 10:17:00,view_spot,自然流量
78109,3685,2026-08-20 10:20:00,view_spot,自然流量
62810,2945,2026-08-20 10:22:00,app_launch,自然流量
112789,5338,2026-08-20 11:20:00,app_launch,小红书种草
112789,5338,2026-08-20 11:21:00,ai_plan,小红书种草
24329,1145,2026-08-20 11:24:00,app_launch,抖音信息流
24329,1145,2026-08-20 11:25:00,ai_plan,抖音信息流
10965,519,2026-08-20 11:38:00,app_launch,自然流量
10965,519,2026-08-20 11:39:00,ai_plan,自然流量
10965,519,2026-08-20 11:40:00,view_spot,自然流量
10965,519,2026-08-20 11:43:00,view_spot,自然流量
10965,519,2026-08-20 11:46:00,view_spot,自然流量
10965,519,2026-08-20 11:46:00,add_favorite,自然流量
10965,519,2026-08-20 11:49:00,view_spot,自然流量
22849,1075,2026-08-20 11:54:00,app_launch,微信分享裂变
22849,1075,2026-08-20 11:55:00,ai_plan,微信分享裂变
32778,1536,2026-08-20 11:57:00,app_launch,抖音信息流
134035,6341,2026-08-20 12:27:00,app_launch,微信分享裂变
134035,6341,2026-08-20 12:28:00,ai_plan,微信分享裂变
134035,6341,2026-08-20 12:29:00,view_spot,微信分享裂变
134035,6341,2026-08-20 12:32:00,view_spot,微信分享裂变
134035,6341,2026-08-20 12:35:00,view_spot,微信分享裂变
134035,6341,2026-08-20 12:37:00,create_order,微信分享裂变
134035,6341,2026-08-20 12:38:00,view_spot,微信分享裂变
134035,6341,2026-08-20 12:38:00,pay_order,微信分享裂变
58742,2749,2026-08-20 12:39:00,app_launch,抖音信息流
33076,1551,2026-08-20 12:41:00,app_launch,自然流量
62811,2945,2026-08-20 12:41:00,app_launch,自然流量
33076,1551,2026-08-20 12:42:00,ai_plan,自然流量
62811,2945,2026-08-20 12:42:00,ai_plan,自然流量
33076,1551,2026-08-20 12:43:00,view_spot,自然流量
131966,6241,2026-08-20 12:43:00,app_launch,小红书种草
131966,6241,2026-08-20 12:44:00,ai_plan,小红书种草
160165,7583,2026-08-20 12:54:00,app_launch,自然流量
86365,4085,2026-08-20 12:55:00,app_launch,抖音信息流
160165,7583,2026-08-20 12:55:00,ai_plan,自然流量
86365,4085,2026-08-20 12:56:00,ai_plan,抖音信息流
160165,7583,2026-08-20 12:56:00,view_spot,自然流量
160165,7583,2026-08-20 12:59:00,view_spot,自然流量
134034,6341,2026-08-20 13:00:00,app_launch,微信分享裂变
160165,7583,2026-08-20 13:02:00,view_spot,自然流量
113333,5364,2026-08-20 13:36:00,app_launch,高校地推
113333,5364,2026-08-20 13:37:00,ai_plan,高校地推
113333,5364,2026-08-20 13:38:00,view_spot,高校地推
113333,5364,2026-08-20 13:41:00,view_spot,高校地推
29932,1407,2026-08-20 13:55:00,app_launch,高校地推
29932,1407,2026-08-20 13:56:00,ai_plan,高校地推
86364,4085,2026-08-20 14:02:00,app_launch,抖音信息流
86364,4085,2026-08-20 14:03:00,ai_plan,抖音信息流
142386,6748,2026-08-20 14:21:00,app_launch,抖音信息流
142386,6748,2026-08-20 14:22:00,ai_plan,抖音信息流
142386,6748,2026-08-20 14:23:00,view_spot,抖音信息流
142386,6748,2026-08-20 14:26:00,view_spot,抖音信息流
142386,6748,2026-08-20 14:29:00,view_spot,抖音信息流
142386,6748,2026-08-20 14:32:00,view_spot,抖音信息流
47378,2216,2026-08-20 14:43:00,app_launch,自然流量
47378,2216,2026-08-20 14:44:00,ai_plan,自然流量
47378,2216,2026-08-20 14:45:00,view_spot,自然流量
47378,2216,2026-08-20 14:48:00,view_spot,自然流量
47378,2216,2026-08-20 14:51:00,view_spot,自然流量
47378,2216,2026-08-20 14:54:00,view_spot,自然流量
24328,1145,2026-08-20 15:31:00,app_launch,抖音信息流
24328,1145,2026-08-20 15:32:00,ai_plan,抖音信息流
22848,1075,2026-08-20 15:44:00,app_launch,微信分享裂变
98227,4648,2026-08-20 15:45:00,app_launch,自然流量
98227,4648,2026-08-20 15:46:00,ai_plan,自然流量
98227,4648,2026-08-20 15:47:00,view_spot,自然流量
98227,4648,2026-08-20 15:50:00,view_spot,自然流量
35700,1678,2026-08-20 15:53:00,app_launch,抖音信息流
98227,4648,2026-08-20 15:53:00,view_spot,自然流量
35700,1678,2026-08-20 15:54:00,ai_plan,抖音信息流
98227,4648,2026-08-20 15:55:00,create_order,自然流量
98227,4648,2026-08-20 15:56:00,view_spot,自然流量
98227,4648,2026-08-20 15:56:00,pay_order,自然流量
131967,6241,2026-08-20 16:25:00,app_launch,小红书种草
131967,6241,2026-08-20 16:26:00,ai_plan,小红书种草
160164,7583,2026-08-20 16:36:00,app_launch,自然流量
99435,4705,2026-08-20 16:37:00,app_launch,自然流量
160164,7583,2026-08-20 16:37:00,ai_plan,自然流量
99435,4705,2026-08-20 16:38:00,ai_plan,自然流量
99435,4705,2026-08-20 16:39:00,view_spot,自然流量
99435,4705,2026-08-20 16:42:00,view_spot,自然流量
99435,4705,2026-08-20 16:45:00,view_spot,自然流量
99435,4705,2026-08-20 16:47:00,create_order,自然流量
99435,4705,2026-08-20 16:48:00,pay_order,自然流量
29931,1407,2026-08-20 16:50:00,app_launch,高校地推
29931,1407,2026-08-20 16:51:00,ai_plan,高校地推
33075,1551,2026-08-20 17:23:00,app_launch,自然流量
33075,1551,2026-08-20 17:24:00,ai_plan,自然流量
33075,1551,2026-08-20 17:25:00,view_spot,自然流量
112788,5338,2026-08-20 17:48:00,app_launch,小红书种草
159598,7558,2026-08-20 17:59:00,app_launch,抖音信息流
91701,4343,2026-08-20 18:05:00,app_launch,抖音信息流
91701,4343,2026-08-20 18:06:00,ai_plan,抖音信息流
99434,4705,2026-08-20 18:25:00,app_launch,自然流量
118374,5603,2026-08-20 18:30:00,app_launch,微信分享裂变
118374,5603,2026-08-20 18:31:00,ai_plan,微信分享裂变
41215,1935,2026-08-20 19:04:00,app_launch,小红书种草
41215,1935,2026-08-20 19:05:00,ai_plan,小红书种草
99436,4705,2026-08-20 19:23:00,app_launch,自然流量
99436,4705,2026-08-20 19:24:00,ai_plan,自然流量
99436,4705,2026-08-20 19:25:00,view_spot,自然流量
99436,4705,2026-08-20 19:28:00,view_spot,自然流量
99436,4705,2026-08-20 19:31:00,view_spot,自然流量
99436,4705,2026-08-20 19:33:00,create_order,自然流量
99436,4705,2026-08-20 19:34:00,view_spot,自然流量
154358,7312,2026-08-20 19:44:00,app_launch,自然流量
154358,7312,2026-08-20 19:45:00,ai_plan,自然流量
154358,7312,2026-08-20 19:46:00,view_spot,自然流量
154358,7312,2026-08-20 19:49:00,view_spot,自然流量
154358,7312,2026-08-20 19:52:00,view_spot,自然流量
118373,5603,2026-08-20 20:03:00,app_launch,微信分享裂变
118373,5603,2026-08-20 20:04:00,ai_plan,微信分享裂变
32779,1536,2026-08-20 21:32:00,app_launch,抖音信息流
154359,7312,2026-08-20 21:51:00,app_launch,自然流量
154359,7312,2026-08-20 21:52:00,ai_plan,自然流量
154359,7312,2026-08-20 21:53:00,view_spot,自然流量
154359,7312,2026-08-20 21:56:00,view_spot,自然流量
154359,7312,2026-08-20 21:59:00,view_spot,自然流量
154359,7312,2026-08-20 22:01:00,create_order,自然流量
154359,7312,2026-08-20 22:02:00,pay_order,自然流量
113332,5364,2026-08-20 22:35:00,app_launch,高校地推
142387,6748,2026-08-20 22:39:00,app_launch,抖音信息流
47379,2216,2026-08-20 22:54:00,app_launch,自然流量
47379,2216,2026-08-20 22:55:00,ai_plan,自然流量
154357,7312,2026-08-20 22:58:00,app_launch,自然流量
154357,7312,2026-08-20 22:59:00,ai_plan,自然流量
34428,1619,2026-08-21 07:58:00,app_launch,高校地推
34428,1619,2026-08-21 07:59:00,ai_plan,高校地推
60123,2816,2026-08-21 08:22:00,app_launch,抖音信息流
16801,795,2026-08-21 10:04:00,app_launch,自然流量
16801,795,2026-08-21 10:05:00,ai_plan,自然流量
1385,66,2026-08-21 12:05:00,app_launch,抖音信息流
60657,2841,2026-08-21 12:13:00,app_launch,微信分享裂变
60657,2841,2026-08-21 12:14:00,ai_plan,微信分享裂变
126040,5957,2026-08-21 12:53:00,app_launch,抖音信息流
126040,5957,2026-08-21 12:54:00,ai_plan,抖音信息流
126040,5957,2026-08-21 12:55:00,view_spot,抖音信息流
142317,6745,2026-08-21 12:56:00,app_launch,自然流量
142317,6745,2026-08-21 12:57:00,ai_plan,自然流量
126040,5957,2026-08-21 12:58:00,view_spot,抖音信息流
142317,6745,2026-08-21 12:58:00,view_spot,自然流量
142317,6745,2026-08-21 13:04:00,add_favorite,自然流量
142317,6745,2026-08-21 13:06:00,create_order,自然流量
142317,6745,2026-08-21 13:07:00,pay_order,自然流量
67231,3164,2026-08-21 13:46:00,app_launch,小红书种草
67231,3164,2026-08-21 13:47:00,ai_plan,小红书种草
60122,2816,2026-08-21 13:58:00,app_launch,抖音信息流
60122,2816,2026-08-21 13:59:00,ai_plan,抖音信息流
139354,6596,2026-08-21 15:03:00,app_launch,抖音信息流
139354,6596,2026-08-21 15:04:00,ai_plan,抖音信息流
1386,66,2026-08-21 15:16:00,app_launch,抖音信息流
90550,4291,2026-08-21 15:58:00,app_launch,自然流量
90551,4291,2026-08-21 16:37:00,app_launch,自然流量
90551,4291,2026-08-21 16:38:00,ai_plan,自然流量
90551,4291,2026-08-21 16:39:00,view_spot,自然流量
90551,4291,2026-08-21 16:45:00,add_favorite,自然流量
148060,7021,2026-08-21 17:16:00,app_launch,高校地推
148061,7021,2026-08-21 17:27:00,app_launch,高校地推
126041,5957,2026-08-21 17:28:00,app_launch,抖音信息流
142318,6745,2026-08-21 17:28:00,app_launch,自然流量
148061,7021,2026-08-21 17:28:00,ai_plan,高校地推
126041,5957,2026-08-21 17:29:00,ai_plan,抖音信息流
142318,6745,2026-08-21 17:29:00,ai_plan,自然流量
67230,3164,2026-08-21 19:20:00,app_launch,小红书种草
60655,2841,2026-08-21 19:29:00,app_launch,微信分享裂变
60655,2841,2026-08-21 19:30:00,ai_plan,微信分享裂变
60655,2841,2026-08-21 19:31:00,view_spot,微信分享裂变
60655,2841,2026-08-21 19:34:00,view_spot,微信分享裂变
60655,2841,2026-08-21 19:37:00,view_spot,微信分享裂变
60655,2841,2026-08-21 19:39:00,create_order,微信分享裂变
60655,2841,2026-08-21 19:40:00,pay_order,微信分享裂变
60656,2841,2026-08-21 20:02:00,app_launch,微信分享裂变
60656,2841,2026-08-21 20:03:00,ai_plan,微信分享裂变
60656,2841,2026-08-21 20:04:00,view_spot,微信分享裂变
60656,2841,2026-08-21 20:07:00,view_spot,微信分享裂变
60656,2841,2026-08-21 20:10:00,view_spot,微信分享裂变
60656,2841,2026-08-21 20:13:00,view_spot,微信分享裂变
16800,795,2026-08-21 20:17:00,app_launch,自然流量
16800,795,2026-08-21 20:18:00,ai_plan,自然流量
16800,795,2026-08-21 20:19:00,view_spot,自然流量
16802,795,2026-08-21 22:30:00,app_launch,自然流量
16802,795,2026-08-21 22:31:00,ai_plan,自然流量
16802,795,2026-08-21 22:32:00,view_spot,自然流量
16802,795,2026-08-21 22:35:00,view_spot,自然流量
16802,795,2026-08-21 22:38:00,view_spot,自然流量
16802,795,2026-08-21 22:38:00,add_favorite,自然流量
113335,5364,2026-08-21 22:50:00,app_launch,高校地推
44512,2081,2026-08-22 07:17:00,app_launch,抖音信息流
44512,2081,2026-08-22 07:18:00,ai_plan,抖音信息流
44512,2081,2026-08-22 07:19:00,view_spot,抖音信息流
44512,2081,2026-08-22 07:22:00,view_spot,抖音信息流
79681,3762,2026-08-22 07:27:00,app_launch,抖音信息流
79681,3762,2026-08-22 07:28:00,ai_plan,抖音信息流
57974,2717,2026-08-22 07:29:00,app_launch,抖音信息流
57974,2717,2026-08-22 07:30:00,ai_plan,抖音信息流
57974,2717,2026-08-22 07:31:00,view_spot,抖音信息流
60125,2816,2026-08-22 07:34:00,app_launch,抖音信息流
60125,2816,2026-08-22 07:35:00,ai_plan,抖音信息流
60125,2816,2026-08-22 07:36:00,view_spot,抖音信息流
60125,2816,2026-08-22 07:39:00,view_spot,抖音信息流
60125,2816,2026-08-22 07:42:00,view_spot,抖音信息流
86366,4085,2026-08-22 08:18:00,app_launch,抖音信息流
86366,4085,2026-08-22 08:19:00,ai_plan,抖音信息流
86366,4085,2026-08-22 08:20:00,view_spot,抖音信息流
137873,6522,2026-08-22 08:22:00,app_launch,抖音信息流
86366,4085,2026-08-22 08:23:00,view_spot,抖音信息流
86366,4085,2026-08-22 08:26:00,view_spot,抖音信息流
60659,2841,2026-08-22 08:53:00,app_launch,微信分享裂变
60659,2841,2026-08-22 08:54:00,ai_plan,微信分享裂变
22877,1076,2026-08-22 08:59:00,app_launch,抖音信息流
142319,6745,2026-08-22 09:14:00,app_launch,自然流量
60124,2816,2026-08-22 09:27:00,app_launch,抖音信息流
22876,1076,2026-08-22 09:28:00,app_launch,抖音信息流
60124,2816,2026-08-22 09:28:00,ai_plan,抖音信息流
93261,4415,2026-08-22 09:31:00,app_launch,自然流量
93261,4415,2026-08-22 09:32:00,ai_plan,自然流量
93261,4415,2026-08-22 09:33:00,view_spot,自然流量
41216,1935,2026-08-22 09:36:00,app_launch,小红书种草
93261,4415,2026-08-22 09:36:00,view_spot,自然流量
41216,1935,2026-08-22 09:37:00,ai_plan,小红书种草
93261,4415,2026-08-22 09:39:00,view_spot,自然流量
93261,4415,2026-08-22 09:39:00,add_favorite,自然流量
93261,4415,2026-08-22 09:42:00,view_spot,自然流量
86367,4085,2026-08-22 09:50:00,app_launch,抖音信息流
86367,4085,2026-08-22 09:51:00,ai_plan,抖音信息流
57975,2717,2026-08-22 09:53:00,app_launch,抖音信息流
67232,3164,2026-08-22 10:07:00,app_launch,小红书种草
38445,1812,2026-08-22 10:34:00,app_launch,抖音信息流
38445,1812,2026-08-22 10:35:00,ai_plan,抖音信息流
12381,587,2026-08-22 10:36:00,app_launch,自然流量
12381,587,2026-08-22 10:37:00,ai_plan,自然流量
12381,587,2026-08-22 10:38:00,view_spot,自然流量
12381,587,2026-08-22 10:44:00,add_favorite,自然流量
146216,6932,2026-08-22 11:04:00,app_launch,小红书种草
167634,7942,2026-08-22 11:29:00,app_launch,抖音信息流
46442,2174,2026-08-22 11:34:00,app_launch,自然流量
112790,5338,2026-08-22 11:37:00,app_launch,小红书种草
112790,5338,2026-08-22 11:38:00,ai_plan,小红书种草
112790,5338,2026-08-22 11:39:00,view_spot,小红书种草
112790,5338,2026-08-22 11:42:00,view_spot,小红书种草
112790,5338,2026-08-22 11:45:00,view_spot,小红书种草
112790,5338,2026-08-22 11:45:00,add_favorite,小红书种草
142321,6745,2026-08-22 11:54:00,app_launch,自然流量
142321,6745,2026-08-22 11:55:00,ai_plan,自然流量
142321,6745,2026-08-22 11:56:00,view_spot,自然流量
57976,2717,2026-08-22 11:59:00,app_launch,抖音信息流
142321,6745,2026-08-22 11:59:00,view_spot,自然流量
57976,2717,2026-08-22 12:00:00,ai_plan,抖音信息流
57976,2717,2026-08-22 12:01:00,view_spot,抖音信息流
142321,6745,2026-08-22 12:02:00,view_spot,自然流量
142321,6745,2026-08-22 12:02:00,add_favorite,自然流量
142321,6745,2026-08-22 12:04:00,create_order,自然流量
112792,5338,2026-08-22 12:19:00,app_launch,小红书种草
112792,5338,2026-08-22 12:20:00,ai_plan,小红书种草
79828,3768,2026-08-22 12:26:00,app_launch,抖音信息流
38446,1812,2026-08-22 12:58:00,app_launch,抖音信息流
67233,3164,2026-08-22 13:23:00,app_launch,小红书种草
79827,3768,2026-08-22 13:26:00,app_launch,抖音信息流
115794,5485,2026-08-22 13:55:00,app_launch,微信分享裂变
115794,5485,2026-08-22 13:56:00,ai_plan,微信分享裂变
115794,5485,2026-08-22 13:57:00,view_spot,微信分享裂变
115794,5485,2026-08-22 14:00:00,view_spot,微信分享裂变
160448,7597,2026-08-22 14:00:00,app_launch,自然流量
139357,6596,2026-08-22 14:01:00,app_launch,抖音信息流
160448,7597,2026-08-22 14:01:00,ai_plan,自然流量
118154,5592,2026-08-22 14:02:00,app_launch,微信分享裂变
139357,6596,2026-08-22 14:02:00,ai_plan,抖音信息流
115794,5485,2026-08-22 14:03:00,view_spot,微信分享裂变
139357,6596,2026-08-22 14:03:00,view_spot,抖音信息流
139357,6596,2026-08-22 14:06:00,view_spot,抖音信息流
139357,6596,2026-08-22 14:09:00,view_spot,抖音信息流
139357,6596,2026-08-22 14:09:00,add_favorite,抖音信息流
112791,5338,2026-08-22 14:11:00,app_launch,小红书种草
38447,1812,2026-08-22 14:25:00,app_launch,抖音信息流
38447,1812,2026-08-22 14:26:00,ai_plan,抖音信息流
118153,5592,2026-08-22 14:49:00,app_launch,微信分享裂变
118153,5592,2026-08-22 14:50:00,ai_plan,微信分享裂变
118153,5592,2026-08-22 14:51:00,view_spot,微信分享裂变
118153,5592,2026-08-22 14:54:00,view_spot,微信分享裂变
118153,5592,2026-08-22 14:57:00,view_spot,微信分享裂变
118153,5592,2026-08-22 14:57:00,add_favorite,微信分享裂变
160447,7597,2026-08-22 15:05:00,app_launch,自然流量
160447,7597,2026-08-22 15:06:00,ai_plan,自然流量
104506,4946,2026-08-22 15:09:00,app_launch,微信分享裂变
104506,4946,2026-08-22 15:10:00,ai_plan,微信分享裂变
104506,4946,2026-08-22 15:11:00,view_spot,微信分享裂变
104506,4946,2026-08-22 15:14:00,view_spot,微信分享裂变
62497,2930,2026-08-22 15:15:00,app_launch,小红书种草
62497,2930,2026-08-22 15:16:00,ai_plan,小红书种草
62497,2930,2026-08-22 15:17:00,view_spot,小红书种草
104506,4946,2026-08-22 15:17:00,view_spot,微信分享裂变
62497,2930,2026-08-22 15:20:00,view_spot,小红书种草
104506,4946,2026-08-22 15:20:00,view_spot,微信分享裂变
62497,2930,2026-08-22 15:23:00,add_favorite,小红书种草
62497,2930,2026-08-22 15:25:00,create_order,小红书种草
62497,2930,2026-08-22 15:26:00,pay_order,小红书种草
35701,1678,2026-08-22 15:38:00,app_launch,抖音信息流
129738,6132,2026-08-22 15:38:00,app_launch,小红书种草
35701,1678,2026-08-22 15:39:00,ai_plan,抖音信息流
139355,6596,2026-08-22 15:56:00,app_launch,抖音信息流
139355,6596,2026-08-22 15:57:00,ai_plan,抖音信息流
135265,6399,2026-08-22 15:58:00,app_launch,抖音信息流
139355,6596,2026-08-22 15:58:00,view_spot,抖音信息流
139355,6596,2026-08-22 16:01:00,view_spot,抖音信息流
139355,6596,2026-08-22 16:04:00,view_spot,抖音信息流
139355,6596,2026-08-22 16:04:00,add_favorite,抖音信息流
69907,3291,2026-08-22 16:43:00,app_launch,抖音信息流
44513,2081,2026-08-22 16:46:00,app_launch,抖音信息流
44513,2081,2026-08-22 16:47:00,ai_plan,抖音信息流
46443,2174,2026-08-22 17:26:00,app_launch,自然流量
62496,2930,2026-08-22 17:29:00,app_launch,小红书种草
22435,1056,2026-08-22 17:37:00,app_launch,小红书种草
22435,1056,2026-08-22 17:38:00,ai_plan,小红书种草
22435,1056,2026-08-22 17:39:00,view_spot,小红书种草
137872,6522,2026-08-22 17:53:00,app_launch,抖音信息流
137872,6522,2026-08-22 17:54:00,ai_plan,抖音信息流
137872,6522,2026-08-22 17:55:00,view_spot,抖音信息流
135264,6399,2026-08-22 18:04:00,app_launch,抖音信息流
60658,2841,2026-08-22 18:08:00,app_launch,微信分享裂变
60658,2841,2026-08-22 18:09:00,ai_plan,微信分享裂变
60658,2841,2026-08-22 18:10:00,view_spot,微信分享裂变
139356,6596,2026-08-22 18:13:00,app_launch,抖音信息流
139356,6596,2026-08-22 18:14:00,ai_plan,抖音信息流
60658,2841,2026-08-22 18:16:00,add_favorite,微信分享裂变
40732,1913,2026-08-22 18:25:00,app_launch,高校地推
40732,1913,2026-08-22 18:26:00,ai_plan,高校地推
79680,3762,2026-08-22 18:32:00,app_launch,抖音信息流
79680,3762,2026-08-22 18:33:00,ai_plan,抖音信息流
79680,3762,2026-08-22 18:34:00,view_spot,抖音信息流
44514,2081,2026-08-22 18:35:00,app_launch,抖音信息流
29934,1407,2026-08-22 19:16:00,app_launch,高校地推
29934,1407,2026-08-22 19:17:00,ai_plan,高校地推
29934,1407,2026-08-22 19:18:00,view_spot,高校地推
29934,1407,2026-08-22 19:21:00,view_spot,高校地推
29934,1407,2026-08-22 19:24:00,view_spot,高校地推
29934,1407,2026-08-22 19:26:00,create_order,高校地推
79829,3768,2026-08-22 19:38:00,app_launch,抖音信息流
115795,5485,2026-08-22 19:41:00,app_launch,微信分享裂变
115795,5485,2026-08-22 19:42:00,ai_plan,微信分享裂变
115795,5485,2026-08-22 19:43:00,view_spot,微信分享裂变
41217,1935,2026-08-22 19:52:00,app_launch,小红书种草
41217,1935,2026-08-22 19:53:00,ai_plan,小红书种草
93262,4415,2026-08-22 20:17:00,app_launch,自然流量
93262,4415,2026-08-22 20:18:00,ai_plan,自然流量
104508,4946,2026-08-22 20:58:00,app_launch,微信分享裂变
104508,4946,2026-08-22 20:59:00,ai_plan,微信分享裂变
29933,1407,2026-08-22 21:06:00,app_launch,高校地推
29933,1407,2026-08-22 21:07:00,ai_plan,高校地推
29933,1407,2026-08-22 21:08:00,view_spot,高校地推
104507,4946,2026-08-22 21:52:00,app_launch,微信分享裂变
22436,1056,2026-08-22 21:53:00,app_launch,小红书种草
104507,4946,2026-08-22 21:53:00,ai_plan,微信分享裂变
22436,1056,2026-08-22 21:54:00,ai_plan,小红书种草
79682,3762,2026-08-22 21:57:00,app_launch,抖音信息流
79682,3762,2026-08-22 21:58:00,ai_plan,抖音信息流
62495,2930,2026-08-22 22:00:00,app_launch,小红书种草
22878,1076,2026-08-22 22:03:00,app_launch,抖音信息流
142320,6745,2026-08-22 22:03:00,app_launch,自然流量
142320,6745,2026-08-22 22:04:00,ai_plan,自然流量
115793,5485,2026-08-22 22:46:00,app_launch,微信分享裂变
118152,5592,2026-08-22 22:46:00,app_launch,微信分享裂变
115793,5485,2026-08-22 22:47:00,ai_plan,微信分享裂变
118152,5592,2026-08-22 22:47:00,ai_plan,微信分享裂变
115793,5485,2026-08-22 22:48:00,view_spot,微信分享裂变
118152,5592,2026-08-22 22:48:00,view_spot,微信分享裂变
115793,5485,2026-08-22 22:51:00,view_spot,微信分享裂变
118152,5592,2026-08-22 22:51:00,view_spot,微信分享裂变
115793,5485,2026-08-22 22:54:00,view_spot,微信分享裂变
118152,5592,2026-08-22 22:54:00,view_spot,微信分享裂变
118152,5592,2026-08-22 22:57:00,view_spot,微信分享裂变
104510,4946,2026-08-23 07:01:00,app_launch,微信分享裂变
150038,7112,2026-08-23 07:08:00,app_launch,小红书种草
150038,7112,2026-08-23 07:09:00,ai_plan,小红书种草
100274,4744,2026-08-23 07:15:00,app_launch,自然流量
100274,4744,2026-08-23 07:16:00,ai_plan,自然流量
100274,4744,2026-08-23 07:17:00,view_spot,自然流量
153263,7260,2026-08-23 07:26:00,app_launch,自然流量
153263,7260,2026-08-23 07:27:00,ai_plan,自然流量
113336,5364,2026-08-23 07:31:00,app_launch,高校地推
113336,5364,2026-08-23 07:32:00,ai_plan,高校地推
59188,2771,2026-08-23 07:50:00,app_launch,自然流量
59188,2771,2026-08-23 07:51:00,ai_plan,自然流量
59188,2771,2026-08-23 07:52:00,view_spot,自然流量
59188,2771,2026-08-23 07:55:00,view_spot,自然流量
115095,5448,2026-08-23 08:34:00,app_launch,抖音信息流
115095,5448,2026-08-23 08:35:00,ai_plan,抖音信息流
115095,5448,2026-08-23 08:36:00,view_spot,抖音信息流
29958,1408,2026-08-23 08:50:00,app_launch,自然流量
24330,1145,2026-08-23 08:52:00,app_launch,抖音信息流
59189,2771,2026-08-23 09:09:00,app_launch,自然流量
59189,2771,2026-08-23 09:10:00,ai_plan,自然流量
59189,2771,2026-08-23 09:11:00,view_spot,自然流量
59189,2771,2026-08-23 09:14:00,view_spot,自然流量
59189,2771,2026-08-23 09:17:00,view_spot,自然流量
59189,2771,2026-08-23 09:17:00,add_favorite,自然流量
59189,2771,2026-08-23 09:19:00,create_order,自然流量
59189,2771,2026-08-23 09:20:00,pay_order,自然流量
133531,6318,2026-08-23 09:28:00,app_launch,小红书种草
10966,519,2026-08-23 09:33:00,app_launch,自然流量
10966,519,2026-08-23 09:34:00,ai_plan,自然流量
69266,3263,2026-08-23 09:36:00,app_launch,自然流量
69266,3263,2026-08-23 09:37:00,ai_plan,自然流量
69266,3263,2026-08-23 09:38:00,view_spot,自然流量
60127,2816,2026-08-23 09:50:00,app_launch,抖音信息流
60127,2816,2026-08-23 09:51:00,ai_plan,抖音信息流
60127,2816,2026-08-23 09:52:00,view_spot,抖音信息流
60127,2816,2026-08-23 09:55:00,view_spot,抖音信息流
63675,2989,2026-08-23 10:13:00,app_launch,自然流量
63675,2989,2026-08-23 10:14:00,ai_plan,自然流量
63675,2989,2026-08-23 10:15:00,view_spot,自然流量
63675,2989,2026-08-23 10:18:00,view_spot,自然流量
63675,2989,2026-08-23 10:21:00,add_favorite,自然流量
160449,7597,2026-08-23 10:22:00,app_launch,自然流量
160449,7597,2026-08-23 10:23:00,ai_plan,自然流量
160449,7597,2026-08-23 10:24:00,view_spot,自然流量
160449,7597,2026-08-23 10:27:00,view_spot,自然流量
160449,7597,2026-08-23 10:30:00,view_spot,自然流量
160449,7597,2026-08-23 10:33:00,view_spot,自然流量
115094,5448,2026-08-23 10:38:00,app_launch,抖音信息流
115094,5448,2026-08-23 10:39:00,ai_plan,抖音信息流
115094,5448,2026-08-23 10:40:00,view_spot,抖音信息流
115094,5448,2026-08-23 10:43:00,view_spot,抖音信息流
115094,5448,2026-08-23 10:46:00,view_spot,抖音信息流
115094,5448,2026-08-23 10:49:00,view_spot,抖音信息流
150037,7112,2026-08-23 11:01:00,app_launch,小红书种草
150037,7112,2026-08-23 11:02:00,ai_plan,小红书种草
150037,7112,2026-08-23 11:03:00,view_spot,小红书种草
150037,7112,2026-08-23 11:06:00,view_spot,小红书种草
141482,6703,2026-08-23 11:08:00,app_launch,高校地推
150037,7112,2026-08-23 11:09:00,view_spot,小红书种草
150037,7112,2026-08-23 11:12:00,view_spot,小红书种草
104511,4946,2026-08-23 11:23:00,app_launch,微信分享裂变
123236,5828,2026-08-23 11:30:00,app_launch,自然流量
123236,5828,2026-08-23 11:31:00,ai_plan,自然流量
123236,5828,2026-08-23 11:32:00,view_spot,自然流量
123236,5828,2026-08-23 11:35:00,view_spot,自然流量
93264,4415,2026-08-23 11:37:00,app_launch,自然流量
93264,4415,2026-08-23 11:38:00,ai_plan,自然流量
123236,5828,2026-08-23 11:38:00,add_favorite,自然流量
93264,4415,2026-08-23 11:39:00,view_spot,自然流量
93264,4415,2026-08-23 11:42:00,view_spot,自然流量
93264,4415,2026-08-23 11:45:00,view_spot,自然流量
93264,4415,2026-08-23 11:45:00,add_favorite,自然流量
68273,3215,2026-08-23 11:51:00,app_launch,自然流量
68273,3215,2026-08-23 11:52:00,ai_plan,自然流量
68273,3215,2026-08-23 11:53:00,view_spot,自然流量
86369,4085,2026-08-23 12:21:00,app_launch,抖音信息流
123235,5828,2026-08-23 12:23:00,app_launch,自然流量
123235,5828,2026-08-23 12:24:00,ai_plan,自然流量
123235,5828,2026-08-23 12:25:00,view_spot,自然流量
113337,5364,2026-08-23 12:28:00,app_launch,高校地推
123235,5828,2026-08-23 12:28:00,view_spot,自然流量
68274,3215,2026-08-23 12:30:00,app_launch,自然流量
123234,5828,2026-08-23 12:30:00,app_launch,自然流量
68274,3215,2026-08-23 12:31:00,ai_plan,自然流量
123234,5828,2026-08-23 12:31:00,ai_plan,自然流量
123235,5828,2026-08-23 12:31:00,view_spot,自然流量
123235,5828,2026-08-23 12:31:00,add_favorite,自然流量
57978,2717,2026-08-23 12:32:00,app_launch,抖音信息流
68274,3215,2026-08-23 12:32:00,view_spot,自然流量
69267,3263,2026-08-23 12:32:00,app_launch,自然流量
69267,3263,2026-08-23 12:33:00,ai_plan,自然流量
123235,5828,2026-08-23 12:34:00,view_spot,自然流量
68274,3215,2026-08-23 12:35:00,view_spot,自然流量
68274,3215,2026-08-23 12:38:00,view_spot,自然流量
68274,3215,2026-08-23 12:41:00,view_spot,自然流量
10269,484,2026-08-23 12:49:00,app_launch,抖音信息流
10269,484,2026-08-23 12:50:00,ai_plan,抖音信息流
160450,7597,2026-08-23 13:02:00,app_launch,自然流量
160450,7597,2026-08-23 13:03:00,ai_plan,自然流量
160450,7597,2026-08-23 13:04:00,view_spot,自然流量
160450,7597,2026-08-23 13:07:00,view_spot,自然流量
86368,4085,2026-08-23 13:09:00,app_launch,抖音信息流
86368,4085,2026-08-23 13:10:00,ai_plan,抖音信息流
86368,4085,2026-08-23 13:11:00,view_spot,抖音信息流
86368,4085,2026-08-23 13:14:00,view_spot,抖音信息流
86368,4085,2026-08-23 13:17:00,view_spot,抖音信息流
86368,4085,2026-08-23 13:19:00,create_order,抖音信息流
69265,3263,2026-08-23 13:20:00,app_launch,自然流量
86368,4085,2026-08-23 13:20:00,view_spot,抖音信息流
69265,3263,2026-08-23 13:21:00,ai_plan,自然流量
69265,3263,2026-08-23 13:22:00,view_spot,自然流量
69265,3263,2026-08-23 13:25:00,view_spot,自然流量
160451,7597,2026-08-23 13:25:00,app_launch,自然流量
69265,3263,2026-08-23 13:28:00,view_spot,自然流量
47381,2216,2026-08-23 13:41:00,app_launch,自然流量
47381,2216,2026-08-23 13:42:00,ai_plan,自然流量
148570,7043,2026-08-23 13:55:00,app_launch,自然流量
148570,7043,2026-08-23 13:56:00,ai_plan,自然流量
148570,7043,2026-08-23 13:57:00,view_spot,自然流量
148570,7043,2026-08-23 14:05:00,create_order,自然流量
148570,7043,2026-08-23 14:06:00,pay_order,自然流量
47383,2216,2026-08-23 14:23:00,app_launch,自然流量
10270,484,2026-08-23 14:34:00,app_launch,抖音信息流
10270,484,2026-08-23 14:35:00,ai_plan,抖音信息流
10270,484,2026-08-23 14:36:00,view_spot,抖音信息流
68272,3215,2026-08-23 14:36:00,app_launch,自然流量
68272,3215,2026-08-23 14:37:00,ai_plan,自然流量
10270,484,2026-08-23 14:39:00,view_spot,抖音信息流
10270,484,2026-08-23 14:42:00,view_spot,抖音信息流
167635,7942,2026-08-23 14:50:00,app_launch,抖音信息流
167635,7942,2026-08-23 14:51:00,ai_plan,抖音信息流
60126,2816,2026-08-23 15:04:00,app_launch,抖音信息流
60126,2816,2026-08-23 15:05:00,ai_plan,抖音信息流
137186,6488,2026-08-23 15:49:00,app_launch,小红书种草
100275,4744,2026-08-23 16:35:00,app_launch,自然流量
159600,7558,2026-08-23 17:19:00,app_launch,抖音信息流
9912,466,2026-08-23 17:39:00,app_launch,小红书种草
9912,466,2026-08-23 17:40:00,ai_plan,小红书种草
9912,466,2026-08-23 17:41:00,view_spot,小红书种草
57977,2717,2026-08-23 17:43:00,app_launch,抖音信息流
9912,466,2026-08-23 17:44:00,view_spot,小红书种草
9912,466,2026-08-23 17:49:00,create_order,小红书种草
9912,466,2026-08-23 17:50:00,pay_order,小红书种草
18451,867,2026-08-23 18:06:00,app_launch,微信分享裂变
115796,5485,2026-08-23 18:24:00,app_launch,微信分享裂变
115796,5485,2026-08-23 18:25:00,ai_plan,微信分享裂变
115796,5485,2026-08-23 18:26:00,view_spot,微信分享裂变
115796,5485,2026-08-23 18:29:00,view_spot,微信分享裂变
104509,4946,2026-08-23 18:32:00,app_launch,微信分享裂变
115796,5485,2026-08-23 18:32:00,view_spot,微信分享裂变
104509,4946,2026-08-23 18:33:00,ai_plan,微信分享裂变
104509,4946,2026-08-23 18:34:00,view_spot,微信分享裂变
115796,5485,2026-08-23 18:34:00,create_order,微信分享裂变
115796,5485,2026-08-23 18:35:00,view_spot,微信分享裂变
115796,5485,2026-08-23 18:35:00,pay_order,微信分享裂变
28135,1323,2026-08-23 18:36:00,app_launch,自然流量
104509,4946,2026-08-23 18:37:00,view_spot,微信分享裂变
93263,4415,2026-08-23 18:38:00,app_launch,自然流量
93263,4415,2026-08-23 18:39:00,ai_plan,自然流量
93263,4415,2026-08-23 18:40:00,view_spot,自然流量
104509,4946,2026-08-23 18:40:00,view_spot,微信分享裂变
104509,4946,2026-08-23 18:42:00,create_order,微信分享裂变
93263,4415,2026-08-23 18:43:00,view_spot,自然流量
104509,4946,2026-08-23 18:43:00,view_spot,微信分享裂变
162176,7679,2026-08-23 18:45:00,app_launch,高校地推
93263,4415,2026-08-23 18:46:00,view_spot,自然流量
162176,7679,2026-08-23 18:46:00,ai_plan,高校地推
162176,7679,2026-08-23 18:47:00,view_spot,高校地推
93263,4415,2026-08-23 18:49:00,view_spot,自然流量
162176,7679,2026-08-23 18:50:00,view_spot,高校地推
162176,7679,2026-08-23 18:53:00,view_spot,高校地推
29957,1408,2026-08-23 18:55:00,app_launch,自然流量
153264,7260,2026-08-23 18:55:00,app_launch,自然流量
29957,1408,2026-08-23 18:56:00,ai_plan,自然流量
153264,7260,2026-08-23 18:56:00,ai_plan,自然流量
162176,7679,2026-08-23 18:56:00,view_spot,高校地推
29957,1408,2026-08-23 18:57:00,view_spot,自然流量
29957,1408,2026-08-23 19:00:00,view_spot,自然流量
29957,1408,2026-08-23 19:03:00,view_spot,自然流量
29957,1408,2026-08-23 19:03:00,add_favorite,自然流量
29957,1408,2026-08-23 19:06:00,view_spot,自然流量
137185,6488,2026-08-23 19:20:00,app_launch,小红书种草
100273,4744,2026-08-23 19:45:00,app_launch,自然流量
100273,4744,2026-08-23 19:46:00,ai_plan,自然流量
100273,4744,2026-08-23 19:47:00,view_spot,自然流量
100273,4744,2026-08-23 19:50:00,view_spot,自然流量
100273,4744,2026-08-23 19:53:00,view_spot,自然流量
100273,4744,2026-08-23 19:53:00,add_favorite,自然流量
100273,4744,2026-08-23 19:56:00,view_spot,自然流量
10271,484,2026-08-23 20:18:00,app_launch,抖音信息流
59187,2771,2026-08-23 20:23:00,app_launch,自然流量
60128,2816,2026-08-23 20:25:00,app_launch,抖音信息流
60128,2816,2026-08-23 20:26:00,ai_plan,抖音信息流
22228,1045,2026-08-23 20:28:00,app_launch,自然流量
22228,1045,2026-08-23 20:29:00,ai_plan,自然流量
22228,1045,2026-08-23 20:30:00,view_spot,自然流量
150039,7112,2026-08-23 20:31:00,app_launch,小红书种草
22228,1045,2026-08-23 20:33:00,view_spot,自然流量
118375,5603,2026-08-23 20:34:00,app_launch,微信分享裂变
63676,2989,2026-08-23 20:35:00,app_launch,自然流量
118375,5603,2026-08-23 20:35:00,ai_plan,微信分享裂变
63676,2989,2026-08-23 20:36:00,ai_plan,自然流量
141483,6703,2026-08-23 20:45:00,app_launch,高校地推
141481,6703,2026-08-23 21:23:00,app_launch,高校地推
141481,6703,2026-08-23 21:24:00,ai_plan,高校地推
159599,7558,2026-08-23 21:29:00,app_launch,抖音信息流
159599,7558,2026-08-23 21:30:00,ai_plan,抖音信息流
62498,2930,2026-08-23 22:06:00,app_launch,小红书种草
62498,2930,2026-08-23 22:07:00,ai_plan,小红书种草
62498,2930,2026-08-23 22:08:00,view_spot,小红书种草
62498,2930,2026-08-23 22:11:00,view_spot,小红书种草
62498,2930,2026-08-23 22:14:00,view_spot,小红书种草
62498,2930,2026-08-23 22:17:00,view_spot,小红书种草
93265,4415,2026-08-23 22:20:00,app_launch,自然流量
93265,4415,2026-08-23 22:21:00,ai_plan,自然流量
93265,4415,2026-08-23 22:22:00,view_spot,自然流量
28134,1323,2026-08-23 22:23:00,app_launch,自然流量
64504,3028,2026-08-23 22:33:00,app_launch,微信分享裂变
133532,6318,2026-08-23 22:33:00,app_launch,小红书种草
64504,3028,2026-08-23 22:34:00,ai_plan,微信分享裂变
133532,6318,2026-08-23 22:34:00,ai_plan,小红书种草
47382,2216,2026-08-23 22:47:00,app_launch,自然流量
118155,5592,2026-08-24 07:20:00,app_launch,微信分享裂变
118155,5592,2026-08-24 07:21:00,ai_plan,微信分享裂变
118155,5592,2026-08-24 07:22:00,view_spot,微信分享裂变
118155,5592,2026-08-24 07:25:00,view_spot,微信分享裂变
118155,5592,2026-08-24 07:28:00,view_spot,微信分享裂变
118155,5592,2026-08-24 07:31:00,view_spot,微信分享裂变
62499,2930,2026-08-24 08:08:00,app_launch,小红书种草
62499,2930,2026-08-24 08:09:00,ai_plan,小红书种草
57980,2717,2026-08-24 08:10:00,app_launch,抖音信息流
57980,2717,2026-08-24 08:11:00,ai_plan,抖音信息流
57980,2717,2026-08-24 08:12:00,view_spot,抖音信息流
9915,466,2026-08-24 08:40:00,app_launch,小红书种草
21605,1018,2026-08-24 08:49:00,app_launch,微信分享裂变
21605,1018,2026-08-24 08:50:00,ai_plan,微信分享裂变
21605,1018,2026-08-24 08:51:00,view_spot,微信分享裂变
69268,3263,2026-08-24 08:52:00,app_launch,自然流量
69268,3263,2026-08-24 08:53:00,ai_plan,自然流量
21605,1018,2026-08-24 08:54:00,view_spot,微信分享裂变
21605,1018,2026-08-24 08:57:00,view_spot,微信分享裂变
21605,1018,2026-08-24 08:59:00,create_order,微信分享裂变
21605,1018,2026-08-24 09:00:00,view_spot,微信分享裂变
21605,1018,2026-08-24 09:00:00,pay_order,微信分享裂变
21604,1018,2026-08-24 09:21:00,app_launch,微信分享裂变
21604,1018,2026-08-24 09:22:00,ai_plan,微信分享裂变
21604,1018,2026-08-24 09:23:00,view_spot,微信分享裂变
21604,1018,2026-08-24 09:26:00,view_spot,微信分享裂变
21604,1018,2026-08-24 09:29:00,view_spot,微信分享裂变
45960,2150,2026-08-24 09:38:00,app_launch,自然流量
60131,2816,2026-08-24 10:28:00,app_launch,抖音信息流
60131,2816,2026-08-24 10:29:00,ai_plan,抖音信息流
41218,1935,2026-08-24 10:42:00,app_launch,小红书种草
41218,1935,2026-08-24 10:43:00,ai_plan,小红书种草
41218,1935,2026-08-24 10:44:00,view_spot,小红书种草
41218,1935,2026-08-24 10:47:00,view_spot,小红书种草
41218,1935,2026-08-24 10:50:00,view_spot,小红书种草
41218,1935,2026-08-24 10:52:00,create_order,小红书种草
41218,1935,2026-08-24 10:53:00,view_spot,小红书种草
41218,1935,2026-08-24 10:53:00,pay_order,小红书种草
69270,3263,2026-08-24 11:14:00,app_launch,自然流量
69270,3263,2026-08-24 11:15:00,ai_plan,自然流量
148062,7021,2026-08-24 12:03:00,app_launch,高校地推
33078,1551,2026-08-24 12:14:00,app_launch,自然流量
137887,6523,2026-08-24 12:38:00,app_launch,自然流量
160166,7583,2026-08-24 12:52:00,app_launch,自然流量
160166,7583,2026-08-24 12:53:00,ai_plan,自然流量
143465,6801,2026-08-24 13:29:00,app_launch,抖音信息流
143465,6801,2026-08-24 13:30:00,ai_plan,抖音信息流
143465,6801,2026-08-24 13:31:00,view_spot,抖音信息流
143465,6801,2026-08-24 13:34:00,view_spot,抖音信息流
148063,7021,2026-08-24 13:42:00,app_launch,高校地推
104513,4946,2026-08-24 13:59:00,app_launch,微信分享裂变
104513,4946,2026-08-24 14:00:00,ai_plan,微信分享裂变
104513,4946,2026-08-24 14:01:00,view_spot,微信分享裂变
104513,4946,2026-08-24 14:04:00,view_spot,微信分享裂变
60130,2816,2026-08-24 14:06:00,app_launch,抖音信息流
104513,4946,2026-08-24 14:07:00,view_spot,微信分享裂变
104513,4946,2026-08-24 14:07:00,add_favorite,微信分享裂变
104513,4946,2026-08-24 14:09:00,create_order,微信分享裂变
104513,4946,2026-08-24 14:10:00,pay_order,微信分享裂变
33077,1551,2026-08-24 14:35:00,app_launch,自然流量
33077,1551,2026-08-24 14:36:00,ai_plan,自然流量
33077,1551,2026-08-24 14:37:00,view_spot,自然流量
33077,1551,2026-08-24 14:40:00,view_spot,自然流量
33077,1551,2026-08-24 14:43:00,view_spot,自然流量
33077,1551,2026-08-24 14:43:00,add_favorite,自然流量
148064,7021,2026-08-24 14:44:00,app_launch,高校地推
148064,7021,2026-08-24 14:45:00,ai_plan,高校地推
33077,1551,2026-08-24 14:46:00,view_spot,自然流量
148064,7021,2026-08-24 14:46:00,view_spot,高校地推
148064,7021,2026-08-24 14:49:00,view_spot,高校地推
148064,7021,2026-08-24 14:52:00,view_spot,高校地推
148064,7021,2026-08-24 14:52:00,add_favorite,高校地推
148064,7021,2026-08-24 14:55:00,view_spot,高校地推
545,24,2026-08-24 15:33:00,app_launch,微信分享裂变
545,24,2026-08-24 15:34:00,ai_plan,微信分享裂变
545,24,2026-08-24 15:35:00,view_spot,微信分享裂变
545,24,2026-08-24 15:38:00,view_spot,微信分享裂变
545,24,2026-08-24 15:41:00,add_favorite,微信分享裂变
57979,2717,2026-08-24 15:52:00,app_launch,抖音信息流
45959,2150,2026-08-24 15:53:00,app_launch,自然流量
45959,2150,2026-08-24 15:54:00,ai_plan,自然流量
9914,466,2026-08-24 16:22:00,app_launch,小红书种草
9914,466,2026-08-24 16:23:00,ai_plan,小红书种草
104512,4946,2026-08-24 18:22:00,app_launch,微信分享裂变
104512,4946,2026-08-24 18:23:00,ai_plan,微信分享裂变
104512,4946,2026-08-24 18:24:00,view_spot,微信分享裂变
104512,4946,2026-08-24 18:27:00,view_spot,微信分享裂变
104512,4946,2026-08-24 18:30:00,view_spot,微信分享裂变
104512,4946,2026-08-24 18:33:00,view_spot,微信分享裂变
21603,1018,2026-08-24 19:29:00,app_launch,微信分享裂变
21603,1018,2026-08-24 19:30:00,ai_plan,微信分享裂变
60129,2816,2026-08-24 20:17:00,app_launch,抖音信息流
9913,466,2026-08-24 20:37:00,app_launch,小红书种草
9913,466,2026-08-24 20:38:00,ai_plan,小红书种草
112793,5338,2026-08-24 21:02:00,app_launch,小红书种草
69269,3263,2026-08-24 22:07:00,app_launch,自然流量
69269,3263,2026-08-24 22:08:00,ai_plan,自然流量
137885,6523,2026-08-24 22:35:00,app_launch,自然流量
137886,6523,2026-08-24 22:42:00,app_launch,自然流量
137886,6523,2026-08-24 22:43:00,ai_plan,自然流量
137886,6523,2026-08-24 22:44:00,view_spot,自然流量
143464,6801,2026-08-24 22:45:00,app_launch,抖音信息流
143464,6801,2026-08-24 22:46:00,ai_plan,抖音信息流
137886,6523,2026-08-24 22:47:00,view_spot,自然流量
137886,6523,2026-08-24 22:50:00,add_favorite,自然流量
90553,4291,2026-08-25 07:06:00,app_launch,自然流量
90553,4291,2026-08-25 07:07:00,ai_plan,自然流量
69297,3264,2026-08-25 07:52:00,app_launch,抖音信息流
69297,3264,2026-08-25 07:53:00,ai_plan,抖音信息流
137187,6488,2026-08-25 07:58:00,app_launch,小红书种草
137187,6488,2026-08-25 07:59:00,ai_plan,小红书种草
137187,6488,2026-08-25 08:00:00,view_spot,小红书种草
137187,6488,2026-08-25 08:03:00,view_spot,小红书种草
137187,6488,2026-08-25 08:06:00,view_spot,小红书种草
137187,6488,2026-08-25 08:06:00,add_favorite,小红书种草
79683,3762,2026-08-25 08:58:00,app_launch,抖音信息流
79683,3762,2026-08-25 08:59:00,ai_plan,抖音信息流
35702,1678,2026-08-25 09:25:00,app_launch,抖音信息流
45350,2119,2026-08-25 09:43:00,app_launch,自然流量
45350,2119,2026-08-25 09:44:00,ai_plan,自然流量
69296,3264,2026-08-25 11:27:00,app_launch,抖音信息流
38987,1836,2026-08-25 12:11:00,app_launch,自然流量
142322,6745,2026-08-25 12:11:00,app_launch,自然流量
7364,350,2026-08-25 12:51:00,app_launch,自然流量
7364,350,2026-08-25 12:52:00,ai_plan,自然流量
137188,6488,2026-08-25 12:52:00,app_launch,小红书种草
137188,6488,2026-08-25 12:53:00,ai_plan,小红书种草
35703,1678,2026-08-25 13:23:00,app_launch,抖音信息流
35703,1678,2026-08-25 13:24:00,ai_plan,抖音信息流
22437,1056,2026-08-25 13:25:00,app_launch,小红书种草
22437,1056,2026-08-25 13:26:00,ai_plan,小红书种草
7365,350,2026-08-25 13:31:00,app_launch,自然流量
7365,350,2026-08-25 13:32:00,ai_plan,自然流量
143467,6801,2026-08-25 14:01:00,app_launch,抖音信息流
143467,6801,2026-08-25 14:02:00,ai_plan,抖音信息流
62500,2930,2026-08-25 14:20:00,app_launch,小红书种草
62500,2930,2026-08-25 14:21:00,ai_plan,小红书种草
62500,2930,2026-08-25 14:22:00,view_spot,小红书种草
143466,6801,2026-08-25 14:24:00,app_launch,抖音信息流
4859,223,2026-08-25 14:56:00,app_launch,小红书种草
22573,1062,2026-08-25 15:19:00,app_launch,小红书种草
22573,1062,2026-08-25 15:20:00,ai_plan,小红书种草
22573,1062,2026-08-25 15:21:00,view_spot,小红书种草
22573,1062,2026-08-25 15:29:00,create_order,小红书种草
4857,223,2026-08-25 15:34:00,app_launch,小红书种草
4857,223,2026-08-25 15:35:00,ai_plan,小红书种草
4857,223,2026-08-25 15:36:00,view_spot,小红书种草
4857,223,2026-08-25 15:39:00,view_spot,小红书种草
4857,223,2026-08-25 15:42:00,view_spot,小红书种草
4857,223,2026-08-25 15:42:00,add_favorite,小红书种草
4857,223,2026-08-25 15:45:00,view_spot,小红书种草
118376,5603,2026-08-25 16:05:00,app_launch,微信分享裂变
118376,5603,2026-08-25 16:06:00,ai_plan,微信分享裂变
118376,5603,2026-08-25 16:07:00,view_spot,微信分享裂变
118376,5603,2026-08-25 16:10:00,view_spot,微信分享裂变
118376,5603,2026-08-25 16:13:00,add_favorite,微信分享裂变
69295,3264,2026-08-25 16:22:00,app_launch,抖音信息流
69295,3264,2026-08-25 16:23:00,ai_plan,抖音信息流
62502,2930,2026-08-25 16:30:00,app_launch,小红书种草
62502,2930,2026-08-25 16:31:00,ai_plan,小红书种草
62502,2930,2026-08-25 16:32:00,view_spot,小红书种草
62502,2930,2026-08-25 16:35:00,view_spot,小红书种草
104514,4946,2026-08-25 17:22:00,app_launch,微信分享裂变
104514,4946,2026-08-25 17:23:00,ai_plan,微信分享裂变
104514,4946,2026-08-25 17:24:00,view_spot,微信分享裂变
104514,4946,2026-08-25 17:27:00,view_spot,微信分享裂变
104514,4946,2026-08-25 17:30:00,view_spot,微信分享裂变
4858,223,2026-08-25 17:34:00,app_launch,小红书种草
4858,223,2026-08-25 17:35:00,ai_plan,小红书种草
90552,4291,2026-08-25 18:48:00,app_launch,自然流量
90552,4291,2026-08-25 18:49:00,ai_plan,自然流量
90552,4291,2026-08-25 18:50:00,view_spot,自然流量
90552,4291,2026-08-25 18:53:00,view_spot,自然流量
90552,4291,2026-08-25 18:56:00,view_spot,自然流量
90552,4291,2026-08-25 18:58:00,create_order,自然流量
90552,4291,2026-08-25 18:59:00,pay_order,自然流量
143468,6801,2026-08-25 19:09:00,app_launch,抖音信息流
143468,6801,2026-08-25 19:10:00,ai_plan,抖音信息流
45351,2119,2026-08-25 19:15:00,app_launch,自然流量
45351,2119,2026-08-25 19:16:00,ai_plan,自然流量
45351,2119,2026-08-25 19:17:00,view_spot,自然流量
45351,2119,2026-08-25 19:20:00,view_spot,自然流量
45351,2119,2026-08-25 19:23:00,view_spot,自然流量
45351,2119,2026-08-25 19:23:00,add_favorite,自然流量
22574,1062,2026-08-25 19:38:00,app_launch,小红书种草
18452,867,2026-08-25 19:51:00,app_launch,微信分享裂变
22572,1062,2026-08-25 20:19:00,app_launch,小红书种草
22572,1062,2026-08-25 20:20:00,ai_plan,小红书种草
22572,1062,2026-08-25 20:21:00,view_spot,小红书种草
22572,1062,2026-08-25 20:24:00,view_spot,小红书种草
22879,1076,2026-08-25 20:25:00,app_launch,抖音信息流
22879,1076,2026-08-25 20:26:00,ai_plan,抖音信息流
22572,1062,2026-08-25 20:27:00,view_spot,小红书种草
22879,1076,2026-08-25 20:27:00,view_spot,抖音信息流
22572,1062,2026-08-25 20:30:00,view_spot,小红书种草
22879,1076,2026-08-25 20:35:00,create_order,抖音信息流
22879,1076,2026-08-25 20:36:00,pay_order,抖音信息流
162177,7679,2026-08-25 20:36:00,app_launch,高校地推
162177,7679,2026-08-25 20:37:00,ai_plan,高校地推
23901,1124,2026-08-25 21:08:00,app_launch,自然流量
104515,4946,2026-08-25 22:12:00,app_launch,微信分享裂变
104515,4946,2026-08-25 22:13:00,ai_plan,微信分享裂变
104515,4946,2026-08-25 22:14:00,view_spot,微信分享裂变
104515,4946,2026-08-25 22:17:00,view_spot,微信分享裂变
83068,3930,2026-08-25 22:18:00,app_launch,高校地推
83068,3930,2026-08-25 22:19:00,ai_plan,高校地推
104515,4946,2026-08-25 22:20:00,view_spot,微信分享裂变
62501,2930,2026-08-25 22:25:00,app_launch,小红书种草
35346,1663,2026-08-26 07:08:00,app_launch,微信分享裂变
35346,1663,2026-08-26 07:09:00,ai_plan,微信分享裂变
35346,1663,2026-08-26 07:10:00,view_spot,微信分享裂变
35346,1663,2026-08-26 07:13:00,view_spot,微信分享裂变
93393,4422,2026-08-26 07:14:00,app_launch,自然流量
93393,4422,2026-08-26 07:15:00,ai_plan,自然流量
35346,1663,2026-08-26 07:16:00,view_spot,微信分享裂变
93393,4422,2026-08-26 07:16:00,view_spot,自然流量
93393,4422,2026-08-26 07:19:00,view_spot,自然流量
93393,4422,2026-08-26 07:22:00,view_spot,自然流量
93393,4422,2026-08-26 07:24:00,create_order,自然流量
93393,4422,2026-08-26 07:25:00,view_spot,自然流量
93393,4422,2026-08-26 07:25:00,pay_order,自然流量
104856,4962,2026-08-26 07:58:00,app_launch,自然流量
4861,223,2026-08-26 08:25:00,app_launch,小红书种草
4861,223,2026-08-26 08:26:00,ai_plan,小红书种草
4861,223,2026-08-26 08:27:00,view_spot,小红书种草
4861,223,2026-08-26 08:30:00,view_spot,小红书种草
4861,223,2026-08-26 08:33:00,view_spot,小红书种草
4861,223,2026-08-26 08:33:00,add_favorite,小红书种草
4861,223,2026-08-26 08:36:00,view_spot,小红书种草
134037,6341,2026-08-26 09:18:00,app_launch,微信分享裂变
134037,6341,2026-08-26 09:19:00,ai_plan,微信分享裂变
134037,6341,2026-08-26 09:20:00,view_spot,微信分享裂变
23902,1124,2026-08-26 09:25:00,app_launch,自然流量
93267,4415,2026-08-26 09:33:00,app_launch,自然流量
93267,4415,2026-08-26 09:34:00,ai_plan,自然流量
93267,4415,2026-08-26 09:35:00,view_spot,自然流量
93267,4415,2026-08-26 09:38:00,view_spot,自然流量
93267,4415,2026-08-26 09:43:00,create_order,自然流量
93267,4415,2026-08-26 09:44:00,pay_order,自然流量
46273,2165,2026-08-26 10:20:00,app_launch,微信分享裂变
46273,2165,2026-08-26 10:21:00,ai_plan,微信分享裂变
46273,2165,2026-08-26 10:22:00,view_spot,微信分享裂变
46273,2165,2026-08-26 10:25:00,view_spot,微信分享裂变
46273,2165,2026-08-26 10:28:00,view_spot,微信分享裂变
46273,2165,2026-08-26 10:31:00,view_spot,微信分享裂变
160168,7583,2026-08-26 11:34:00,app_launch,自然流量
160168,7583,2026-08-26 11:35:00,ai_plan,自然流量
5679,264,2026-08-26 11:45:00,app_launch,自然流量
24331,1145,2026-08-26 12:00:00,app_launch,抖音信息流
24331,1145,2026-08-26 12:01:00,ai_plan,抖音信息流
24332,1145,2026-08-26 13:53:00,app_launch,抖音信息流
24332,1145,2026-08-26 13:54:00,ai_plan,抖音信息流
24332,1145,2026-08-26 13:55:00,view_spot,抖音信息流
24332,1145,2026-08-26 13:58:00,view_spot,抖音信息流
546,24,2026-08-26 14:34:00,app_launch,微信分享裂变
546,24,2026-08-26 14:35:00,ai_plan,微信分享裂变
547,24,2026-08-26 14:53:00,app_launch,微信分享裂变
547,24,2026-08-26 14:54:00,ai_plan,微信分享裂变
547,24,2026-08-26 14:55:00,view_spot,微信分享裂变
547,24,2026-08-26 14:58:00,view_spot,微信分享裂变
4860,223,2026-08-26 15:07:00,app_launch,小红书种草
90554,4291,2026-08-26 15:09:00,app_launch,自然流量
62504,2930,2026-08-26 15:24:00,app_launch,小红书种草
62504,2930,2026-08-26 15:25:00,ai_plan,小红书种草
62504,2930,2026-08-26 15:26:00,view_spot,小红书种草
62504,2930,2026-08-26 15:34:00,create_order,小红书种草
62505,2930,2026-08-26 17:28:00,app_launch,小红书种草
62505,2930,2026-08-26 17:29:00,ai_plan,小红书种草
62505,2930,2026-08-26 17:30:00,view_spot,小红书种草
93266,4415,2026-08-26 17:30:00,app_launch,自然流量
93266,4415,2026-08-26 17:31:00,ai_plan,自然流量
62505,2930,2026-08-26 17:33:00,view_spot,小红书种草
62505,2930,2026-08-26 17:36:00,view_spot,小红书种草
62505,2930,2026-08-26 17:38:00,create_order,小红书种草
62505,2930,2026-08-26 17:39:00,view_spot,小红书种草
62505,2930,2026-08-26 17:39:00,pay_order,小红书种草
4862,223,2026-08-26 18:45:00,app_launch,小红书种草
4862,223,2026-08-26 18:46:00,ai_plan,小红书种草
4862,223,2026-08-26 18:47:00,view_spot,小红书种草
4862,223,2026-08-26 18:50:00,view_spot,小红书种草
4862,223,2026-08-26 18:53:00,view_spot,小红书种草
4862,223,2026-08-26 18:53:00,add_favorite,小红书种草
4862,223,2026-08-26 18:56:00,view_spot,小红书种草
548,24,2026-08-26 19:09:00,app_launch,微信分享裂变
548,24,2026-08-26 19:10:00,ai_plan,微信分享裂变
35345,1663,2026-08-26 19:29:00,app_launch,微信分享裂变
86370,4085,2026-08-26 19:30:00,app_launch,抖音信息流
86370,4085,2026-08-26 19:31:00,ai_plan,抖音信息流
86370,4085,2026-08-26 19:32:00,view_spot,抖音信息流
86370,4085,2026-08-26 19:35:00,view_spot,抖音信息流
86370,4085,2026-08-26 19:38:00,view_spot,抖音信息流
86370,4085,2026-08-26 19:40:00,create_order,抖音信息流
86370,4085,2026-08-26 19:41:00,view_spot,抖音信息流
5678,264,2026-08-26 20:02:00,app_launch,自然流量
5678,264,2026-08-26 20:03:00,ai_plan,自然流量
5678,264,2026-08-26 20:04:00,view_spot,自然流量
104855,4962,2026-08-26 20:07:00,app_launch,自然流量
57267,2681,2026-08-26 20:32:00,app_launch,微信分享裂变
160167,7583,2026-08-26 21:20:00,app_launch,自然流量
160167,7583,2026-08-26 21:21:00,ai_plan,自然流量
62503,2930,2026-08-26 22:07:00,app_launch,小红书种草
62503,2930,2026-08-26 22:08:00,ai_plan,小红书种草
62503,2930,2026-08-26 22:09:00,view_spot,小红书种草
62503,2930,2026-08-26 22:12:00,view_spot,小红书种草
62503,2930,2026-08-26 22:15:00,view_spot,小红书种草
62503,2930,2026-08-26 22:15:00,add_favorite,小红书种草
62503,2930,2026-08-26 22:18:00,view_spot,小红书种草
110823,5245,2026-08-27 07:10:00,app_launch,抖音信息流
5680,264,2026-08-27 07:14:00,app_launch,自然流量
5680,264,2026-08-27 07:15:00,ai_plan,自然流量
5680,264,2026-08-27 07:16:00,view_spot,自然流量
5680,264,2026-08-27 07:19:00,view_spot,自然流量
5680,264,2026-08-27 07:22:00,view_spot,自然流量
5680,264,2026-08-27 07:25:00,view_spot,自然流量
41219,1935,2026-08-27 07:48:00,app_launch,小红书种草
41219,1935,2026-08-27 07:49:00,ai_plan,小红书种草
41219,1935,2026-08-27 07:50:00,view_spot,小红书种草
41219,1935,2026-08-27 07:53:00,view_spot,小红书种草
41219,1935,2026-08-27 07:56:00,view_spot,小红书种草
41219,1935,2026-08-27 07:58:00,create_order,小红书种草
41219,1935,2026-08-27 07:59:00,pay_order,小红书种草
1387,66,2026-08-27 08:41:00,app_launch,抖音信息流
23904,1124,2026-08-27 08:47:00,app_launch,自然流量
23904,1124,2026-08-27 08:48:00,ai_plan,自然流量
23904,1124,2026-08-27 08:49:00,view_spot,自然流量
23904,1124,2026-08-27 08:52:00,view_spot,自然流量
23904,1124,2026-08-27 08:55:00,view_spot,自然流量
23904,1124,2026-08-27 08:55:00,add_favorite,自然流量
63635,2987,2026-08-27 09:08:00,app_launch,自然流量
63635,2987,2026-08-27 09:09:00,ai_plan,自然流量
63635,2987,2026-08-27 09:10:00,view_spot,自然流量
63635,2987,2026-08-27 09:13:00,view_spot,自然流量
63635,2987,2026-08-27 09:16:00,view_spot,自然流量
63635,2987,2026-08-27 09:16:00,add_favorite,自然流量
14672,697,2026-08-27 11:37:00,app_launch,小红书种草
14672,697,2026-08-27 11:38:00,ai_plan,小红书种草
62353,2922,2026-08-27 12:02:00,app_launch,自然流量
62353,2922,2026-08-27 12:03:00,ai_plan,自然流量
62353,2922,2026-08-27 12:04:00,view_spot,自然流量
74972,3535,2026-08-27 12:04:00,app_launch,小红书种草
74972,3535,2026-08-27 12:05:00,ai_plan,小红书种草
62353,2922,2026-08-27 12:07:00,view_spot,自然流量
62353,2922,2026-08-27 12:10:00,view_spot,自然流量
74974,3535,2026-08-27 12:36:00,app_launch,小红书种草
21607,1018,2026-08-27 12:41:00,app_launch,微信分享裂变
21607,1018,2026-08-27 12:42:00,ai_plan,微信分享裂变
21607,1018,2026-08-27 12:43:00,view_spot,微信分享裂变
21607,1018,2026-08-27 12:46:00,view_spot,微信分享裂变
74973,3535,2026-08-27 14:46:00,app_launch,小红书种草
41220,1935,2026-08-27 14:56:00,app_launch,小红书种草
41220,1935,2026-08-27 14:57:00,ai_plan,小红书种草
21608,1018,2026-08-27 15:18:00,app_launch,微信分享裂变
21608,1018,2026-08-27 15:19:00,ai_plan,微信分享裂变
5681,264,2026-08-27 15:24:00,app_launch,自然流量
5681,264,2026-08-27 15:25:00,ai_plan,自然流量
5681,264,2026-08-27 15:26:00,view_spot,自然流量
5681,264,2026-08-27 15:29:00,view_spot,自然流量
5681,264,2026-08-27 15:32:00,view_spot,自然流量
5681,264,2026-08-27 15:34:00,create_order,自然流量
23903,1124,2026-08-27 15:44:00,app_launch,自然流量
23903,1124,2026-08-27 15:45:00,ai_plan,自然流量
23903,1124,2026-08-27 15:46:00,view_spot,自然流量
23903,1124,2026-08-27 15:49:00,view_spot,自然流量
23903,1124,2026-08-27 15:52:00,view_spot,自然流量
153265,7260,2026-08-27 16:09:00,app_launch,自然流量
153265,7260,2026-08-27 16:10:00,ai_plan,自然流量
63636,2987,2026-08-27 17:51:00,app_launch,自然流量
63636,2987,2026-08-27 17:52:00,ai_plan,自然流量
63636,2987,2026-08-27 17:53:00,view_spot,自然流量
63636,2987,2026-08-27 17:56:00,view_spot,自然流量
63636,2987,2026-08-27 17:59:00,view_spot,自然流量
63636,2987,2026-08-27 18:02:00,view_spot,自然流量
1388,66,2026-08-27 19:29:00,app_launch,抖音信息流
62355,2922,2026-08-27 19:38:00,app_launch,自然流量
62355,2922,2026-08-27 19:39:00,ai_plan,自然流量
62355,2922,2026-08-27 19:40:00,view_spot,自然流量
62355,2922,2026-08-27 19:43:00,view_spot,自然流量
62355,2922,2026-08-27 19:46:00,view_spot,自然流量
14674,697,2026-08-27 19:49:00,app_launch,小红书种草
14674,697,2026-08-27 19:50:00,ai_plan,小红书种草
62506,2930,2026-08-27 20:25:00,app_launch,小红书种草
14673,697,2026-08-27 21:06:00,app_launch,小红书种草
14673,697,2026-08-27 21:07:00,ai_plan,小红书种草
14673,697,2026-08-27 21:08:00,view_spot,小红书种草
14673,697,2026-08-27 21:11:00,view_spot,小红书种草
14673,697,2026-08-27 21:14:00,view_spot,小红书种草
14673,697,2026-08-27 21:17:00,view_spot,小红书种草
62354,2922,2026-08-27 22:09:00,app_launch,自然流量
21606,1018,2026-08-27 22:33:00,app_launch,微信分享裂变
21606,1018,2026-08-27 22:34:00,ai_plan,微信分享裂变
46445,2174,2026-08-28 07:49:00,app_launch,自然流量
93270,4415,2026-08-28 08:26:00,app_launch,自然流量
549,24,2026-08-28 11:42:00,app_launch,微信分享裂变
549,24,2026-08-28 11:43:00,ai_plan,微信分享裂变
549,24,2026-08-28 11:44:00,view_spot,微信分享裂变
549,24,2026-08-28 11:47:00,view_spot,微信分享裂变
549,24,2026-08-28 11:50:00,view_spot,微信分享裂变
549,24,2026-08-28 11:50:00,add_favorite,微信分享裂变
549,24,2026-08-28 11:53:00,view_spot,微信分享裂变
142323,6745,2026-08-28 12:06:00,app_launch,自然流量
142325,6745,2026-08-28 12:59:00,app_launch,自然流量
142325,6745,2026-08-28 13:00:00,ai_plan,自然流量
21609,1018,2026-08-28 14:10:00,app_launch,微信分享裂变
21609,1018,2026-08-28 14:11:00,ai_plan,微信分享裂变
47384,2216,2026-08-28 15:54:00,app_launch,自然流量
47384,2216,2026-08-28 15:55:00,ai_plan,自然流量
143469,6801,2026-08-28 17:31:00,app_launch,抖音信息流
143470,6801,2026-08-28 17:31:00,app_launch,抖音信息流
143471,6801,2026-08-28 17:41:00,app_launch,抖音信息流
129739,6132,2026-08-28 18:32:00,app_launch,小红书种草
129739,6132,2026-08-28 18:33:00,ai_plan,小红书种草
129739,6132,2026-08-28 18:34:00,view_spot,小红书种草
129739,6132,2026-08-28 18:37:00,view_spot,小红书种草
129739,6132,2026-08-28 18:40:00,view_spot,小红书种草
129739,6132,2026-08-28 18:40:00,add_favorite,小红书种草
142324,6745,2026-08-28 18:40:00,app_launch,自然流量
142324,6745,2026-08-28 18:41:00,ai_plan,自然流量
142324,6745,2026-08-28 18:42:00,view_spot,自然流量
129739,6132,2026-08-28 18:43:00,view_spot,小红书种草
142324,6745,2026-08-28 18:45:00,view_spot,自然流量
142324,6745,2026-08-28 18:48:00,view_spot,自然流量
142324,6745,2026-08-28 18:51:00,view_spot,自然流量
551,24,2026-08-28 19:25:00,app_launch,微信分享裂变
551,24,2026-08-28 19:26:00,ai_plan,微信分享裂变
551,24,2026-08-28 19:27:00,view_spot,微信分享裂变
46446,2174,2026-08-28 20:00:00,app_launch,自然流量
550,24,2026-08-28 20:03:00,app_launch,微信分享裂变
550,24,2026-08-28 20:04:00,ai_plan,微信分享裂变
34430,1619,2026-08-28 20:18:00,app_launch,高校地推
34430,1619,2026-08-28 20:19:00,ai_plan,高校地推
34430,1619,2026-08-28 20:20:00,view_spot,高校地推
34430,1619,2026-08-28 20:23:00,view_spot,高校地推
34430,1619,2026-08-28 20:26:00,view_spot,高校地推
93268,4415,2026-08-28 20:53:00,app_launch,自然流量
93268,4415,2026-08-28 20:54:00,ai_plan,自然流量
93268,4415,2026-08-28 20:55:00,view_spot,自然流量
93268,4415,2026-08-28 20:58:00,view_spot,自然流量
62507,2930,2026-08-28 21:00:00,app_launch,小红书种草
93268,4415,2026-08-28 21:01:00,view_spot,自然流量
93268,4415,2026-08-28 21:01:00,add_favorite,自然流量
93269,4415,2026-08-28 21:21:00,app_launch,自然流量
93269,4415,2026-08-28 21:22:00,ai_plan,自然流量
46444,2174,2026-08-28 21:49:00,app_launch,自然流量
34431,1619,2026-08-28 21:50:00,app_launch,高校地推
47385,2216,2026-08-28 22:09:00,app_launch,自然流量
47385,2216,2026-08-28 22:10:00,ai_plan,自然流量
62508,2930,2026-08-28 22:22:00,app_launch,小红书种草
34429,1619,2026-08-28 22:38:00,app_launch,高校地推
34429,1619,2026-08-28 22:39:00,ai_plan,高校地推
115097,5448,2026-08-29 07:07:00,app_launch,抖音信息流
115097,5448,2026-08-29 07:08:00,ai_plan,抖音信息流
62511,2930,2026-08-29 07:43:00,app_launch,小红书种草
62511,2930,2026-08-29 07:44:00,ai_plan,小红书种草
62511,2930,2026-08-29 07:45:00,view_spot,小红书种草
62511,2930,2026-08-29 07:48:00,view_spot,小红书种草
62511,2930,2026-08-29 07:51:00,view_spot,小红书种草
5682,264,2026-08-29 07:52:00,app_launch,自然流量
5682,264,2026-08-29 07:53:00,ai_plan,自然流量
62511,2930,2026-08-29 07:53:00,create_order,小红书种草
5682,264,2026-08-29 07:54:00,view_spot,自然流量
62511,2930,2026-08-29 07:54:00,view_spot,小红书种草
62511,2930,2026-08-29 07:54:00,pay_order,小红书种草
5682,264,2026-08-29 08:00:00,add_favorite,自然流量
22576,1062,2026-08-29 08:34:00,app_launch,小红书种草
85745,4055,2026-08-29 08:35:00,app_launch,微信分享裂变
85745,4055,2026-08-29 08:36:00,ai_plan,微信分享裂变
85745,4055,2026-08-29 08:37:00,view_spot,微信分享裂变
85745,4055,2026-08-29 08:40:00,view_spot,微信分享裂变
85745,4055,2026-08-29 08:43:00,view_spot,微信分享裂变
91252,4320,2026-08-29 09:24:00,app_launch,抖音信息流
64506,3028,2026-08-29 09:26:00,app_launch,微信分享裂变
64506,3028,2026-08-29 09:27:00,ai_plan,微信分享裂变
64506,3028,2026-08-29 09:28:00,view_spot,微信分享裂变
64506,3028,2026-08-29 09:31:00,view_spot,微信分享裂变
64506,3028,2026-08-29 09:34:00,view_spot,微信分享裂变
5684,264,2026-08-29 09:38:00,app_launch,自然流量
113338,5364,2026-08-29 09:38:00,app_launch,高校地推
5684,264,2026-08-29 09:39:00,ai_plan,自然流量
5684,264,2026-08-29 09:40:00,view_spot,自然流量
5684,264,2026-08-29 09:43:00,view_spot,自然流量
5684,264,2026-08-29 09:46:00,view_spot,自然流量
5684,264,2026-08-29 09:48:00,create_order,自然流量
5684,264,2026-08-29 09:49:00,view_spot,自然流量
5684,264,2026-08-29 09:49:00,pay_order,自然流量
160169,7583,2026-08-29 10:09:00,app_launch,自然流量
160169,7583,2026-08-29 10:10:00,ai_plan,自然流量
160169,7583,2026-08-29 10:11:00,view_spot,自然流量
160169,7583,2026-08-29 10:14:00,view_spot,自然流量
160169,7583,2026-08-29 10:17:00,add_favorite,自然流量
11729,555,2026-08-29 10:23:00,app_launch,自然流量
11729,555,2026-08-29 10:24:00,ai_plan,自然流量
11729,555,2026-08-29 10:25:00,view_spot,自然流量
11729,555,2026-08-29 10:28:00,view_spot,自然流量
11729,555,2026-08-29 10:31:00,view_spot,自然流量
11729,555,2026-08-29 10:33:00,create_order,自然流量
11729,555,2026-08-29 10:34:00,view_spot,自然流量
69298,3264,2026-08-29 11:25:00,app_launch,抖音信息流
69298,3264,2026-08-29 11:26:00,ai_plan,抖音信息流
69300,3264,2026-08-29 11:57:00,app_launch,抖音信息流
69300,3264,2026-08-29 11:58:00,ai_plan,抖音信息流
69300,3264,2026-08-29 11:59:00,view_spot,抖音信息流
69300,3264,2026-08-29 12:02:00,view_spot,抖音信息流
69300,3264,2026-08-29 12:05:00,view_spot,抖音信息流
69300,3264,2026-08-29 12:08:00,view_spot,抖音信息流
11730,555,2026-08-29 12:52:00,app_launch,自然流量
69299,3264,2026-08-29 12:59:00,app_launch,抖音信息流
69299,3264,2026-08-29 13:00:00,ai_plan,抖音信息流
60132,2816,2026-08-29 13:02:00,app_launch,抖音信息流
60132,2816,2026-08-29 13:03:00,ai_plan,抖音信息流
85743,4055,2026-08-29 13:06:00,app_launch,微信分享裂变
85743,4055,2026-08-29 13:07:00,ai_plan,微信分享裂变
85743,4055,2026-08-29 13:08:00,view_spot,微信分享裂变
85743,4055,2026-08-29 13:11:00,view_spot,微信分享裂变
85743,4055,2026-08-29 13:14:00,view_spot,微信分享裂变
85743,4055,2026-08-29 13:14:00,add_favorite,微信分享裂变
85743,4055,2026-08-29 13:17:00,view_spot,微信分享裂变
63637,2987,2026-08-29 14:00:00,app_launch,自然流量
63637,2987,2026-08-29 14:01:00,ai_plan,自然流量
64505,3028,2026-08-29 14:11:00,app_launch,微信分享裂变
69809,3287,2026-08-29 14:11:00,app_launch,小红书种草
4864,223,2026-08-29 14:29:00,app_launch,小红书种草
4864,223,2026-08-29 14:30:00,ai_plan,小红书种草
4864,223,2026-08-29 14:31:00,view_spot,小红书种草
4864,223,2026-08-29 14:34:00,view_spot,小红书种草
4864,223,2026-08-29 14:37:00,view_spot,小红书种草
4864,223,2026-08-29 14:40:00,view_spot,小红书种草
552,24,2026-08-29 15:01:00,app_launch,微信分享裂变
552,24,2026-08-29 15:02:00,ai_plan,微信分享裂变
552,24,2026-08-29 15:03:00,view_spot,微信分享裂变
552,24,2026-08-29 15:06:00,view_spot,微信分享裂变
552,24,2026-08-29 15:09:00,add_favorite,微信分享裂变
552,24,2026-08-29 15:11:00,create_order,微信分享裂变
552,24,2026-08-29 15:12:00,pay_order,微信分享裂变
62510,2930,2026-08-29 16:10:00,app_launch,小红书种草
62510,2930,2026-08-29 16:11:00,ai_plan,小红书种草
62510,2930,2026-08-29 16:12:00,view_spot,小红书种草
62510,2930,2026-08-29 16:15:00,view_spot,小红书种草
62510,2930,2026-08-29 16:18:00,add_favorite,小红书种草
69807,3287,2026-08-29 16:26:00,app_launch,小红书种草
69808,3287,2026-08-29 17:02:00,app_launch,小红书种草
69808,3287,2026-08-29 17:03:00,ai_plan,小红书种草
79684,3762,2026-08-29 17:04:00,app_launch,抖音信息流
79684,3762,2026-08-29 17:05:00,ai_plan,抖音信息流
79684,3762,2026-08-29 17:06:00,view_spot,抖音信息流
63638,2987,2026-08-29 18:38:00,app_launch,自然流量
63638,2987,2026-08-29 18:39:00,ai_plan,自然流量
142388,6748,2026-08-29 18:43:00,app_launch,抖音信息流
142388,6748,2026-08-29 18:44:00,ai_plan,抖音信息流
142388,6748,2026-08-29 18:45:00,view_spot,抖音信息流
5683,264,2026-08-29 18:49:00,app_launch,自然流量
5683,264,2026-08-29 18:50:00,ai_plan,自然流量
5683,264,2026-08-29 18:51:00,view_spot,自然流量
142388,6748,2026-08-29 18:51:00,add_favorite,抖音信息流
5683,264,2026-08-29 18:54:00,view_spot,自然流量
5683,264,2026-08-29 18:57:00,view_spot,自然流量
85744,4055,2026-08-29 18:59:00,app_launch,微信分享裂变
5683,264,2026-08-29 19:00:00,view_spot,自然流量
85744,4055,2026-08-29 19:00:00,ai_plan,微信分享裂变
85744,4055,2026-08-29 19:01:00,view_spot,微信分享裂变
85744,4055,2026-08-29 19:04:00,view_spot,微信分享裂变
85744,4055,2026-08-29 19:07:00,view_spot,微信分享裂变
24333,1145,2026-08-29 19:23:00,app_launch,抖音信息流
24333,1145,2026-08-29 19:24:00,ai_plan,抖音信息流
160171,7583,2026-08-29 19:34:00,app_launch,自然流量
60134,2816,2026-08-29 19:59:00,app_launch,抖音信息流
60134,2816,2026-08-29 20:00:00,ai_plan,抖音信息流
60134,2816,2026-08-29 20:01:00,view_spot,抖音信息流
60134,2816,2026-08-29 20:04:00,view_spot,抖音信息流
60134,2816,2026-08-29 20:07:00,view_spot,抖音信息流
60134,2816,2026-08-29 20:10:00,view_spot,抖音信息流
22438,1056,2026-08-29 20:51:00,app_launch,小红书种草
24334,1145,2026-08-29 21:10:00,app_launch,抖音信息流
24334,1145,2026-08-29 21:11:00,ai_plan,抖音信息流
24334,1145,2026-08-29 21:12:00,view_spot,抖音信息流
115096,5448,2026-08-29 21:17:00,app_launch,抖音信息流
115096,5448,2026-08-29 21:18:00,ai_plan,抖音信息流
24334,1145,2026-08-29 21:20:00,create_order,抖音信息流
22575,1062,2026-08-29 21:24:00,app_launch,小红书种草
22575,1062,2026-08-29 21:25:00,ai_plan,小红书种草
22575,1062,2026-08-29 21:26:00,view_spot,小红书种草
43449,2032,2026-08-29 21:26:00,app_launch,抖音信息流
43449,2032,2026-08-29 21:27:00,ai_plan,抖音信息流
43449,2032,2026-08-29 21:28:00,view_spot,抖音信息流
22575,1062,2026-08-29 21:29:00,view_spot,小红书种草
60133,2816,2026-08-29 21:31:00,app_launch,抖音信息流
22575,1062,2026-08-29 21:32:00,view_spot,小红书种草
60133,2816,2026-08-29 21:32:00,ai_plan,抖音信息流
22575,1062,2026-08-29 21:34:00,create_order,小红书种草
22575,1062,2026-08-29 21:35:00,pay_order,小红书种草
160170,7583,2026-08-29 22:00:00,app_launch,自然流量
62509,2930,2026-08-29 22:12:00,app_launch,小红书种草
4863,223,2026-08-29 22:58:00,app_launch,小红书种草
4863,223,2026-08-29 22:59:00,ai_plan,小红书种草
4863,223,2026-08-29 23:00:00,view_spot,小红书种草
4863,223,2026-08-29 23:03:00,view_spot,小红书种草
4863,223,2026-08-29 23:06:00,view_spot,小红书种草
137189,6488,2026-08-30 07:50:00,app_launch,小红书种草
137189,6488,2026-08-30 07:51:00,ai_plan,小红书种草
137189,6488,2026-08-30 07:52:00,view_spot,小红书种草
137189,6488,2026-08-30 07:55:00,view_spot,小红书种草
137189,6488,2026-08-30 07:58:00,view_spot,小红书种草
137189,6488,2026-08-30 08:01:00,view_spot,小红书种草
45961,2150,2026-08-30 08:31:00,app_launch,自然流量
45961,2150,2026-08-30 08:32:00,ai_plan,自然流量
45961,2150,2026-08-30 08:33:00,view_spot,自然流量
45961,2150,2026-08-30 08:36:00,view_spot,自然流量
45961,2150,2026-08-30 08:39:00,view_spot,自然流量
45961,2150,2026-08-30 08:41:00,create_order,自然流量
45961,2150,2026-08-30 08:42:00,pay_order,自然流量
91937,4353,2026-08-30 11:07:00,app_launch,小红书种草
154362,7312,2026-08-30 11:12:00,app_launch,自然流量
154362,7312,2026-08-30 11:13:00,ai_plan,自然流量
62514,2930,2026-08-30 11:21:00,app_launch,小红书种草
70715,3333,2026-08-30 11:24:00,app_launch,自然流量
70715,3333,2026-08-30 11:25:00,ai_plan,自然流量
70715,3333,2026-08-30 11:26:00,view_spot,自然流量
70715,3333,2026-08-30 11:29:00,view_spot,自然流量
9917,466,2026-08-30 11:36:00,app_launch,小红书种草
9917,466,2026-08-30 11:37:00,ai_plan,小红书种草
9917,466,2026-08-30 11:38:00,view_spot,小红书种草
91253,4320,2026-08-30 11:40:00,app_launch,抖音信息流
9917,466,2026-08-30 11:41:00,view_spot,小红书种草
91253,4320,2026-08-30 11:41:00,ai_plan,抖音信息流
91253,4320,2026-08-30 11:42:00,view_spot,抖音信息流
9917,466,2026-08-30 11:44:00,view_spot,小红书种草
9917,466,2026-08-30 11:44:00,add_favorite,小红书种草
9917,466,2026-08-30 11:46:00,create_order,小红书种草
9917,466,2026-08-30 11:47:00,view_spot,小红书种草
91253,4320,2026-08-30 11:48:00,add_favorite,抖音信息流
90555,4291,2026-08-30 11:50:00,app_launch,自然流量
90555,4291,2026-08-30 11:51:00,ai_plan,自然流量
18453,867,2026-08-30 12:17:00,app_launch,微信分享裂变
18453,867,2026-08-30 12:18:00,ai_plan,微信分享裂变
18453,867,2026-08-30 12:19:00,view_spot,微信分享裂变
62513,2930,2026-08-30 12:20:00,app_launch,小红书种草
62513,2930,2026-08-30 12:21:00,ai_plan,小红书种草
18453,867,2026-08-30 12:22:00,view_spot,微信分享裂变
62513,2930,2026-08-30 12:22:00,view_spot,小红书种草
18453,867,2026-08-30 12:25:00,view_spot,微信分享裂变
62513,2930,2026-08-30 12:25:00,view_spot,小红书种草
79831,3768,2026-08-30 12:27:00,app_launch,抖音信息流
18453,867,2026-08-30 12:28:00,view_spot,微信分享裂变
62513,2930,2026-08-30 12:28:00,add_favorite,小红书种草
79831,3768,2026-08-30 12:28:00,ai_plan,抖音信息流
79831,3768,2026-08-30 12:29:00,view_spot,抖音信息流
59191,2771,2026-08-30 12:49:00,app_launch,自然流量
79832,3768,2026-08-30 13:03:00,app_launch,抖音信息流
137191,6488,2026-08-30 13:08:00,app_launch,小红书种草
154360,7312,2026-08-30 13:13:00,app_launch,自然流量
154360,7312,2026-08-30 13:14:00,ai_plan,自然流量
154360,7312,2026-08-30 13:15:00,view_spot,自然流量
79830,3768,2026-08-30 13:17:00,app_launch,抖音信息流
79830,3768,2026-08-30 13:18:00,ai_plan,抖音信息流
70713,3333,2026-08-30 13:20:00,app_launch,自然流量
154360,7312,2026-08-30 13:21:00,add_favorite,自然流量
104648,4953,2026-08-30 13:48:00,app_launch,自然流量
104648,4953,2026-08-30 13:49:00,ai_plan,自然流量
109964,5205,2026-08-30 14:00:00,app_launch,自然流量
109964,5205,2026-08-30 14:01:00,ai_plan,自然流量
109964,5205,2026-08-30 14:02:00,view_spot,自然流量
109964,5205,2026-08-30 14:05:00,view_spot,自然流量
9916,466,2026-08-30 14:07:00,app_launch,小红书种草
9916,466,2026-08-30 14:08:00,ai_plan,小红书种草
9916,466,2026-08-30 14:09:00,view_spot,小红书种草
59190,2771,2026-08-30 14:12:00,app_launch,自然流量
59190,2771,2026-08-30 14:13:00,ai_plan,自然流量
9916,466,2026-08-30 14:15:00,add_favorite,小红书种草
9916,466,2026-08-30 14:17:00,create_order,小红书种草
9916,466,2026-08-30 14:18:00,pay_order,小红书种草
113340,5364,2026-08-30 15:13:00,app_launch,高校地推
109963,5205,2026-08-30 15:18:00,app_launch,自然流量
109963,5205,2026-08-30 15:19:00,ai_plan,自然流量
129741,6132,2026-08-30 15:36:00,app_launch,小红书种草
129741,6132,2026-08-30 15:37:00,ai_plan,小红书种草
129741,6132,2026-08-30 15:38:00,view_spot,小红书种草
129741,6132,2026-08-30 15:41:00,view_spot,小红书种草
129740,6132,2026-08-30 18:23:00,app_launch,小红书种草
129740,6132,2026-08-30 18:24:00,ai_plan,小红书种草
129740,6132,2026-08-30 18:25:00,view_spot,小红书种草
129740,6132,2026-08-30 18:28:00,view_spot,小红书种草
154361,7312,2026-08-30 18:28:00,app_launch,自然流量
62512,2930,2026-08-30 18:29:00,app_launch,小红书种草
62512,2930,2026-08-30 18:30:00,ai_plan,小红书种草
62512,2930,2026-08-30 18:31:00,view_spot,小红书种草
129740,6132,2026-08-30 18:31:00,view_spot,小红书种草
62512,2930,2026-08-30 18:34:00,view_spot,小红书种草
137190,6488,2026-08-30 18:35:00,app_launch,小红书种草
140580,6655,2026-08-30 19:25:00,app_launch,抖音信息流
140580,6655,2026-08-30 19:26:00,ai_plan,抖音信息流
113339,5364,2026-08-30 19:50:00,app_launch,高校地推
113339,5364,2026-08-30 19:51:00,ai_plan,高校地推
70714,3333,2026-08-30 20:01:00,app_launch,自然流量
70714,3333,2026-08-30 20:02:00,ai_plan,自然流量
70714,3333,2026-08-30 20:03:00,view_spot,自然流量
70714,3333,2026-08-30 20:06:00,view_spot,自然流量
70714,3333,2026-08-30 20:09:00,view_spot,自然流量
70714,3333,2026-08-30 20:12:00,view_spot,自然流量
29959,1408,2026-08-30 20:53:00,app_launch,自然流量
29959,1408,2026-08-30 20:54:00,ai_plan,自然流量
29959,1408,2026-08-30 20:55:00,view_spot,自然流量
29959,1408,2026-08-30 20:58:00,view_spot,自然流量
29959,1408,2026-08-30 21:01:00,view_spot,自然流量
63677,2989,2026-08-30 21:23:00,app_launch,自然流量
63677,2989,2026-08-30 21:24:00,ai_plan,自然流量
22029,1035,2026-08-30 22:07:00,app_launch,抖音信息流
22029,1035,2026-08-30 22:08:00,ai_plan,抖音信息流
57268,2681,2026-08-30 22:53:00,app_launch,微信分享裂变
57268,2681,2026-08-30 22:54:00,ai_plan,微信分享裂变
57268,2681,2026-08-30 22:55:00,view_spot,微信分享裂变
57268,2681,2026-08-30 22:58:00,view_spot,微信分享裂变
57268,2681,2026-08-30 23:01:00,view_spot,微信分享裂变
57268,2681,2026-08-30 23:04:00,view_spot,微信分享裂变
104857,4962,2026-08-31 07:38:00,app_launch,自然流量
104857,4962,2026-08-31 07:39:00,ai_plan,自然流量
104857,4962,2026-08-31 07:40:00,view_spot,自然流量
104857,4962,2026-08-31 07:46:00,add_favorite,自然流量
104857,4962,2026-08-31 07:48:00,create_order,自然流量
34433,1619,2026-08-31 08:14:00,app_launch,高校地推
34433,1619,2026-08-31 08:15:00,ai_plan,高校地推
55844,2610,2026-08-31 08:18:00,app_launch,抖音信息流
55844,2610,2026-08-31 08:19:00,ai_plan,抖音信息流
55844,2610,2026-08-31 08:20:00,view_spot,抖音信息流
10273,484,2026-08-31 08:24:00,app_launch,抖音信息流
55844,2610,2026-08-31 08:26:00,add_favorite,抖音信息流
55846,2610,2026-08-31 08:40:00,app_launch,抖音信息流
55846,2610,2026-08-31 08:41:00,ai_plan,抖音信息流
55846,2610,2026-08-31 08:42:00,view_spot,抖音信息流
55846,2610,2026-08-31 08:45:00,view_spot,抖音信息流
55846,2610,2026-08-31 08:48:00,view_spot,抖音信息流
55846,2610,2026-08-31 08:51:00,view_spot,抖音信息流
23905,1124,2026-08-31 09:16:00,app_launch,自然流量
23905,1124,2026-08-31 09:17:00,ai_plan,自然流量
23905,1124,2026-08-31 09:18:00,view_spot,自然流量
23905,1124,2026-08-31 09:21:00,view_spot,自然流量
104858,4962,2026-08-31 10:22:00,app_launch,自然流量
104858,4962,2026-08-31 10:23:00,ai_plan,自然流量
100277,4744,2026-08-31 11:43:00,app_launch,自然流量
100277,4744,2026-08-31 11:44:00,ai_plan,自然流量
10274,484,2026-08-31 13:03:00,app_launch,抖音信息流
10274,484,2026-08-31 13:04:00,ai_plan,抖音信息流
10274,484,2026-08-31 13:05:00,view_spot,抖音信息流
10274,484,2026-08-31 13:08:00,view_spot,抖音信息流
10274,484,2026-08-31 13:11:00,view_spot,抖音信息流
10272,484,2026-08-31 13:26:00,app_launch,抖音信息流
10272,484,2026-08-31 13:27:00,ai_plan,抖音信息流
22850,1075,2026-08-31 15:17:00,app_launch,微信分享裂变
22850,1075,2026-08-31 15:18:00,ai_plan,微信分享裂变
22850,1075,2026-08-31 15:19:00,view_spot,微信分享裂变
62516,2930,2026-08-31 15:21:00,app_launch,小红书种草
22850,1075,2026-08-31 15:22:00,view_spot,微信分享裂变
62516,2930,2026-08-31 15:22:00,ai_plan,小红书种草
62516,2930,2026-08-31 15:23:00,view_spot,小红书种草
22850,1075,2026-08-31 15:25:00,view_spot,微信分享裂变
22850,1075,2026-08-31 15:25:00,add_favorite,微信分享裂变
62516,2930,2026-08-31 15:26:00,view_spot,小红书种草
62516,2930,2026-08-31 15:29:00,view_spot,小红书种草
62516,2930,2026-08-31 15:32:00,view_spot,小红书种草
55845,2610,2026-08-31 15:34:00,app_launch,抖音信息流
55845,2610,2026-08-31 15:35:00,ai_plan,抖音信息流
68275,3215,2026-08-31 16:13:00,app_launch,自然流量
68275,3215,2026-08-31 16:14:00,ai_plan,自然流量
123171,5825,2026-08-31 18:11:00,app_launch,抖音信息流
123171,5825,2026-08-31 18:12:00,ai_plan,抖音信息流
34432,1619,2026-08-31 18:38:00,app_launch,高校地推
22851,1075,2026-08-31 18:59:00,app_launch,微信分享裂变
22851,1075,2026-08-31 19:00:00,ai_plan,微信分享裂变
22851,1075,2026-08-31 19:01:00,view_spot,微信分享裂变
22851,1075,2026-08-31 19:07:00,add_favorite,微信分享裂变
22851,1075,2026-08-31 19:09:00,create_order,微信分享裂变
23906,1124,2026-08-31 19:12:00,app_launch,自然流量
68276,3215,2026-08-31 19:29:00,app_launch,自然流量
68276,3215,2026-08-31 19:30:00,ai_plan,自然流量
68276,3215,2026-08-31 19:31:00,view_spot,自然流量
68276,3215,2026-08-31 19:34:00,view_spot,自然流量
68276,3215,2026-08-31 19:39:00,create_order,自然流量
68276,3215,2026-08-31 19:40:00,pay_order,自然流量
45352,2119,2026-08-31 19:59:00,app_launch,自然流量
45352,2119,2026-08-31 20:00:00,ai_plan,自然流量
22852,1075,2026-08-31 20:42:00,app_launch,微信分享裂变
22852,1075,2026-08-31 20:43:00,ai_plan,微信分享裂变
123173,5825,2026-08-31 20:47:00,app_launch,抖音信息流
62515,2930,2026-08-31 21:03:00,app_launch,小红书种草
62515,2930,2026-08-31 21:04:00,ai_plan,小红书种草
62515,2930,2026-08-31 21:05:00,view_spot,小红书种草
62515,2930,2026-08-31 21:08:00,view_spot,小红书种草
62515,2930,2026-08-31 21:11:00,view_spot,小红书种草
62515,2930,2026-08-31 21:11:00,add_favorite,小红书种草
100278,4744,2026-08-31 21:13:00,app_launch,自然流量
62515,2930,2026-08-31 21:14:00,view_spot,小红书种草
100276,4744,2026-08-31 21:55:00,app_launch,自然流量
100276,4744,2026-08-31 21:56:00,ai_plan,自然流量
148065,7021,2026-08-31 22:38:00,app_launch,高校地推
123172,5825,2026-08-31 22:41:00,app_launch,抖音信息流
123172,5825,2026-08-31 22:42:00,ai_plan,抖音信息流
