order_id,user_id,create_time,product_type,amount,is_paid,is_refunded,channel
1,1,2026-06-20 17:54:00,景点门票,174.7,1,0,微信
2,1,2026-07-06 15:30:00,景点门票,94.31,1,0,微信
3,1,2026-08-12 19:43:00,一日游套餐,362.55,0,0,微信
4,3,2026-06-19 09:09:00,景点门票,92.58,1,0,微信
5,3,2026-06-24 12:36:00,一日游套餐,366.82,0,0,微信
6,3,2026-07-07 12:10:00,一日游套餐,428.13,0,0,微信
7,3,2026-07-07 22:23:00,景点门票,89.44,1,0,微信
8,3,2026-07-11 15:07:00,一日游套餐,283.25,0,0,微信
9,3,2026-07-16 12:02:00,一日游套餐,301.06,1,0,微信
10,3,2026-07-26 21:51:00,一日游套餐,228.4,1,0,微信
11,3,2026-07-26 20:01:00,景点门票,156.55,0,0,微信
12,4,2026-08-09 07:43:00,一日游套餐,300.96,1,1,小红书
13,6,2026-07-02 21:42:00,一日游套餐,296.84,0,0,地推
14,6,2026-07-22 07:48:00,酒店预订,358.7,1,0,地推
15,7,2026-07-30 15:57:00,一日游套餐,434.87,1,0,微信
16,7,2026-07-31 12:59:00,酒店预订,461.11,0,0,微信
17,9,2026-07-13 17:05:00,一日游套餐,283.26,1,1,自然
18,10,2026-06-23 13:21:00,一日游套餐,433.75,1,0,抖音
19,10,2026-07-09 21:51:00,一日游套餐,220.78,0,0,抖音
20,11,2026-08-11 16:28:00,一日游套餐,239.83,1,0,抖音
21,11,2026-08-14 15:23:00,景点门票,162.78,1,1,抖音
22,13,2026-08-02 08:00:00,一日游套餐,336.79,0,0,小红书
23,13,2026-08-30 11:52:00,酒店预订,595.72,0,0,小红书
24,14,2026-06-30 23:02:00,一日游套餐,276.47,1,0,微信
25,14,2026-07-10 20:50:00,景点门票,119.43,0,0,微信
26,14,2026-07-13 21:26:00,景点门票,102.28,1,0,微信
27,14,2026-07-25 14:12:00,景点门票,93.47,1,0,微信
28,14,2026-08-06 11:15:00,景点门票,85.5,1,0,微信
29,15,2026-07-04 11:59:00,一日游套餐,266.79,1,0,抖音
30,15,2026-07-17 16:56:00,景点门票,147.43,1,0,抖音
31,15,2026-08-06 16:28:00,一日游套餐,289.77,1,0,抖音
32,16,2026-07-12 08:48:00,景点门票,127.53,1,0,自然
33,16,2026-07-16 22:03:00,景点门票,172.08,1,0,自然
34,17,2026-07-05 12:35:00,酒店预订,259.17,0,0,抖音
35,18,2026-07-10 08:50:00,景点门票,142.83,1,0,自然
36,19,2026-06-28 21:15:00,景点门票,160.35,1,0,微信
37,19,2026-07-07 12:17:00,景点门票,93.68,1,0,微信
38,20,2026-07-19 08:45:00,酒店预订,431.09,0,0,小红书
39,20,2026-07-21 15:18:00,酒店预订,529.63,1,0,小红书
40,20,2026-07-26 08:03:00,景点门票,177.37,0,0,小红书
41,20,2026-07-26 18:11:00,景点门票,53.66,1,0,小红书
42,20,2026-08-06 17:18:00,酒店预订,186.89,1,0,小红书
43,21,2026-07-16 07:58:00,酒店预订,464.91,1,1,小红书
44,21,2026-07-21 21:45:00,酒店预订,303.27,1,0,小红书
45,21,2026-07-29 10:30:00,一日游套餐,329.05,0,0,小红书
46,24,2026-08-08 08:10:00,酒店预订,305.6,1,0,微信
47,24,2026-08-11 22:51:00,景点门票,137.09,1,0,微信
48,24,2026-08-17 12:00:00,景点门票,54.31,1,0,微信
49,24,2026-08-29 15:11:00,一日游套餐,418.7,1,0,微信
50,25,2026-08-16 09:48:00,酒店预订,247.9,1,0,微信
51,25,2026-08-29 19:20:00,一日游套餐,328.03,0,0,微信
52,25,2026-08-30 07:44:00,一日游套餐,282.07,1,0,微信
53,25,2026-08-30 14:43:00,酒店预订,368.71,1,0,微信
54,26,2026-07-17 10:13:00,一日游套餐,245.65,0,0,自然
55,26,2026-07-31 20:32:00,景点门票,130.29,1,0,自然
56,27,2026-06-29 19:46:00,酒店预订,578.85,0,0,抖音
57,27,2026-07-16 07:39:00,酒店预订,453.35,0,0,抖音
58,28,2026-07-15 17:13:00,一日游套餐,314.14,1,0,自然
59,29,2026-06-28 21:35:00,景点门票,108.53,1,0,自然
60,29,2026-07-19 20:53:00,酒店预订,474.29,1,0,自然
61,30,2026-08-10 15:42:00,一日游套餐,235.78,1,0,小红书
62,31,2026-06-29 19:21:00,景点门票,179.88,0,0,小红书
63,33,2026-07-30 15:09:00,景点门票,177.37,0,0,抖音
64,33,2026-07-30 13:53:00,酒店预订,305.51,0,0,抖音
65,36,2026-07-03 16:49:00,一日游套餐,296.43,1,0,自然
66,37,2026-07-06 07:29:00,景点门票,142.19,0,0,自然
67,37,2026-08-06 07:47:00,酒店预订,539.43,1,0,自然
68,37,2026-08-14 07:50:00,景点门票,163.66,1,0,自然
69,38,2026-07-01 16:05:00,景点门票,105.06,1,1,抖音
70,39,2026-08-06 22:48:00,景点门票,79.08,1,0,自然
71,39,2026-08-09 19:33:00,一日游套餐,312.76,1,0,自然
72,39,2026-08-19 13:44:00,酒店预订,407.71,1,0,自然
73,40,2026-06-22 11:30:00,景点门票,113.18,1,0,小红书
74,40,2026-07-08 18:36:00,景点门票,146.3,1,0,小红书
75,40,2026-08-16 14:38:00,酒店预订,412.88,0,0,小红书
76,41,2026-06-22 08:50:00,酒店预订,286.57,1,0,抖音
77,41,2026-07-20 11:51:00,酒店预订,442.2,0,0,抖音
78,42,2026-07-25 11:22:00,酒店预订,436.65,1,0,微信
79,43,2026-06-18 18:22:00,景点门票,65.62,1,0,小红书
80,43,2026-07-10 17:26:00,景点门票,170.8,0,0,小红书
81,44,2026-07-14 11:49:00,酒店预订,303.73,0,0,抖音
82,45,2026-07-06 14:48:00,酒店预订,554.35,1,0,微信
83,45,2026-08-01 21:47:00,景点门票,122.82,1,0,微信
84,45,2026-08-06 21:00:00,酒店预订,488.62,1,0,微信
85,46,2026-08-16 10:40:00,景点门票,86.49,0,0,微信
86,46,2026-08-28 20:02:00,一日游套餐,435.25,1,0,微信
87,49,2026-07-31 21:27:00,景点门票,174.07,1,0,小红书
88,49,2026-08-18 09:44:00,酒店预订,566.79,1,0,小红书
89,49,2026-08-30 17:42:00,酒店预订,448.94,0,0,小红书
90,50,2026-08-13 09:34:00,酒店预订,328.67,0,0,自然
91,50,2026-08-29 11:23:00,景点门票,111.13,1,0,自然
92,51,2026-06-19 20:58:00,景点门票,115.98,1,0,自然
93,51,2026-06-23 21:56:00,景点门票,82.22,0,0,自然
94,51,2026-07-07 15:20:00,酒店预订,586.07,1,0,自然
95,52,2026-08-01 16:07:00,景点门票,148.22,1,1,自然
96,53,2026-07-14 08:59:00,酒店预订,471.48,1,0,微信
97,53,2026-07-26 22:58:00,景点门票,102.51,1,1,微信
98,53,2026-08-16 12:33:00,一日游套餐,228.11,1,0,微信
99,54,2026-06-21 08:43:00,景点门票,156.04,1,0,小红书
100,54,2026-06-21 14:22:00,酒店预订,291.11,0,0,小红书
101,54,2026-07-19 08:02:00,酒店预订,278.45,0,0,小红书
102,54,2026-07-19 14:05:00,一日游套餐,335.88,1,0,小红书
103,55,2026-07-19 09:04:00,一日游套餐,397.02,0,0,小红书
104,55,2026-07-21 19:17:00,景点门票,137.23,1,0,小红书
105,55,2026-07-22 15:25:00,景点门票,114.59,1,0,小红书
106,55,2026-08-06 10:57:00,酒店预订,458.97,0,0,小红书
107,56,2026-07-09 10:21:00,酒店预订,552.11,0,0,微信
108,56,2026-07-13 22:12:00,景点门票,97.97,1,0,微信
109,56,2026-07-27 11:17:00,景点门票,71.28,1,0,微信
110,56,2026-08-18 14:21:00,酒店预订,595.63,0,0,微信
111,56,2026-08-23 15:13:00,景点门票,145.47,1,0,微信
112,57,2026-06-28 10:07:00,一日游套餐,329.08,1,1,抖音
113,57,2026-07-05 08:32:00,景点门票,125.94,1,0,抖音
114,57,2026-08-08 14:48:00,景点门票,176.37,1,0,抖音
115,59,2026-08-01 21:58:00,一日游套餐,367.63,1,0,自然
116,60,2026-06-14 14:39:00,景点门票,81.32,1,1,自然
117,60,2026-06-14 14:16:00,景点门票,114.32,1,0,自然
118,60,2026-06-21 12:49:00,酒店预订,238.78,0,0,自然
119,60,2026-07-25 20:25:00,景点门票,112.44,1,0,自然
120,60,2026-08-12 17:48:00,景点门票,90.95,1,0,自然
121,62,2026-08-22 09:37:00,景点门票,126.67,0,0,抖音
122,63,2026-08-14 07:46:00,酒店预订,183.49,1,0,抖音
123,64,2026-07-26 14:11:00,酒店预订,375.63,1,0,微信
124,64,2026-07-26 22:01:00,景点门票,72.29,1,0,微信
125,65,2026-06-27 22:31:00,一日游套餐,436.68,1,0,小红书
126,65,2026-06-29 12:29:00,景点门票,140.1,0,0,小红书
127,66,2026-08-19 13:01:00,景点门票,122.92,1,0,抖音
128,67,2026-06-11 07:17:00,景点门票,174.53,1,0,抖音
129,67,2026-06-14 22:40:00,一日游套餐,330.38,0,0,抖音
130,67,2026-07-20 11:02:00,酒店预订,469.83,0,0,抖音
131,69,2026-06-29 20:41:00,一日游套餐,386.95,0,0,自然
132,70,2026-07-10 18:01:00,景点门票,77.31,0,0,抖音
133,71,2026-08-06 11:39:00,景点门票,43.88,0,0,自然
134,71,2026-08-09 18:27:00,酒店预订,482.28,1,0,自然
135,72,2026-06-19 22:32:00,一日游套餐,404.65,0,0,抖音
136,72,2026-07-07 16:25:00,酒店预订,509.98,1,0,抖音
137,72,2026-08-02 07:30:00,酒店预订,378.07,0,0,抖音
138,72,2026-08-08 10:21:00,一日游套餐,295.41,1,0,抖音
139,73,2026-06-20 20:10:00,一日游套餐,305.63,1,0,微信
140,73,2026-06-22 12:51:00,酒店预订,243.57,0,0,微信
141,73,2026-07-01 08:20:00,景点门票,57.7,1,0,微信
142,73,2026-07-07 16:25:00,景点门票,106.68,1,0,微信
143,73,2026-07-16 11:35:00,酒店预订,185.33,1,0,微信
144,74,2026-06-22 18:11:00,酒店预订,225.38,1,0,自然
145,74,2026-07-11 10:16:00,酒店预订,390.75,1,0,自然
146,74,2026-08-06 14:22:00,景点门票,133.94,1,0,自然
147,75,2026-06-20 22:23:00,一日游套餐,311.33,1,0,自然
148,75,2026-06-27 15:48:00,景点门票,137.07,1,0,自然
149,75,2026-07-14 09:10:00,酒店预订,526.15,1,0,自然
150,76,2026-07-19 14:53:00,一日游套餐,317.81,1,0,自然
151,77,2026-07-10 08:18:00,酒店预订,302.14,1,1,自然
152,78,2026-08-07 22:31:00,酒店预订,514.18,0,0,小红书
153,78,2026-08-08 14:58:00,酒店预订,540.11,0,0,小红书
154,79,2026-06-09 14:41:00,一日游套餐,330.17,0,0,抖音
155,79,2026-06-15 13:28:00,景点门票,48.77,1,0,抖音
156,80,2026-06-27 16:30:00,一日游套餐,378.26,1,0,微信
157,80,2026-07-10 08:54:00,一日游套餐,304.12,1,0,微信
158,80,2026-07-10 13:56:00,一日游套餐,265.94,0,0,微信
159,82,2026-07-04 09:12:00,景点门票,106.5,1,0,抖音
160,82,2026-07-05 14:06:00,景点门票,125.63,0,0,抖音
161,83,2026-07-12 18:57:00,一日游套餐,252.83,1,1,微信
162,83,2026-07-12 12:06:00,景点门票,92.42,1,0,微信
163,83,2026-08-09 10:46:00,景点门票,155.4,0,0,微信
164,84,2026-08-10 13:57:00,景点门票,66.18,0,0,自然
165,85,2026-07-18 09:18:00,一日游套餐,346.72,0,0,自然
166,85,2026-08-11 08:01:00,一日游套餐,331.14,0,0,自然
167,85,2026-08-24 11:29:00,景点门票,120.78,1,0,自然
168,86,2026-08-06 11:08:00,景点门票,98.15,1,0,自然
169,86,2026-08-19 20:11:00,酒店预订,577.16,0,0,自然
170,87,2026-07-28 22:42:00,酒店预订,595.14,1,0,小红书
171,88,2026-07-13 07:48:00,酒店预订,410.91,1,0,抖音
172,89,2026-08-06 12:36:00,一日游套餐,352.65,0,0,自然
173,89,2026-08-07 12:58:00,景点门票,174.86,0,0,自然
174,89,2026-08-12 08:08:00,酒店预订,472.02,1,0,自然
175,90,2026-06-27 21:34:00,一日游套餐,328.95,0,0,抖音
176,91,2026-07-12 13:43:00,景点门票,69.39,1,0,自然
177,92,2026-07-25 08:46:00,酒店预订,585.36,1,0,小红书
178,92,2026-08-02 17:38:00,酒店预订,362.84,1,0,小红书
179,92,2026-08-10 12:42:00,一日游套餐,294.96,1,0,小红书
180,93,2026-08-29 11:41:00,景点门票,43.79,1,0,抖音
181,95,2026-07-11 17:20:00,酒店预订,307.72,1,1,抖音
182,95,2026-07-20 19:50:00,酒店预订,532.13,0,0,抖音
183,95,2026-08-23 17:36:00,酒店预订,323.06,1,0,抖音
184,95,2026-08-25 10:19:00,景点门票,177.85,1,0,抖音
185,98,2026-07-13 16:33:00,一日游套餐,292.5,1,0,自然
186,98,2026-08-04 10:26:00,景点门票,73.56,0,0,自然
187,99,2026-08-09 07:47:00,景点门票,43.82,1,0,自然
188,99,2026-08-17 19:54:00,酒店预订,243.73,1,0,自然
189,101,2026-08-06 15:03:00,景点门票,53.53,1,0,地推
190,103,2026-06-24 13:26:00,景点门票,136.56,1,0,自然
191,103,2026-07-11 22:52:00,酒店预订,273.46,0,0,自然
192,104,2026-08-19 09:44:00,一日游套餐,290.15,1,0,地推
193,105,2026-07-25 19:36:00,酒店预订,334.15,0,0,微信
194,106,2026-07-14 10:38:00,一日游套餐,218.42,0,0,小红书
195,106,2026-07-18 20:05:00,酒店预订,190.6,1,0,小红书
196,106,2026-07-25 18:05:00,酒店预订,473.42,1,0,小红书
197,108,2026-06-13 21:09:00,景点门票,111.57,1,0,自然
198,108,2026-06-14 19:42:00,一日游套餐,291.5,1,0,自然
199,108,2026-06-21 16:10:00,酒店预订,411.48,1,0,自然
200,108,2026-06-21 11:51:00,一日游套餐,261.1,0,0,自然
201,108,2026-07-05 19:31:00,酒店预订,292.71,1,0,自然
202,108,2026-07-22 22:14:00,景点门票,100.0,1,0,自然
203,108,2026-08-11 10:22:00,一日游套餐,263.46,0,0,自然
204,109,2026-07-13 12:40:00,一日游套餐,321.85,0,0,自然
205,109,2026-07-13 08:53:00,一日游套餐,292.57,1,0,自然
206,109,2026-08-07 08:49:00,酒店预订,484.67,0,0,自然
207,111,2026-07-24 13:26:00,酒店预订,554.09,1,0,抖音
208,113,2026-08-09 20:40:00,一日游套餐,311.75,1,0,抖音
209,116,2026-06-21 08:44:00,景点门票,68.53,0,0,微信
210,116,2026-06-27 11:40:00,一日游套餐,409.99,0,0,微信
211,116,2026-07-05 12:55:00,酒店预订,290.34,1,0,微信
212,117,2026-08-06 11:39:00,景点门票,133.96,0,0,小红书
213,117,2026-08-08 22:47:00,一日游套餐,378.08,1,0,小红书
214,117,2026-08-27 18:44:00,一日游套餐,432.16,0,0,小红书
215,118,2026-07-13 07:31:00,酒店预订,359.11,1,0,小红书
216,118,2026-07-18 08:21:00,一日游套餐,433.54,1,0,小红书
217,118,2026-07-25 15:17:00,景点门票,115.82,0,0,小红书
218,118,2026-07-26 21:13:00,景点门票,102.11,0,0,小红书
219,120,2026-06-26 21:07:00,酒店预订,348.67,1,0,小红书
220,120,2026-07-12 15:27:00,一日游套餐,224.08,0,0,小红书
221,120,2026-07-15 10:43:00,景点门票,145.51,1,0,小红书
222,121,2026-08-11 16:11:00,景点门票,48.15,1,0,小红书
223,121,2026-08-17 11:04:00,景点门票,75.3,0,0,小红书
224,122,2026-07-16 08:46:00,景点门票,172.82,1,0,小红书
225,122,2026-07-26 17:34:00,景点门票,86.52,0,0,小红书
226,122,2026-08-02 11:45:00,酒店预订,329.3,1,0,小红书
227,122,2026-08-10 19:59:00,一日游套餐,323.66,1,0,小红书
228,122,2026-08-20 21:24:00,景点门票,147.06,0,0,小红书
229,123,2026-06-22 10:24:00,酒店预订,361.85,1,0,自然
230,123,2026-07-04 12:21:00,景点门票,41.09,1,0,自然
231,123,2026-07-04 19:11:00,酒店预订,255.4,1,0,自然
232,123,2026-07-14 18:50:00,酒店预订,452.2,1,0,自然
233,125,2026-07-22 08:53:00,酒店预订,529.5,0,0,自然
234,125,2026-07-22 22:41:00,一日游套餐,374.7,1,0,自然
235,127,2026-06-21 22:51:00,景点门票,141.81,1,0,抖音
236,128,2026-08-13 17:34:00,景点门票,103.36,1,0,自然
237,129,2026-06-30 21:53:00,一日游套餐,375.88,1,1,自然
238,129,2026-06-30 22:29:00,景点门票,86.54,1,1,自然
239,129,2026-07-02 19:36:00,景点门票,107.76,1,0,自然
240,129,2026-07-11 09:24:00,酒店预订,562.81,1,0,自然
241,129,2026-08-06 13:49:00,酒店预订,248.24,1,0,自然
242,130,2026-07-05 18:28:00,一日游套餐,433.16,0,0,小红书
243,130,2026-07-05 21:36:00,一日游套餐,247.5,1,0,小红书
244,130,2026-08-06 12:16:00,酒店预订,265.43,0,0,小红书
245,131,2026-07-18 12:01:00,酒店预订,282.68,0,0,自然
246,131,2026-08-01 11:40:00,酒店预订,264.71,1,0,自然
247,131,2026-08-04 07:43:00,酒店预订,500.71,1,0,自然
248,131,2026-08-04 11:55:00,景点门票,77.24,1,0,自然
249,131,2026-08-19 10:52:00,景点门票,103.21,1,0,自然
250,133,2026-07-28 16:04:00,一日游套餐,265.54,1,0,小红书
251,135,2026-08-02 19:02:00,景点门票,113.02,1,0,小红书
252,135,2026-08-02 09:49:00,景点门票,101.67,1,0,小红书
253,135,2026-08-09 07:21:00,景点门票,67.48,1,0,小红书
254,135,2026-08-14 08:31:00,景点门票,82.73,1,1,小红书
255,136,2026-07-22 16:07:00,一日游套餐,372.24,1,0,自然
256,139,2026-06-28 08:43:00,景点门票,74.03,0,0,微信
257,141,2026-08-09 22:39:00,景点门票,41.75,1,0,抖音
258,142,2026-08-07 21:50:00,酒店预订,252.57,0,0,抖音
259,146,2026-07-13 22:58:00,一日游套餐,348.26,1,0,自然
260,146,2026-07-25 14:09:00,一日游套餐,397.47,0,0,自然
261,146,2026-08-04 14:31:00,酒店预订,213.2,0,0,自然
262,147,2026-08-19 22:12:00,景点门票,137.17,1,0,抖音
263,148,2026-08-22 21:32:00,酒店预订,581.45,1,1,抖音
264,149,2026-07-12 22:11:00,酒店预订,580.19,0,0,抖音
265,150,2026-07-17 20:38:00,酒店预订,562.49,1,0,自然
266,150,2026-07-22 14:19:00,景点门票,83.08,1,0,自然
267,150,2026-07-30 13:53:00,酒店预订,434.01,1,0,自然
268,150,2026-08-03 17:42:00,景点门票,87.5,1,0,自然
269,150,2026-08-19 18:29:00,酒店预订,400.51,1,0,自然
270,151,2026-07-30 20:14:00,酒店预订,581.5,1,0,微信
271,151,2026-08-03 18:34:00,酒店预订,274.87,1,1,微信
272,151,2026-08-22 14:59:00,景点门票,91.58,1,0,微信
273,152,2026-07-04 07:39:00,景点门票,127.57,0,0,微信
274,152,2026-08-16 18:00:00,景点门票,162.3,1,0,微信
275,152,2026-08-23 18:20:00,酒店预订,262.36,1,0,微信
276,152,2026-08-26 14:55:00,景点门票,40.55,1,0,微信
277,153,2026-07-29 08:57:00,酒店预订,325.28,1,0,自然
278,155,2026-06-23 08:09:00,酒店预订,467.44,0,0,自然
279,155,2026-08-08 16:49:00,酒店预订,387.15,0,0,自然
280,156,2026-07-30 14:58:00,酒店预订,246.66,1,0,小红书
281,156,2026-08-02 14:33:00,酒店预订,431.74,1,0,小红书
282,156,2026-08-27 21:50:00,酒店预订,387.48,0,0,小红书
283,157,2026-07-31 16:55:00,景点门票,98.16,1,0,自然
284,157,2026-08-06 19:45:00,景点门票,178.47,1,0,自然
285,158,2026-08-10 15:55:00,景点门票,154.5,1,0,小红书
286,159,2026-07-18 21:08:00,酒店预订,371.3,0,0,小红书
287,159,2026-07-23 23:05:00,酒店预订,571.45,1,0,小红书
288,159,2026-07-24 07:41:00,景点门票,132.7,1,0,小红书
289,159,2026-07-28 14:46:00,酒店预订,207.65,1,0,小红书
290,159,2026-08-26 09:54:00,酒店预订,567.86,1,0,小红书
291,160,2026-08-16 10:35:00,一日游套餐,440.36,1,0,微信
292,161,2026-08-05 18:57:00,景点门票,52.86,1,0,自然
293,161,2026-08-07 17:09:00,一日游套餐,360.41,1,0,自然
294,162,2026-07-20 18:55:00,景点门票,146.96,1,0,地推
295,162,2026-08-20 21:57:00,酒店预订,278.14,0,0,地推
296,163,2026-07-26 07:32:00,一日游套餐,448.61,1,0,自然
297,164,2026-06-15 11:20:00,景点门票,140.73,1,0,自然
298,164,2026-06-15 08:01:00,景点门票,153.17,1,0,自然
299,164,2026-08-01 20:24:00,景点门票,52.58,1,0,自然
300,165,2026-06-29 13:17:00,景点门票,41.53,0,0,抖音
301,167,2026-07-06 15:30:00,景点门票,70.53,1,0,微信
302,167,2026-07-11 18:05:00,酒店预订,534.39,1,0,微信
303,167,2026-07-15 15:30:00,一日游套餐,404.25,1,0,微信
304,167,2026-08-02 15:24:00,一日游套餐,437.84,1,0,微信
305,167,2026-08-04 16:17:00,景点门票,176.78,0,0,微信
306,167,2026-08-13 07:47:00,景点门票,121.76,1,0,微信
307,167,2026-08-18 21:39:00,一日游套餐,251.44,1,0,微信
308,167,2026-08-27 17:13:00,一日游套餐,402.43,1,0,微信
309,167,2026-08-31 21:59:00,一日游套餐,271.91,1,0,微信
310,168,2026-06-22 15:05:00,一日游套餐,251.16,1,1,微信
311,168,2026-07-14 20:41:00,景点门票,175.55,1,0,微信
312,169,2026-08-02 07:35:00,景点门票,54.78,1,0,抖音
313,170,2026-07-19 12:07:00,酒店预订,304.58,1,0,地推
314,171,2026-07-07 21:41:00,一日游套餐,215.94,1,0,自然
315,171,2026-07-11 17:48:00,景点门票,139.08,1,0,自然
316,171,2026-07-15 11:58:00,酒店预订,399.93,1,0,自然
317,171,2026-07-17 19:38:00,一日游套餐,249.27,1,0,自然
318,173,2026-07-31 17:29:00,一日游套餐,409.47,1,0,自然
319,173,2026-08-12 16:36:00,景点门票,72.19,1,0,自然
320,173,2026-08-17 10:19:00,景点门票,116.72,1,0,自然
321,175,2026-08-25 15:08:00,酒店预订,339.69,1,0,自然
322,176,2026-07-12 17:02:00,一日游套餐,254.65,1,0,自然
323,176,2026-08-06 16:03:00,景点门票,113.18,1,0,自然
324,179,2026-06-20 14:40:00,酒店预订,315.55,0,0,微信
325,179,2026-07-06 20:24:00,景点门票,100.15,1,0,微信
326,179,2026-07-07 07:44:00,景点门票,111.66,1,0,微信
327,179,2026-07-07 16:13:00,一日游套餐,287.86,1,0,微信
328,180,2026-07-07 08:15:00,酒店预订,475.17,0,0,小红书
329,180,2026-07-18 13:36:00,景点门票,123.81,1,0,小红书
330,180,2026-08-04 13:12:00,景点门票,154.06,1,0,小红书
331,180,2026-08-22 14:36:00,一日游套餐,429.51,1,0,小红书
332,180,2026-08-28 14:15:00,酒店预订,248.5,1,1,小红书
333,181,2026-07-15 09:18:00,一日游套餐,303.24,1,0,微信
334,181,2026-07-15 07:58:00,酒店预订,406.78,0,0,微信
335,181,2026-07-18 13:11:00,景点门票,71.31,1,0,微信
336,181,2026-07-31 21:23:00,酒店预订,287.57,1,0,微信
337,182,2026-07-21 09:09:00,景点门票,56.42,1,0,微信
338,183,2026-07-15 11:01:00,酒店预订,297.79,0,0,抖音
339,183,2026-07-18 14:45:00,景点门票,153.5,0,0,抖音
340,184,2026-06-20 19:24:00,景点门票,114.98,1,0,抖音
341,184,2026-08-07 22:46:00,景点门票,104.87,0,0,抖音
342,185,2026-06-26 17:08:00,景点门票,158.21,1,0,微信
343,185,2026-06-27 07:12:00,酒店预订,410.71,0,0,微信
344,185,2026-07-27 12:40:00,景点门票,160.38,1,0,微信
345,185,2026-08-23 15:45:00,景点门票,54.06,0,0,微信
346,185,2026-08-23 17:54:00,一日游套餐,394.86,0,0,微信
347,186,2026-07-21 21:57:00,酒店预订,269.43,0,0,小红书
348,186,2026-07-26 17:18:00,酒店预订,539.15,1,1,小红书
349,187,2026-07-31 15:03:00,景点门票,95.61,0,0,抖音
350,188,2026-06-25 07:52:00,景点门票,64.64,1,0,自然
351,188,2026-06-28 20:59:00,景点门票,106.85,1,0,自然
352,188,2026-07-12 16:25:00,景点门票,80.22,0,0,自然
353,188,2026-07-26 10:00:00,景点门票,95.4,1,0,自然
354,188,2026-08-04 11:39:00,酒店预订,416.32,0,0,自然
355,189,2026-08-02 13:51:00,景点门票,101.69,0,0,小红书
356,190,2026-07-25 13:13:00,景点门票,122.53,1,0,自然
357,191,2026-07-26 10:00:00,一日游套餐,347.88,1,0,地推
358,191,2026-08-09 15:32:00,景点门票,58.99,1,0,地推
359,193,2026-08-30 11:32:00,景点门票,46.74,0,0,自然
360,194,2026-06-29 11:02:00,一日游套餐,370.7,0,0,微信
361,194,2026-07-10 17:38:00,景点门票,102.07,1,1,微信
362,194,2026-07-18 19:25:00,酒店预订,349.27,1,0,微信
363,194,2026-08-14 13:18:00,景点门票,117.99,0,0,微信
364,195,2026-07-06 07:42:00,酒店预订,410.11,0,0,自然
365,195,2026-08-18 14:53:00,景点门票,159.84,1,0,自然
366,196,2026-06-28 12:45:00,酒店预订,254.06,0,0,自然
367,196,2026-08-06 15:07:00,酒店预订,386.29,1,0,自然
368,198,2026-07-04 19:36:00,酒店预订,191.55,0,0,微信
369,198,2026-07-13 13:24:00,酒店预订,317.7,1,0,微信
370,199,2026-07-13 14:42:00,酒店预订,267.5,1,0,自然
371,199,2026-07-15 21:30:00,酒店预订,309.19,1,0,自然
372,199,2026-07-15 11:31:00,酒店预订,236.97,0,0,自然
373,199,2026-07-19 18:00:00,一日游套餐,278.63,1,0,自然
374,200,2026-06-13 15:02:00,景点门票,117.84,1,0,抖音
375,201,2026-06-30 17:19:00,景点门票,138.32,1,0,微信
376,201,2026-07-30 15:59:00,酒店预订,500.97,1,0,微信
377,202,2026-07-09 07:23:00,一日游套餐,398.44,0,0,地推
378,202,2026-07-14 19:46:00,酒店预订,389.3,1,0,地推
379,202,2026-08-06 22:30:00,景点门票,41.57,0,0,地推
380,204,2026-06-23 11:38:00,景点门票,96.42,1,0,自然
381,204,2026-06-24 12:37:00,一日游套餐,212.7,1,0,自然
382,204,2026-08-08 13:47:00,酒店预订,349.16,0,0,自然
383,204,2026-08-08 12:08:00,一日游套餐,215.25,1,0,自然
384,205,2026-07-12 11:35:00,景点门票,144.9,1,0,自然
385,205,2026-07-15 07:15:00,酒店预订,480.08,0,0,自然
386,205,2026-07-19 15:10:00,景点门票,169.77,1,0,自然
387,206,2026-07-12 09:29:00,酒店预订,392.5,1,0,自然
388,206,2026-07-17 15:59:00,酒店预订,551.0,0,0,自然
389,206,2026-07-24 10:05:00,景点门票,160.57,1,0,自然
390,208,2026-07-28 19:35:00,景点门票,149.76,0,0,小红书
391,208,2026-08-01 10:00:00,一日游套餐,435.13,1,0,小红书
392,208,2026-08-11 15:56:00,景点门票,136.23,1,0,小红书
393,209,2026-07-27 12:26:00,景点门票,44.61,1,0,自然
394,209,2026-08-06 08:55:00,酒店预订,312.44,1,0,自然
395,209,2026-08-06 12:23:00,景点门票,172.32,1,0,自然
396,211,2026-07-25 20:29:00,景点门票,100.37,1,0,小红书
397,211,2026-07-26 10:47:00,一日游套餐,390.19,0,0,小红书
398,211,2026-08-26 13:28:00,景点门票,62.51,0,0,小红书
399,211,2026-08-26 07:20:00,一日游套餐,392.28,1,0,小红书
400,212,2026-06-13 11:07:00,景点门票,92.29,1,0,小红书
401,212,2026-08-09 21:21:00,景点门票,110.83,0,0,小红书
402,213,2026-06-27 16:48:00,景点门票,103.24,1,1,自然
403,213,2026-07-13 15:55:00,酒店预订,410.93,1,0,自然
404,213,2026-08-02 07:21:00,一日游套餐,218.19,1,0,自然
405,214,2026-07-17 14:43:00,酒店预订,196.79,1,0,微信
406,214,2026-07-24 16:57:00,一日游套餐,413.69,1,0,微信
407,214,2026-07-25 15:42:00,景点门票,42.7,1,0,微信
408,214,2026-07-26 17:42:00,一日游套餐,259.03,1,0,微信
409,214,2026-07-30 19:33:00,景点门票,152.4,1,0,微信
410,214,2026-07-31 12:30:00,景点门票,147.41,1,0,微信
411,215,2026-07-23 21:34:00,景点门票,132.98,1,0,小红书
412,215,2026-07-23 22:07:00,一日游套餐,221.82,1,0,小红书
413,216,2026-06-24 18:53:00,景点门票,100.02,1,0,小红书
414,216,2026-08-01 17:01:00,一日游套餐,388.44,1,0,小红书
415,217,2026-06-25 09:01:00,一日游套餐,449.09,1,0,自然
416,217,2026-07-21 19:23:00,一日游套餐,237.96,0,0,自然
417,217,2026-08-17 15:59:00,酒店预订,230.2,1,0,自然
418,218,2026-07-28 14:06:00,景点门票,144.41,1,0,自然
419,218,2026-08-05 21:44:00,景点门票,92.36,0,0,自然
420,219,2026-07-12 11:01:00,一日游套餐,332.08,0,0,地推
421,219,2026-07-28 10:43:00,一日游套餐,374.12,1,0,地推
422,221,2026-07-14 19:21:00,景点门票,60.83,0,0,抖音
423,221,2026-07-18 17:01:00,景点门票,70.96,1,0,抖音
424,222,2026-08-03 09:42:00,一日游套餐,393.87,0,0,抖音
425,223,2026-08-12 22:04:00,景点门票,126.36,0,0,小红书
426,223,2026-08-13 11:24:00,一日游套餐,260.63,1,0,小红书
427,224,2026-07-18 22:26:00,一日游套餐,353.3,0,0,地推
428,224,2026-07-19 18:26:00,景点门票,176.82,1,0,地推
429,225,2026-07-08 19:55:00,酒店预订,181.11,1,0,自然
430,225,2026-07-09 19:36:00,一日游套餐,260.98,1,0,自然
431,225,2026-08-02 12:47:00,一日游套餐,449.35,1,0,自然
432,226,2026-06-19 12:52:00,一日游套餐,263.67,1,0,地推
433,226,2026-07-26 21:54:00,一日游套餐,293.5,0,0,地推
434,228,2026-08-28 22:42:00,酒店预订,330.69,0,0,抖音
435,229,2026-07-04 14:19:00,景点门票,138.18,1,0,小红书
436,230,2026-07-25 16:05:00,酒店预订,593.17,1,0,自然
437,230,2026-07-25 12:11:00,景点门票,134.73,0,0,自然
438,230,2026-07-25 17:47:00,景点门票,44.47,1,0,自然
439,230,2026-08-22 10:30:00,景点门票,132.62,1,0,自然
440,231,2026-07-07 08:11:00,酒店预订,245.68,0,0,自然
441,231,2026-07-08 11:48:00,景点门票,129.46,1,0,自然
442,231,2026-08-21 18:50:00,景点门票,154.21,0,0,自然
443,234,2026-08-31 12:40:00,景点门票,88.91,1,0,小红书
444,236,2026-06-13 12:33:00,景点门票,65.76,1,0,微信
445,236,2026-06-27 12:40:00,一日游套餐,219.76,1,0,微信
446,238,2026-08-02 08:26:00,酒店预订,586.28,1,0,微信
447,238,2026-08-25 11:39:00,酒店预订,383.73,1,0,微信
448,239,2026-08-31 14:58:00,酒店预订,181.6,1,1,自然
449,240,2026-08-08 07:52:00,景点门票,76.08,1,0,自然
450,241,2026-07-06 22:10:00,景点门票,131.36,0,0,微信
451,241,2026-07-13 19:20:00,景点门票,169.66,1,0,微信
452,242,2026-07-02 09:39:00,景点门票,177.68,1,0,微信
453,242,2026-07-20 10:47:00,酒店预订,490.2,1,0,微信
454,242,2026-07-20 22:43:00,景点门票,156.99,0,0,微信
455,245,2026-06-24 15:54:00,酒店预订,319.77,0,0,小红书
456,246,2026-06-16 17:34:00,景点门票,66.46,0,0,微信
457,246,2026-06-24 22:14:00,酒店预订,563.93,0,0,微信
458,246,2026-07-05 08:13:00,一日游套餐,387.47,1,0,微信
459,246,2026-07-07 07:41:00,酒店预订,236.45,1,0,微信
460,246,2026-07-13 19:31:00,一日游套餐,449.67,0,0,微信
461,246,2026-07-15 22:36:00,景点门票,117.68,1,0,微信
462,246,2026-08-08 14:52:00,一日游套餐,263.79,1,0,微信
463,246,2026-08-16 12:42:00,一日游套餐,408.07,0,0,微信
464,247,2026-07-30 11:58:00,景点门票,176.55,1,1,小红书
465,249,2026-07-23 15:50:00,景点门票,125.85,0,0,抖音
466,249,2026-07-25 13:19:00,景点门票,68.18,0,0,抖音
467,249,2026-08-26 11:26:00,景点门票,151.1,0,0,抖音
468,251,2026-06-23 19:17:00,景点门票,170.99,1,0,小红书
469,251,2026-06-23 14:35:00,景点门票,51.56,1,0,小红书
470,251,2026-06-27 14:11:00,酒店预订,237.34,1,0,小红书
471,251,2026-08-23 11:28:00,酒店预订,553.49,0,0,小红书
472,252,2026-07-23 10:51:00,一日游套餐,348.24,1,0,微信
473,252,2026-08-22 10:39:00,酒店预订,585.74,1,0,微信
474,254,2026-07-14 10:07:00,景点门票,57.57,0,0,自然
475,254,2026-08-17 13:21:00,酒店预订,311.55,1,0,自然
476,255,2026-06-18 18:42:00,景点门票,75.48,1,0,自然
477,256,2026-07-19 08:55:00,酒店预订,439.08,0,0,小红书
478,257,2026-08-17 23:04:00,一日游套餐,293.39,1,0,微信
479,257,2026-08-24 20:21:00,一日游套餐,330.14,1,0,微信
480,257,2026-08-26 21:58:00,酒店预订,333.91,1,0,微信
481,257,2026-08-27 12:32:00,景点门票,72.21,1,0,微信
482,257,2026-08-27 19:05:00,酒店预订,448.47,1,0,微信
483,258,2026-07-26 14:16:00,酒店预订,403.41,1,0,自然
484,259,2026-06-13 12:55:00,景点门票,68.51,1,0,自然
485,259,2026-07-23 17:42:00,景点门票,98.52,1,0,自然
486,261,2026-07-21 12:55:00,酒店预订,335.21,1,0,自然
487,262,2026-07-19 20:17:00,景点门票,142.62,1,0,微信
488,262,2026-07-25 17:08:00,酒店预订,312.44,1,0,微信
489,262,2026-07-25 16:19:00,景点门票,53.59,1,0,微信
490,262,2026-07-26 13:47:00,酒店预订,367.97,0,0,微信
491,262,2026-07-29 10:46:00,景点门票,68.96,1,0,微信
492,262,2026-08-19 15:18:00,景点门票,121.79,1,0,微信
493,263,2026-08-06 15:02:00,酒店预订,293.03,0,0,抖音
494,263,2026-08-18 14:44:00,酒店预订,482.5,0,0,抖音
495,263,2026-08-30 19:15:00,酒店预订,472.18,0,0,抖音
496,264,2026-08-27 15:34:00,一日游套餐,283.75,0,0,自然
497,264,2026-08-29 09:48:00,酒店预订,348.32,1,0,自然
498,266,2026-06-16 17:45:00,景点门票,150.05,1,1,自然
499,266,2026-06-18 09:56:00,景点门票,70.51,1,1,自然
500,269,2026-06-22 13:56:00,景点门票,68.03,1,0,自然
501,269,2026-06-23 17:04:00,酒店预订,524.08,0,0,自然
502,269,2026-06-26 15:35:00,酒店预订,259.87,0,0,自然
503,269,2026-07-08 20:47:00,景点门票,157.72,1,0,自然
504,269,2026-08-08 10:13:00,酒店预订,544.47,1,0,自然
505,270,2026-08-07 14:06:00,景点门票,91.65,1,0,自然
506,270,2026-08-23 15:24:00,一日游套餐,231.35,1,0,自然
507,271,2026-06-21 21:04:00,景点门票,80.37,1,0,自然
508,271,2026-07-12 11:04:00,景点门票,152.67,0,0,自然
509,271,2026-08-16 23:08:00,酒店预订,241.73,1,0,自然
510,272,2026-07-03 08:27:00,景点门票,158.87,1,0,自然
511,273,2026-08-15 22:37:00,景点门票,59.55,0,0,自然
512,274,2026-06-18 13:18:00,景点门票,85.84,0,0,小红书
513,274,2026-06-26 14:04:00,酒店预订,535.69,0,0,小红书
514,274,2026-07-09 17:18:00,酒店预订,359.63,0,0,小红书
515,274,2026-08-08 17:28:00,景点门票,122.54,1,0,小红书
516,276,2026-06-14 22:05:00,景点门票,171.76,0,0,抖音
517,276,2026-06-29 22:08:00,景点门票,96.3,0,0,抖音
518,277,2026-07-03 19:40:00,一日游套餐,303.0,1,0,抖音
519,277,2026-07-09 07:34:00,景点门票,83.85,0,0,抖音
520,277,2026-07-31 20:24:00,酒店预订,535.91,1,0,抖音
521,279,2026-07-02 12:29:00,景点门票,41.66,1,0,微信
522,279,2026-07-05 11:55:00,一日游套餐,262.53,1,0,微信
523,279,2026-08-27 12:25:00,景点门票,75.51,1,0,微信
524,280,2026-07-07 19:05:00,景点门票,136.64,0,0,微信
525,280,2026-07-11 07:20:00,酒店预订,203.3,1,0,微信
526,280,2026-07-28 22:47:00,酒店预订,593.21,1,0,微信
527,282,2026-07-06 07:41:00,酒店预订,428.63,1,0,自然
528,283,2026-06-24 20:49:00,景点门票,83.38,1,0,自然
529,283,2026-08-10 18:57:00,酒店预订,476.47,1,0,自然
530,284,2026-07-10 23:07:00,景点门票,48.37,1,0,自然
531,284,2026-07-20 19:54:00,酒店预订,565.03,0,0,自然
532,284,2026-07-27 13:13:00,景点门票,91.33,0,0,自然
533,284,2026-07-31 07:14:00,一日游套餐,299.36,1,0,自然
534,284,2026-08-20 11:23:00,一日游套餐,395.36,0,0,自然
535,288,2026-07-05 18:13:00,景点门票,104.8,1,1,抖音
536,289,2026-06-17 18:13:00,酒店预订,491.9,0,0,抖音
537,289,2026-06-29 19:07:00,景点门票,163.86,0,0,抖音
538,290,2026-06-27 21:14:00,景点门票,55.06,0,0,自然
539,290,2026-08-24 20:06:00,景点门票,125.33,1,0,自然
540,292,2026-06-20 19:10:00,景点门票,178.63,1,1,自然
541,292,2026-06-28 21:59:00,酒店预订,357.22,1,0,自然
542,292,2026-07-18 21:59:00,景点门票,171.96,1,0,自然
543,295,2026-07-12 21:40:00,酒店预订,441.03,1,1,微信
544,295,2026-08-24 17:13:00,一日游套餐,294.63,1,0,微信
545,296,2026-07-27 08:31:00,景点门票,96.65,0,0,地推
546,297,2026-08-23 16:05:00,景点门票,106.49,1,0,地推
547,298,2026-07-25 07:19:00,一日游套餐,208.72,0,0,微信
548,298,2026-08-01 09:58:00,酒店预订,533.22,1,1,微信
549,299,2026-07-02 20:32:00,一日游套餐,267.54,1,0,微信
550,299,2026-08-16 13:35:00,景点门票,123.33,1,0,微信
551,300,2026-08-22 10:52:00,一日游套餐,332.63,0,0,小红书
552,300,2026-08-22 17:49:00,景点门票,88.27,1,0,小红书
553,301,2026-08-07 21:34:00,景点门票,179.66,1,0,微信
554,301,2026-08-10 08:54:00,一日游套餐,318.6,1,0,微信
555,301,2026-08-19 16:23:00,景点门票,166.82,1,0,微信
556,301,2026-08-19 22:52:00,酒店预订,350.15,0,0,微信
557,302,2026-08-08 22:51:00,酒店预订,506.34,1,0,自然
558,303,2026-06-21 13:30:00,景点门票,77.15,1,0,抖音
559,303,2026-06-23 18:11:00,一日游套餐,386.06,0,0,抖音
560,303,2026-07-07 18:19:00,景点门票,150.48,1,0,抖音
561,305,2026-07-27 16:41:00,酒店预订,241.26,1,1,微信
562,305,2026-07-28 09:13:00,酒店预订,262.3,0,0,微信
563,305,2026-08-21 20:14:00,景点门票,53.51,0,0,微信
564,305,2026-08-28 13:25:00,景点门票,153.47,1,0,微信
565,308,2026-06-15 14:00:00,一日游套餐,245.49,1,0,小红书
566,308,2026-06-19 20:55:00,酒店预订,571.6,1,0,小红书
567,309,2026-06-16 22:09:00,景点门票,124.77,0,0,自然
568,309,2026-06-20 10:17:00,景点门票,138.2,1,0,自然
569,309,2026-06-24 08:31:00,景点门票,139.68,1,0,自然
570,309,2026-07-02 22:17:00,景点门票,163.69,0,0,自然
571,309,2026-07-14 07:36:00,景点门票,63.13,1,0,自然
572,310,2026-07-13 14:16:00,一日游套餐,281.3,1,0,自然
573,310,2026-07-26 16:38:00,景点门票,67.92,1,0,自然
574,311,2026-08-14 19:31:00,景点门票,107.49,0,0,抖音
575,313,2026-07-10 13:40:00,景点门票,179.43,1,0,自然
576,313,2026-07-25 15:10:00,酒店预订,492.16,0,0,自然
577,313,2026-07-28 13:49:00,酒店预订,188.53,1,0,自然
578,314,2026-08-07 15:19:00,酒店预订,271.32,1,0,抖音
579,316,2026-07-17 08:26:00,景点门票,178.81,1,0,抖音
580,318,2026-07-23 10:02:00,酒店预订,274.05,1,0,小红书
581,318,2026-08-03 12:03:00,景点门票,72.26,1,0,小红书
582,319,2026-07-10 22:59:00,景点门票,96.88,0,0,自然
583,319,2026-07-13 11:03:00,景点门票,105.66,0,0,自然
584,319,2026-07-14 21:19:00,景点门票,150.44,0,0,自然
585,319,2026-08-15 21:01:00,酒店预订,591.98,0,0,自然
586,320,2026-07-28 18:54:00,景点门票,59.03,0,0,地推
587,320,2026-07-31 11:15:00,酒店预订,573.99,1,0,地推
588,321,2026-08-08 11:11:00,景点门票,42.33,1,0,地推
589,322,2026-07-04 18:40:00,酒店预订,204.17,1,1,抖音
590,322,2026-08-21 14:21:00,景点门票,148.85,0,0,抖音
591,323,2026-06-16 11:42:00,酒店预订,413.74,1,0,抖音
592,323,2026-06-22 18:13:00,一日游套餐,436.66,1,0,抖音
593,323,2026-07-10 20:16:00,酒店预订,348.56,0,0,抖音
594,325,2026-07-17 15:16:00,一日游套餐,304.49,1,1,微信
595,326,2026-08-27 18:43:00,景点门票,99.04,1,0,小红书
596,327,2026-08-10 08:19:00,酒店预订,325.96,1,0,微信
597,327,2026-08-11 19:47:00,酒店预订,491.43,1,0,微信
598,328,2026-08-29 16:32:00,景点门票,171.95,1,0,抖音
599,329,2026-07-17 15:21:00,景点门票,108.13,1,0,小红书
600,331,2026-08-02 07:20:00,一日游套餐,219.27,0,0,小红书
601,332,2026-07-18 11:06:00,一日游套餐,420.94,0,0,自然
602,332,2026-07-18 07:18:00,景点门票,168.51,0,0,自然
603,332,2026-07-26 17:59:00,酒店预订,284.92,0,0,自然
604,332,2026-08-02 16:49:00,酒店预订,280.13,0,0,自然
605,333,2026-08-10 12:47:00,酒店预订,297.27,1,0,小红书
606,333,2026-08-20 16:37:00,景点门票,79.48,1,0,小红书
607,334,2026-07-18 10:52:00,酒店预订,333.22,1,0,微信
608,334,2026-07-23 18:33:00,景点门票,83.48,0,0,微信
609,334,2026-07-27 10:07:00,酒店预订,390.11,0,0,微信
610,334,2026-08-04 09:25:00,景点门票,56.64,1,0,微信
611,334,2026-08-07 17:38:00,景点门票,70.15,1,0,微信
612,334,2026-08-21 10:53:00,景点门票,139.76,1,0,微信
613,335,2026-07-31 15:54:00,景点门票,118.17,1,0,自然
614,335,2026-08-02 08:24:00,一日游套餐,430.5,1,0,自然
615,336,2026-08-10 22:55:00,景点门票,170.28,1,0,小红书
616,337,2026-07-21 15:54:00,景点门票,54.47,1,0,自然
617,338,2026-07-26 09:42:00,景点门票,140.96,0,0,小红书
618,339,2026-08-19 11:51:00,景点门票,102.31,1,0,自然
619,339,2026-08-19 08:27:00,景点门票,108.97,0,0,自然
620,341,2026-07-10 14:19:00,景点门票,177.98,1,0,自然
621,341,2026-07-10 13:16:00,景点门票,162.52,1,0,自然
622,342,2026-07-01 19:39:00,一日游套餐,270.76,0,0,地推
623,343,2026-07-28 19:34:00,一日游套餐,358.21,1,0,微信
624,345,2026-06-17 22:09:00,景点门票,105.77,1,1,微信
625,345,2026-06-26 15:54:00,景点门票,78.09,0,0,微信
626,345,2026-07-15 14:18:00,景点门票,128.59,1,0,微信
627,345,2026-07-15 07:49:00,景点门票,119.28,0,0,微信
628,345,2026-07-26 10:02:00,酒店预订,459.02,0,0,微信
629,345,2026-08-08 14:33:00,酒店预订,392.85,1,0,微信
630,346,2026-06-18 22:26:00,酒店预订,401.91,1,0,微信
631,346,2026-07-13 16:10:00,景点门票,158.22,1,0,微信
632,346,2026-08-02 20:14:00,一日游套餐,266.11,1,0,微信
633,348,2026-07-25 08:21:00,一日游套餐,336.03,1,0,自然
634,350,2026-07-30 10:07:00,景点门票,150.86,1,0,自然
635,351,2026-06-15 18:41:00,酒店预订,181.79,1,0,小红书
636,351,2026-07-21 21:37:00,景点门票,74.36,0,0,小红书
637,352,2026-07-20 20:19:00,景点门票,106.33,0,0,自然
638,352,2026-07-20 19:18:00,景点门票,172.17,0,0,自然
639,352,2026-07-23 17:11:00,景点门票,168.9,1,0,自然
640,352,2026-07-26 11:54:00,景点门票,117.74,1,0,自然
641,357,2026-07-18 21:21:00,景点门票,118.37,1,0,微信
642,357,2026-08-27 22:38:00,酒店预订,183.31,1,0,微信
643,358,2026-07-05 09:09:00,景点门票,82.41,1,0,微信
644,358,2026-07-10 16:28:00,景点门票,108.43,1,0,微信
645,358,2026-08-05 22:54:00,景点门票,123.84,1,0,微信
646,358,2026-08-12 17:47:00,景点门票,168.13,1,0,微信
647,360,2026-08-17 22:46:00,景点门票,115.67,1,0,小红书
648,362,2026-08-07 22:55:00,景点门票,153.07,0,0,自然
649,362,2026-08-09 17:45:00,景点门票,106.42,1,0,自然
650,362,2026-08-11 19:26:00,酒店预订,235.71,1,0,自然
651,362,2026-08-11 12:02:00,景点门票,99.75,1,0,自然
652,364,2026-07-08 22:30:00,景点门票,72.19,0,0,自然
653,367,2026-08-12 12:14:00,景点门票,171.6,1,0,微信
654,367,2026-08-15 16:56:00,一日游套餐,251.38,1,0,微信
655,368,2026-07-05 07:30:00,景点门票,54.03,0,0,小红书
656,368,2026-07-06 14:10:00,酒店预订,272.06,1,0,小红书
657,369,2026-06-19 11:51:00,酒店预订,406.01,0,0,抖音
658,369,2026-06-21 17:15:00,景点门票,165.56,1,0,抖音
659,369,2026-08-02 18:46:00,酒店预订,464.93,1,0,抖音
660,370,2026-08-05 13:22:00,一日游套餐,339.28,0,0,微信
661,370,2026-08-15 15:13:00,一日游套餐,263.78,1,0,微信
662,371,2026-07-01 08:10:00,一日游套餐,440.44,0,0,微信
663,371,2026-07-28 16:47:00,一日游套餐,349.95,1,0,微信
664,371,2026-08-07 22:45:00,一日游套餐,229.45,1,0,微信
665,372,2026-07-29 20:02:00,景点门票,139.06,0,0,自然
666,372,2026-08-28 13:07:00,景点门票,166.66,1,0,自然
667,372,2026-08-28 21:28:00,酒店预订,453.64,0,0,自然
668,373,2026-07-19 20:10:00,酒店预订,429.08,1,1,抖音
669,373,2026-07-26 22:40:00,景点门票,42.04,1,1,抖音
670,373,2026-08-02 15:51:00,酒店预订,568.17,1,0,抖音
671,375,2026-08-12 18:59:00,景点门票,146.0,0,0,自然
672,375,2026-08-20 16:22:00,一日游套餐,425.22,0,0,自然
673,377,2026-07-07 14:26:00,酒店预订,385.64,1,0,地推
674,377,2026-08-08 10:17:00,酒店预订,211.5,0,0,地推
675,378,2026-07-28 09:21:00,一日游套餐,334.37,1,0,抖音
676,379,2026-08-17 07:48:00,景点门票,92.34,1,0,抖音
677,380,2026-07-30 14:40:00,酒店预订,339.49,0,0,小红书
678,380,2026-07-31 21:34:00,一日游套餐,258.99,0,0,小红书
679,382,2026-07-27 07:43:00,景点门票,147.76,0,0,地推
680,383,2026-08-22 18:22:00,一日游套餐,235.05,1,0,微信
681,383,2026-08-22 13:17:00,酒店预订,348.63,1,0,微信
682,384,2026-06-27 07:57:00,一日游套餐,379.79,1,0,抖音
683,387,2026-07-26 19:31:00,酒店预订,481.78,0,0,小红书
684,388,2026-07-03 20:26:00,酒店预订,440.02,1,0,地推
685,388,2026-07-26 15:04:00,酒店预订,531.67,1,0,地推
686,388,2026-08-02 07:32:00,酒店预订,181.47,0,0,地推
687,389,2026-07-27 19:10:00,一日游套餐,203.79,0,0,自然
688,389,2026-08-10 18:59:00,一日游套餐,357.15,0,0,自然
689,389,2026-08-21 18:16:00,酒店预订,361.14,1,0,自然
690,389,2026-08-24 09:08:00,一日游套餐,259.71,0,0,自然
691,389,2026-08-24 15:01:00,景点门票,135.17,1,0,自然
692,390,2026-07-03 18:06:00,酒店预订,241.46,0,0,微信
693,390,2026-07-05 17:38:00,酒店预订,558.95,0,0,微信
694,390,2026-07-26 20:26:00,景点门票,49.15,1,0,微信
695,391,2026-07-11 19:12:00,景点门票,167.23,1,0,小红书
696,391,2026-07-26 18:17:00,一日游套餐,240.89,1,0,小红书
697,391,2026-08-05 11:24:00,酒店预订,463.09,1,0,小红书
698,392,2026-07-17 20:45:00,酒店预订,262.09,0,0,自然
699,392,2026-07-19 10:03:00,一日游套餐,334.2,1,0,自然
700,392,2026-07-21 21:52:00,一日游套餐,231.64,1,0,自然
701,394,2026-07-03 08:49:00,景点门票,47.13,1,0,小红书
702,395,2026-07-25 22:26:00,景点门票,142.79,0,0,自然
703,395,2026-07-27 14:19:00,景点门票,108.58,1,0,自然
704,395,2026-08-02 13:03:00,酒店预订,479.82,1,0,自然
705,395,2026-08-21 18:11:00,景点门票,133.07,0,0,自然
706,395,2026-08-27 13:44:00,一日游套餐,307.33,0,0,自然
707,396,2026-07-12 19:07:00,酒店预订,396.08,1,0,抖音
708,397,2026-07-12 11:02:00,一日游套餐,279.68,1,0,微信
709,397,2026-07-15 20:07:00,酒店预订,472.15,1,0,微信
710,397,2026-07-17 08:40:00,酒店预订,277.83,1,0,微信
711,397,2026-07-19 08:22:00,景点门票,85.25,1,0,微信
712,397,2026-07-23 19:03:00,景点门票,155.08,1,0,微信
713,397,2026-07-26 22:23:00,酒店预订,280.48,1,0,微信
714,397,2026-07-26 12:06:00,酒店预订,391.13,0,0,微信
715,397,2026-08-02 07:13:00,酒店预订,559.29,1,0,微信
716,398,2026-08-14 13:38:00,酒店预订,257.0,1,0,自然
717,399,2026-07-03 15:05:00,一日游套餐,310.7,0,0,抖音
718,401,2026-08-10 15:30:00,一日游套餐,338.71,1,0,抖音
719,402,2026-07-18 14:26:00,景点门票,100.02,1,0,地推
720,402,2026-08-21 11:53:00,一日游套餐,313.6,1,0,地推
721,403,2026-06-25 17:53:00,景点门票,139.93,1,0,微信
722,403,2026-07-02 19:55:00,景点门票,41.35,1,0,微信
723,403,2026-07-02 19:37:00,景点门票,98.97,1,0,微信
724,403,2026-08-17 17:52:00,一日游套餐,410.56,1,0,微信
725,404,2026-07-29 07:30:00,景点门票,124.93,1,0,自然
726,405,2026-08-29 12:59:00,酒店预订,598.13,1,0,地推
727,405,2026-08-29 21:24:00,景点门票,69.0,0,0,地推
728,406,2026-06-28 08:20:00,酒店预订,559.12,1,0,微信
729,406,2026-07-05 18:29:00,酒店预订,524.3,1,0,微信
730,407,2026-08-01 07:53:00,酒店预订,541.53,1,0,自然
731,407,2026-08-02 18:08:00,景点门票,53.58,1,0,自然
732,407,2026-08-07 17:12:00,景点门票,113.05,0,0,自然
733,407,2026-08-16 10:15:00,一日游套餐,241.93,1,0,自然
734,408,2026-06-12 17:12:00,酒店预订,208.01,0,0,微信
735,408,2026-06-18 09:55:00,景点门票,69.89,0,0,微信
736,409,2026-08-30 15:01:00,酒店预订,239.17,1,0,自然
737,409,2026-08-30 14:40:00,景点门票,169.52,1,0,自然
738,410,2026-07-01 13:06:00,景点门票,68.09,1,0,地推
739,411,2026-07-13 14:45:00,景点门票,84.45,1,0,小红书
740,411,2026-07-31 12:26:00,景点门票,78.14,1,0,小红书
741,412,2026-08-10 10:21:00,一日游套餐,336.26,0,0,小红书
742,413,2026-07-09 21:21:00,一日游套餐,441.67,1,0,自然
743,414,2026-07-07 08:24:00,景点门票,133.17,0,0,微信
744,414,2026-07-12 07:30:00,景点门票,151.48,1,0,微信
745,414,2026-08-11 22:07:00,景点门票,83.37,1,0,微信
746,414,2026-08-31 12:04:00,一日游套餐,372.83,1,0,微信
747,415,2026-06-15 17:56:00,酒店预订,423.54,1,0,自然
748,415,2026-06-19 11:13:00,酒店预订,351.15,0,0,自然
749,415,2026-06-19 09:02:00,景点门票,143.97,0,0,自然
750,416,2026-07-10 20:15:00,酒店预订,424.63,1,0,自然
751,416,2026-08-10 20:04:00,景点门票,99.48,1,0,自然
752,416,2026-08-24 11:35:00,一日游套餐,202.47,1,0,自然
753,417,2026-07-28 14:23:00,一日游套餐,384.74,0,0,自然
754,417,2026-08-02 09:54:00,酒店预订,510.22,0,0,自然
755,418,2026-07-04 14:49:00,酒店预订,198.79,0,0,微信
756,418,2026-07-04 18:25:00,一日游套餐,306.36,0,0,微信
757,418,2026-07-12 21:50:00,景点门票,140.19,1,0,微信
758,418,2026-07-19 18:10:00,景点门票,92.38,0,0,微信
759,418,2026-07-25 23:06:00,酒店预订,488.34,1,0,微信
760,419,2026-07-06 21:29:00,一日游套餐,424.25,1,0,自然
761,419,2026-07-18 08:53:00,景点门票,130.56,1,0,自然
762,419,2026-07-18 20:19:00,景点门票,140.53,0,0,自然
763,419,2026-08-26 11:42:00,一日游套餐,264.18,0,0,自然
764,421,2026-08-01 12:01:00,酒店预订,300.75,1,0,小红书
765,422,2026-06-11 08:05:00,一日游套餐,285.75,1,0,自然
766,422,2026-06-16 15:54:00,景点门票,150.85,0,0,自然
767,422,2026-06-22 08:29:00,酒店预订,205.76,0,0,自然
768,422,2026-07-11 17:48:00,酒店预订,567.6,1,0,自然
769,422,2026-07-16 18:20:00,景点门票,166.12,1,0,自然
770,423,2026-08-28 10:56:00,酒店预订,188.99,0,0,自然
771,424,2026-08-08 12:29:00,一日游套餐,417.92,0,0,自然
772,424,2026-08-30 18:08:00,一日游套餐,436.87,0,0,自然
773,425,2026-07-02 20:47:00,景点门票,178.47,1,0,小红书
774,425,2026-08-23 22:56:00,酒店预订,472.11,1,0,小红书
775,425,2026-08-25 08:02:00,景点门票,178.27,1,0,小红书
776,426,2026-07-04 17:35:00,景点门票,144.07,1,0,微信
777,426,2026-07-08 14:51:00,酒店预订,345.67,1,1,微信
778,426,2026-07-14 12:11:00,酒店预订,505.88,1,0,微信
779,426,2026-08-16 15:18:00,景点门票,58.26,1,0,微信
780,427,2026-07-08 17:58:00,景点门票,48.81,0,0,自然
781,429,2026-07-07 07:45:00,景点门票,60.67,0,0,自然
782,429,2026-08-30 11:49:00,景点门票,158.5,1,0,自然
783,430,2026-08-11 18:26:00,景点门票,66.86,1,0,微信
784,430,2026-08-22 17:17:00,景点门票,47.79,1,0,微信
785,432,2026-06-17 13:56:00,景点门票,115.65,1,0,微信
786,432,2026-07-08 10:07:00,酒店预订,309.9,1,0,微信
787,432,2026-07-10 15:49:00,一日游套餐,233.24,1,1,微信
788,432,2026-07-28 21:24:00,一日游套餐,219.86,1,0,微信
789,432,2026-08-08 13:48:00,景点门票,162.97,0,0,微信
790,432,2026-08-16 15:19:00,酒店预订,422.58,0,0,微信
791,433,2026-06-14 22:25:00,景点门票,70.77,1,0,小红书
792,433,2026-06-15 18:04:00,景点门票,126.56,1,0,小红书
793,433,2026-07-14 23:02:00,景点门票,141.22,0,0,小红书
794,434,2026-08-10 12:04:00,景点门票,57.3,1,0,微信
795,434,2026-08-18 18:48:00,一日游套餐,212.29,1,0,微信
796,435,2026-07-28 21:59:00,景点门票,54.09,0,0,自然
797,435,2026-07-28 18:03:00,酒店预订,270.8,0,0,自然
798,435,2026-08-11 16:14:00,酒店预订,518.81,0,0,自然
799,435,2026-08-15 20:21:00,酒店预订,197.47,0,0,自然
800,436,2026-06-11 21:14:00,一日游套餐,373.19,0,0,自然
801,436,2026-06-15 17:05:00,景点门票,174.41,1,0,自然
802,436,2026-07-30 20:44:00,酒店预订,573.66,1,0,自然
803,437,2026-07-11 10:36:00,景点门票,119.1,1,0,自然
804,437,2026-07-21 19:22:00,酒店预订,572.89,0,0,自然
805,437,2026-08-24 13:38:00,景点门票,52.09,0,0,自然
806,438,2026-07-11 21:08:00,一日游套餐,315.1,0,0,抖音
807,439,2026-06-09 10:57:00,景点门票,63.4,1,1,小红书
808,439,2026-06-14 22:51:00,景点门票,102.7,1,1,小红书
809,440,2026-06-29 22:16:00,景点门票,81.34,1,0,小红书
810,440,2026-06-29 08:38:00,一日游套餐,317.23,1,0,小红书
811,440,2026-06-30 18:00:00,酒店预订,377.12,1,0,小红书
812,440,2026-07-05 13:18:00,景点门票,61.69,0,0,小红书
813,441,2026-08-10 22:38:00,酒店预订,250.46,1,0,微信
814,441,2026-08-10 22:34:00,景点门票,42.56,1,0,微信
815,441,2026-08-24 08:23:00,景点门票,76.84,1,0,微信
816,442,2026-06-11 22:13:00,一日游套餐,204.84,0,0,自然
817,442,2026-07-28 10:11:00,酒店预订,399.63,1,0,自然
818,442,2026-08-01 14:38:00,一日游套餐,265.79,1,0,自然
819,442,2026-08-04 12:10:00,酒店预订,445.35,1,0,自然
820,443,2026-07-12 10:27:00,景点门票,95.29,0,0,小红书
821,444,2026-07-10 14:25:00,酒店预订,269.33,1,0,自然
822,444,2026-07-25 12:58:00,景点门票,64.73,0,0,自然
823,444,2026-08-23 10:07:00,酒店预订,583.54,0,0,自然
824,445,2026-07-10 22:45:00,景点门票,101.86,0,0,自然
825,445,2026-07-23 20:08:00,景点门票,121.16,1,0,自然
826,446,2026-06-25 21:55:00,景点门票,139.01,1,0,小红书
827,446,2026-07-05 07:39:00,一日游套餐,366.39,1,0,小红书
828,447,2026-07-27 18:29:00,景点门票,59.2,0,0,地推
829,448,2026-07-25 12:49:00,景点门票,68.76,1,0,小红书
830,448,2026-07-26 09:10:00,酒店预订,225.42,1,0,小红书
831,451,2026-07-13 12:15:00,一日游套餐,329.33,0,0,自然
832,451,2026-08-14 16:59:00,酒店预订,296.25,0,0,自然
833,451,2026-08-30 11:38:00,一日游套餐,293.77,0,0,自然
834,452,2026-07-03 16:14:00,酒店预订,306.3,1,0,微信
835,452,2026-07-18 22:50:00,酒店预订,353.64,1,0,微信
836,452,2026-08-10 09:55:00,景点门票,112.45,1,0,微信
837,452,2026-08-14 17:47:00,景点门票,143.69,1,0,微信
838,452,2026-08-22 10:58:00,景点门票,76.31,1,0,微信
839,452,2026-08-28 15:14:00,景点门票,91.56,1,0,微信
840,454,2026-08-07 12:16:00,景点门票,152.69,0,0,自然
841,455,2026-08-19 19:44:00,景点门票,98.58,1,0,自然
842,456,2026-08-08 13:11:00,景点门票,150.32,1,1,自然
843,456,2026-08-16 17:16:00,景点门票,177.06,0,0,自然
844,456,2026-08-18 21:32:00,景点门票,44.91,1,0,自然
845,456,2026-08-27 09:26:00,景点门票,115.79,1,0,自然
846,457,2026-07-16 15:20:00,景点门票,50.82,0,0,地推
847,458,2026-07-18 18:59:00,景点门票,144.48,1,0,抖音
848,459,2026-07-01 20:07:00,景点门票,156.72,0,0,微信
849,459,2026-07-01 18:09:00,景点门票,105.97,1,0,微信
850,459,2026-07-06 10:00:00,酒店预订,199.98,1,0,微信
851,459,2026-07-06 11:57:00,一日游套餐,235.84,1,0,微信
852,459,2026-07-06 16:49:00,酒店预订,266.32,1,0,微信
853,459,2026-07-15 19:03:00,一日游套餐,207.97,0,0,微信
854,459,2026-08-11 22:31:00,酒店预订,223.51,1,0,微信
855,462,2026-07-18 22:15:00,景点门票,164.64,1,0,自然
856,463,2026-07-18 09:33:00,一日游套餐,252.21,1,0,地推
857,464,2026-08-25 19:35:00,酒店预订,590.88,0,0,抖音
858,466,2026-07-18 16:16:00,景点门票,58.69,0,0,小红书
859,466,2026-08-23 17:49:00,一日游套餐,321.13,1,0,小红书
860,466,2026-08-30 14:17:00,景点门票,53.57,1,0,小红书
861,466,2026-08-30 11:46:00,景点门票,96.32,0,0,小红书
862,469,2026-07-13 17:49:00,一日游套餐,265.88,1,0,自然
863,469,2026-07-14 07:50:00,酒店预订,261.16,0,0,自然
864,469,2026-08-14 17:08:00,景点门票,176.07,1,0,自然
865,471,2026-07-13 15:05:00,酒店预订,383.82,1,1,抖音
866,471,2026-08-15 14:33:00,景点门票,59.05,0,0,抖音
867,473,2026-07-11 12:58:00,景点门票,58.85,1,0,自然
868,473,2026-08-07 22:58:00,酒店预订,196.71,1,0,自然
869,473,2026-08-18 08:16:00,景点门票,54.19,0,0,自然
870,474,2026-07-22 13:28:00,景点门票,48.89,1,0,自然
871,474,2026-07-23 12:28:00,酒店预订,202.43,0,0,自然
872,477,2026-08-13 21:43:00,景点门票,130.97,1,0,抖音
873,477,2026-08-18 07:51:00,酒店预订,543.96,1,0,抖音
874,478,2026-07-09 16:36:00,景点门票,141.45,1,0,小红书
875,478,2026-07-11 14:48:00,一日游套餐,325.5,0,0,小红书
876,481,2026-07-18 15:49:00,景点门票,166.04,0,0,抖音
877,482,2026-06-30 18:02:00,酒店预订,270.19,1,0,自然
878,482,2026-07-06 08:52:00,景点门票,178.05,1,0,自然
879,482,2026-07-19 21:56:00,景点门票,62.11,1,0,自然
880,482,2026-07-28 10:25:00,一日游套餐,363.05,1,0,自然
881,483,2026-08-03 07:13:00,一日游套餐,213.17,0,0,小红书
882,484,2026-07-21 21:26:00,景点门票,80.77,1,0,抖音
883,484,2026-07-25 15:20:00,酒店预订,367.35,1,0,抖音
884,485,2026-07-17 11:42:00,景点门票,141.35,1,0,自然
885,485,2026-08-21 13:31:00,酒店预订,477.98,1,0,自然
886,488,2026-06-20 12:06:00,酒店预订,564.83,1,0,自然
887,490,2026-07-05 09:41:00,景点门票,82.86,0,0,抖音
888,491,2026-06-16 23:06:00,一日游套餐,410.23,1,0,小红书
889,492,2026-06-23 16:47:00,一日游套餐,446.75,1,0,小红书
890,492,2026-07-11 21:42:00,景点门票,109.11,1,0,小红书
891,493,2026-07-06 15:46:00,一日游套餐,218.71,0,0,小红书
892,494,2026-08-20 08:47:00,景点门票,58.29,0,0,抖音
893,495,2026-07-03 16:09:00,景点门票,164.4,0,0,微信
894,495,2026-07-04 07:58:00,酒店预订,363.17,0,0,微信
895,495,2026-07-09 20:03:00,景点门票,117.6,1,0,微信
896,495,2026-07-16 10:50:00,一日游套餐,316.67,0,0,微信
897,495,2026-07-17 11:48:00,一日游套餐,273.65,1,0,微信
898,495,2026-07-18 10:46:00,景点门票,111.63,0,0,微信
899,495,2026-07-20 14:57:00,酒店预订,486.5,1,0,微信
900,495,2026-07-24 16:47:00,景点门票,49.57,1,0,微信
901,495,2026-08-20 22:18:00,景点门票,62.79,1,0,微信
902,496,2026-07-01 14:41:00,景点门票,173.99,0,0,抖音
903,499,2026-07-07 12:13:00,酒店预订,522.51,0,0,抖音
904,499,2026-07-26 20:46:00,景点门票,64.18,1,1,抖音
905,499,2026-08-17 13:35:00,景点门票,149.86,0,0,抖音
906,501,2026-06-25 15:10:00,酒店预订,287.81,0,0,小红书
907,501,2026-07-16 08:48:00,一日游套餐,397.73,1,0,小红书
908,502,2026-07-09 17:17:00,景点门票,176.54,1,0,微信
909,502,2026-08-03 10:49:00,一日游套餐,430.87,1,0,微信
910,502,2026-08-13 13:01:00,景点门票,176.84,1,0,微信
911,503,2026-07-22 22:59:00,酒店预订,378.08,1,0,地推
912,504,2026-07-29 19:21:00,酒店预订,318.64,0,0,抖音
913,505,2026-07-19 09:36:00,景点门票,137.63,0,0,抖音
914,506,2026-07-05 17:20:00,一日游套餐,341.15,1,0,微信
915,506,2026-07-13 20:09:00,一日游套餐,371.39,1,0,微信
916,506,2026-08-27 09:44:00,景点门票,53.19,1,0,微信
917,506,2026-08-27 18:26:00,酒店预订,574.47,1,0,微信
918,506,2026-08-30 19:22:00,一日游套餐,431.18,1,0,微信
919,507,2026-07-06 09:58:00,一日游套餐,373.58,1,0,抖音
920,507,2026-07-07 12:13:00,景点门票,123.5,1,0,抖音
921,508,2026-06-24 23:05:00,酒店预订,374.38,0,0,微信
922,508,2026-06-29 07:53:00,酒店预订,536.72,1,0,微信
923,508,2026-07-16 20:50:00,一日游套餐,433.09,0,0,微信
924,508,2026-07-20 07:31:00,酒店预订,429.0,1,0,微信
925,508,2026-07-20 15:58:00,一日游套餐,242.16,1,1,微信
926,508,2026-08-08 14:29:00,景点门票,63.09,0,0,微信
927,509,2026-06-26 19:20:00,酒店预订,306.46,0,0,抖音
928,509,2026-08-09 18:08:00,一日游套餐,247.16,1,0,抖音
929,510,2026-08-10 11:09:00,酒店预订,282.1,1,0,自然
930,510,2026-08-18 16:10:00,酒店预订,338.38,1,0,自然
931,511,2026-07-19 09:01:00,一日游套餐,322.2,1,0,自然
932,512,2026-08-16 12:19:00,酒店预订,187.95,0,0,微信
933,512,2026-08-30 14:54:00,酒店预订,314.75,1,1,微信
934,513,2026-07-20 13:26:00,景点门票,134.32,0,0,自然
935,514,2026-07-05 11:32:00,景点门票,148.83,1,0,自然
936,514,2026-08-29 07:52:00,景点门票,51.35,1,0,自然
937,516,2026-08-23 14:03:00,酒店预订,290.09,1,0,自然
938,516,2026-08-30 08:40:00,酒店预订,305.14,1,0,自然
939,517,2026-08-28 15:57:00,酒店预订,229.81,0,0,抖音
940,518,2026-08-26 19:13:00,景点门票,131.1,0,0,小红书
941,519,2026-08-02 14:16:00,景点门票,81.8,1,0,自然
942,519,2026-08-04 17:55:00,一日游套餐,317.28,1,0,自然
943,519,2026-08-08 14:49:00,酒店预订,532.08,0,0,自然
944,519,2026-08-09 10:38:00,酒店预订,465.35,0,0,自然
945,519,2026-08-12 18:03:00,景点门票,77.17,1,0,自然
946,519,2026-08-12 09:17:00,酒店预订,419.34,1,0,自然
947,520,2026-06-24 19:19:00,一日游套餐,389.62,0,0,微信
948,520,2026-07-02 21:13:00,酒店预订,508.0,1,0,微信
949,521,2026-07-01 22:26:00,景点门票,140.32,0,0,微信
950,521,2026-07-01 21:22:00,一日游套餐,414.68,1,0,微信
951,521,2026-07-08 13:05:00,景点门票,62.64,1,0,微信
952,521,2026-07-13 13:05:00,景点门票,122.32,1,0,微信
953,521,2026-08-12 08:14:00,酒店预订,564.03,1,0,微信
954,523,2026-06-26 23:04:00,景点门票,145.25,0,0,自然
955,523,2026-08-06 08:57:00,酒店预订,527.64,1,0,自然
956,523,2026-08-11 20:21:00,景点门票,121.17,1,0,自然
957,524,2026-08-16 15:45:00,景点门票,75.67,0,0,小红书
958,524,2026-08-17 07:16:00,酒店预订,198.16,0,0,小红书
959,524,2026-08-19 08:45:00,景点门票,107.85,1,0,小红书
960,525,2026-06-17 10:08:00,一日游套餐,247.95,1,0,自然
961,525,2026-07-14 15:03:00,酒店预订,503.32,1,0,自然
962,525,2026-07-27 18:13:00,景点门票,122.26,1,0,自然
963,527,2026-08-16 19:42:00,景点门票,125.13,1,0,地推
964,528,2026-08-06 20:04:00,酒店预订,294.89,1,0,地推
965,529,2026-07-10 23:07:00,酒店预订,388.78,1,0,微信
966,529,2026-07-12 20:57:00,一日游套餐,263.35,0,0,微信
967,529,2026-08-25 22:25:00,酒店预订,205.33,1,0,微信
968,530,2026-06-27 12:57:00,酒店预订,254.49,1,0,抖音
969,530,2026-06-30 19:20:00,景点门票,102.91,0,0,抖音
970,531,2026-06-14 08:52:00,景点门票,48.55,1,0,小红书
971,531,2026-07-12 10:46:00,景点门票,93.9,0,0,小红书
972,531,2026-08-06 08:28:00,一日游套餐,217.61,1,0,小红书
973,532,2026-06-07 10:09:00,景点门票,164.5,1,0,小红书
974,532,2026-06-11 22:37:00,景点门票,105.41,0,0,小红书
975,532,2026-06-11 14:49:00,景点门票,74.72,1,0,小红书
976,534,2026-06-01 13:30:00,酒店预订,352.81,1,0,小红书
977,534,2026-06-06 09:18:00,景点门票,51.5,1,0,小红书
978,534,2026-06-07 16:01:00,一日游套餐,337.39,0,0,小红书
979,534,2026-06-23 07:55:00,酒店预订,373.75,1,0,小红书
980,534,2026-07-20 20:59:00,酒店预订,314.68,0,0,小红书
981,535,2026-06-27 20:27:00,景点门票,104.59,1,0,自然
982,535,2026-08-02 09:06:00,景点门票,61.1,0,0,自然
983,537,2026-08-28 21:40:00,景点门票,41.55,0,0,抖音
984,538,2026-08-15 17:14:00,景点门票,178.29,0,0,自然
985,538,2026-08-22 17:09:00,景点门票,122.18,1,0,自然
986,539,2026-07-14 19:33:00,酒店预订,328.7,0,0,自然
987,539,2026-07-31 12:24:00,一日游套餐,401.06,1,0,自然
988,539,2026-08-14 11:24:00,景点门票,66.56,1,0,自然
989,543,2026-07-22 22:08:00,酒店预订,371.6,1,1,微信
990,543,2026-08-22 15:32:00,景点门票,73.66,1,0,微信
991,543,2026-08-22 17:08:00,酒店预订,310.44,1,0,微信
992,544,2026-08-24 21:53:00,酒店预订,455.82,0,0,地推
993,545,2026-07-20 08:05:00,一日游套餐,386.76,1,0,自然
994,546,2026-07-26 09:41:00,景点门票,74.95,0,0,抖音
995,546,2026-08-05 10:57:00,一日游套餐,249.24,1,0,抖音
996,549,2026-07-30 08:03:00,酒店预订,318.51,0,0,小红书
997,549,2026-08-02 13:39:00,一日游套餐,416.16,0,0,小红书
998,550,2026-08-02 22:47:00,酒店预订,291.48,0,0,抖音
999,550,2026-08-31 17:53:00,景点门票,176.44,0,0,抖音
1000,551,2026-07-02 16:04:00,景点门票,57.45,1,0,抖音
1001,551,2026-07-06 19:55:00,景点门票,99.87,1,0,抖音
1002,551,2026-07-17 18:38:00,景点门票,93.09,1,0,抖音
1003,552,2026-08-08 17:05:00,酒店预订,355.38,1,0,自然
1004,552,2026-08-08 13:40:00,酒店预订,240.81,1,0,自然
1005,553,2026-07-22 16:56:00,景点门票,156.52,1,0,自然
1006,553,2026-07-24 08:10:00,酒店预订,500.85,1,0,自然
1007,554,2026-08-23 11:24:00,酒店预订,554.2,1,0,地推
1008,554,2026-08-28 22:57:00,一日游套餐,221.18,0,0,地推
1009,554,2026-08-29 13:09:00,酒店预订,445.38,1,0,地推
1010,555,2026-07-05 13:14:00,一日游套餐,397.23,1,0,自然
1011,555,2026-08-29 10:33:00,一日游套餐,427.91,0,0,自然
1012,557,2026-06-19 18:05:00,一日游套餐,316.87,1,0,自然
1013,557,2026-07-29 15:13:00,酒店预订,229.59,0,0,自然
1014,558,2026-08-05 18:26:00,酒店预订,498.16,0,0,抖音
1015,559,2026-06-12 18:59:00,一日游套餐,240.42,1,1,小红书
1016,559,2026-06-14 16:14:00,一日游套餐,425.62,0,0,小红书
1017,559,2026-06-18 19:06:00,酒店预订,504.24,1,0,小红书
1018,561,2026-08-23 08:18:00,酒店预订,258.95,1,0,自然
1019,562,2026-06-15 15:31:00,酒店预订,298.95,1,0,自然
1020,563,2026-06-07 19:52:00,酒店预订,361.59,1,0,微信
1021,563,2026-06-07 15:35:00,景点门票,120.34,1,0,微信
1022,563,2026-06-29 20:33:00,酒店预订,266.34,1,0,微信
1023,563,2026-06-29 11:18:00,一日游套餐,309.22,0,0,微信
1024,563,2026-07-01 19:00:00,一日游套餐,268.96,1,0,微信
1025,565,2026-07-27 22:35:00,酒店预订,302.97,1,0,小红书
1026,566,2026-07-01 08:18:00,景点门票,140.29,0,0,小红书
1027,566,2026-08-04 16:28:00,景点门票,160.34,0,0,小红书
1028,566,2026-08-08 12:14:00,景点门票,110.08,1,0,小红书
1029,566,2026-08-16 19:30:00,景点门票,65.05,1,0,小红书
1030,567,2026-06-16 20:55:00,一日游套餐,371.28,1,0,微信
1031,567,2026-07-04 22:39:00,景点门票,110.82,1,0,微信
1032,567,2026-07-18 08:44:00,景点门票,68.7,0,0,微信
1033,567,2026-08-05 19:34:00,酒店预订,278.56,1,1,微信
1034,567,2026-08-08 13:51:00,景点门票,110.78,1,0,微信
1035,568,2026-06-30 09:50:00,酒店预订,207.93,1,0,自然
1036,568,2026-08-02 19:38:00,酒店预订,413.67,0,0,自然
1037,568,2026-08-14 12:06:00,一日游套餐,343.32,1,1,自然
1038,568,2026-08-18 10:46:00,酒店预订,368.31,1,0,自然
1039,570,2026-08-26 14:23:00,景点门票,178.48,1,0,抖音
1040,571,2026-07-31 22:42:00,景点门票,167.48,1,0,抖音
1041,572,2026-06-18 11:26:00,一日游套餐,256.39,1,0,微信
1042,572,2026-06-19 08:58:00,景点门票,175.74,1,0,微信
1043,574,2026-07-02 18:13:00,景点门票,163.71,1,0,微信
1044,574,2026-08-10 13:51:00,景点门票,126.49,0,0,微信
1045,574,2026-08-24 12:47:00,景点门票,68.57,1,0,微信
1046,575,2026-06-23 11:24:00,景点门票,165.46,1,0,微信
1047,575,2026-07-05 11:25:00,景点门票,46.06,0,0,微信
1048,575,2026-07-09 08:04:00,酒店预订,468.16,1,0,微信
1049,576,2026-06-27 15:11:00,酒店预订,276.95,0,0,抖音
1050,577,2026-07-24 20:48:00,景点门票,109.78,1,0,地推
1051,577,2026-08-01 19:12:00,酒店预订,546.65,0,0,地推
1052,578,2026-08-01 20:23:00,景点门票,129.69,1,0,小红书
1053,579,2026-06-18 13:22:00,酒店预订,304.66,1,0,微信
1054,579,2026-06-20 07:49:00,景点门票,114.72,1,0,微信
1055,579,2026-06-25 12:41:00,酒店预订,235.65,1,0,微信
1056,580,2026-07-01 20:17:00,景点门票,59.88,0,0,抖音
1057,580,2026-07-04 13:11:00,景点门票,176.57,0,0,抖音
1058,580,2026-07-07 18:17:00,酒店预订,229.38,0,0,抖音
1059,580,2026-08-01 13:05:00,景点门票,179.46,1,0,抖音
1060,581,2026-08-05 17:25:00,景点门票,135.15,1,0,抖音
1061,582,2026-06-11 20:31:00,景点门票,176.82,1,1,抖音
1062,582,2026-07-21 10:13:00,景点门票,77.09,1,0,抖音
1063,582,2026-07-21 15:48:00,景点门票,168.46,1,0,抖音
1064,583,2026-08-18 12:56:00,景点门票,67.15,0,0,自然
1065,584,2026-08-01 22:00:00,酒店预订,391.85,1,0,抖音
1066,586,2026-07-27 09:20:00,一日游套餐,287.88,1,0,小红书
1067,586,2026-07-28 18:07:00,景点门票,97.01,1,1,小红书
1068,586,2026-07-29 21:10:00,景点门票,105.46,1,0,小红书
1069,588,2026-07-11 18:39:00,酒店预订,552.95,1,0,抖音
1070,589,2026-07-28 14:59:00,景点门票,162.86,1,0,自然
1071,589,2026-07-31 18:59:00,酒店预订,523.93,0,0,自然
1072,589,2026-08-08 16:24:00,酒店预订,327.64,0,0,自然
1073,592,2026-07-15 13:55:00,一日游套餐,343.53,0,0,抖音
1074,593,2026-06-20 19:20:00,酒店预订,279.45,0,0,抖音
1075,595,2026-07-18 17:40:00,一日游套餐,262.12,1,0,自然
1076,595,2026-08-02 07:20:00,景点门票,76.2,0,0,自然
1077,595,2026-08-12 17:59:00,一日游套餐,332.89,0,0,自然
1078,595,2026-08-28 08:11:00,一日游套餐,208.71,1,0,自然
1079,596,2026-08-22 13:57:00,一日游套餐,241.39,1,0,自然
1080,597,2026-06-14 10:39:00,景点门票,76.42,1,1,小红书
1081,597,2026-06-21 10:27:00,景点门票,62.23,0,0,小红书
1082,599,2026-07-19 19:28:00,酒店预订,297.39,0,0,地推
1083,599,2026-07-21 16:11:00,酒店预订,459.64,1,1,地推
1084,599,2026-07-22 20:53:00,酒店预订,263.52,0,0,地推
1085,599,2026-08-06 22:03:00,景点门票,74.01,1,0,地推
1086,600,2026-06-07 21:02:00,酒店预订,342.99,1,0,小红书
1087,600,2026-06-14 09:25:00,酒店预订,381.93,1,0,小红书
1088,600,2026-07-05 10:10:00,一日游套餐,216.54,1,1,小红书
1089,600,2026-07-08 17:29:00,酒店预订,218.8,1,0,小红书
1090,600,2026-07-08 20:46:00,景点门票,97.18,0,0,小红书
1091,600,2026-07-31 22:02:00,酒店预订,256.92,1,0,小红书
1092,600,2026-07-31 13:01:00,景点门票,50.24,1,0,小红书
1093,602,2026-08-16 08:48:00,酒店预订,370.02,0,0,微信
1094,604,2026-08-02 08:38:00,一日游套餐,239.89,1,0,小红书
1095,605,2026-07-14 10:59:00,一日游套餐,390.96,1,0,地推
1096,606,2026-07-06 14:51:00,一日游套餐,445.35,0,0,微信
1097,606,2026-08-02 22:09:00,景点门票,80.18,1,0,微信
1098,607,2026-06-04 09:54:00,酒店预订,238.91,1,0,微信
1099,607,2026-06-09 13:01:00,一日游套餐,432.32,1,0,微信
1100,607,2026-06-11 16:00:00,景点门票,132.22,1,0,微信
1101,607,2026-06-16 12:03:00,景点门票,147.33,0,0,微信
1102,607,2026-06-27 12:29:00,酒店预订,526.23,1,0,微信
1103,608,2026-07-21 17:25:00,一日游套餐,265.94,1,0,自然
1104,608,2026-08-19 17:29:00,景点门票,45.55,1,0,自然
1105,608,2026-08-19 21:27:00,景点门票,90.03,1,0,自然
1106,609,2026-07-16 07:25:00,酒店预订,227.42,0,0,小红书
1107,609,2026-07-18 15:06:00,景点门票,75.47,0,0,小红书
1108,609,2026-07-26 16:12:00,景点门票,52.06,1,0,小红书
1109,609,2026-08-08 07:59:00,景点门票,64.12,0,0,小红书
1110,610,2026-08-13 07:28:00,景点门票,54.11,1,0,抖音
1111,611,2026-08-08 08:48:00,景点门票,54.47,0,0,抖音
1112,612,2026-07-25 12:07:00,酒店预订,184.18,1,0,小红书
1113,613,2026-07-25 11:05:00,一日游套餐,299.44,1,0,地推
1114,615,2026-07-02 18:32:00,酒店预订,540.17,0,0,自然
1115,615,2026-07-05 18:46:00,酒店预订,523.84,0,0,自然
1116,616,2026-08-01 16:59:00,景点门票,122.64,0,0,小红书
1117,616,2026-08-13 13:16:00,酒店预订,205.57,1,0,小红书
1118,617,2026-07-09 14:20:00,景点门票,120.55,1,0,小红书
1119,617,2026-07-16 07:18:00,景点门票,85.37,1,0,小红书
1120,618,2026-07-04 12:24:00,酒店预订,288.09,1,0,抖音
1121,619,2026-07-27 13:04:00,酒店预订,476.47,1,0,自然
1122,619,2026-08-23 11:01:00,酒店预订,414.69,1,0,自然
1123,620,2026-07-10 08:26:00,景点门票,176.72,1,0,自然
1124,620,2026-07-13 10:48:00,景点门票,125.08,1,0,自然
1125,620,2026-07-16 15:13:00,景点门票,166.48,0,0,自然
1126,620,2026-07-18 11:49:00,酒店预订,401.08,1,0,自然
1127,620,2026-08-08 10:03:00,酒店预订,371.15,1,0,自然
1128,620,2026-08-13 10:52:00,酒店预订,365.88,0,0,自然
1129,620,2026-08-13 11:49:00,一日游套餐,246.96,1,1,自然
1130,621,2026-08-06 15:42:00,一日游套餐,374.47,1,0,微信
1131,621,2026-08-10 21:08:00,景点门票,92.0,0,0,微信
1132,623,2026-06-28 07:58:00,酒店预订,201.76,0,0,地推
1133,624,2026-07-17 12:14:00,景点门票,55.77,1,0,抖音
1134,625,2026-07-18 22:52:00,酒店预订,342.56,1,0,地推
1135,626,2026-07-21 15:41:00,景点门票,159.6,0,0,抖音
1136,627,2026-07-07 17:28:00,景点门票,130.54,0,0,微信
1137,627,2026-07-13 11:59:00,景点门票,131.34,1,0,微信
1138,627,2026-08-23 22:34:00,景点门票,109.32,1,0,微信
1139,627,2026-08-23 10:14:00,景点门票,126.42,1,0,微信
1140,627,2026-08-31 14:07:00,景点门票,71.28,0,0,微信
1141,628,2026-06-21 07:30:00,酒店预订,518.38,0,0,自然
1142,628,2026-07-12 18:47:00,景点门票,61.83,1,0,自然
1143,629,2026-07-08 22:12:00,酒店预订,559.26,1,0,抖音
1144,629,2026-07-16 22:40:00,景点门票,109.98,0,0,抖音
1145,630,2026-06-26 10:27:00,景点门票,138.97,0,0,微信
1146,630,2026-06-27 08:05:00,景点门票,42.39,1,0,微信
1147,630,2026-07-03 17:55:00,一日游套餐,412.12,1,0,微信
1148,630,2026-07-03 07:17:00,酒店预订,323.06,1,0,微信
1149,630,2026-08-22 07:20:00,景点门票,155.02,0,0,微信
1150,631,2026-06-30 07:28:00,一日游套餐,416.2,1,0,地推
1151,632,2026-07-19 08:29:00,酒店预订,448.3,0,0,微信
1152,632,2026-07-20 18:01:00,景点门票,45.83,1,1,微信
1153,632,2026-08-09 09:47:00,一日游套餐,247.28,0,0,微信
1154,633,2026-08-09 20:41:00,一日游套餐,328.9,1,0,自然
1155,634,2026-08-13 20:16:00,酒店预订,421.27,1,0,抖音
1156,635,2026-08-21 20:37:00,酒店预订,247.34,0,0,自然
1157,636,2026-07-11 18:45:00,一日游套餐,384.98,0,0,自然
1158,636,2026-08-12 11:34:00,一日游套餐,359.06,1,0,自然
1159,638,2026-08-07 11:06:00,景点门票,49.97,1,0,小红书
1160,638,2026-08-10 22:16:00,景点门票,139.75,0,0,小红书
1161,639,2026-08-08 23:09:00,酒店预订,260.67,1,0,微信
1162,639,2026-08-10 12:16:00,酒店预订,583.62,1,0,微信
1163,639,2026-08-27 13:13:00,景点门票,92.88,1,0,微信
1164,640,2026-08-13 13:02:00,酒店预订,561.49,1,0,微信
1165,640,2026-08-15 11:44:00,景点门票,178.94,1,0,微信
1166,640,2026-08-16 19:42:00,酒店预订,367.92,1,0,微信
1167,641,2026-08-14 19:42:00,一日游套餐,348.98,0,0,小红书
1168,642,2026-06-21 23:01:00,一日游套餐,267.36,1,0,微信
1169,644,2026-07-18 08:35:00,酒店预订,223.45,1,0,自然
1170,644,2026-07-23 11:21:00,酒店预订,397.26,1,0,自然
1171,644,2026-07-29 11:48:00,一日游套餐,392.58,1,0,自然
1172,646,2026-07-12 19:18:00,一日游套餐,296.83,1,0,微信
1173,646,2026-07-18 18:56:00,景点门票,90.4,1,0,微信
1174,646,2026-07-27 19:12:00,酒店预订,204.11,1,0,微信
1175,648,2026-06-27 22:01:00,景点门票,64.72,0,0,抖音
1176,648,2026-07-11 14:38:00,景点门票,145.69,1,0,抖音
1177,649,2026-08-06 21:54:00,景点门票,77.21,1,0,小红书
1178,650,2026-06-04 17:22:00,一日游套餐,252.26,0,0,自然
1179,650,2026-06-09 17:30:00,酒店预订,261.7,1,0,自然
1180,651,2026-07-04 07:44:00,一日游套餐,419.56,0,0,抖音
1181,652,2026-08-17 13:25:00,酒店预订,263.36,0,0,微信
1182,653,2026-07-13 11:59:00,景点门票,46.12,1,0,小红书
1183,653,2026-07-26 10:20:00,酒店预订,550.74,1,0,小红书
1184,653,2026-08-21 17:03:00,酒店预订,356.28,0,0,小红书
1185,653,2026-08-21 22:31:00,酒店预订,472.8,0,0,小红书
1186,654,2026-06-27 09:48:00,一日游套餐,316.82,1,0,自然
1187,654,2026-07-24 13:29:00,一日游套餐,356.77,1,0,自然
1188,656,2026-07-19 16:31:00,景点门票,172.09,1,0,抖音
1189,657,2026-07-19 11:21:00,景点门票,59.51,1,0,微信
1190,657,2026-07-19 21:34:00,酒店预订,378.95,1,0,微信
1191,657,2026-07-20 13:26:00,酒店预订,304.4,0,0,微信
1192,657,2026-07-25 18:25:00,酒店预订,445.77,1,0,微信
1193,657,2026-07-25 12:00:00,景点门票,41.75,1,0,微信
1194,657,2026-07-29 11:17:00,景点门票,72.15,0,0,微信
1195,658,2026-07-13 11:49:00,景点门票,69.12,1,0,自然
1196,658,2026-07-16 10:19:00,酒店预订,423.29,0,0,自然
1197,658,2026-07-18 07:50:00,酒店预订,598.01,1,0,自然
1198,658,2026-08-07 19:50:00,酒店预订,462.0,1,0,自然
1199,659,2026-07-09 17:02:00,酒店预订,389.72,1,0,小红书
1200,660,2026-08-09 20:39:00,一日游套餐,430.39,1,0,抖音
1201,662,2026-06-30 18:08:00,一日游套餐,370.32,1,0,微信
1202,662,2026-07-04 17:17:00,酒店预订,426.74,1,0,微信
1203,663,2026-08-23 21:52:00,景点门票,103.52,0,0,自然
1204,664,2026-07-01 08:27:00,景点门票,148.49,0,0,自然
1205,664,2026-08-07 21:02:00,景点门票,143.86,1,0,自然
1206,665,2026-07-22 13:23:00,一日游套餐,270.7,0,0,抖音
1207,666,2026-06-28 21:59:00,景点门票,133.93,0,0,小红书
1208,666,2026-06-28 09:12:00,景点门票,149.08,1,0,小红书
1209,666,2026-07-28 14:02:00,景点门票,115.45,0,0,小红书
1210,666,2026-08-03 11:05:00,酒店预订,240.09,0,0,小红书
1211,667,2026-07-31 15:24:00,酒店预订,505.71,0,0,微信
1212,667,2026-08-01 10:06:00,景点门票,67.73,1,0,微信
1213,667,2026-08-06 18:44:00,酒店预订,355.14,1,0,微信
1214,667,2026-08-24 12:21:00,酒店预订,284.36,1,0,微信
1215,667,2026-08-24 10:35:00,酒店预订,268.71,1,0,微信
1216,667,2026-08-29 11:54:00,酒店预订,225.03,0,0,微信
1217,668,2026-08-10 22:01:00,酒店预订,448.72,1,0,地推
1218,669,2026-08-01 17:28:00,景点门票,107.82,1,0,自然
1219,669,2026-08-28 20:28:00,景点门票,60.42,1,0,自然
1220,670,2026-06-27 19:20:00,一日游套餐,254.59,0,0,抖音
1221,671,2026-06-25 18:38:00,景点门票,52.64,1,0,自然
1222,671,2026-07-10 10:05:00,一日游套餐,218.34,1,0,自然
1223,671,2026-07-10 15:25:00,景点门票,128.38,1,0,自然
1224,671,2026-07-16 13:30:00,景点门票,177.6,0,0,自然
1225,672,2026-07-29 17:09:00,景点门票,80.01,1,0,抖音
1226,673,2026-06-14 14:12:00,酒店预订,432.87,1,1,地推
1227,673,2026-07-31 16:01:00,酒店预订,515.14,1,0,地推
1228,673,2026-07-31 16:48:00,景点门票,55.73,1,0,地推
1229,674,2026-07-14 21:40:00,酒店预订,436.01,0,0,小红书
1230,674,2026-08-02 22:28:00,景点门票,112.07,1,0,小红书
1231,680,2026-07-11 23:09:00,景点门票,129.28,1,0,抖音
1232,681,2026-07-03 17:29:00,景点门票,48.92,1,0,自然
1233,681,2026-07-10 10:23:00,酒店预订,360.12,1,0,自然
1234,681,2026-07-22 14:21:00,景点门票,162.33,1,0,自然
1235,682,2026-07-11 12:12:00,景点门票,167.53,1,0,自然
1236,682,2026-07-20 15:17:00,酒店预订,505.79,1,0,自然
1237,682,2026-07-25 21:36:00,景点门票,173.47,0,0,自然
1238,682,2026-08-17 08:06:00,景点门票,131.08,1,0,自然
1239,682,2026-08-25 14:03:00,酒店预订,337.6,1,0,自然
1240,682,2026-08-27 16:28:00,酒店预订,560.7,1,1,自然
1241,683,2026-06-29 07:54:00,酒店预订,351.88,1,0,自然
1242,683,2026-07-01 21:51:00,景点门票,168.96,0,0,自然
1243,683,2026-07-04 11:52:00,一日游套餐,292.97,1,0,自然
1244,685,2026-07-27 15:41:00,酒店预订,183.92,1,1,小红书
1245,685,2026-08-04 13:32:00,一日游套餐,270.05,0,0,小红书
1246,685,2026-08-23 15:21:00,酒店预订,333.99,0,0,小红书
1247,685,2026-08-29 21:53:00,酒店预订,204.54,0,0,小红书
1248,686,2026-08-27 17:30:00,景点门票,41.78,0,0,抖音
1249,689,2026-06-08 11:55:00,酒店预订,459.45,1,0,小红书
1250,689,2026-06-11 18:28:00,景点门票,151.87,0,0,小红书
1251,689,2026-06-28 12:44:00,酒店预订,406.06,0,0,小红书
1252,689,2026-07-03 07:37:00,景点门票,136.09,0,0,小红书
1253,689,2026-07-29 13:46:00,一日游套餐,397.82,0,0,小红书
1254,690,2026-06-26 10:40:00,景点门票,97.99,1,0,抖音
1255,691,2026-06-15 18:01:00,酒店预订,490.66,1,0,自然
1256,692,2026-06-25 18:03:00,酒店预订,295.3,0,0,微信
1257,692,2026-07-15 20:15:00,景点门票,124.5,1,0,微信
1258,692,2026-07-26 11:42:00,酒店预订,326.12,1,0,微信
1259,692,2026-08-04 13:27:00,酒店预订,362.53,1,0,微信
1260,692,2026-08-04 07:22:00,景点门票,63.06,1,0,微信
1261,693,2026-07-11 21:45:00,酒店预订,296.58,1,0,自然
1262,693,2026-07-25 22:38:00,景点门票,71.26,0,0,自然
1263,693,2026-07-25 10:50:00,景点门票,121.82,1,0,自然
1264,695,2026-06-30 19:42:00,景点门票,102.97,0,0,地推
1265,695,2026-07-04 09:57:00,景点门票,54.53,1,0,地推
1266,696,2026-07-12 17:16:00,景点门票,171.09,1,0,抖音
1267,697,2026-07-15 14:34:00,酒店预订,420.97,1,0,小红书
1268,697,2026-07-15 08:33:00,景点门票,177.48,1,0,小红书
1269,698,2026-06-28 20:03:00,景点门票,90.92,1,0,小红书
1270,698,2026-06-29 11:01:00,景点门票,103.66,0,0,小红书
1271,698,2026-08-04 18:35:00,景点门票,141.9,0,0,小红书
1272,699,2026-08-06 08:28:00,酒店预订,354.49,0,0,小红书
1273,699,2026-08-15 18:53:00,景点门票,70.44,1,0,小红书
1274,699,2026-08-15 08:29:00,景点门票,70.5,1,0,小红书
1275,699,2026-08-23 17:36:00,一日游套餐,226.44,0,0,小红书
1276,701,2026-08-12 14:07:00,酒店预订,209.7,1,0,自然
1277,703,2026-07-06 22:09:00,景点门票,90.55,1,0,自然
1278,703,2026-07-17 11:28:00,酒店预订,489.58,1,0,自然
1279,704,2026-07-04 10:50:00,景点门票,123.47,1,0,微信
1280,704,2026-07-14 20:49:00,一日游套餐,250.81,1,0,微信
1281,706,2026-08-23 09:00:00,酒店预订,498.24,0,0,抖音
1282,707,2026-07-06 11:41:00,一日游套餐,203.7,1,1,微信
1283,707,2026-07-07 16:48:00,一日游套餐,367.9,1,0,微信
1284,707,2026-08-03 22:19:00,酒店预订,535.83,0,0,微信
1285,707,2026-08-19 16:30:00,景点门票,135.17,1,0,微信
1286,707,2026-08-30 20:46:00,景点门票,109.84,0,0,微信
1287,708,2026-08-18 19:17:00,景点门票,86.55,1,0,微信
1288,709,2026-06-26 18:01:00,景点门票,112.48,0,0,抖音
1289,709,2026-07-04 21:23:00,一日游套餐,312.57,1,0,抖音
1290,709,2026-07-22 15:35:00,酒店预订,345.81,0,0,抖音
1291,711,2026-06-29 20:26:00,一日游套餐,407.14,1,0,地推
1292,712,2026-08-01 09:16:00,酒店预订,423.76,1,0,小红书
1293,712,2026-08-01 08:14:00,酒店预订,468.42,0,0,小红书
1294,713,2026-08-13 11:37:00,景点门票,103.59,1,0,微信
1295,713,2026-08-22 17:50:00,景点门票,178.6,1,0,微信
1296,713,2026-08-25 23:08:00,酒店预订,502.96,0,0,微信
1297,714,2026-08-17 17:02:00,景点门票,80.85,0,0,地推
1298,715,2026-06-29 18:37:00,一日游套餐,355.52,0,0,微信
1299,715,2026-07-04 09:21:00,景点门票,137.93,1,0,微信
1300,715,2026-07-20 12:09:00,景点门票,151.17,0,0,微信
1301,715,2026-07-25 19:30:00,酒店预订,401.55,1,0,微信
1302,715,2026-08-23 14:29:00,酒店预订,439.15,1,1,微信
1303,716,2026-07-06 21:31:00,景点门票,152.74,1,0,自然
1304,716,2026-07-07 15:01:00,一日游套餐,446.43,1,0,自然
1305,716,2026-08-01 15:30:00,一日游套餐,226.0,1,0,自然
1306,716,2026-08-01 13:57:00,景点门票,96.53,1,0,自然
1307,716,2026-08-04 22:03:00,景点门票,72.21,0,0,自然
1308,716,2026-08-04 18:02:00,酒店预订,226.83,1,0,自然
1309,716,2026-08-04 21:18:00,景点门票,108.94,0,0,自然
1310,718,2026-06-24 15:14:00,一日游套餐,290.44,0,0,自然
1311,718,2026-06-25 17:10:00,一日游套餐,386.55,1,0,自然
1312,718,2026-07-10 21:00:00,景点门票,100.48,1,0,自然
1313,719,2026-07-16 14:43:00,一日游套餐,390.83,1,0,小红书
1314,720,2026-07-10 13:23:00,酒店预订,241.38,1,0,地推
1315,721,2026-07-31 18:21:00,景点门票,54.4,1,0,抖音
1316,722,2026-06-19 17:13:00,酒店预订,568.82,1,0,抖音
1317,722,2026-06-20 09:23:00,景点门票,89.96,1,0,抖音
1318,723,2026-06-15 13:10:00,酒店预订,338.18,1,0,自然
1319,723,2026-07-11 10:57:00,景点门票,111.97,1,0,自然
1320,723,2026-07-30 13:34:00,景点门票,144.23,1,0,自然
1321,724,2026-07-02 10:49:00,景点门票,83.1,0,0,地推
1322,725,2026-07-12 18:41:00,一日游套餐,364.56,1,0,自然
1323,725,2026-07-15 19:42:00,景点门票,179.35,1,0,自然
1324,725,2026-07-17 12:44:00,酒店预订,216.53,1,0,自然
1325,725,2026-07-23 18:33:00,酒店预订,217.39,0,0,自然
1326,725,2026-07-27 11:58:00,酒店预订,318.97,1,1,自然
1327,725,2026-08-19 08:26:00,酒店预订,361.46,1,0,自然
1328,725,2026-08-27 20:09:00,酒店预订,387.32,1,0,自然
1329,726,2026-06-14 13:30:00,一日游套餐,403.56,0,0,自然
1330,726,2026-08-11 19:42:00,景点门票,49.08,1,0,自然
1331,727,2026-07-31 22:01:00,酒店预订,194.61,1,0,自然
1332,727,2026-07-31 12:27:00,酒店预订,431.79,1,0,自然
1333,728,2026-07-26 11:05:00,景点门票,154.66,1,0,自然
1334,728,2026-08-01 19:01:00,景点门票,122.1,0,0,自然
1335,731,2026-06-18 15:06:00,景点门票,93.15,1,0,抖音
1336,731,2026-08-11 11:19:00,一日游套餐,235.18,1,0,抖音
1337,732,2026-07-16 09:48:00,酒店预订,308.79,1,0,自然
1338,732,2026-07-16 09:15:00,一日游套餐,435.9,1,0,自然
1339,732,2026-08-26 13:19:00,景点门票,92.39,1,0,自然
1340,733,2026-08-09 12:11:00,一日游套餐,368.95,1,0,自然
1341,734,2026-06-23 22:38:00,酒店预订,375.63,1,0,抖音
1342,734,2026-06-23 22:26:00,景点门票,167.5,1,0,抖音
1343,735,2026-06-16 11:25:00,酒店预订,541.29,1,0,自然
1344,735,2026-06-20 11:38:00,酒店预订,557.8,0,0,自然
1345,735,2026-06-23 16:03:00,酒店预订,474.34,1,0,自然
1346,735,2026-07-18 12:55:00,景点门票,86.24,0,0,自然
1347,736,2026-07-19 21:25:00,酒店预订,340.24,1,1,小红书
1348,736,2026-07-31 20:29:00,景点门票,116.19,0,0,小红书
1349,737,2026-06-18 19:56:00,酒店预订,195.66,1,0,自然
1350,737,2026-06-23 07:22:00,景点门票,97.54,1,0,自然
1351,737,2026-07-09 10:26:00,酒店预订,557.41,1,0,自然
1352,737,2026-07-31 17:11:00,一日游套餐,364.34,1,0,自然
1353,737,2026-08-01 20:34:00,景点门票,151.01,0,0,自然
1354,739,2026-07-18 08:47:00,景点门票,138.75,1,0,抖音
1355,741,2026-07-18 11:33:00,景点门票,112.88,1,0,自然
1356,741,2026-07-27 20:28:00,景点门票,157.68,0,0,自然
1357,741,2026-08-17 19:38:00,一日游套餐,288.1,1,0,自然
1358,742,2026-07-18 08:34:00,景点门票,154.12,1,0,自然
1359,742,2026-07-20 17:41:00,一日游套餐,294.96,1,0,自然
1360,743,2026-07-31 18:03:00,酒店预订,456.49,0,0,微信
1361,743,2026-08-06 11:47:00,酒店预订,436.55,0,0,微信
1362,743,2026-08-17 08:40:00,景点门票,53.58,1,0,微信
1363,743,2026-08-21 10:46:00,酒店预订,247.59,0,0,微信
1364,744,2026-06-09 13:39:00,酒店预订,392.54,1,0,自然
1365,744,2026-06-12 20:22:00,景点门票,64.75,1,0,自然
1366,744,2026-06-13 13:58:00,一日游套餐,349.23,1,0,自然
1367,746,2026-08-09 17:34:00,景点门票,79.11,1,0,抖音
1368,746,2026-08-31 15:58:00,景点门票,145.2,1,0,抖音
1369,748,2026-07-05 19:25:00,一日游套餐,244.27,0,0,抖音
1370,749,2026-06-21 17:05:00,酒店预订,448.79,1,0,微信
1371,749,2026-06-29 16:59:00,酒店预订,406.0,1,0,微信
1372,749,2026-06-29 18:26:00,酒店预订,299.92,1,0,微信
1373,749,2026-06-29 20:25:00,景点门票,162.31,1,0,微信
1374,749,2026-08-09 10:58:00,一日游套餐,268.13,1,0,微信
1375,750,2026-07-02 11:46:00,一日游套餐,328.47,1,0,微信
1376,750,2026-07-09 08:13:00,一日游套餐,446.78,1,0,微信
1377,750,2026-08-09 15:41:00,酒店预订,265.52,0,0,微信
1378,751,2026-06-24 19:12:00,一日游套餐,225.37,0,0,自然
1379,751,2026-08-05 08:52:00,一日游套餐,224.82,1,0,自然
1380,755,2026-07-27 21:15:00,酒店预订,590.27,1,0,小红书
1381,756,2026-06-26 17:31:00,景点门票,118.36,1,0,自然
1382,756,2026-07-09 11:31:00,一日游套餐,319.4,1,0,自然
1383,756,2026-07-09 22:34:00,一日游套餐,348.98,1,0,自然
1384,756,2026-07-09 20:27:00,景点门票,60.5,1,0,自然
1385,756,2026-07-17 13:11:00,酒店预订,480.74,1,0,自然
1386,756,2026-08-12 07:17:00,酒店预订,596.89,1,0,自然
1387,756,2026-08-14 07:23:00,景点门票,61.92,0,0,自然
1388,759,2026-08-05 18:47:00,酒店预订,521.87,1,0,自然
1389,760,2026-07-08 14:48:00,一日游套餐,227.55,0,0,抖音
1390,760,2026-08-21 11:52:00,酒店预订,560.35,1,1,抖音
1391,761,2026-07-22 20:56:00,酒店预订,380.23,0,0,小红书
1392,763,2026-06-04 17:34:00,景点门票,101.12,0,0,自然
1393,763,2026-06-18 13:49:00,景点门票,164.37,0,0,自然
1394,764,2026-06-12 20:58:00,景点门票,85.97,1,0,自然
1395,764,2026-06-24 10:33:00,景点门票,47.78,1,0,自然
1396,764,2026-07-11 10:46:00,酒店预订,412.8,0,0,自然
1397,765,2026-06-23 20:36:00,景点门票,140.94,1,0,地推
1398,766,2026-06-12 07:27:00,景点门票,40.93,1,1,自然
1399,766,2026-06-17 12:23:00,景点门票,96.52,1,0,自然
1400,766,2026-07-22 16:39:00,景点门票,148.52,1,0,自然
1401,766,2026-08-03 18:07:00,酒店预订,400.6,1,0,自然
1402,767,2026-07-03 11:24:00,景点门票,177.55,0,0,自然
1403,768,2026-06-09 11:17:00,景点门票,176.45,1,0,自然
1404,768,2026-07-14 10:11:00,酒店预订,441.33,1,0,自然
1405,768,2026-07-25 10:23:00,景点门票,88.51,1,0,自然
1406,768,2026-08-02 18:26:00,一日游套餐,406.48,1,0,自然
1407,769,2026-06-30 16:11:00,景点门票,112.89,1,0,自然
1408,769,2026-07-18 09:06:00,景点门票,50.49,1,0,自然
1409,770,2026-07-29 13:35:00,景点门票,63.5,1,0,小红书
1410,770,2026-08-18 12:22:00,一日游套餐,440.04,1,0,小红书
1411,771,2026-07-03 18:36:00,景点门票,158.61,1,0,自然
1412,771,2026-07-08 13:20:00,景点门票,51.55,1,0,自然
1413,772,2026-07-24 22:22:00,景点门票,172.44,0,0,抖音
1414,773,2026-08-09 10:14:00,一日游套餐,288.71,1,0,小红书
1415,774,2026-08-22 19:27:00,景点门票,73.38,0,0,微信
1416,775,2026-06-20 10:30:00,酒店预订,478.89,1,0,自然
1417,775,2026-08-09 09:13:00,景点门票,161.97,1,0,自然
1418,776,2026-07-18 15:14:00,一日游套餐,355.06,1,0,微信
1419,776,2026-07-27 19:39:00,景点门票,102.67,1,1,微信
1420,776,2026-08-19 21:22:00,酒店预订,249.47,1,0,微信
1421,777,2026-06-15 12:25:00,景点门票,101.79,1,0,小红书
1422,777,2026-06-20 16:08:00,酒店预订,375.95,1,0,小红书
1423,778,2026-07-09 16:24:00,景点门票,114.19,0,0,自然
1424,778,2026-07-12 19:26:00,酒店预订,188.9,0,0,自然
1425,778,2026-08-08 08:53:00,酒店预订,512.95,1,0,自然
1426,778,2026-08-09 16:57:00,一日游套餐,443.9,1,0,自然
1427,780,2026-06-12 08:25:00,景点门票,97.1,1,0,微信
1428,780,2026-06-12 10:17:00,一日游套餐,409.91,0,0,微信
1429,780,2026-06-22 07:37:00,景点门票,110.51,1,0,微信
1430,780,2026-06-22 16:29:00,酒店预订,583.46,1,0,微信
1431,781,2026-07-20 19:40:00,景点门票,66.35,1,0,自然
1432,782,2026-07-19 14:51:00,景点门票,66.29,1,0,地推
1433,782,2026-08-24 18:08:00,景点门票,126.6,1,0,地推
1434,783,2026-07-07 11:06:00,酒店预订,390.53,0,0,抖音
1435,785,2026-08-10 10:53:00,酒店预订,476.5,1,0,地推
1436,787,2026-08-07 14:49:00,酒店预订,499.21,0,0,微信
1437,788,2026-07-11 14:57:00,景点门票,72.92,1,0,抖音
1438,789,2026-06-04 12:13:00,景点门票,111.81,0,0,微信
1439,789,2026-06-17 15:42:00,景点门票,62.89,1,0,微信
1440,789,2026-07-07 08:04:00,酒店预订,189.66,1,0,微信
1441,789,2026-07-11 17:48:00,一日游套餐,440.86,1,1,微信
1442,790,2026-07-21 10:10:00,酒店预订,269.71,1,0,小红书
1443,790,2026-07-22 14:18:00,一日游套餐,291.19,0,0,小红书
1444,790,2026-08-06 13:20:00,酒店预订,297.61,1,0,小红书
1445,791,2026-07-12 07:28:00,酒店预订,311.2,1,0,自然
1446,791,2026-07-16 10:52:00,景点门票,161.56,1,0,自然
1447,791,2026-07-16 20:41:00,酒店预订,257.77,0,0,自然
1448,792,2026-06-14 13:07:00,景点门票,121.94,0,0,抖音
1449,792,2026-07-20 15:20:00,酒店预订,273.02,1,0,抖音
1450,793,2026-07-31 14:31:00,酒店预订,411.54,0,0,抖音
1451,793,2026-07-31 10:45:00,景点门票,54.36,0,0,抖音
1452,793,2026-08-25 21:01:00,景点门票,52.29,1,0,抖音
1453,794,2026-07-29 07:56:00,酒店预订,593.0,0,0,自然
1454,794,2026-08-01 21:36:00,景点门票,139.99,1,0,自然
1455,794,2026-08-09 12:51:00,酒店预订,573.57,0,0,自然
1456,795,2026-07-13 11:13:00,一日游套餐,277.44,1,1,自然
1457,798,2026-07-01 19:54:00,酒店预订,422.39,0,0,自然
1458,798,2026-07-05 07:20:00,一日游套餐,281.38,1,0,自然
1459,798,2026-07-11 17:17:00,景点门票,92.62,1,0,自然
1460,799,2026-08-05 08:14:00,酒店预订,363.43,1,0,小红书
1461,800,2026-07-09 09:17:00,景点门票,144.19,0,0,小红书
1462,800,2026-07-12 20:05:00,酒店预订,192.83,1,0,小红书
1463,800,2026-07-25 12:36:00,酒店预订,235.32,1,0,小红书
1464,800,2026-08-22 13:34:00,景点门票,132.62,0,0,小红书
1465,801,2026-08-19 07:27:00,酒店预订,392.77,1,0,小红书
1466,803,2026-06-18 09:35:00,酒店预订,315.88,1,1,微信
1467,803,2026-08-08 14:11:00,景点门票,122.34,1,0,微信
1468,803,2026-08-08 08:28:00,景点门票,102.25,1,0,微信
1469,804,2026-07-07 22:23:00,酒店预订,568.39,0,0,小红书
1470,804,2026-07-07 11:30:00,酒店预订,205.03,1,0,小红书
1471,805,2026-08-12 13:02:00,景点门票,53.02,0,0,自然
1472,805,2026-08-14 16:51:00,一日游套餐,432.22,1,0,自然
1473,805,2026-08-15 19:07:00,景点门票,119.54,1,0,自然
1474,805,2026-08-25 18:08:00,酒店预订,203.18,1,0,自然
1475,805,2026-08-27 14:51:00,一日游套餐,421.44,1,0,自然
1476,807,2026-07-29 08:17:00,景点门票,140.4,1,0,小红书
1477,807,2026-08-19 07:39:00,一日游套餐,337.61,0,0,小红书
1478,807,2026-08-30 13:16:00,景点门票,176.35,0,0,小红书
1479,808,2026-07-07 17:59:00,景点门票,131.97,0,0,自然
1480,808,2026-07-10 14:51:00,一日游套餐,203.29,0,0,自然
1481,808,2026-07-12 13:24:00,景点门票,55.39,1,0,自然
1482,808,2026-07-30 11:39:00,一日游套餐,243.78,0,0,自然
1483,810,2026-07-21 07:10:00,景点门票,132.06,1,0,地推
1484,810,2026-08-01 08:49:00,酒店预订,197.38,1,0,地推
1485,810,2026-08-29 08:05:00,景点门票,132.28,1,0,地推
1486,811,2026-07-14 20:43:00,酒店预订,433.87,1,1,自然
1487,811,2026-07-14 18:12:00,一日游套餐,413.55,0,0,自然
1488,811,2026-07-16 20:22:00,景点门票,53.65,1,0,自然
1489,812,2026-07-05 07:41:00,景点门票,173.12,1,0,自然
1490,812,2026-07-29 07:22:00,酒店预订,380.34,0,0,自然
1491,813,2026-07-15 20:17:00,酒店预订,212.94,1,1,地推
1492,814,2026-06-16 09:49:00,一日游套餐,267.88,1,1,小红书
1493,814,2026-07-01 23:07:00,酒店预订,215.04,1,0,小红书
1494,814,2026-08-03 20:54:00,景点门票,170.35,1,0,小红书
1495,815,2026-08-09 18:31:00,一日游套餐,223.76,1,0,自然
1496,815,2026-08-18 08:50:00,酒店预订,183.2,1,0,自然
1497,817,2026-08-06 09:25:00,酒店预订,203.83,1,0,微信
1498,817,2026-08-10 09:24:00,景点门票,141.16,1,0,微信
1499,817,2026-08-19 21:25:00,景点门票,44.98,1,0,微信
1500,819,2026-06-14 22:07:00,景点门票,64.01,0,0,小红书
1501,819,2026-06-15 17:15:00,景点门票,63.61,0,0,小红书
1502,820,2026-08-08 22:44:00,酒店预订,438.31,0,0,自然
1503,821,2026-07-03 09:49:00,酒店预订,578.72,1,0,自然
1504,821,2026-07-13 10:44:00,景点门票,114.52,1,0,自然
1505,821,2026-07-21 08:13:00,景点门票,79.88,1,0,自然
1506,821,2026-08-12 20:26:00,景点门票,137.68,1,0,自然
1507,822,2026-07-26 17:41:00,景点门票,86.41,1,0,小红书
1508,824,2026-06-27 18:04:00,酒店预订,594.88,1,1,小红书
1509,824,2026-07-02 07:59:00,酒店预订,413.58,1,0,小红书
1510,824,2026-07-15 13:37:00,酒店预订,229.51,0,0,小红书
1511,824,2026-08-06 16:21:00,景点门票,91.86,1,0,小红书
1512,824,2026-08-15 20:51:00,景点门票,69.08,1,0,小红书
1513,824,2026-08-15 12:32:00,景点门票,59.58,1,0,小红书
1514,825,2026-06-13 16:42:00,酒店预订,461.64,1,0,微信
1515,825,2026-06-14 08:56:00,酒店预订,454.27,1,0,微信
1516,825,2026-06-16 18:14:00,景点门票,64.84,1,0,微信
1517,825,2026-06-17 09:39:00,景点门票,147.61,0,0,微信
1518,825,2026-06-21 13:22:00,景点门票,150.61,1,0,微信
1519,825,2026-06-30 14:27:00,景点门票,152.64,1,0,微信
1520,825,2026-07-14 11:26:00,一日游套餐,279.81,1,0,微信
1521,825,2026-07-27 19:15:00,酒店预订,247.11,1,0,微信
1522,825,2026-07-29 14:11:00,酒店预订,546.22,0,0,微信
1523,825,2026-07-29 11:07:00,景点门票,161.3,0,0,微信
1524,825,2026-07-30 16:18:00,景点门票,71.15,0,0,微信
1525,825,2026-07-30 21:49:00,景点门票,138.8,1,0,微信
1526,826,2026-07-23 10:36:00,一日游套餐,222.21,1,0,自然
1527,826,2026-07-27 21:09:00,景点门票,119.63,1,0,自然
1528,827,2026-07-17 19:04:00,酒店预订,204.02,0,0,小红书
1529,827,2026-07-20 15:28:00,景点门票,46.34,0,0,小红书
1530,828,2026-07-19 18:20:00,酒店预订,575.01,0,0,自然
1531,828,2026-07-19 08:23:00,酒店预订,567.14,1,0,自然
1532,828,2026-08-16 10:58:00,景点门票,114.24,1,1,自然
1533,829,2026-06-09 09:59:00,一日游套餐,275.47,1,0,微信
1534,829,2026-06-10 09:38:00,景点门票,179.74,1,0,微信
1535,829,2026-06-23 19:57:00,景点门票,82.78,1,0,微信
1536,829,2026-07-14 17:53:00,景点门票,51.32,0,0,微信
1537,829,2026-08-02 15:39:00,酒店预订,523.08,1,0,微信
1538,829,2026-08-07 16:03:00,酒店预订,274.79,1,0,微信
1539,831,2026-06-20 16:24:00,景点门票,124.83,0,0,小红书
1540,831,2026-06-26 19:27:00,景点门票,54.23,0,0,小红书
1541,832,2026-07-04 14:03:00,景点门票,103.76,0,0,抖音
1542,833,2026-06-26 17:24:00,景点门票,73.93,0,0,抖音
1543,834,2026-07-27 10:44:00,一日游套餐,239.27,0,0,小红书
1544,834,2026-07-27 14:46:00,酒店预订,352.58,1,0,小红书
1545,834,2026-08-11 20:37:00,景点门票,176.83,1,0,小红书
1546,834,2026-08-29 14:08:00,一日游套餐,267.63,1,0,小红书
1547,834,2026-08-29 17:33:00,酒店预订,360.7,0,0,小红书
1548,835,2026-06-06 13:22:00,一日游套餐,387.98,1,0,小红书
1549,835,2026-06-20 14:51:00,景点门票,88.22,1,0,小红书
1550,837,2026-06-25 10:48:00,景点门票,135.2,1,0,小红书
1551,837,2026-07-23 14:14:00,酒店预订,305.69,1,0,小红书
1552,838,2026-06-28 09:50:00,一日游套餐,271.36,1,0,地推
1553,838,2026-08-24 07:20:00,景点门票,102.37,1,0,地推
1554,841,2026-06-28 21:59:00,酒店预订,471.3,1,0,自然
1555,841,2026-07-11 11:01:00,景点门票,155.04,1,0,自然
1556,842,2026-06-28 19:25:00,景点门票,50.47,1,0,微信
1557,842,2026-06-30 16:02:00,景点门票,74.69,1,1,微信
1558,846,2026-07-12 21:43:00,景点门票,85.29,1,0,微信
1559,846,2026-08-14 22:01:00,酒店预订,275.15,1,0,微信
1560,848,2026-06-12 19:36:00,景点门票,127.93,0,0,小红书
1561,848,2026-06-13 19:15:00,景点门票,95.39,1,0,小红书
1562,849,2026-07-14 15:19:00,酒店预订,234.84,1,0,自然
1563,849,2026-07-19 08:53:00,景点门票,174.64,0,0,自然
1564,851,2026-06-28 07:55:00,一日游套餐,397.32,1,0,自然
1565,851,2026-06-29 13:30:00,酒店预订,258.01,1,0,自然
1566,852,2026-06-06 07:43:00,景点门票,73.81,1,0,自然
1567,853,2026-07-08 09:00:00,景点门票,77.26,1,0,微信
1568,853,2026-07-23 10:08:00,酒店预订,351.16,1,0,微信
1569,853,2026-07-24 17:47:00,一日游套餐,446.92,1,0,微信
1570,853,2026-07-31 20:33:00,景点门票,51.35,1,0,微信
1571,853,2026-08-04 18:11:00,景点门票,92.33,0,0,微信
1572,855,2026-07-08 09:08:00,酒店预订,398.42,1,0,自然
1573,856,2026-06-14 09:51:00,一日游套餐,418.21,0,0,抖音
1574,857,2026-07-02 11:54:00,酒店预订,520.71,1,0,小红书
1575,858,2026-06-14 13:22:00,景点门票,88.09,0,0,微信
1576,858,2026-06-21 21:39:00,景点门票,130.67,1,1,微信
1577,858,2026-06-24 14:37:00,酒店预订,535.07,1,0,微信
1578,858,2026-07-24 20:27:00,景点门票,47.33,0,0,微信
1579,858,2026-08-09 14:00:00,景点门票,45.69,1,0,微信
1580,858,2026-08-11 18:49:00,一日游套餐,259.0,1,0,微信
1581,860,2026-07-25 13:23:00,酒店预订,308.18,0,0,抖音
1582,861,2026-06-19 09:49:00,景点门票,48.2,1,0,小红书
1583,861,2026-06-21 22:27:00,景点门票,114.06,1,0,小红书
1584,861,2026-08-15 18:36:00,景点门票,50.24,1,0,小红书
1585,861,2026-08-15 09:17:00,景点门票,58.16,1,0,小红书
1586,862,2026-07-11 09:06:00,一日游套餐,363.53,1,0,小红书
1587,862,2026-07-31 10:09:00,酒店预订,451.6,0,0,小红书
1588,862,2026-08-11 20:07:00,景点门票,91.4,1,0,小红书
1589,862,2026-08-14 19:56:00,一日游套餐,312.59,0,0,小红书
1590,863,2026-08-15 07:15:00,一日游套餐,417.74,1,0,微信
1591,863,2026-08-24 18:25:00,酒店预订,505.31,1,0,微信
1592,864,2026-06-10 09:07:00,景点门票,145.28,0,0,抖音
1593,867,2026-08-03 18:00:00,酒店预订,490.15,1,0,微信
1594,867,2026-08-06 19:00:00,一日游套餐,270.28,1,0,微信
1595,867,2026-08-08 11:32:00,酒店预订,257.41,1,0,微信
1596,868,2026-07-03 14:59:00,酒店预订,281.05,1,0,微信
1597,869,2026-08-09 14:08:00,酒店预订,186.25,1,0,自然
1598,869,2026-08-12 20:21:00,景点门票,70.47,0,0,自然
1599,869,2026-08-17 14:36:00,景点门票,96.44,1,0,自然
1600,871,2026-07-22 10:16:00,一日游套餐,211.42,1,1,小红书
1601,872,2026-07-12 18:53:00,酒店预订,381.47,0,0,自然
1602,873,2026-06-09 17:18:00,景点门票,57.53,0,0,地推
1603,874,2026-07-04 12:59:00,景点门票,61.45,0,0,抖音
1604,874,2026-07-08 09:43:00,酒店预订,400.25,1,0,抖音
1605,874,2026-08-04 15:12:00,景点门票,55.54,0,0,抖音
1606,875,2026-07-11 16:45:00,酒店预订,391.07,1,0,小红书
1607,875,2026-07-11 11:57:00,一日游套餐,446.83,0,0,小红书
1608,875,2026-08-16 15:35:00,景点门票,73.22,1,0,小红书
1609,876,2026-07-30 20:03:00,景点门票,92.89,1,0,微信
1610,876,2026-08-01 12:32:00,酒店预订,564.27,0,0,微信
1611,876,2026-08-02 21:36:00,酒店预订,562.92,1,0,微信
1612,876,2026-08-10 14:37:00,酒店预订,560.54,1,0,微信
1613,876,2026-08-15 18:25:00,景点门票,89.87,1,1,微信
1614,877,2026-08-22 18:26:00,酒店预订,525.9,0,0,抖音
1615,878,2026-07-22 16:26:00,酒店预订,364.23,1,0,抖音
1616,879,2026-07-07 08:58:00,酒店预订,544.67,0,0,小红书
1617,879,2026-07-21 20:18:00,酒店预订,364.31,0,0,小红书
1618,879,2026-07-23 20:40:00,酒店预订,209.16,1,0,小红书
1619,880,2026-06-10 16:53:00,景点门票,136.0,1,0,小红书
1620,880,2026-06-17 11:37:00,景点门票,75.76,0,0,小红书
1621,880,2026-06-17 07:54:00,一日游套餐,262.77,1,0,小红书
1622,881,2026-06-14 10:50:00,酒店预订,309.03,1,0,抖音
1623,883,2026-07-08 18:39:00,酒店预订,324.87,1,0,地推
1624,885,2026-07-27 16:08:00,酒店预订,530.53,1,0,自然
1625,885,2026-08-06 10:00:00,酒店预订,545.18,0,0,自然
1626,885,2026-08-09 09:54:00,景点门票,147.18,1,0,自然
1627,886,2026-08-18 18:14:00,景点门票,172.91,1,0,抖音
1628,887,2026-08-01 07:45:00,一日游套餐,383.14,1,0,抖音
1629,889,2026-07-26 19:09:00,景点门票,147.77,1,0,自然
1630,889,2026-08-13 17:59:00,酒店预订,265.83,1,0,自然
1631,889,2026-08-15 22:46:00,景点门票,165.55,1,0,自然
1632,893,2026-07-27 16:05:00,景点门票,48.1,0,0,自然
1633,893,2026-07-30 13:21:00,酒店预订,537.01,1,0,自然
1634,894,2026-07-25 10:45:00,一日游套餐,237.19,0,0,自然
1635,896,2026-07-14 12:10:00,一日游套餐,439.8,0,0,微信
1636,896,2026-07-18 12:19:00,景点门票,66.13,1,0,微信
1637,896,2026-08-11 07:26:00,一日游套餐,425.66,0,0,微信
1638,896,2026-08-22 15:49:00,酒店预订,473.81,0,0,微信
1639,897,2026-06-27 07:22:00,一日游套餐,270.63,1,0,自然
1640,897,2026-07-03 10:51:00,景点门票,118.46,1,0,自然
1641,897,2026-07-03 22:07:00,景点门票,64.52,1,0,自然
1642,897,2026-07-20 17:50:00,酒店预订,539.4,0,0,自然
1643,898,2026-07-04 17:29:00,一日游套餐,335.21,0,0,自然
1644,898,2026-08-09 12:09:00,景点门票,94.4,1,0,自然
1645,900,2026-06-27 20:08:00,一日游套餐,204.52,0,0,抖音
1646,902,2026-07-03 12:06:00,景点门票,111.19,1,0,自然
1647,903,2026-08-02 07:45:00,一日游套餐,394.67,0,0,自然
1648,903,2026-08-22 14:10:00,一日游套餐,407.19,1,0,自然
1649,906,2026-06-29 13:59:00,景点门票,149.64,0,0,小红书
1650,906,2026-07-26 13:42:00,景点门票,112.73,0,0,小红书
1651,906,2026-08-21 20:31:00,酒店预订,421.8,0,0,小红书
1652,906,2026-08-29 22:06:00,景点门票,89.51,0,0,小红书
1653,908,2026-07-06 07:42:00,景点门票,173.61,1,0,自然
1654,908,2026-07-19 18:01:00,景点门票,130.27,1,0,自然
1655,910,2026-08-12 10:59:00,酒店预订,231.15,1,0,自然
1656,911,2026-08-13 07:44:00,景点门票,119.13,1,1,微信
1657,912,2026-08-06 11:35:00,酒店预订,377.96,1,0,微信
1658,912,2026-08-12 14:07:00,景点门票,95.89,1,0,微信
1659,912,2026-08-18 09:31:00,一日游套餐,349.39,1,0,微信
1660,912,2026-08-18 15:30:00,酒店预订,397.87,1,0,微信
1661,912,2026-08-27 12:40:00,景点门票,59.19,1,0,微信
1662,913,2026-08-22 16:00:00,酒店预订,566.46,0,0,地推
1663,917,2026-07-10 17:02:00,酒店预订,500.09,1,0,自然
1664,917,2026-07-25 18:11:00,一日游套餐,300.11,1,0,自然
1665,918,2026-07-17 19:41:00,一日游套餐,410.06,0,0,自然
1666,920,2026-07-20 09:05:00,酒店预订,549.37,1,0,抖音
1667,920,2026-08-02 15:55:00,景点门票,112.31,0,0,抖音
1668,921,2026-06-29 20:36:00,景点门票,158.57,1,0,自然
1669,921,2026-07-01 12:11:00,一日游套餐,306.48,1,0,自然
1670,922,2026-06-25 07:33:00,景点门票,60.14,1,0,微信
1671,922,2026-07-13 18:01:00,酒店预订,310.38,1,0,微信
1672,923,2026-07-11 14:33:00,景点门票,111.98,1,0,小红书
1673,924,2026-08-01 19:02:00,景点门票,142.78,1,0,抖音
1674,925,2026-06-30 15:11:00,酒店预订,598.27,0,0,自然
1675,925,2026-07-02 08:00:00,一日游套餐,364.78,0,0,自然
1676,925,2026-07-18 21:33:00,一日游套餐,333.73,1,0,自然
1677,927,2026-06-20 15:00:00,一日游套餐,217.06,1,0,自然
1678,928,2026-07-04 14:01:00,一日游套餐,289.55,0,0,微信
1679,929,2026-07-11 19:40:00,一日游套餐,442.95,1,0,小红书
1680,929,2026-08-30 10:11:00,景点门票,125.08,0,0,小红书
1681,930,2026-06-28 14:38:00,一日游套餐,297.02,1,0,小红书
1682,931,2026-08-08 07:44:00,景点门票,86.93,0,0,自然
1683,931,2026-08-23 22:27:00,酒店预订,306.64,1,0,自然
1684,932,2026-07-29 10:53:00,景点门票,111.14,0,0,抖音
1685,933,2026-08-16 10:11:00,景点门票,98.89,0,0,抖音
1686,934,2026-07-08 21:16:00,酒店预订,438.63,1,0,微信
1687,934,2026-07-08 17:34:00,景点门票,125.22,1,0,微信
1688,934,2026-07-12 11:17:00,一日游套餐,272.11,0,0,微信
1689,934,2026-08-29 19:36:00,景点门票,90.29,1,0,微信
1690,934,2026-08-29 10:52:00,景点门票,77.88,1,0,微信
1691,935,2026-06-22 08:13:00,景点门票,141.14,1,0,微信
1692,935,2026-07-09 21:58:00,景点门票,129.59,0,0,微信
1693,935,2026-08-12 09:31:00,酒店预订,278.77,1,0,微信
1694,935,2026-08-12 20:50:00,景点门票,114.42,1,0,微信
1695,936,2026-07-11 19:29:00,一日游套餐,348.33,1,0,自然
1696,936,2026-08-23 12:36:00,酒店预订,397.25,1,0,自然
1697,936,2026-08-30 14:43:00,酒店预订,545.8,0,0,自然
1698,937,2026-08-23 21:02:00,景点门票,164.68,0,0,地推
1699,938,2026-06-26 16:43:00,酒店预订,436.1,1,0,自然
1700,938,2026-06-26 16:26:00,景点门票,113.05,1,0,自然
1701,938,2026-07-06 14:23:00,景点门票,114.91,1,1,自然
1702,939,2026-06-17 07:19:00,一日游套餐,411.09,1,0,微信
1703,939,2026-07-13 19:26:00,景点门票,124.92,1,0,微信
1704,939,2026-07-26 19:18:00,景点门票,68.38,1,0,微信
1705,939,2026-07-26 13:38:00,一日游套餐,289.81,1,0,微信
1706,940,2026-07-24 21:50:00,景点门票,64.93,1,1,自然
1707,942,2026-07-18 22:17:00,景点门票,79.74,0,0,微信
1708,942,2026-07-18 11:31:00,景点门票,56.13,1,0,微信
1709,942,2026-07-19 10:55:00,景点门票,99.84,1,0,微信
1710,942,2026-07-26 19:13:00,一日游套餐,401.83,0,0,微信
1711,942,2026-07-26 16:28:00,景点门票,148.61,1,0,微信
1712,943,2026-06-30 07:55:00,一日游套餐,221.94,1,0,自然
1713,945,2026-06-16 15:39:00,景点门票,154.46,1,0,抖音
1714,945,2026-07-07 08:55:00,景点门票,164.98,1,0,抖音
1715,946,2026-08-03 15:55:00,一日游套餐,299.14,0,0,自然
1716,946,2026-08-04 17:33:00,一日游套餐,303.37,1,0,自然
1717,946,2026-08-05 07:56:00,景点门票,45.9,0,0,自然
1718,947,2026-07-26 13:03:00,酒店预订,195.44,1,0,小红书
1719,947,2026-07-27 21:16:00,一日游套餐,438.54,0,0,小红书
1720,947,2026-07-30 12:39:00,酒店预订,218.36,1,0,小红书
1721,947,2026-08-20 20:47:00,酒店预订,326.51,0,0,小红书
1722,948,2026-07-08 19:43:00,酒店预订,204.44,0,0,微信
1723,948,2026-07-25 09:27:00,酒店预订,276.61,1,0,微信
1724,948,2026-07-26 14:16:00,景点门票,44.26,1,0,微信
1725,948,2026-08-01 10:37:00,景点门票,178.64,1,0,微信
1726,948,2026-08-15 09:43:00,酒店预订,558.98,1,0,微信
1727,948,2026-08-15 16:43:00,一日游套餐,228.15,0,0,微信
1728,949,2026-07-17 08:43:00,酒店预订,573.28,0,0,微信
1729,949,2026-08-11 12:47:00,景点门票,83.33,1,0,微信
1730,949,2026-08-16 16:44:00,景点门票,54.41,1,0,微信
1731,950,2026-06-21 10:21:00,景点门票,44.41,0,0,抖音
1732,952,2026-07-03 07:28:00,酒店预订,470.19,1,0,自然
1733,952,2026-07-05 16:26:00,景点门票,103.39,1,0,自然
1734,952,2026-08-23 19:03:00,酒店预订,486.98,1,0,自然
1735,952,2026-08-25 15:12:00,一日游套餐,369.88,1,0,自然
1736,953,2026-08-02 16:24:00,酒店预订,436.09,1,0,自然
1737,953,2026-08-08 07:17:00,景点门票,129.53,0,0,自然
1738,955,2026-08-03 18:37:00,景点门票,135.58,1,0,地推
1739,957,2026-06-28 12:09:00,酒店预订,318.75,1,1,微信
1740,958,2026-07-02 13:03:00,酒店预订,521.67,0,0,抖音
1741,958,2026-07-25 10:37:00,景点门票,109.72,0,0,抖音
1742,959,2026-08-20 11:23:00,景点门票,58.32,1,0,抖音
1743,960,2026-07-25 08:08:00,景点门票,119.25,0,0,抖音
1744,963,2026-08-10 19:51:00,景点门票,57.57,0,0,自然
1745,963,2026-08-10 15:36:00,一日游套餐,288.14,0,0,自然
1746,964,2026-06-12 16:50:00,景点门票,85.94,1,0,自然
1747,964,2026-06-20 13:42:00,景点门票,177.34,0,0,自然
1748,964,2026-06-21 23:07:00,景点门票,67.57,1,0,自然
1749,966,2026-07-14 08:58:00,景点门票,139.57,1,0,抖音
1750,967,2026-07-05 13:43:00,酒店预订,551.2,1,0,地推
1751,967,2026-07-16 14:30:00,酒店预订,515.71,1,0,地推
1752,967,2026-07-28 19:34:00,酒店预订,547.35,0,0,地推
1753,967,2026-08-04 07:20:00,景点门票,114.85,1,0,地推
1754,967,2026-08-22 17:49:00,一日游套餐,313.89,0,0,地推
1755,968,2026-07-05 20:12:00,景点门票,171.27,1,0,自然
1756,968,2026-07-10 20:37:00,酒店预订,343.03,0,0,自然
1757,968,2026-08-05 15:04:00,景点门票,64.54,1,0,自然
1758,970,2026-06-23 12:03:00,一日游套餐,225.65,0,0,自然
1759,970,2026-06-25 07:24:00,景点门票,121.2,0,0,自然
1760,970,2026-06-25 17:26:00,景点门票,56.03,1,0,自然
1761,970,2026-06-28 18:13:00,一日游套餐,433.2,1,0,自然
1762,970,2026-07-08 22:44:00,酒店预订,429.67,1,0,自然
1763,971,2026-07-06 11:53:00,酒店预订,471.54,0,0,自然
1764,973,2026-07-10 18:09:00,一日游套餐,237.8,1,0,自然
1765,973,2026-07-12 20:06:00,一日游套餐,247.56,1,0,自然
1766,973,2026-07-27 21:08:00,酒店预订,298.2,1,0,自然
1767,973,2026-07-31 22:33:00,酒店预订,247.43,0,0,自然
1768,974,2026-07-26 18:16:00,景点门票,85.96,0,0,地推
1769,974,2026-08-24 11:08:00,酒店预订,230.08,1,0,地推
1770,975,2026-07-05 21:04:00,景点门票,117.27,1,0,抖音
1771,981,2026-08-01 11:15:00,酒店预订,274.41,1,0,地推
1772,982,2026-07-23 22:28:00,景点门票,157.78,0,0,微信
1773,982,2026-08-18 22:04:00,酒店预订,191.21,1,0,微信
1774,985,2026-06-16 21:45:00,景点门票,126.35,1,0,自然
1775,985,2026-07-26 18:32:00,酒店预订,319.89,1,0,自然
1776,985,2026-07-30 10:56:00,一日游套餐,204.82,0,0,自然
1777,986,2026-07-02 11:31:00,酒店预订,382.74,1,0,地推
1778,987,2026-06-14 20:00:00,酒店预订,286.84,1,0,抖音
1779,987,2026-08-08 11:32:00,酒店预订,239.04,0,0,抖音
1780,989,2026-06-11 16:16:00,酒店预订,200.32,0,0,抖音
1781,990,2026-07-24 09:05:00,景点门票,176.87,1,0,微信
1782,990,2026-08-19 09:51:00,一日游套餐,234.59,1,0,微信
1783,990,2026-08-22 08:03:00,景点门票,70.19,0,0,微信
1784,992,2026-07-04 13:14:00,酒店预订,418.8,1,0,小红书
1785,993,2026-06-13 21:47:00,酒店预订,370.31,1,0,微信
1786,993,2026-06-14 08:31:00,酒店预订,341.49,0,0,微信
1787,993,2026-06-25 13:40:00,一日游套餐,436.69,1,0,微信
1788,993,2026-07-23 11:38:00,酒店预订,298.92,1,0,微信
1789,994,2026-07-20 16:35:00,酒店预订,303.54,1,0,自然
1790,994,2026-08-01 15:00:00,一日游套餐,270.81,0,0,自然
1791,996,2026-06-23 10:32:00,酒店预订,187.54,1,0,抖音
1792,996,2026-07-18 15:00:00,景点门票,52.48,1,1,抖音
1793,996,2026-07-23 10:02:00,酒店预订,586.86,1,0,抖音
1794,998,2026-06-25 20:07:00,一日游套餐,226.81,1,0,自然
1795,998,2026-06-30 12:59:00,一日游套餐,365.2,1,0,自然
1796,998,2026-08-16 17:51:00,一日游套餐,405.13,0,0,自然
1797,1000,2026-07-25 07:42:00,景点门票,166.98,0,0,自然
1798,1001,2026-08-31 19:01:00,景点门票,82.85,1,0,自然
1799,1003,2026-07-29 14:53:00,酒店预订,433.02,1,0,自然
1800,1004,2026-07-08 21:24:00,酒店预订,372.15,1,0,自然
1801,1004,2026-08-16 17:22:00,景点门票,168.22,0,0,自然
1802,1006,2026-07-17 09:39:00,酒店预订,439.67,0,0,抖音
1803,1006,2026-08-26 11:37:00,酒店预订,431.81,1,0,抖音
1804,1007,2026-07-14 08:20:00,酒店预订,427.16,0,0,地推
1805,1009,2026-08-12 12:17:00,景点门票,49.41,1,0,小红书
1806,1011,2026-06-30 20:38:00,景点门票,135.35,0,0,小红书
1807,1011,2026-07-05 07:43:00,景点门票,177.71,0,0,小红书
1808,1012,2026-08-31 21:56:00,一日游套餐,269.34,1,0,小红书
1809,1013,2026-06-19 21:46:00,景点门票,40.28,1,0,抖音
1810,1013,2026-07-26 09:37:00,景点门票,99.44,1,0,抖音
1811,1015,2026-07-06 22:44:00,景点门票,121.74,1,0,抖音
1812,1016,2026-08-25 10:00:00,景点门票,110.16,1,0,自然
1813,1017,2026-07-07 20:01:00,景点门票,165.11,1,0,小红书
1814,1017,2026-07-15 10:47:00,景点门票,86.18,1,0,小红书
1815,1017,2026-08-14 18:27:00,景点门票,79.95,1,0,小红书
1816,1018,2026-07-23 22:02:00,景点门票,155.01,1,0,微信
1817,1018,2026-08-24 08:59:00,酒店预订,580.04,1,1,微信
1818,1019,2026-08-18 19:15:00,景点门票,140.45,1,0,自然
1819,1021,2026-06-29 17:27:00,酒店预订,526.1,0,0,微信
1820,1021,2026-08-01 13:59:00,酒店预订,404.15,1,0,微信
1821,1021,2026-08-09 08:40:00,景点门票,137.62,1,0,微信
1822,1022,2026-06-27 22:20:00,景点门票,166.81,0,0,小红书
1823,1022,2026-07-07 21:22:00,景点门票,147.29,1,0,小红书
1824,1024,2026-08-01 22:41:00,酒店预订,453.79,1,0,抖音
1825,1024,2026-08-04 08:24:00,一日游套餐,443.9,1,0,抖音
1826,1025,2026-06-10 22:44:00,景点门票,128.56,0,0,小红书
1827,1025,2026-06-29 11:18:00,酒店预订,544.98,1,0,小红书
1828,1026,2026-07-10 14:35:00,酒店预订,248.68,1,0,抖音
1829,1029,2026-07-15 19:20:00,景点门票,73.32,0,0,小红书
1830,1030,2026-07-18 20:40:00,景点门票,73.29,1,0,抖音
1831,1030,2026-08-18 13:42:00,景点门票,42.8,1,0,抖音
1832,1031,2026-06-27 13:09:00,景点门票,100.98,1,0,抖音
1833,1032,2026-06-28 22:57:00,酒店预订,389.46,1,0,小红书
1834,1032,2026-08-08 21:39:00,酒店预订,486.82,0,0,小红书
1835,1032,2026-08-24 11:21:00,一日游套餐,298.64,0,0,小红书
1836,1033,2026-07-03 11:14:00,酒店预订,438.37,0,0,抖音
1837,1034,2026-07-28 12:04:00,景点门票,169.59,0,0,地推
1838,1034,2026-08-17 10:18:00,景点门票,89.11,0,0,地推
1839,1035,2026-07-05 23:06:00,景点门票,106.46,1,0,抖音
1840,1036,2026-07-19 15:19:00,一日游套餐,211.79,0,0,小红书
1841,1036,2026-07-24 23:02:00,酒店预订,302.46,1,0,小红书
1842,1037,2026-07-24 12:33:00,酒店预订,262.71,0,0,抖音
1843,1038,2026-07-02 20:41:00,酒店预订,408.68,0,0,抖音
1844,1040,2026-07-12 12:53:00,景点门票,140.09,1,0,自然
1845,1040,2026-08-22 12:59:00,一日游套餐,213.78,1,0,自然
1846,1041,2026-08-02 21:44:00,一日游套餐,364.93,0,0,自然
1847,1042,2026-08-15 17:03:00,一日游套餐,436.06,0,0,小红书
1848,1043,2026-08-08 11:08:00,景点门票,87.4,1,0,小红书
1849,1044,2026-07-03 18:03:00,酒店预订,490.11,1,0,小红书
1850,1044,2026-07-03 16:43:00,酒店预订,200.45,0,0,小红书
1851,1044,2026-07-04 22:14:00,景点门票,48.44,0,0,小红书
1852,1045,2026-07-28 19:36:00,一日游套餐,356.73,0,0,自然
1853,1045,2026-07-28 14:42:00,景点门票,177.86,1,0,自然
1854,1046,2026-07-17 19:05:00,酒店预订,247.46,1,0,抖音
1855,1046,2026-07-21 14:48:00,一日游套餐,218.61,0,0,抖音
1856,1046,2026-08-03 13:25:00,酒店预订,370.65,0,0,抖音
1857,1047,2026-07-20 18:52:00,景点门票,158.15,1,1,自然
1858,1047,2026-07-22 22:20:00,酒店预订,353.23,1,0,自然
1859,1048,2026-08-02 15:43:00,一日游套餐,355.63,1,1,微信
1860,1048,2026-08-25 16:32:00,景点门票,142.21,1,0,微信
1861,1048,2026-08-25 22:56:00,酒店预订,556.45,0,0,微信
1862,1049,2026-07-19 18:00:00,酒店预订,280.33,1,0,微信
1863,1049,2026-08-09 18:15:00,景点门票,49.17,1,0,微信
1864,1050,2026-07-13 09:01:00,一日游套餐,349.91,1,0,自然
1865,1050,2026-08-26 19:46:00,一日游套餐,350.12,0,0,自然
1866,1052,2026-06-19 15:32:00,景点门票,115.55,0,0,自然
1867,1052,2026-07-11 10:36:00,一日游套餐,403.02,0,0,自然
1868,1052,2026-07-11 21:41:00,景点门票,175.28,0,0,自然
1869,1052,2026-08-11 22:21:00,景点门票,105.11,1,0,自然
1870,1054,2026-08-15 12:10:00,景点门票,132.41,1,0,自然
1871,1054,2026-08-23 22:55:00,一日游套餐,226.35,1,0,自然
1872,1055,2026-07-09 18:00:00,酒店预订,332.17,1,0,自然
1873,1055,2026-07-11 11:58:00,景点门票,175.38,0,0,自然
1874,1055,2026-08-03 18:22:00,酒店预订,474.66,1,0,自然
1875,1056,2026-07-16 16:27:00,景点门票,48.5,0,0,小红书
1876,1057,2026-07-05 21:07:00,一日游套餐,324.22,1,0,地推
1877,1058,2026-07-29 08:47:00,一日游套餐,391.16,1,0,自然
1878,1059,2026-08-16 09:24:00,酒店预订,228.18,0,0,抖音
1879,1060,2026-06-22 21:32:00,酒店预订,492.67,1,0,小红书
1880,1060,2026-06-22 10:58:00,酒店预订,568.44,0,0,小红书
1881,1061,2026-07-15 08:21:00,一日游套餐,425.92,0,0,地推
1882,1062,2026-08-09 19:56:00,酒店预订,457.12,1,0,小红书
1883,1062,2026-08-25 15:29:00,酒店预订,316.7,0,0,小红书
1884,1062,2026-08-29 21:34:00,一日游套餐,342.56,1,0,小红书
1885,1063,2026-08-07 15:02:00,酒店预订,269.78,1,0,自然
1886,1067,2026-08-29 09:43:00,一日游套餐,346.48,1,0,抖音
1887,1068,2026-07-07 21:40:00,一日游套餐,267.46,0,0,小红书
1888,1068,2026-07-07 16:31:00,酒店预订,250.38,1,0,小红书
1889,1068,2026-07-09 09:12:00,景点门票,117.91,1,0,小红书
1890,1068,2026-07-11 10:30:00,酒店预订,353.65,1,0,小红书
1891,1068,2026-07-22 12:20:00,景点门票,90.12,1,1,小红书
1892,1068,2026-08-31 22:39:00,酒店预订,543.71,1,0,小红书
1893,1069,2026-06-11 22:24:00,景点门票,173.38,0,0,自然
1894,1069,2026-06-19 21:16:00,酒店预订,561.55,1,0,自然
1895,1069,2026-07-27 21:14:00,景点门票,83.37,1,0,自然
1896,1070,2026-08-06 09:01:00,酒店预订,210.34,0,0,抖音
1897,1071,2026-07-19 16:54:00,一日游套餐,228.94,1,0,微信
1898,1071,2026-07-21 13:50:00,酒店预订,331.91,1,0,微信
1899,1071,2026-08-11 16:35:00,景点门票,97.84,1,0,微信
1900,1071,2026-08-12 12:56:00,酒店预订,441.89,1,0,微信
1901,1072,2026-07-10 15:46:00,景点门票,94.81,1,0,小红书
1902,1072,2026-07-24 15:50:00,一日游套餐,215.24,0,0,小红书
1903,1072,2026-08-26 21:13:00,景点门票,78.0,0,0,小红书
1904,1074,2026-08-16 17:28:00,景点门票,148.99,0,0,地推
1905,1075,2026-07-13 07:40:00,酒店预订,551.53,1,0,微信
1906,1075,2026-07-13 20:30:00,景点门票,88.11,1,0,微信
1907,1075,2026-07-16 18:21:00,景点门票,128.3,1,0,微信
1908,1075,2026-07-16 08:32:00,景点门票,86.77,1,0,微信
1909,1075,2026-08-15 23:02:00,一日游套餐,200.14,1,0,微信
1910,1075,2026-08-31 19:09:00,景点门票,75.09,0,0,微信
1911,1076,2026-07-15 07:57:00,酒店预订,369.17,0,0,抖音
1912,1076,2026-08-25 20:35:00,酒店预订,294.04,1,0,抖音
1913,1078,2026-07-11 12:44:00,景点门票,103.76,0,0,抖音
1914,1079,2026-07-26 07:58:00,酒店预订,206.05,0,0,小红书
1915,1080,2026-07-14 09:29:00,景点门票,92.38,1,0,抖音
1916,1081,2026-08-18 08:15:00,景点门票,41.89,1,0,自然
1917,1082,2026-07-06 20:05:00,景点门票,94.14,0,0,地推
1918,1082,2026-08-23 13:27:00,酒店预订,293.1,1,0,地推
1919,1083,2026-08-21 17:24:00,景点门票,77.79,1,0,地推
1920,1084,2026-07-10 11:52:00,酒店预订,297.84,1,0,微信
1921,1084,2026-07-13 21:39:00,景点门票,141.9,0,0,微信
1922,1084,2026-07-24 21:34:00,景点门票,155.46,1,0,微信
1923,1084,2026-07-24 12:36:00,酒店预订,473.52,1,1,微信
1924,1084,2026-07-24 14:33:00,景点门票,145.64,0,0,微信
1925,1084,2026-08-26 10:32:00,酒店预订,253.52,1,0,微信
1926,1085,2026-06-28 19:33:00,景点门票,134.21,0,0,地推
1927,1086,2026-07-11 22:55:00,景点门票,118.5,1,0,小红书
1928,1087,2026-07-16 20:59:00,景点门票,123.32,1,0,微信
1929,1087,2026-08-15 15:04:00,一日游套餐,228.14,0,0,微信
1930,1088,2026-06-23 10:14:00,景点门票,75.0,0,0,微信
1931,1088,2026-06-27 15:22:00,景点门票,118.8,1,0,微信
1932,1088,2026-07-07 10:00:00,酒店预订,522.26,1,0,微信
1933,1088,2026-07-07 20:36:00,酒店预订,204.49,0,0,微信
1934,1088,2026-07-19 07:15:00,酒店预订,454.3,1,0,微信
1935,1088,2026-08-21 08:45:00,景点门票,50.22,0,0,微信
1936,1088,2026-08-22 16:17:00,一日游套餐,262.35,1,0,微信
1937,1090,2026-07-12 19:05:00,酒店预订,336.39,0,0,抖音
1938,1091,2026-06-11 14:14:00,一日游套餐,449.17,1,0,自然
1939,1091,2026-07-25 15:28:00,景点门票,160.05,1,0,自然
1940,1093,2026-07-31 13:22:00,酒店预订,452.98,0,0,自然
1941,1093,2026-08-01 23:05:00,酒店预订,287.88,1,0,自然
1942,1094,2026-06-15 13:38:00,酒店预订,441.04,1,0,自然
1943,1094,2026-06-28 17:53:00,一日游套餐,268.54,0,0,自然
1944,1094,2026-07-01 13:13:00,酒店预订,337.02,0,0,自然
1945,1094,2026-07-28 22:53:00,一日游套餐,369.93,0,0,自然
1946,1096,2026-08-09 11:42:00,景点门票,112.6,1,0,抖音
1947,1096,2026-08-20 09:55:00,景点门票,172.68,1,1,抖音
1948,1097,2026-08-06 09:57:00,景点门票,57.34,1,0,自然
1949,1097,2026-08-08 16:35:00,景点门票,148.89,0,0,自然
1950,1097,2026-08-28 12:55:00,景点门票,83.99,0,0,自然
1951,1098,2026-08-16 12:57:00,一日游套餐,224.41,1,1,微信
1952,1098,2026-08-23 11:07:00,酒店预订,514.67,1,0,微信
1953,1099,2026-06-27 09:12:00,酒店预订,398.2,1,1,微信
1954,1100,2026-07-17 12:50:00,景点门票,47.19,1,0,自然
1955,1100,2026-08-05 20:31:00,景点门票,100.46,1,0,自然
1956,1101,2026-07-23 21:32:00,景点门票,126.44,0,0,自然
1957,1101,2026-07-26 16:33:00,景点门票,124.08,1,0,自然
1958,1103,2026-06-16 20:44:00,景点门票,41.72,0,0,微信
1959,1103,2026-06-25 09:19:00,景点门票,111.35,0,0,微信
1960,1104,2026-06-18 17:27:00,酒店预订,376.6,1,0,微信
1961,1104,2026-06-21 19:01:00,景点门票,132.18,1,0,微信
1962,1104,2026-07-17 16:08:00,酒店预订,254.28,1,0,微信
1963,1104,2026-07-17 20:18:00,酒店预订,587.59,0,0,微信
1964,1105,2026-06-28 21:04:00,酒店预订,197.28,0,0,自然
1965,1105,2026-07-02 12:51:00,景点门票,65.08,1,0,自然
1966,1105,2026-08-24 16:33:00,一日游套餐,415.0,1,0,自然
1967,1106,2026-07-03 16:35:00,景点门票,162.94,0,0,微信
1968,1106,2026-07-03 20:23:00,景点门票,119.59,1,1,微信
1969,1106,2026-07-03 23:00:00,景点门票,142.13,1,0,微信
1970,1106,2026-07-04 10:02:00,景点门票,109.57,1,1,微信
1971,1106,2026-07-04 20:54:00,景点门票,120.12,1,0,微信
1972,1106,2026-07-06 15:44:00,景点门票,65.72,1,0,微信
1973,1106,2026-07-08 14:34:00,景点门票,123.07,1,0,微信
1974,1106,2026-07-11 07:11:00,酒店预订,525.52,1,0,微信
1975,1106,2026-07-20 15:09:00,景点门票,152.48,1,0,微信
1976,1106,2026-08-18 15:58:00,酒店预订,457.6,1,0,微信
1977,1107,2026-08-08 09:08:00,景点门票,78.05,1,0,自然
1978,1109,2026-08-15 08:18:00,景点门票,61.78,0,0,地推
1979,1110,2026-07-15 09:48:00,酒店预订,501.2,1,0,自然
1980,1110,2026-07-19 17:01:00,酒店预订,279.31,1,0,自然
1981,1110,2026-07-21 14:09:00,景点门票,133.55,0,0,自然
1982,1110,2026-08-06 10:52:00,酒店预订,447.66,0,0,自然
1983,1111,2026-08-19 20:21:00,酒店预订,350.79,1,0,自然
1984,1113,2026-07-25 21:05:00,景点门票,166.5,1,0,小红书
1985,1114,2026-07-12 21:42:00,一日游套餐,368.67,1,0,地推
1986,1116,2026-06-16 22:17:00,景点门票,82.59,1,0,自然
1987,1116,2026-07-02 08:19:00,酒店预订,380.96,1,0,自然
1988,1116,2026-08-05 07:23:00,景点门票,140.68,1,0,自然
1989,1117,2026-06-25 10:46:00,酒店预订,248.78,0,0,自然
1990,1118,2026-08-21 20:08:00,景点门票,50.55,1,0,微信
1991,1118,2026-08-22 15:04:00,酒店预订,558.32,1,0,微信
1992,1119,2026-08-02 12:47:00,景点门票,60.71,1,0,自然
1993,1119,2026-08-07 14:07:00,景点门票,47.94,1,0,自然
1994,1121,2026-07-25 22:02:00,一日游套餐,226.26,0,0,小红书
1995,1123,2026-07-27 10:34:00,一日游套餐,334.62,1,0,微信
1996,1123,2026-07-28 14:53:00,一日游套餐,329.69,1,0,微信
1997,1123,2026-07-28 12:36:00,景点门票,155.98,1,0,微信
1998,1123,2026-08-02 18:11:00,景点门票,60.34,1,0,微信
1999,1124,2026-07-22 17:25:00,景点门票,45.79,1,0,自然
2000,1126,2026-06-26 13:48:00,一日游套餐,337.38,0,0,抖音
2001,1128,2026-07-05 11:38:00,景点门票,155.26,1,0,小红书
2002,1128,2026-07-15 18:01:00,景点门票,61.01,1,0,小红书
2003,1128,2026-07-15 07:45:00,酒店预订,401.96,1,0,小红书
2004,1129,2026-07-21 14:59:00,酒店预订,277.31,0,0,小红书
2005,1131,2026-07-04 08:13:00,景点门票,56.38,1,0,地推
2006,1131,2026-07-22 21:59:00,景点门票,102.33,0,0,地推
2007,1131,2026-07-22 15:44:00,酒店预订,475.35,1,0,地推
2008,1133,2026-07-13 15:16:00,酒店预订,330.81,1,0,自然
2009,1133,2026-07-15 19:32:00,景点门票,101.52,0,0,自然
2010,1133,2026-08-08 12:42:00,景点门票,147.8,0,0,自然
2011,1133,2026-08-28 11:39:00,景点门票,57.75,0,0,自然
2012,1134,2026-07-16 12:59:00,景点门票,176.97,1,0,小红书
2013,1134,2026-07-22 09:54:00,酒店预订,387.47,1,0,小红书
2014,1137,2026-07-01 18:55:00,一日游套餐,350.41,1,0,抖音
2015,1137,2026-07-02 07:25:00,一日游套餐,287.71,1,0,抖音
2016,1137,2026-07-13 19:26:00,景点门票,105.25,0,0,抖音
2017,1137,2026-08-28 11:11:00,景点门票,53.23,1,0,抖音
2018,1140,2026-06-17 07:47:00,景点门票,140.08,1,0,小红书
2019,1140,2026-07-17 08:52:00,景点门票,159.95,1,0,小红书
2020,1141,2026-07-25 14:39:00,景点门票,149.21,1,1,抖音
2021,1141,2026-07-30 07:46:00,景点门票,89.19,1,0,抖音
2022,1141,2026-08-19 09:18:00,酒店预订,445.23,1,0,抖音
2023,1142,2026-07-02 08:02:00,景点门票,72.6,0,0,微信
2024,1142,2026-07-06 14:35:00,景点门票,51.02,0,0,微信
2025,1142,2026-07-12 21:39:00,景点门票,135.87,0,0,微信
2026,1142,2026-07-15 14:06:00,一日游套餐,240.37,1,0,微信
2027,1142,2026-07-20 15:35:00,景点门票,77.68,0,0,微信
2028,1143,2026-07-11 16:51:00,景点门票,161.55,1,0,微信
2029,1144,2026-06-17 22:22:00,酒店预订,368.81,1,0,微信
2030,1144,2026-06-21 12:10:00,景点门票,114.28,1,0,微信
2031,1144,2026-06-21 07:44:00,景点门票,144.82,1,0,微信
2032,1144,2026-06-22 19:48:00,酒店预订,421.79,1,0,微信
2033,1144,2026-06-30 11:10:00,酒店预订,354.85,1,0,微信
2034,1144,2026-07-12 14:10:00,一日游套餐,449.05,0,0,微信
2035,1144,2026-08-05 19:32:00,景点门票,126.62,0,0,微信
2036,1145,2026-07-14 16:11:00,酒店预订,341.67,0,0,抖音
2037,1145,2026-08-29 21:20:00,景点门票,70.89,0,0,抖音
2038,1146,2026-07-01 20:41:00,景点门票,119.32,1,0,抖音
2039,1146,2026-07-31 09:30:00,一日游套餐,390.3,0,0,抖音
2040,1147,2026-08-15 18:36:00,景点门票,125.22,0,0,小红书
2041,1147,2026-08-16 13:10:00,一日游套餐,440.96,1,0,小红书
2042,1148,2026-07-01 20:45:00,酒店预订,290.68,1,0,微信
2043,1148,2026-07-06 15:44:00,景点门票,74.3,0,0,微信
2044,1148,2026-07-07 21:36:00,酒店预订,370.88,1,0,微信
2045,1148,2026-07-08 08:58:00,景点门票,53.8,1,0,微信
2046,1148,2026-07-08 12:19:00,酒店预订,423.47,0,0,微信
2047,1148,2026-07-29 15:53:00,一日游套餐,257.22,1,0,微信
2048,1150,2026-08-06 14:32:00,一日游套餐,342.74,1,0,微信
2049,1150,2026-08-15 21:49:00,景点门票,153.87,0,0,微信
2050,1150,2026-08-16 15:14:00,景点门票,113.44,1,0,微信
2051,1150,2026-08-27 17:11:00,酒店预订,519.4,1,0,微信
2052,1151,2026-07-27 19:34:00,酒店预订,595.71,1,0,自然
2053,1151,2026-07-27 14:37:00,酒店预订,219.36,0,0,自然
2054,1151,2026-08-08 11:36:00,景点门票,172.88,0,0,自然
2055,1151,2026-08-18 09:46:00,酒店预订,367.02,1,0,自然
2056,1152,2026-07-26 14:13:00,景点门票,66.99,1,0,微信
2057,1152,2026-08-08 18:45:00,一日游套餐,316.84,1,0,微信
2058,1152,2026-08-23 19:36:00,酒店预订,536.61,1,0,微信
2059,1156,2026-07-20 12:39:00,景点门票,84.78,1,0,自然
2060,1157,2026-07-21 14:21:00,景点门票,45.71,1,0,自然
2061,1158,2026-08-08 11:44:00,酒店预订,569.77,1,0,自然
2062,1160,2026-06-23 18:59:00,景点门票,174.42,1,0,微信
2063,1161,2026-06-16 12:07:00,一日游套餐,396.68,1,0,自然
2064,1161,2026-06-18 20:44:00,一日游套餐,444.43,1,0,自然
2065,1161,2026-06-21 14:27:00,酒店预订,272.46,0,0,自然
2066,1161,2026-07-02 18:20:00,酒店预订,228.61,1,0,自然
2067,1161,2026-08-04 08:15:00,酒店预订,565.04,1,0,自然
2068,1161,2026-08-14 12:15:00,酒店预订,246.17,1,0,自然
2069,1162,2026-07-04 17:22:00,酒店预订,594.99,1,0,小红书
2070,1163,2026-08-12 16:25:00,景点门票,101.71,1,0,微信
2071,1163,2026-08-15 16:21:00,一日游套餐,281.83,1,0,微信
2072,1163,2026-08-27 13:37:00,景点门票,172.7,0,0,微信
2073,1164,2026-06-12 08:19:00,景点门票,60.87,1,0,自然
2074,1164,2026-06-12 11:31:00,一日游套餐,311.19,1,1,自然
2075,1164,2026-06-13 08:55:00,景点门票,121.84,1,0,自然
2076,1164,2026-07-29 14:36:00,一日游套餐,382.71,1,0,自然
2077,1165,2026-07-17 18:39:00,酒店预订,447.52,1,0,自然
2078,1165,2026-07-25 19:17:00,酒店预订,264.48,0,0,自然
2079,1165,2026-08-13 15:57:00,一日游套餐,392.05,1,0,自然
2080,1165,2026-08-29 21:25:00,景点门票,51.52,1,0,自然
2081,1166,2026-07-11 17:02:00,景点门票,85.52,1,0,微信
2082,1166,2026-07-17 21:18:00,酒店预订,292.15,1,0,微信
2083,1166,2026-07-21 21:25:00,一日游套餐,385.03,0,0,微信
2084,1166,2026-08-25 23:01:00,景点门票,177.68,1,0,微信
2085,1166,2026-08-27 22:31:00,一日游套餐,434.55,1,0,微信
2086,1167,2026-07-20 13:58:00,酒店预订,570.05,1,0,微信
2087,1167,2026-07-28 11:54:00,酒店预订,331.29,1,1,微信
2088,1167,2026-08-04 08:05:00,一日游套餐,403.2,1,0,微信
2089,1169,2026-06-17 20:30:00,酒店预订,197.36,0,0,微信
2090,1169,2026-06-21 09:19:00,景点门票,108.09,1,0,微信
2091,1169,2026-06-27 08:00:00,景点门票,138.61,1,0,微信
2092,1169,2026-06-28 07:47:00,一日游套餐,396.96,0,0,微信
2093,1169,2026-07-01 09:46:00,景点门票,143.41,1,0,微信
2094,1169,2026-07-01 08:00:00,一日游套餐,417.78,1,0,微信
2095,1169,2026-08-02 18:30:00,景点门票,78.7,1,0,微信
2096,1170,2026-06-22 19:52:00,酒店预订,572.1,1,1,自然
2097,1170,2026-06-27 22:06:00,酒店预订,261.24,1,1,自然
2098,1170,2026-06-28 22:04:00,酒店预订,326.15,1,0,自然
2099,1170,2026-07-09 14:47:00,酒店预订,341.84,0,0,自然
2100,1170,2026-07-16 07:33:00,景点门票,59.13,1,0,自然
2101,1170,2026-07-28 22:22:00,景点门票,174.77,1,0,自然
2102,1171,2026-07-13 19:57:00,酒店预订,482.88,1,0,抖音
2103,1171,2026-08-03 18:08:00,景点门票,174.66,1,0,抖音
2104,1173,2026-07-30 19:24:00,景点门票,108.34,1,0,自然
2105,1173,2026-08-01 21:39:00,景点门票,62.66,1,0,自然
2106,1173,2026-08-09 17:14:00,酒店预订,233.2,0,0,自然
2107,1173,2026-08-15 09:31:00,酒店预订,304.12,1,0,自然
2108,1174,2026-07-22 07:31:00,酒店预订,385.54,1,0,小红书
2109,1176,2026-07-05 08:12:00,酒店预订,344.62,1,0,小红书
2110,1178,2026-06-23 13:10:00,景点门票,173.41,0,0,抖音
2111,1178,2026-07-24 17:17:00,景点门票,179.31,1,0,抖音
2112,1178,2026-08-11 08:35:00,酒店预订,378.24,0,0,抖音
2113,1179,2026-06-24 21:41:00,酒店预订,463.27,0,0,自然
2114,1179,2026-07-01 13:54:00,景点门票,50.03,0,0,自然
2115,1180,2026-08-07 17:15:00,酒店预订,254.49,1,0,自然
2116,1181,2026-07-07 17:53:00,一日游套餐,414.98,1,0,小红书
2117,1181,2026-08-27 11:00:00,一日游套餐,234.89,1,0,小红书
2118,1184,2026-08-29 19:15:00,景点门票,48.73,0,0,自然
2119,1185,2026-07-18 08:44:00,景点门票,79.44,0,0,自然
2120,1185,2026-08-12 20:09:00,一日游套餐,212.05,1,0,自然
2121,1186,2026-07-21 13:45:00,景点门票,47.5,1,0,微信
2122,1186,2026-07-27 16:10:00,景点门票,102.26,1,0,微信
2123,1186,2026-08-02 13:45:00,酒店预订,497.49,1,0,微信
2124,1186,2026-08-05 22:12:00,一日游套餐,220.34,1,0,微信
2125,1187,2026-08-19 12:42:00,一日游套餐,278.02,0,0,抖音
2126,1187,2026-08-22 17:44:00,酒店预订,570.43,0,0,抖音
2127,1189,2026-06-30 14:13:00,酒店预订,420.41,1,0,自然
2128,1189,2026-07-16 07:19:00,景点门票,115.32,0,0,自然
2129,1189,2026-07-26 16:44:00,景点门票,55.92,0,0,自然
2130,1189,2026-08-15 22:36:00,酒店预订,531.74,0,0,自然
2131,1190,2026-06-28 21:43:00,景点门票,95.15,1,0,小红书
2132,1190,2026-08-23 08:36:00,景点门票,161.21,1,0,小红书
2133,1192,2026-06-23 21:46:00,一日游套餐,279.69,0,0,抖音
2134,1192,2026-08-13 08:50:00,酒店预订,476.62,1,1,抖音
2135,1193,2026-07-11 18:12:00,酒店预订,215.48,1,0,微信
2136,1193,2026-07-28 11:45:00,景点门票,49.91,1,0,微信
2137,1193,2026-07-28 15:11:00,景点门票,65.34,0,0,微信
2138,1193,2026-08-08 20:54:00,酒店预订,539.27,1,0,微信
2139,1193,2026-08-30 13:23:00,景点门票,41.47,1,0,微信
2140,1193,2026-08-30 10:00:00,酒店预订,203.15,1,0,微信
2141,1193,2026-08-30 12:34:00,景点门票,112.28,0,0,微信
2142,1195,2026-08-04 15:07:00,酒店预订,472.75,1,0,微信
2143,1195,2026-08-08 07:38:00,景点门票,77.3,1,0,微信
2144,1195,2026-08-15 07:52:00,一日游套餐,278.14,1,0,微信
2145,1195,2026-08-27 16:12:00,一日游套餐,211.63,1,1,微信
2146,1196,2026-06-08 17:02:00,景点门票,167.81,0,0,自然
2147,1196,2026-06-17 18:19:00,酒店预订,449.3,1,0,自然
2148,1196,2026-06-20 08:04:00,景点门票,100.13,1,0,自然
2149,1197,2026-06-07 21:42:00,酒店预订,469.58,1,1,自然
2150,1198,2026-06-12 07:28:00,一日游套餐,212.62,0,0,小红书
2151,1198,2026-06-19 15:04:00,酒店预订,487.98,0,0,小红书
2152,1199,2026-07-30 10:06:00,景点门票,163.42,0,0,自然
2153,1199,2026-08-15 21:19:00,一日游套餐,273.19,1,0,自然
2154,1200,2026-08-08 12:03:00,景点门票,77.58,1,0,小红书
2155,1203,2026-07-19 18:35:00,景点门票,81.53,1,0,微信
2156,1203,2026-08-14 14:26:00,酒店预订,183.26,1,0,微信
2157,1203,2026-08-14 09:48:00,景点门票,152.78,1,0,微信
2158,1203,2026-08-15 07:51:00,一日游套餐,337.31,1,0,微信
2159,1204,2026-07-06 18:35:00,酒店预订,329.47,1,0,小红书
2160,1204,2026-07-21 21:59:00,景点门票,94.99,0,0,小红书
2161,1204,2026-08-14 20:23:00,一日游套餐,221.37,1,0,小红书
2162,1205,2026-06-14 19:50:00,酒店预订,533.42,0,0,自然
2163,1205,2026-06-14 20:54:00,酒店预订,283.5,0,0,自然
2164,1205,2026-07-27 09:06:00,景点门票,145.36,0,0,自然
2165,1206,2026-08-09 08:38:00,景点门票,171.74,0,0,自然
2166,1206,2026-08-15 16:42:00,景点门票,158.19,0,0,自然
2167,1206,2026-08-18 14:58:00,景点门票,59.13,1,0,自然
2168,1207,2026-07-12 07:52:00,景点门票,40.29,1,0,小红书
2169,1207,2026-07-14 07:19:00,一日游套餐,379.15,0,0,小红书
2170,1207,2026-07-16 10:41:00,景点门票,140.75,1,0,小红书
2171,1207,2026-07-19 10:15:00,景点门票,75.62,1,0,小红书
2172,1207,2026-08-22 13:10:00,酒店预订,434.63,0,0,小红书
2173,1207,2026-08-30 08:33:00,一日游套餐,268.4,1,0,小红书
2174,1208,2026-08-09 09:09:00,景点门票,157.97,0,0,抖音
2175,1209,2026-07-31 12:20:00,一日游套餐,371.56,0,0,自然
2176,1209,2026-08-17 18:26:00,景点门票,124.78,0,0,自然
2177,1210,2026-07-30 17:00:00,景点门票,94.96,1,0,抖音
2178,1211,2026-07-18 14:22:00,景点门票,132.22,1,0,小红书
2179,1211,2026-07-22 17:04:00,一日游套餐,378.92,0,0,小红书
2180,1211,2026-08-02 16:54:00,一日游套餐,443.57,1,0,小红书
2181,1211,2026-08-09 13:06:00,景点门票,64.05,0,0,小红书
2182,1212,2026-06-22 15:08:00,酒店预订,535.91,1,0,微信
2183,1212,2026-06-28 08:20:00,景点门票,81.28,1,0,微信
2184,1212,2026-06-28 07:51:00,一日游套餐,422.02,1,0,微信
2185,1212,2026-08-19 22:31:00,酒店预订,192.91,1,0,微信
2186,1215,2026-07-18 10:01:00,景点门票,119.7,0,0,自然
2187,1215,2026-08-28 09:26:00,酒店预订,263.23,1,1,自然
2188,1217,2026-08-09 12:20:00,一日游套餐,244.43,1,0,抖音
2189,1219,2026-06-29 22:17:00,一日游套餐,245.03,1,0,小红书
2190,1220,2026-07-06 07:43:00,景点门票,174.58,1,0,自然
2191,1221,2026-07-22 12:12:00,景点门票,174.33,0,0,自然
2192,1221,2026-07-29 07:33:00,酒店预订,393.17,1,0,自然
2193,1221,2026-08-06 15:01:00,景点门票,65.71,1,0,自然
2194,1222,2026-07-07 19:36:00,酒店预订,247.16,1,0,自然
2195,1222,2026-08-02 08:40:00,酒店预订,492.93,1,0,自然
2196,1223,2026-06-20 12:03:00,一日游套餐,294.33,1,0,微信
2197,1223,2026-06-29 17:20:00,景点门票,130.08,0,0,微信
2198,1224,2026-07-20 08:14:00,一日游套餐,223.24,1,0,小红书
2199,1224,2026-08-19 11:16:00,景点门票,84.1,1,0,小红书
2200,1225,2026-07-23 08:41:00,景点门票,78.49,1,1,自然
2201,1225,2026-08-29 11:42:00,景点门票,64.22,1,0,自然
2202,1226,2026-06-17 08:52:00,景点门票,145.38,0,0,微信
2203,1226,2026-06-21 18:51:00,景点门票,84.94,1,0,微信
2204,1226,2026-06-24 14:22:00,景点门票,176.85,1,0,微信
2205,1226,2026-07-04 19:45:00,酒店预订,477.81,1,0,微信
2206,1226,2026-07-11 16:09:00,景点门票,91.64,1,0,微信
2207,1226,2026-07-17 12:06:00,酒店预订,530.81,0,0,微信
2208,1226,2026-08-11 12:54:00,景点门票,95.72,0,0,微信
2209,1229,2026-08-22 16:48:00,景点门票,106.59,1,0,地推
2210,1230,2026-08-18 21:18:00,酒店预订,491.44,0,0,自然
2211,1231,2026-06-20 16:45:00,酒店预订,208.37,0,0,自然
2212,1231,2026-06-23 20:36:00,景点门票,176.74,1,0,自然
2213,1231,2026-06-24 18:02:00,酒店预订,485.13,1,0,自然
2214,1232,2026-07-19 16:05:00,酒店预订,311.84,1,1,小红书
2215,1233,2026-06-21 17:00:00,酒店预订,534.27,1,0,自然
2216,1234,2026-07-12 20:06:00,酒店预订,182.79,1,0,小红书
2217,1234,2026-08-03 08:15:00,一日游套餐,382.61,0,0,小红书
2218,1236,2026-07-22 22:17:00,酒店预订,316.84,1,0,自然
2219,1236,2026-07-31 11:40:00,一日游套餐,215.28,1,1,自然
2220,1237,2026-07-17 19:12:00,酒店预订,481.46,1,0,自然
2221,1238,2026-08-30 11:59:00,景点门票,168.48,0,0,抖音
2222,1240,2026-06-30 10:19:00,酒店预订,210.94,1,0,自然
2223,1240,2026-07-04 22:01:00,景点门票,156.51,1,0,自然
2224,1240,2026-07-07 15:29:00,景点门票,157.77,1,0,自然
2225,1240,2026-08-22 12:57:00,景点门票,42.01,1,0,自然
2226,1241,2026-07-10 11:24:00,一日游套餐,422.64,1,0,微信
2227,1241,2026-07-19 09:46:00,酒店预订,584.9,1,0,微信
2228,1241,2026-07-19 09:30:00,景点门票,107.01,1,0,微信
2229,1241,2026-08-15 19:11:00,酒店预订,442.15,1,0,微信
2230,1242,2026-07-06 19:14:00,景点门票,142.03,1,0,抖音
2231,1242,2026-08-19 21:12:00,酒店预订,339.42,1,0,抖音
2232,1244,2026-08-05 19:57:00,酒店预订,499.81,0,0,自然
2233,1245,2026-06-29 20:35:00,景点门票,120.77,1,0,抖音
2234,1245,2026-07-03 22:38:00,景点门票,55.19,1,0,抖音
2235,1246,2026-07-21 13:35:00,一日游套餐,428.43,1,0,自然
2236,1246,2026-08-18 12:56:00,酒店预订,379.29,1,0,自然
2237,1247,2026-07-08 19:54:00,景点门票,153.68,1,0,小红书
2238,1248,2026-07-05 12:18:00,景点门票,157.41,0,0,自然
2239,1248,2026-07-11 22:15:00,一日游套餐,357.84,1,0,自然
2240,1249,2026-06-24 13:21:00,一日游套餐,204.57,1,0,微信
2241,1249,2026-06-24 21:01:00,酒店预订,205.67,1,0,微信
2242,1249,2026-06-28 18:56:00,景点门票,99.25,0,0,微信
2243,1249,2026-06-29 18:14:00,景点门票,98.54,1,0,微信
2244,1249,2026-06-30 20:06:00,酒店预订,308.96,1,0,微信
2245,1249,2026-06-30 10:29:00,一日游套餐,288.61,0,0,微信
2246,1249,2026-07-14 07:46:00,酒店预订,189.84,0,0,微信
2247,1249,2026-07-15 16:28:00,酒店预订,192.69,1,1,微信
2248,1251,2026-07-09 20:58:00,一日游套餐,327.97,1,0,自然
2249,1251,2026-07-10 21:34:00,一日游套餐,304.45,1,0,自然
2250,1251,2026-07-25 13:37:00,酒店预订,463.76,1,0,自然
2251,1251,2026-07-25 13:31:00,景点门票,84.16,1,0,自然
2252,1252,2026-07-23 15:35:00,酒店预订,202.08,1,0,自然
2253,1252,2026-07-26 20:11:00,景点门票,57.03,1,0,自然
2254,1252,2026-07-30 11:36:00,酒店预订,205.26,1,0,自然
2255,1252,2026-08-13 11:05:00,酒店预订,400.24,0,0,自然
2256,1252,2026-08-28 07:48:00,景点门票,94.45,1,0,自然
2257,1254,2026-06-09 12:29:00,酒店预订,186.62,1,0,小红书
2258,1254,2026-07-28 13:09:00,酒店预订,211.77,0,0,小红书
2259,1255,2026-07-18 22:22:00,酒店预订,477.78,0,0,自然
2260,1256,2026-07-01 18:23:00,景点门票,87.22,1,0,微信
2261,1256,2026-07-01 14:32:00,酒店预订,323.88,0,0,微信
2262,1256,2026-07-04 09:26:00,酒店预订,425.75,1,1,微信
2263,1256,2026-07-17 10:10:00,酒店预订,501.34,1,0,微信
2264,1257,2026-07-16 14:26:00,景点门票,55.29,1,0,小红书
2265,1258,2026-06-27 10:47:00,一日游套餐,394.37,1,0,微信
2266,1258,2026-07-02 12:40:00,一日游套餐,419.77,1,0,微信
2267,1258,2026-07-05 18:29:00,景点门票,56.17,1,0,微信
2268,1258,2026-07-15 10:41:00,一日游套餐,308.37,0,0,微信
2269,1258,2026-07-22 09:01:00,景点门票,88.98,0,0,微信
2270,1258,2026-08-25 15:48:00,酒店预订,552.75,1,0,微信
2271,1260,2026-07-12 17:41:00,景点门票,161.98,1,0,地推
2272,1261,2026-07-04 17:00:00,景点门票,120.42,1,0,自然
2273,1261,2026-07-07 15:47:00,景点门票,93.23,0,0,自然
2274,1261,2026-07-17 11:09:00,酒店预订,392.38,1,0,自然
2275,1261,2026-08-01 22:14:00,景点门票,42.27,1,1,自然
2276,1261,2026-08-10 08:33:00,一日游套餐,297.62,1,0,自然
2277,1264,2026-08-11 14:22:00,酒店预订,193.06,0,0,地推
2278,1265,2026-06-20 22:42:00,酒店预订,474.19,0,0,抖音
2279,1265,2026-06-27 09:14:00,酒店预订,505.94,0,0,抖音
2280,1265,2026-07-26 15:12:00,景点门票,102.8,1,0,抖音
2281,1266,2026-07-29 21:12:00,景点门票,83.17,0,0,微信
2282,1266,2026-08-18 12:35:00,酒店预订,184.03,1,0,微信
2283,1267,2026-08-14 16:24:00,景点门票,113.44,1,0,自然
2284,1269,2026-07-21 13:39:00,酒店预订,395.47,1,0,抖音
2285,1270,2026-07-16 12:48:00,景点门票,100.87,1,0,抖音
2286,1270,2026-07-23 20:57:00,酒店预订,415.73,1,0,抖音
2287,1271,2026-06-26 11:09:00,景点门票,99.52,1,0,地推
2288,1271,2026-06-28 13:35:00,景点门票,111.24,1,0,地推
2289,1271,2026-08-18 22:07:00,景点门票,113.63,0,0,地推
2290,1273,2026-08-13 17:17:00,酒店预订,223.36,1,0,抖音
2291,1273,2026-08-14 14:11:00,一日游套餐,299.24,0,0,抖音
2292,1274,2026-07-28 18:29:00,景点门票,49.92,1,0,小红书
2293,1274,2026-08-29 15:13:00,酒店预订,574.9,0,0,小红书
2294,1275,2026-06-28 19:49:00,景点门票,42.28,1,0,自然
2295,1276,2026-08-03 10:01:00,景点门票,91.55,1,0,抖音
2296,1277,2026-07-12 17:46:00,景点门票,128.73,1,0,自然
2297,1277,2026-07-19 12:41:00,景点门票,141.14,1,0,自然
2298,1277,2026-07-27 19:52:00,酒店预订,272.03,1,0,自然
2299,1277,2026-08-25 15:50:00,景点门票,51.94,1,0,自然
2300,1277,2026-08-25 09:23:00,酒店预订,596.31,1,0,自然
2301,1277,2026-08-30 22:23:00,一日游套餐,301.77,1,0,自然
2302,1278,2026-06-25 13:33:00,一日游套餐,427.62,1,0,自然
2303,1278,2026-07-19 12:54:00,景点门票,121.77,1,0,自然
2304,1279,2026-06-02 08:26:00,一日游套餐,285.98,1,0,微信
2305,1279,2026-06-10 08:04:00,景点门票,61.42,1,0,微信
2306,1279,2026-06-27 10:37:00,一日游套餐,345.05,1,0,微信
2307,1279,2026-07-08 20:53:00,景点门票,63.83,1,0,微信
2308,1283,2026-07-28 07:50:00,一日游套餐,234.48,0,0,抖音
2309,1285,2026-07-25 20:53:00,景点门票,124.22,0,0,地推
2310,1286,2026-06-15 10:13:00,一日游套餐,322.67,0,0,地推
2311,1290,2026-07-08 08:39:00,一日游套餐,406.93,0,0,抖音
2312,1291,2026-08-06 11:10:00,一日游套餐,386.12,1,1,抖音
2313,1292,2026-06-24 20:15:00,景点门票,158.44,1,0,小红书
2314,1292,2026-08-11 11:05:00,酒店预订,532.37,1,0,小红书
2315,1293,2026-07-16 09:26:00,景点门票,115.17,0,0,抖音
2316,1293,2026-08-12 21:44:00,景点门票,146.96,1,0,抖音
2317,1294,2026-08-05 12:18:00,一日游套餐,213.98,1,0,抖音
2318,1295,2026-07-04 10:17:00,景点门票,116.79,0,0,抖音
2319,1296,2026-06-28 14:14:00,景点门票,103.0,0,0,抖音
2320,1297,2026-08-09 20:26:00,景点门票,44.77,1,0,自然
2321,1298,2026-07-11 21:53:00,景点门票,55.71,0,0,自然
2322,1298,2026-07-20 16:50:00,景点门票,108.35,1,0,自然
2323,1298,2026-08-30 23:01:00,景点门票,50.49,1,0,自然
2324,1299,2026-07-15 18:55:00,酒店预订,286.94,1,0,小红书
2325,1299,2026-07-17 17:42:00,景点门票,90.08,1,0,小红书
2326,1299,2026-07-19 11:00:00,一日游套餐,306.82,0,0,小红书
2327,1299,2026-08-18 11:17:00,酒店预订,193.1,1,0,小红书
2328,1299,2026-08-24 20:19:00,一日游套餐,399.12,1,0,小红书
2329,1301,2026-07-09 22:53:00,一日游套餐,330.17,1,0,自然
2330,1301,2026-07-20 19:50:00,酒店预订,290.89,1,0,自然
2331,1302,2026-07-01 19:01:00,景点门票,157.75,0,0,抖音
2332,1303,2026-06-28 16:36:00,酒店预订,368.63,1,0,小红书
2333,1303,2026-06-30 17:52:00,景点门票,53.4,0,0,小红书
2334,1303,2026-07-13 19:36:00,景点门票,85.07,1,0,小红书
2335,1303,2026-07-14 20:37:00,酒店预订,496.16,1,0,小红书
2336,1303,2026-07-31 14:01:00,景点门票,146.05,1,0,小红书
2337,1304,2026-08-03 09:24:00,景点门票,46.91,1,0,自然
2338,1305,2026-07-13 20:24:00,景点门票,168.26,1,0,微信
2339,1305,2026-07-15 11:15:00,一日游套餐,379.76,1,0,微信
2340,1305,2026-08-26 18:02:00,景点门票,137.2,1,0,微信
2341,1307,2026-06-22 14:01:00,酒店预订,585.47,0,0,小红书
2342,1307,2026-07-30 13:15:00,景点门票,92.97,1,0,小红书
2343,1307,2026-08-04 07:37:00,景点门票,108.93,1,0,小红书
2344,1307,2026-08-16 07:27:00,景点门票,62.94,1,0,小红书
2345,1308,2026-07-04 19:48:00,酒店预订,257.26,1,0,小红书
2346,1308,2026-07-04 12:01:00,酒店预订,584.62,0,0,小红书
2347,1308,2026-07-25 09:05:00,景点门票,77.59,1,0,小红书
2348,1309,2026-08-31 20:48:00,景点门票,78.03,1,0,自然
2349,1311,2026-07-05 22:42:00,酒店预订,596.38,0,0,抖音
2350,1312,2026-07-22 19:03:00,酒店预订,425.34,1,0,地推
2351,1312,2026-08-09 17:56:00,酒店预订,409.63,1,0,地推
2352,1313,2026-08-24 18:26:00,酒店预订,447.9,1,0,抖音
2353,1314,2026-08-24 17:39:00,酒店预订,423.86,1,0,自然
2354,1315,2026-07-06 17:13:00,一日游套餐,422.63,1,0,自然
2355,1315,2026-07-11 18:10:00,酒店预订,510.98,0,0,自然
2356,1315,2026-07-12 21:10:00,酒店预订,358.68,1,0,自然
2357,1316,2026-07-19 13:34:00,景点门票,171.4,1,0,小红书
2358,1316,2026-08-18 15:43:00,景点门票,173.31,0,0,小红书
2359,1317,2026-07-01 21:36:00,景点门票,88.0,1,0,抖音
2360,1317,2026-07-19 21:52:00,酒店预订,426.14,1,0,抖音
2361,1318,2026-07-08 11:17:00,酒店预订,185.09,1,0,自然
2362,1318,2026-07-28 20:51:00,酒店预订,484.35,1,0,自然
2363,1318,2026-08-16 09:35:00,景点门票,91.38,1,0,自然
2364,1319,2026-06-22 18:31:00,酒店预订,341.26,0,0,小红书
2365,1320,2026-07-19 10:45:00,酒店预订,395.52,1,0,微信
2366,1320,2026-07-21 21:01:00,酒店预订,372.57,1,0,微信
2367,1320,2026-08-03 14:06:00,酒店预订,353.75,1,0,微信
2368,1320,2026-08-03 08:16:00,酒店预订,302.29,1,0,微信
2369,1320,2026-08-04 22:22:00,酒店预订,466.34,0,0,微信
2370,1321,2026-07-01 20:33:00,景点门票,165.01,0,0,抖音
2371,1323,2026-06-26 12:35:00,景点门票,123.34,1,0,自然
2372,1323,2026-07-17 17:50:00,酒店预订,219.76,1,0,自然
2373,1324,2026-06-29 08:42:00,一日游套餐,448.56,0,0,微信
2374,1324,2026-06-29 15:42:00,景点门票,178.79,1,0,微信
2375,1324,2026-07-01 19:37:00,景点门票,96.27,1,0,微信
2376,1324,2026-07-02 20:35:00,酒店预订,398.49,1,0,微信
2377,1324,2026-07-03 19:12:00,酒店预订,421.59,1,0,微信
2378,1324,2026-07-12 16:09:00,景点门票,144.95,0,0,微信
2379,1324,2026-07-16 18:38:00,酒店预订,251.87,0,0,微信
2380,1324,2026-08-03 15:44:00,景点门票,166.72,1,1,微信
2381,1324,2026-08-09 12:03:00,景点门票,53.07,1,1,微信
2382,1324,2026-08-16 21:28:00,酒店预订,554.59,0,0,微信
2383,1325,2026-08-05 19:09:00,酒店预订,468.42,0,0,抖音
2384,1326,2026-07-19 19:15:00,酒店预订,318.3,0,0,微信
2385,1326,2026-07-20 17:19:00,一日游套餐,357.19,0,0,微信
2386,1326,2026-07-25 10:24:00,景点门票,162.65,0,0,微信
2387,1326,2026-08-08 14:26:00,酒店预订,462.73,1,0,微信
2388,1326,2026-08-31 09:51:00,酒店预订,188.4,1,0,微信
2389,1327,2026-08-02 20:48:00,酒店预订,371.47,1,1,抖音
2390,1329,2026-08-06 13:01:00,景点门票,76.77,1,0,自然
2391,1329,2026-08-09 16:10:00,酒店预订,543.04,1,0,自然
2392,1330,2026-07-05 13:02:00,景点门票,144.34,1,0,自然
2393,1330,2026-07-14 15:53:00,景点门票,47.42,1,0,自然
2394,1330,2026-07-29 14:36:00,景点门票,112.13,1,0,自然
2395,1330,2026-08-08 17:00:00,酒店预订,182.53,1,0,自然
2396,1331,2026-08-11 13:35:00,景点门票,166.23,1,0,微信
2397,1332,2026-08-27 13:14:00,酒店预订,278.66,1,1,抖音
2398,1334,2026-08-09 22:04:00,酒店预订,477.39,1,0,地推
2399,1336,2026-06-28 11:46:00,一日游套餐,265.14,1,0,微信
2400,1336,2026-08-04 08:38:00,酒店预订,593.63,1,0,微信
2401,1337,2026-07-23 12:09:00,景点门票,60.43,1,0,自然
2402,1337,2026-07-23 16:40:00,酒店预订,470.72,1,0,自然
2403,1337,2026-07-24 22:23:00,酒店预订,219.85,1,0,自然
2404,1337,2026-08-10 21:07:00,景点门票,171.32,1,0,自然
2405,1338,2026-06-26 21:34:00,酒店预订,517.9,0,0,小红书
2406,1338,2026-07-31 18:11:00,酒店预订,550.11,1,0,小红书
2407,1339,2026-07-11 09:36:00,一日游套餐,398.24,1,0,微信
2408,1339,2026-08-13 19:00:00,景点门票,83.26,1,0,微信
2409,1340,2026-06-24 20:09:00,景点门票,42.71,1,0,抖音
2410,1340,2026-07-06 19:48:00,景点门票,48.65,1,0,抖音
2411,1341,2026-06-20 13:09:00,一日游套餐,435.95,1,0,自然
2412,1341,2026-07-08 07:59:00,景点门票,78.98,0,0,自然
2413,1341,2026-07-28 15:48:00,景点门票,142.44,1,0,自然
2414,1342,2026-07-18 13:54:00,一日游套餐,253.66,0,0,微信
2415,1342,2026-08-01 10:31:00,景点门票,95.8,1,0,微信
2416,1343,2026-07-03 22:03:00,一日游套餐,429.18,1,0,抖音
2417,1344,2026-08-26 09:27:00,酒店预订,199.83,1,0,抖音
2418,1346,2026-07-16 19:15:00,景点门票,57.21,0,0,小红书
2419,1346,2026-07-28 15:02:00,景点门票,139.71,1,0,小红书
2420,1347,2026-07-13 13:30:00,景点门票,142.59,1,1,抖音
2421,1350,2026-06-16 22:17:00,景点门票,155.23,1,0,自然
2422,1350,2026-08-04 22:55:00,酒店预订,203.59,1,0,自然
2423,1351,2026-07-01 22:41:00,一日游套餐,343.43,1,1,微信
2424,1351,2026-08-17 18:22:00,景点门票,157.97,1,0,微信
2425,1351,2026-08-31 20:33:00,酒店预订,466.7,1,1,微信
2426,1352,2026-07-23 16:18:00,景点门票,73.7,0,0,微信
2427,1352,2026-07-23 19:25:00,一日游套餐,221.61,0,0,微信
2428,1352,2026-07-26 13:56:00,景点门票,98.98,0,0,微信
2429,1352,2026-07-26 12:03:00,景点门票,60.21,1,0,微信
2430,1352,2026-08-13 16:29:00,一日游套餐,314.43,1,0,微信
2431,1352,2026-08-31 21:03:00,酒店预订,414.42,1,0,微信
2432,1352,2026-08-31 11:31:00,景点门票,147.69,1,0,微信
2433,1353,2026-07-03 08:54:00,景点门票,147.81,1,0,自然
2434,1353,2026-07-25 12:48:00,酒店预订,325.39,0,0,自然
2435,1353,2026-08-16 07:10:00,酒店预订,539.88,1,1,自然
2436,1354,2026-07-01 13:25:00,一日游套餐,412.65,1,0,抖音
2437,1355,2026-06-30 16:35:00,景点门票,158.96,1,0,微信
2438,1355,2026-07-02 20:53:00,一日游套餐,213.58,1,0,微信
2439,1355,2026-07-04 07:41:00,酒店预订,582.78,1,0,微信
2440,1355,2026-08-06 18:03:00,酒店预订,565.27,0,0,微信
2441,1356,2026-07-11 07:45:00,一日游套餐,362.58,1,0,自然
2442,1356,2026-07-29 12:57:00,酒店预订,353.48,1,0,自然
2443,1356,2026-08-14 18:49:00,景点门票,90.54,0,0,自然
2444,1356,2026-08-16 23:04:00,景点门票,105.89,0,0,自然
2445,1356,2026-08-28 21:50:00,酒店预订,463.94,1,1,自然
2446,1358,2026-07-21 21:05:00,景点门票,150.43,1,0,抖音
2447,1359,2026-07-21 20:41:00,景点门票,84.22,0,0,小红书
2448,1359,2026-08-26 20:35:00,酒店预订,510.32,1,0,小红书
2449,1359,2026-08-29 10:33:00,景点门票,98.72,1,0,小红书
2450,1360,2026-08-08 17:47:00,酒店预订,460.96,0,0,自然
2451,1361,2026-07-04 21:21:00,景点门票,67.71,1,0,小红书
2452,1361,2026-08-01 16:06:00,景点门票,142.57,1,0,小红书
2453,1361,2026-08-14 13:19:00,景点门票,133.58,0,0,小红书
2454,1362,2026-08-11 08:34:00,酒店预订,515.35,1,0,抖音
2455,1364,2026-06-25 17:26:00,酒店预订,588.52,0,0,自然
2456,1364,2026-08-01 18:15:00,景点门票,124.0,1,0,自然
2457,1368,2026-07-14 22:50:00,酒店预订,531.18,1,0,自然
2458,1368,2026-08-15 17:05:00,酒店预订,551.56,1,0,自然
2459,1369,2026-07-03 10:40:00,一日游套餐,408.34,0,0,自然
2460,1369,2026-07-11 13:21:00,一日游套餐,345.59,0,0,自然
2461,1369,2026-07-23 12:57:00,酒店预订,221.91,0,0,自然
2462,1371,2026-06-29 17:24:00,酒店预订,271.53,1,0,自然
2463,1372,2026-08-08 19:08:00,景点门票,52.32,1,0,地推
2464,1373,2026-07-20 15:00:00,酒店预订,431.5,1,0,抖音
2465,1374,2026-06-14 11:24:00,一日游套餐,417.72,1,0,微信
2466,1374,2026-06-21 17:27:00,景点门票,88.62,0,0,微信
2467,1374,2026-06-27 09:28:00,景点门票,72.58,0,0,微信
2468,1374,2026-06-27 16:03:00,景点门票,96.59,1,0,微信
2469,1374,2026-06-30 10:08:00,酒店预订,221.87,1,1,微信
2470,1374,2026-07-07 21:00:00,景点门票,154.1,1,0,微信
2471,1374,2026-08-02 21:02:00,景点门票,127.92,1,0,微信
2472,1376,2026-06-15 20:11:00,景点门票,173.78,1,0,自然
2473,1376,2026-08-03 16:12:00,景点门票,168.87,0,0,自然
2474,1377,2026-08-08 22:51:00,一日游套餐,379.43,1,0,小红书
2475,1378,2026-06-30 14:56:00,酒店预订,549.35,1,0,微信
2476,1378,2026-07-14 22:11:00,一日游套餐,386.42,1,0,微信
2477,1378,2026-07-17 17:17:00,酒店预订,236.27,1,0,微信
2478,1378,2026-07-18 11:27:00,一日游套餐,225.98,0,0,微信
2479,1379,2026-06-26 21:08:00,一日游套餐,320.44,1,0,小红书
2480,1379,2026-07-02 15:16:00,酒店预订,573.65,0,0,小红书
2481,1379,2026-08-09 16:00:00,酒店预订,247.77,1,0,小红书
2482,1379,2026-08-10 14:00:00,景点门票,117.2,1,0,小红书
2483,1380,2026-06-30 08:01:00,一日游套餐,304.84,1,0,抖音
2484,1381,2026-06-30 11:27:00,一日游套餐,380.02,1,0,抖音
2485,1384,2026-06-13 11:08:00,酒店预订,269.25,1,0,地推
2486,1384,2026-06-19 19:03:00,景点门票,41.74,1,0,地推
2487,1386,2026-08-12 09:05:00,酒店预订,253.0,1,0,自然
2488,1387,2026-07-02 22:18:00,酒店预订,500.97,1,0,小红书
2489,1387,2026-08-05 16:42:00,景点门票,91.74,1,0,小红书
2490,1388,2026-08-08 23:01:00,一日游套餐,276.71,0,0,抖音
2491,1388,2026-08-10 11:33:00,景点门票,127.07,1,0,抖音
2492,1389,2026-07-18 15:52:00,一日游套餐,439.14,1,0,地推
2493,1389,2026-07-21 14:37:00,景点门票,124.24,1,0,地推
2494,1389,2026-08-05 13:19:00,景点门票,151.01,0,0,地推
2495,1390,2026-08-16 19:48:00,酒店预订,438.62,1,0,自然
2496,1391,2026-07-10 16:35:00,一日游套餐,257.66,1,0,地推
2497,1392,2026-07-28 11:32:00,酒店预订,329.04,1,0,微信
2498,1392,2026-07-30 09:03:00,景点门票,146.77,0,0,微信
2499,1392,2026-08-15 20:52:00,一日游套餐,227.77,1,0,微信
2500,1393,2026-07-05 17:27:00,景点门票,158.3,1,0,自然
2501,1393,2026-07-09 08:50:00,一日游套餐,348.1,1,0,自然
2502,1393,2026-07-20 14:15:00,一日游套餐,351.27,1,0,自然
2503,1393,2026-07-31 23:00:00,酒店预订,458.37,1,0,自然
2504,1393,2026-08-29 16:30:00,一日游套餐,212.69,1,0,自然
2505,1394,2026-08-12 17:07:00,酒店预订,497.96,1,0,自然
2506,1396,2026-06-29 15:25:00,景点门票,78.06,1,0,自然
2507,1397,2026-06-24 13:54:00,酒店预订,492.21,0,0,抖音
2508,1398,2026-06-10 19:19:00,酒店预订,239.85,1,0,地推
2509,1399,2026-07-11 10:56:00,景点门票,66.44,0,0,抖音
2510,1400,2026-08-22 21:26:00,酒店预订,391.32,0,0,抖音
2511,1400,2026-08-22 16:04:00,景点门票,120.08,1,1,抖音
2512,1400,2026-08-24 20:31:00,一日游套餐,417.87,0,0,抖音
2513,1401,2026-07-26 10:13:00,一日游套餐,434.16,0,0,抖音
2514,1402,2026-08-07 23:04:00,景点门票,56.93,1,0,自然
2515,1402,2026-08-09 14:15:00,景点门票,161.63,1,0,自然
2516,1402,2026-08-22 10:41:00,一日游套餐,238.72,1,0,自然
2517,1403,2026-07-27 18:57:00,景点门票,131.58,0,0,地推
2518,1403,2026-07-28 13:30:00,酒店预订,294.81,1,0,地推
2519,1403,2026-08-03 09:41:00,景点门票,131.17,0,0,地推
2520,1404,2026-06-27 11:31:00,酒店预订,464.31,1,0,抖音
2521,1405,2026-07-08 08:10:00,酒店预订,396.77,1,0,自然
2522,1405,2026-07-09 15:55:00,一日游套餐,434.36,1,0,自然
2523,1406,2026-07-13 09:46:00,酒店预订,351.81,1,0,自然
2524,1406,2026-08-11 08:14:00,景点门票,106.27,1,0,自然
2525,1406,2026-08-13 09:08:00,酒店预订,485.61,1,0,自然
2526,1406,2026-08-24 19:45:00,一日游套餐,349.42,0,0,自然
2527,1407,2026-08-01 11:24:00,景点门票,102.76,1,0,地推
2528,1407,2026-08-05 10:56:00,景点门票,138.41,0,0,地推
2529,1407,2026-08-22 19:26:00,酒店预订,323.72,0,0,地推
2530,1408,2026-08-08 14:41:00,景点门票,41.81,1,1,自然
2531,1409,2026-08-01 18:51:00,酒店预订,389.18,1,1,微信
2532,1409,2026-08-16 13:51:00,酒店预订,591.82,0,0,微信
2533,1409,2026-08-23 14:09:00,酒店预订,223.51,1,0,微信
2534,1410,2026-07-09 10:45:00,景点门票,137.45,1,0,小红书
2535,1410,2026-08-04 11:28:00,一日游套餐,328.18,0,0,小红书
2536,1411,2026-07-11 18:51:00,酒店预订,439.46,0,0,微信
2537,1411,2026-07-11 07:38:00,景点门票,157.99,1,0,微信
2538,1411,2026-07-19 12:20:00,景点门票,55.05,1,0,微信
2539,1413,2026-07-02 13:59:00,景点门票,174.84,1,0,微信
2540,1413,2026-07-15 19:34:00,景点门票,151.66,0,0,微信
2541,1413,2026-07-19 07:34:00,酒店预订,413.55,1,1,微信
2542,1416,2026-06-24 12:13:00,景点门票,158.18,1,0,微信
2543,1416,2026-06-27 21:04:00,景点门票,171.71,0,0,微信
2544,1419,2026-07-05 16:42:00,景点门票,111.84,1,0,微信
2545,1419,2026-07-05 08:36:00,酒店预订,285.9,0,0,微信
2546,1419,2026-07-05 15:22:00,酒店预订,394.75,1,0,微信
2547,1421,2026-07-25 10:57:00,景点门票,41.88,1,0,小红书
2548,1421,2026-08-06 18:58:00,一日游套餐,254.27,1,0,小红书
2549,1421,2026-08-09 14:24:00,酒店预订,310.68,1,1,小红书
2550,1421,2026-08-13 11:41:00,景点门票,92.75,1,0,小红书
2551,1422,2026-07-14 13:17:00,景点门票,82.73,1,0,抖音
2552,1423,2026-07-15 10:44:00,一日游套餐,244.74,0,0,抖音
2553,1423,2026-07-18 07:20:00,景点门票,167.86,1,0,抖音
2554,1425,2026-06-12 20:06:00,景点门票,156.5,1,0,抖音
2555,1426,2026-08-01 08:47:00,酒店预订,531.92,0,0,抖音
2556,1427,2026-08-05 16:53:00,景点门票,96.5,0,0,自然
2557,1427,2026-08-30 21:14:00,景点门票,70.19,1,0,自然
2558,1428,2026-07-10 08:49:00,酒店预订,247.23,0,0,自然
2559,1428,2026-08-02 10:19:00,景点门票,91.26,0,0,自然
2560,1429,2026-08-01 09:52:00,一日游套餐,203.92,1,0,微信
2561,1429,2026-08-11 18:26:00,景点门票,80.49,1,0,微信
2562,1429,2026-08-15 14:38:00,景点门票,100.61,1,0,微信
2563,1429,2026-08-21 22:26:00,一日游套餐,294.45,1,0,微信
2564,1431,2026-07-21 12:41:00,一日游套餐,396.97,0,0,地推
2565,1431,2026-08-02 13:25:00,景点门票,102.56,0,0,地推
2566,1432,2026-08-03 16:46:00,酒店预订,544.27,1,0,小红书
2567,1432,2026-08-05 07:33:00,景点门票,84.49,1,0,小红书
2568,1432,2026-08-28 11:03:00,景点门票,169.87,0,0,小红书
2569,1433,2026-07-08 12:55:00,景点门票,136.34,0,0,自然
2570,1433,2026-07-15 09:56:00,景点门票,147.6,1,0,自然
2571,1433,2026-07-21 15:38:00,酒店预订,554.13,0,0,自然
2572,1433,2026-08-14 16:33:00,景点门票,41.22,0,0,自然
2573,1434,2026-07-12 21:57:00,酒店预订,589.05,1,0,自然
2574,1434,2026-07-19 07:37:00,景点门票,157.37,1,0,自然
2575,1434,2026-07-19 18:29:00,景点门票,92.4,1,0,自然
2576,1437,2026-06-25 09:39:00,景点门票,163.42,1,0,自然
2577,1438,2026-07-05 14:21:00,景点门票,81.27,1,0,抖音
2578,1439,2026-07-10 09:40:00,景点门票,141.71,1,0,地推
2579,1440,2026-06-10 11:35:00,景点门票,63.9,1,0,地推
2580,1442,2026-08-04 17:29:00,酒店预订,447.8,1,0,自然
2581,1442,2026-08-16 12:25:00,酒店预订,257.36,0,0,自然
2582,1443,2026-06-10 12:48:00,一日游套餐,225.24,1,0,自然
2583,1443,2026-06-13 16:33:00,一日游套餐,278.01,1,0,自然
2584,1443,2026-06-19 20:37:00,景点门票,75.84,1,0,自然
2585,1443,2026-06-23 08:35:00,景点门票,151.3,1,0,自然
2586,1443,2026-06-23 17:34:00,一日游套餐,310.75,1,0,自然
2587,1443,2026-08-02 10:07:00,景点门票,112.49,1,0,自然
2588,1444,2026-06-26 11:23:00,景点门票,58.91,0,0,自然
2589,1445,2026-06-29 08:56:00,酒店预订,466.45,1,0,自然
2590,1445,2026-07-03 15:16:00,酒店预订,435.78,1,0,自然
2591,1445,2026-07-18 20:11:00,景点门票,48.29,0,0,自然
2592,1446,2026-06-19 22:42:00,一日游套餐,351.57,0,0,抖音
2593,1447,2026-08-08 07:59:00,一日游套餐,411.89,1,0,地推
2594,1448,2026-06-29 14:40:00,酒店预订,238.08,1,0,抖音
2595,1449,2026-08-04 08:06:00,景点门票,83.0,1,0,小红书
2596,1449,2026-08-05 15:36:00,景点门票,136.17,1,0,小红书
2597,1450,2026-06-26 16:10:00,景点门票,120.21,1,0,自然
2598,1450,2026-07-22 16:10:00,酒店预订,389.86,1,0,自然
2599,1451,2026-07-16 17:26:00,景点门票,166.7,0,0,微信
2600,1451,2026-07-22 17:22:00,景点门票,119.21,1,0,微信
2601,1451,2026-07-22 07:23:00,酒店预订,212.9,1,0,微信
2602,1451,2026-08-15 11:55:00,景点门票,51.03,1,0,微信
2603,1453,2026-08-13 11:48:00,酒店预订,367.47,0,0,微信
2604,1453,2026-08-23 15:45:00,一日游套餐,248.27,0,0,微信
2605,1453,2026-08-23 08:24:00,景点门票,43.3,1,0,微信
2606,1454,2026-07-16 22:10:00,酒店预订,379.4,0,0,地推
2607,1456,2026-08-02 11:20:00,景点门票,132.91,0,0,自然
2608,1456,2026-08-12 09:23:00,一日游套餐,445.24,1,0,自然
2609,1457,2026-08-18 11:45:00,景点门票,91.93,1,0,自然
2610,1458,2026-08-15 22:39:00,景点门票,123.2,1,0,抖音
2611,1459,2026-07-14 16:36:00,酒店预订,364.82,0,0,地推
2612,1459,2026-07-16 21:37:00,酒店预订,414.73,1,0,地推
2613,1461,2026-07-12 20:00:00,酒店预订,308.98,1,0,微信
2614,1461,2026-07-19 17:38:00,酒店预订,195.69,0,0,微信
2615,1461,2026-07-19 16:44:00,酒店预订,448.73,1,0,微信
2616,1461,2026-07-25 12:28:00,一日游套餐,387.07,0,0,微信
2617,1461,2026-07-26 21:24:00,景点门票,53.98,1,0,微信
2618,1463,2026-06-15 19:26:00,景点门票,113.03,1,0,自然
2619,1463,2026-06-27 11:11:00,景点门票,42.06,0,0,自然
2620,1463,2026-08-08 07:18:00,酒店预订,367.37,1,0,自然
2621,1465,2026-08-23 09:41:00,景点门票,45.79,1,0,小红书
2622,1466,2026-06-30 16:06:00,景点门票,124.39,0,0,小红书
2623,1466,2026-08-08 17:27:00,景点门票,146.33,0,0,小红书
2624,1468,2026-07-06 10:36:00,酒店预订,314.35,1,0,自然
2625,1469,2026-08-01 08:57:00,一日游套餐,436.62,1,0,小红书
2626,1470,2026-08-01 14:36:00,景点门票,150.15,0,0,自然
2627,1470,2026-08-14 11:19:00,酒店预订,373.93,1,0,自然
2628,1473,2026-07-08 10:41:00,酒店预订,435.66,0,0,自然
2629,1476,2026-07-25 20:42:00,酒店预订,527.44,1,1,抖音
2630,1478,2026-07-19 14:56:00,一日游套餐,391.07,1,0,地推
2631,1480,2026-06-28 23:09:00,一日游套餐,324.36,0,0,抖音
2632,1483,2026-07-02 19:25:00,酒店预订,187.33,1,1,小红书
2633,1483,2026-07-12 14:04:00,景点门票,140.0,1,0,小红书
2634,1483,2026-08-06 13:19:00,酒店预订,250.72,1,0,小红书
2635,1484,2026-06-25 11:26:00,酒店预订,343.96,0,0,自然
2636,1484,2026-06-25 09:03:00,酒店预订,373.37,1,0,自然
2637,1484,2026-07-04 08:50:00,景点门票,70.93,0,0,自然
2638,1484,2026-07-10 10:46:00,景点门票,167.38,0,0,自然
2639,1484,2026-08-09 19:23:00,景点门票,161.66,1,1,自然
2640,1484,2026-08-19 19:37:00,酒店预订,280.59,1,0,自然
2641,1485,2026-08-28 14:55:00,景点门票,84.59,0,0,小红书
2642,1486,2026-07-17 07:12:00,一日游套餐,284.05,1,0,自然
2643,1486,2026-08-31 20:00:00,景点门票,87.96,1,0,自然
2644,1486,2026-08-31 14:26:00,酒店预订,387.57,0,0,自然
2645,1487,2026-07-16 09:41:00,景点门票,69.47,1,0,地推
2646,1487,2026-07-21 23:01:00,酒店预订,301.37,1,1,地推
2647,1489,2026-07-10 11:05:00,酒店预订,348.35,1,0,微信
2648,1489,2026-07-12 22:23:00,景点门票,104.88,1,1,微信
2649,1489,2026-07-17 10:24:00,景点门票,155.57,0,0,微信
2650,1489,2026-07-30 07:29:00,酒店预订,494.69,1,1,微信
2651,1489,2026-08-06 14:05:00,景点门票,101.11,0,0,微信
2652,1491,2026-07-08 16:52:00,景点门票,153.87,1,0,自然
2653,1492,2026-07-05 21:50:00,酒店预订,476.17,1,0,微信
2654,1492,2026-07-06 19:58:00,酒店预订,251.64,1,0,微信
2655,1492,2026-07-08 13:48:00,酒店预订,461.54,1,0,微信
2656,1492,2026-07-10 17:06:00,景点门票,53.7,0,0,微信
2657,1492,2026-07-12 20:24:00,景点门票,120.38,1,0,微信
2658,1492,2026-07-30 16:48:00,酒店预订,538.21,0,0,微信
2659,1492,2026-08-22 16:54:00,酒店预订,253.17,0,0,微信
2660,1493,2026-06-29 14:55:00,景点门票,90.49,1,0,小红书
2661,1493,2026-07-10 20:47:00,酒店预订,272.07,1,0,小红书
2662,1493,2026-07-24 07:19:00,一日游套餐,340.45,0,0,小红书
2663,1494,2026-06-25 12:44:00,酒店预订,537.78,0,0,微信
2664,1494,2026-08-04 12:47:00,景点门票,121.31,0,0,微信
2665,1494,2026-08-07 11:01:00,一日游套餐,205.78,0,0,微信
2666,1495,2026-08-26 19:46:00,景点门票,47.15,1,0,抖音
2667,1495,2026-08-26 22:04:00,酒店预订,356.07,0,0,抖音
2668,1497,2026-07-10 19:55:00,景点门票,113.56,1,0,微信
2669,1497,2026-07-10 20:54:00,景点门票,51.83,1,0,微信
2670,1497,2026-07-11 17:36:00,景点门票,176.79,1,0,微信
2671,1497,2026-07-17 16:56:00,酒店预订,528.56,1,0,微信
2672,1497,2026-07-30 19:29:00,酒店预订,241.38,1,0,微信
2673,1497,2026-08-18 17:59:00,酒店预订,487.97,1,0,微信
2674,1498,2026-06-27 17:07:00,一日游套餐,221.6,0,0,小红书
2675,1499,2026-06-22 11:10:00,景点门票,167.96,1,0,抖音
2676,1499,2026-07-10 22:37:00,景点门票,179.95,1,0,抖音
2677,1500,2026-08-19 08:36:00,景点门票,117.57,1,0,小红书
2678,1500,2026-08-25 18:24:00,一日游套餐,376.15,0,0,小红书
2679,1502,2026-08-11 08:06:00,一日游套餐,270.99,1,0,地推
2680,1503,2026-07-03 18:27:00,一日游套餐,302.27,0,0,抖音
2681,1503,2026-07-11 22:06:00,酒店预订,307.82,1,1,抖音
2682,1504,2026-06-27 08:00:00,酒店预订,263.53,1,0,抖音
2683,1505,2026-07-17 18:17:00,景点门票,155.9,1,0,微信
2684,1505,2026-07-21 23:01:00,景点门票,148.72,1,0,微信
2685,1505,2026-07-30 22:00:00,景点门票,99.11,1,0,微信
2686,1505,2026-08-05 07:11:00,酒店预订,271.82,0,0,微信
2687,1505,2026-08-07 23:02:00,一日游套餐,377.25,1,0,微信
2688,1505,2026-08-14 21:49:00,一日游套餐,306.12,1,1,微信
2689,1506,2026-08-07 07:21:00,酒店预订,195.16,0,0,抖音
2690,1507,2026-06-14 14:45:00,景点门票,42.79,1,0,小红书
2691,1507,2026-06-15 19:54:00,景点门票,120.49,1,0,小红书
2692,1507,2026-06-15 20:06:00,酒店预订,463.59,1,0,小红书
2693,1507,2026-06-24 10:00:00,酒店预订,356.74,0,0,小红书
2694,1507,2026-07-05 10:09:00,酒店预订,276.62,1,0,小红书
2695,1507,2026-07-11 15:56:00,酒店预订,262.13,1,0,小红书
2696,1509,2026-07-08 21:33:00,一日游套餐,367.98,0,0,自然
2697,1509,2026-07-16 20:36:00,一日游套餐,430.08,0,0,自然
2698,1509,2026-07-26 22:23:00,酒店预订,249.36,1,0,自然
2699,1509,2026-07-27 10:54:00,景点门票,179.34,1,0,自然
2700,1511,2026-07-19 07:49:00,景点门票,146.77,1,0,自然
2701,1511,2026-07-31 18:28:00,一日游套餐,400.42,1,0,自然
2702,1511,2026-08-06 23:03:00,景点门票,79.63,1,0,自然
2703,1511,2026-08-22 21:45:00,一日游套餐,293.04,1,0,自然
2704,1512,2026-08-14 15:20:00,酒店预订,430.2,1,0,自然
2705,1513,2026-08-09 07:30:00,酒店预订,485.76,1,0,小红书
2706,1514,2026-06-26 20:55:00,酒店预订,435.86,1,0,小红书
2707,1514,2026-07-04 12:25:00,景点门票,146.21,1,0,小红书
2708,1514,2026-07-18 14:18:00,酒店预订,403.16,1,0,小红书
2709,1514,2026-07-21 14:26:00,一日游套餐,385.57,1,1,小红书
2710,1515,2026-08-03 07:30:00,景点门票,83.99,1,0,微信
2711,1515,2026-08-09 22:43:00,酒店预订,268.31,1,0,微信
2712,1515,2026-08-16 21:51:00,酒店预订,329.36,1,0,微信
2713,1516,2026-08-12 21:42:00,酒店预订,417.08,1,0,自然
2714,1516,2026-08-12 11:22:00,酒店预订,207.35,0,0,自然
2715,1516,2026-08-22 16:03:00,酒店预订,346.17,0,0,自然
2716,1518,2026-08-07 14:21:00,酒店预订,486.12,0,0,地推
2717,1519,2026-08-28 23:01:00,景点门票,156.58,0,0,自然
2718,1520,2026-07-17 08:25:00,景点门票,151.26,1,0,自然
2719,1520,2026-08-03 07:39:00,景点门票,171.67,1,0,自然
2720,1521,2026-07-25 19:45:00,景点门票,139.43,1,0,自然
2721,1521,2026-08-02 12:16:00,酒店预订,531.31,1,0,自然
2722,1522,2026-07-08 20:14:00,酒店预订,572.97,0,0,抖音
2723,1523,2026-07-26 15:11:00,酒店预订,507.13,1,0,微信
2724,1523,2026-07-26 16:36:00,景点门票,157.99,1,0,微信
2725,1523,2026-08-11 16:08:00,酒店预订,244.47,1,0,微信
2726,1524,2026-07-24 13:45:00,酒店预订,436.73,1,0,微信
2727,1525,2026-06-14 09:46:00,一日游套餐,270.6,0,0,小红书
2728,1525,2026-06-20 18:09:00,酒店预订,325.9,1,0,小红书
2729,1526,2026-07-26 21:52:00,酒店预订,496.55,1,0,自然
2730,1527,2026-08-24 17:50:00,一日游套餐,436.21,0,0,抖音
2731,1529,2026-07-25 10:46:00,酒店预订,389.39,1,0,自然
2732,1529,2026-08-09 18:04:00,酒店预订,566.98,0,0,自然
2733,1529,2026-08-11 20:07:00,酒店预订,274.56,1,0,自然
2734,1529,2026-08-14 20:17:00,一日游套餐,352.94,1,0,自然
2735,1530,2026-07-10 13:22:00,一日游套餐,328.69,1,0,自然
2736,1532,2026-08-17 13:42:00,酒店预订,200.2,1,0,自然
2737,1533,2026-06-22 21:05:00,一日游套餐,258.79,0,0,抖音
2738,1533,2026-07-09 11:10:00,景点门票,160.47,0,0,抖音
2739,1535,2026-07-02 14:15:00,景点门票,167.83,1,0,自然
2740,1535,2026-07-16 23:06:00,酒店预订,315.21,1,0,自然
2741,1535,2026-07-29 18:42:00,酒店预订,555.07,0,0,自然
2742,1535,2026-07-29 21:59:00,一日游套餐,446.57,0,0,自然
2743,1536,2026-07-13 16:12:00,一日游套餐,414.91,1,0,抖音
2744,1537,2026-07-07 16:57:00,景点门票,64.27,1,0,微信
2745,1537,2026-07-09 13:17:00,景点门票,95.82,1,0,微信
2746,1537,2026-07-13 16:24:00,景点门票,119.01,1,0,微信
2747,1537,2026-08-07 14:59:00,酒店预订,336.37,1,0,微信
2748,1538,2026-07-12 07:11:00,酒店预订,257.67,1,0,小红书
2749,1538,2026-07-17 13:48:00,景点门票,152.37,0,0,小红书
2750,1538,2026-07-19 18:51:00,景点门票,131.4,0,0,小红书
2751,1538,2026-07-30 10:02:00,景点门票,42.92,0,0,小红书
2752,1539,2026-08-03 11:38:00,酒店预订,488.76,1,0,微信
2753,1539,2026-08-06 17:06:00,酒店预订,513.14,0,0,微信
2754,1540,2026-06-14 13:47:00,一日游套餐,257.36,1,0,抖音
2755,1541,2026-06-05 21:33:00,景点门票,160.31,0,0,微信
2756,1541,2026-06-07 09:58:00,景点门票,79.75,1,0,微信
2757,1541,2026-06-17 21:54:00,景点门票,69.69,0,0,微信
2758,1542,2026-08-20 09:59:00,酒店预订,504.44,1,0,自然
2759,1544,2026-08-22 15:48:00,景点门票,115.08,1,0,自然
2760,1544,2026-08-22 12:44:00,景点门票,47.26,1,0,自然
2761,1547,2026-07-26 09:23:00,景点门票,171.65,0,0,自然
2762,1548,2026-07-24 07:54:00,景点门票,72.48,1,0,小红书
2763,1548,2026-07-29 13:21:00,景点门票,62.64,1,0,小红书
2764,1548,2026-08-23 20:16:00,一日游套餐,357.13,1,0,小红书
2765,1549,2026-08-13 11:18:00,景点门票,159.13,1,0,抖音
2766,1550,2026-08-31 15:09:00,酒店预订,484.11,1,0,自然
2767,1551,2026-08-18 08:53:00,酒店预订,497.21,0,0,自然
2768,1552,2026-07-22 13:26:00,酒店预订,238.2,1,0,抖音
2769,1552,2026-07-31 22:22:00,一日游套餐,332.03,0,0,抖音
2770,1553,2026-07-29 21:11:00,酒店预订,271.58,0,0,抖音
2771,1554,2026-07-22 13:34:00,景点门票,176.66,0,0,抖音
2772,1555,2026-06-10 20:51:00,景点门票,160.6,1,0,自然
2773,1555,2026-06-20 07:30:00,一日游套餐,256.4,1,0,自然
2774,1555,2026-07-02 17:38:00,酒店预订,315.43,1,0,自然
2775,1555,2026-07-05 07:21:00,景点门票,140.48,1,0,自然
2776,1555,2026-07-11 08:24:00,一日游套餐,391.81,1,0,自然
2777,1556,2026-07-18 19:24:00,酒店预订,240.66,1,0,微信
2778,1556,2026-07-26 10:49:00,酒店预订,277.6,1,0,微信
2779,1556,2026-08-01 11:38:00,酒店预订,461.19,1,1,微信
2780,1558,2026-06-21 21:40:00,酒店预订,357.2,0,0,抖音
2781,1558,2026-07-31 14:36:00,一日游套餐,264.98,0,0,抖音
2782,1559,2026-08-04 19:05:00,景点门票,75.46,1,0,小红书
2783,1560,2026-07-10 10:09:00,景点门票,128.03,1,0,微信
2784,1560,2026-07-11 07:51:00,景点门票,158.48,0,0,微信
2785,1560,2026-08-24 12:42:00,一日游套餐,446.96,1,0,微信
2786,1562,2026-06-12 10:32:00,一日游套餐,349.69,1,0,小红书
2787,1562,2026-06-18 17:07:00,酒店预订,439.2,1,0,小红书
2788,1562,2026-08-07 15:30:00,酒店预订,576.03,0,0,小红书
2789,1563,2026-08-12 16:48:00,景点门票,76.88,1,0,微信
2790,1563,2026-08-21 12:30:00,酒店预订,272.49,1,0,微信
2791,1564,2026-07-11 19:10:00,一日游套餐,210.0,0,0,地推
2792,1564,2026-07-15 19:45:00,景点门票,84.02,1,0,地推
2793,1564,2026-08-21 10:00:00,景点门票,144.86,1,0,地推
2794,1565,2026-07-28 11:38:00,景点门票,103.24,1,0,微信
2795,1565,2026-08-12 16:02:00,景点门票,145.34,1,0,微信
2796,1565,2026-08-15 12:29:00,一日游套餐,210.7,1,0,微信
2797,1566,2026-06-27 14:48:00,酒店预订,298.48,1,0,抖音
2798,1566,2026-07-15 07:45:00,酒店预订,378.99,0,0,抖音
2799,1567,2026-07-05 17:43:00,酒店预订,295.47,0,0,自然
2800,1567,2026-07-20 12:30:00,景点门票,129.67,1,0,自然
2801,1570,2026-08-18 18:28:00,一日游套餐,306.38,0,0,抖音
2802,1573,2026-06-23 19:28:00,一日游套餐,211.83,1,0,抖音
2803,1573,2026-07-18 19:54:00,景点门票,76.51,0,0,抖音
2804,1574,2026-07-01 18:32:00,一日游套餐,283.52,1,0,微信
2805,1574,2026-07-06 15:11:00,一日游套餐,250.02,0,0,微信
2806,1575,2026-07-12 10:04:00,酒店预订,552.96,1,0,自然
2807,1575,2026-07-22 17:07:00,酒店预订,406.74,0,0,自然
2808,1576,2026-08-15 13:19:00,景点门票,45.97,1,0,自然
2809,1577,2026-07-27 15:13:00,一日游套餐,220.85,1,0,微信
2810,1580,2026-07-29 07:20:00,景点门票,110.72,1,1,微信
2811,1580,2026-08-07 11:47:00,景点门票,153.81,1,0,微信
2812,1580,2026-08-18 13:39:00,一日游套餐,204.4,0,0,微信
2813,1580,2026-08-22 08:40:00,景点门票,153.18,1,0,微信
2814,1580,2026-08-29 21:04:00,酒店预订,272.5,1,0,微信
2815,1581,2026-07-29 21:50:00,酒店预订,453.72,1,0,微信
2816,1581,2026-08-07 14:17:00,酒店预订,434.71,1,0,微信
2817,1581,2026-08-09 08:57:00,景点门票,63.64,0,0,微信
2818,1581,2026-08-14 15:38:00,酒店预订,232.88,1,0,微信
2819,1581,2026-08-30 16:39:00,景点门票,58.96,1,0,微信
2820,1585,2026-08-27 20:24:00,景点门票,76.57,1,0,小红书
2821,1586,2026-07-08 11:24:00,一日游套餐,321.28,0,0,地推
2822,1586,2026-07-22 16:00:00,景点门票,81.1,1,0,地推
2823,1587,2026-08-19 14:57:00,一日游套餐,243.17,0,0,抖音
2824,1590,2026-07-12 10:31:00,一日游套餐,243.38,1,0,自然
2825,1591,2026-07-30 07:42:00,景点门票,56.49,1,0,自然
2826,1591,2026-08-07 18:32:00,一日游套餐,320.6,1,0,自然
2827,1591,2026-08-12 22:54:00,景点门票,66.85,1,1,自然
2828,1593,2026-07-16 12:53:00,景点门票,100.67,1,0,地推
2829,1594,2026-08-21 17:15:00,景点门票,153.83,0,0,抖音
2830,1595,2026-07-19 21:54:00,景点门票,85.06,1,0,微信
2831,1595,2026-08-09 22:58:00,酒店预订,585.3,1,0,微信
2832,1596,2026-08-16 11:44:00,景点门票,170.94,1,0,小红书
2833,1597,2026-06-27 22:06:00,景点门票,123.38,1,0,自然
2834,1597,2026-07-11 08:08:00,景点门票,100.15,1,0,自然
2835,1599,2026-07-18 20:51:00,酒店预订,577.63,1,0,微信
2836,1600,2026-08-02 09:18:00,酒店预订,502.6,1,0,自然
2837,1602,2026-07-28 10:32:00,景点门票,54.25,1,0,自然
2838,1602,2026-07-28 18:04:00,酒店预订,223.15,0,0,自然
2839,1602,2026-07-31 21:59:00,景点门票,56.55,0,0,自然
2840,1603,2026-07-11 08:42:00,景点门票,138.46,1,0,小红书
2841,1603,2026-08-05 08:17:00,景点门票,172.98,1,0,小红书
2842,1603,2026-08-11 19:48:00,景点门票,150.65,0,0,小红书
2843,1604,2026-07-01 18:38:00,一日游套餐,279.65,1,0,微信
2844,1604,2026-07-04 08:06:00,酒店预订,363.53,1,0,微信
2845,1608,2026-06-29 18:05:00,景点门票,134.6,0,0,自然
2846,1608,2026-07-14 08:51:00,酒店预订,267.91,1,1,自然
2847,1610,2026-07-12 13:05:00,酒店预订,572.4,0,0,抖音
2848,1610,2026-08-09 22:22:00,景点门票,94.71,1,1,抖音
2849,1612,2026-07-28 13:21:00,酒店预订,596.72,1,0,微信
2850,1613,2026-07-16 07:36:00,酒店预订,199.72,1,0,微信
2851,1613,2026-07-25 08:25:00,景点门票,114.17,1,0,微信
2852,1613,2026-08-08 14:20:00,一日游套餐,376.25,1,0,微信
2853,1614,2026-07-18 17:11:00,景点门票,89.62,1,0,抖音
2854,1615,2026-06-19 19:08:00,酒店预订,576.66,0,0,微信
2855,1615,2026-07-11 22:33:00,酒店预订,299.11,1,0,微信
2856,1615,2026-07-18 11:03:00,一日游套餐,350.34,1,0,微信
2857,1615,2026-07-30 13:36:00,酒店预订,365.35,1,0,微信
2858,1615,2026-08-01 20:21:00,景点门票,133.83,1,0,微信
2859,1615,2026-08-12 19:56:00,景点门票,136.31,1,0,微信
2860,1616,2026-06-19 14:50:00,一日游套餐,341.36,0,0,自然
2861,1616,2026-06-23 21:26:00,景点门票,174.43,1,0,自然
2862,1616,2026-06-27 23:01:00,酒店预订,485.77,1,0,自然
2863,1616,2026-06-28 21:56:00,一日游套餐,428.69,1,0,自然
2864,1616,2026-07-25 09:49:00,酒店预订,434.58,1,0,自然
2865,1616,2026-08-12 13:00:00,景点门票,127.16,1,0,自然
2866,1617,2026-07-04 18:38:00,酒店预订,222.94,0,0,自然
2867,1617,2026-08-17 07:12:00,酒店预订,390.45,0,0,自然
2868,1618,2026-06-09 13:29:00,一日游套餐,412.7,1,0,抖音
2869,1618,2026-06-09 15:09:00,景点门票,164.54,1,0,抖音
2870,1619,2026-07-24 19:33:00,酒店预订,303.77,0,0,地推
2871,1620,2026-06-21 20:03:00,景点门票,86.72,0,0,自然
2872,1620,2026-06-24 10:01:00,景点门票,117.25,1,0,自然
2873,1620,2026-06-29 18:58:00,景点门票,94.39,0,0,自然
2874,1620,2026-08-01 20:22:00,酒店预订,426.95,1,0,自然
2875,1620,2026-08-09 18:54:00,酒店预订,470.43,0,0,自然
2876,1621,2026-06-17 20:50:00,酒店预订,408.24,1,0,自然
2877,1621,2026-07-02 17:18:00,景点门票,65.77,1,0,自然
2878,1621,2026-07-04 07:21:00,景点门票,152.64,0,0,自然
2879,1621,2026-07-14 20:21:00,景点门票,159.15,0,0,自然
2880,1622,2026-07-19 08:52:00,酒店预订,551.58,1,0,抖音
2881,1622,2026-08-15 11:16:00,一日游套餐,354.8,1,0,抖音
2882,1622,2026-08-30 08:04:00,景点门票,114.73,1,0,抖音
2883,1623,2026-06-17 09:28:00,景点门票,159.29,1,0,微信
2884,1623,2026-08-12 19:27:00,景点门票,171.4,1,0,微信
2885,1624,2026-07-13 08:35:00,酒店预订,486.87,1,0,自然
2886,1624,2026-07-15 13:00:00,酒店预订,501.99,1,0,自然
2887,1624,2026-07-21 13:25:00,酒店预订,411.35,1,0,自然
2888,1624,2026-08-16 19:31:00,景点门票,175.1,1,0,自然
2889,1626,2026-07-27 13:10:00,酒店预订,254.49,1,0,小红书
2890,1626,2026-07-27 07:57:00,酒店预订,404.85,1,0,小红书
2891,1627,2026-06-28 20:09:00,酒店预订,473.71,1,0,抖音
2892,1628,2026-06-18 11:07:00,酒店预订,253.06,1,0,自然
2893,1628,2026-06-28 14:45:00,景点门票,67.54,1,0,自然
2894,1629,2026-08-02 08:39:00,景点门票,155.95,1,0,自然
2895,1629,2026-08-03 19:09:00,酒店预订,210.28,1,0,自然
2896,1629,2026-08-05 15:09:00,酒店预订,279.58,1,0,自然
2897,1629,2026-08-09 13:49:00,景点门票,175.97,1,0,自然
2898,1629,2026-08-09 22:07:00,酒店预订,223.88,1,0,自然
2899,1632,2026-08-26 11:19:00,景点门票,60.55,1,0,微信
2900,1632,2026-08-29 10:48:00,景点门票,155.14,0,0,微信
2901,1633,2026-07-01 22:55:00,景点门票,72.99,0,0,小红书
2902,1633,2026-07-04 16:34:00,酒店预订,352.64,1,0,小红书
2903,1634,2026-06-19 14:09:00,景点门票,43.02,1,0,小红书
2904,1634,2026-07-09 12:51:00,景点门票,115.85,1,0,小红书
2905,1634,2026-07-18 19:52:00,景点门票,128.04,1,0,小红书
2906,1636,2026-07-11 19:36:00,酒店预订,511.52,1,0,抖音
2907,1637,2026-07-29 20:06:00,一日游套餐,360.38,0,0,抖音
2908,1639,2026-07-21 18:11:00,一日游套餐,265.37,1,0,自然
2909,1639,2026-07-25 13:23:00,酒店预订,370.07,1,0,自然
2910,1639,2026-08-10 12:08:00,景点门票,66.0,1,0,自然
2911,1640,2026-06-17 14:46:00,景点门票,58.05,0,0,小红书
2912,1640,2026-07-25 15:51:00,一日游套餐,280.51,0,0,小红书
2913,1641,2026-07-17 18:46:00,景点门票,143.91,1,0,小红书
2914,1642,2026-07-12 11:32:00,景点门票,82.31,0,0,自然
2915,1642,2026-08-10 09:03:00,景点门票,62.69,1,0,自然
2916,1642,2026-08-11 09:40:00,酒店预订,239.84,1,0,自然
2917,1644,2026-07-07 07:10:00,景点门票,95.85,1,0,自然
2918,1644,2026-07-14 12:52:00,酒店预订,220.45,1,0,自然
2919,1644,2026-07-19 17:36:00,酒店预订,412.6,0,0,自然
2920,1645,2026-07-15 15:20:00,景点门票,144.48,1,0,自然
2921,1645,2026-08-29 21:31:00,景点门票,85.09,1,0,自然
2922,1646,2026-07-18 11:17:00,酒店预订,365.07,0,0,抖音
2923,1647,2026-07-11 20:24:00,酒店预订,353.54,1,0,自然
2924,1648,2026-06-26 14:57:00,景点门票,59.07,1,0,微信
2925,1649,2026-07-11 21:12:00,景点门票,66.48,1,0,地推
2926,1649,2026-07-13 21:32:00,景点门票,84.72,1,0,地推
2927,1649,2026-08-13 10:23:00,酒店预订,303.2,1,0,地推
2928,1650,2026-07-22 21:38:00,景点门票,154.83,1,0,微信
2929,1650,2026-07-22 07:30:00,一日游套餐,338.8,1,0,微信
2930,1650,2026-07-23 20:21:00,景点门票,80.57,1,0,微信
2931,1650,2026-07-23 21:52:00,酒店预订,529.26,1,0,微信
2932,1650,2026-08-31 09:45:00,景点门票,154.06,1,0,微信
2933,1651,2026-06-22 16:09:00,一日游套餐,303.7,0,0,自然
2934,1651,2026-06-30 12:31:00,酒店预订,187.61,1,1,自然
2935,1652,2026-08-05 21:59:00,一日游套餐,242.76,1,0,自然
2936,1652,2026-08-05 22:12:00,一日游套餐,211.64,1,0,自然
2937,1652,2026-08-05 13:08:00,一日游套餐,208.37,0,0,自然
2938,1654,2026-08-17 20:14:00,酒店预订,252.37,1,0,自然
2939,1654,2026-08-20 17:57:00,一日游套餐,331.6,1,0,自然
2940,1654,2026-08-20 22:01:00,景点门票,50.18,1,0,自然
2941,1656,2026-06-18 16:48:00,景点门票,88.23,0,0,抖音
2942,1658,2026-06-27 22:36:00,酒店预订,486.14,1,0,微信
2943,1658,2026-08-04 19:23:00,酒店预订,187.53,0,0,微信
2944,1658,2026-08-04 16:09:00,景点门票,157.34,0,0,微信
2945,1660,2026-07-04 10:31:00,一日游套餐,385.82,1,0,自然
2946,1660,2026-07-05 18:41:00,景点门票,161.25,1,0,自然
2947,1661,2026-06-27 19:24:00,景点门票,119.11,1,0,自然
2948,1661,2026-07-15 12:34:00,一日游套餐,351.53,0,0,自然
2949,1662,2026-07-16 21:36:00,酒店预订,239.96,0,0,小红书
2950,1662,2026-07-25 19:16:00,景点门票,64.65,1,0,小红书
2951,1663,2026-07-01 12:30:00,景点门票,104.63,0,0,微信
2952,1663,2026-07-01 15:03:00,一日游套餐,207.04,0,0,微信
2953,1663,2026-07-15 13:16:00,景点门票,177.15,1,0,微信
2954,1663,2026-07-15 22:04:00,一日游套餐,327.14,0,0,微信
2955,1663,2026-08-08 07:45:00,酒店预订,485.4,0,0,微信
2956,1663,2026-08-08 08:08:00,景点门票,57.76,1,0,微信
2957,1663,2026-08-11 10:04:00,一日游套餐,241.11,1,0,微信
2958,1664,2026-06-19 08:05:00,酒店预订,283.53,1,1,自然
2959,1664,2026-06-20 07:58:00,酒店预订,286.22,1,0,自然
2960,1665,2026-07-11 18:36:00,酒店预订,524.59,0,0,地推
2961,1665,2026-08-09 15:38:00,酒店预订,301.67,0,0,地推
2962,1666,2026-06-23 18:40:00,景点门票,151.06,0,0,微信
2963,1666,2026-07-27 21:46:00,景点门票,59.31,1,0,微信
2964,1666,2026-08-03 13:54:00,景点门票,165.51,1,0,微信
2965,1667,2026-07-09 16:03:00,一日游套餐,253.23,1,0,微信
2966,1667,2026-07-20 18:42:00,一日游套餐,380.76,1,0,微信
2967,1667,2026-07-29 21:41:00,酒店预订,506.73,1,0,微信
2968,1668,2026-06-10 09:10:00,景点门票,76.69,1,1,自然
2969,1668,2026-06-15 17:45:00,景点门票,99.69,1,1,自然
2970,1668,2026-07-31 21:47:00,一日游套餐,372.99,1,0,自然
2971,1669,2026-07-04 16:33:00,景点门票,146.63,1,0,自然
2972,1669,2026-07-04 10:08:00,景点门票,163.77,1,0,自然
2973,1671,2026-07-26 11:42:00,景点门票,122.42,0,0,抖音
2974,1673,2026-06-19 12:45:00,一日游套餐,292.45,1,0,小红书
2975,1674,2026-06-29 15:07:00,一日游套餐,201.01,1,0,自然
2976,1674,2026-08-15 20:40:00,酒店预订,292.89,1,0,自然
2977,1675,2026-06-20 14:33:00,景点门票,117.33,0,0,微信
2978,1675,2026-06-24 13:00:00,景点门票,50.21,1,0,微信
2979,1675,2026-08-11 13:24:00,一日游套餐,311.98,1,0,微信
2980,1676,2026-06-27 19:27:00,景点门票,121.04,1,0,地推
2981,1677,2026-07-12 21:02:00,景点门票,120.24,0,0,小红书
2982,1679,2026-08-30 15:50:00,景点门票,74.05,0,0,微信
2983,1679,2026-08-30 12:05:00,景点门票,126.33,1,0,微信
2984,1681,2026-07-31 08:00:00,一日游套餐,336.52,1,0,小红书
2985,1681,2026-08-03 21:57:00,酒店预订,218.47,0,0,小红书
2986,1681,2026-08-23 13:41:00,景点门票,176.33,0,0,小红书
2987,1682,2026-07-16 16:28:00,景点门票,157.55,1,1,微信
2988,1683,2026-06-17 19:27:00,酒店预订,534.03,1,0,小红书
2989,1683,2026-07-26 08:57:00,酒店预订,299.3,1,0,小红书
2990,1683,2026-07-27 16:53:00,景点门票,143.9,1,0,小红书
2991,1684,2026-07-08 09:03:00,景点门票,109.54,1,0,自然
2992,1684,2026-08-30 08:36:00,一日游套餐,327.94,1,0,自然
2993,1685,2026-07-29 09:37:00,景点门票,147.13,1,0,自然
2994,1686,2026-06-27 10:26:00,一日游套餐,383.29,1,0,自然
2995,1686,2026-07-12 16:51:00,酒店预订,278.71,1,0,自然
2996,1686,2026-08-27 16:53:00,景点门票,99.26,0,0,自然
2997,1688,2026-06-30 22:43:00,酒店预订,348.19,1,0,抖音
2998,1688,2026-08-19 09:03:00,一日游套餐,399.77,0,0,抖音
2999,1689,2026-07-18 09:19:00,景点门票,91.26,1,0,小红书
3000,1689,2026-07-25 13:40:00,酒店预订,472.8,1,0,小红书
3001,1690,2026-07-14 07:22:00,景点门票,125.55,1,0,抖音
3002,1691,2026-07-24 08:42:00,景点门票,147.45,1,0,微信
3003,1691,2026-07-27 12:45:00,酒店预订,503.52,1,0,微信
3004,1691,2026-08-29 17:06:00,酒店预订,406.12,0,0,微信
3005,1691,2026-08-29 07:27:00,一日游套餐,218.55,1,0,微信
3006,1691,2026-08-29 13:06:00,景点门票,76.21,1,0,微信
3007,1694,2026-08-04 15:10:00,酒店预订,283.76,0,0,小红书
3008,1694,2026-08-11 20:04:00,酒店预订,214.07,0,0,小红书
3009,1695,2026-06-28 11:24:00,景点门票,157.61,1,0,小红书
3010,1695,2026-07-11 08:49:00,酒店预订,575.25,1,0,小红书
3011,1695,2026-07-11 07:34:00,一日游套餐,417.31,1,0,小红书
3012,1697,2026-07-19 15:05:00,景点门票,158.4,1,0,自然
3013,1697,2026-07-26 12:17:00,酒店预订,340.11,1,0,自然
3014,1697,2026-08-01 21:32:00,酒店预订,251.57,0,0,自然
3015,1698,2026-06-15 12:04:00,景点门票,69.38,1,0,微信
3016,1698,2026-07-05 16:03:00,景点门票,95.82,1,0,微信
3017,1699,2026-06-25 13:20:00,景点门票,76.04,0,0,地推
3018,1699,2026-06-29 14:02:00,景点门票,130.86,1,0,地推
3019,1700,2026-07-11 14:44:00,景点门票,98.35,0,0,小红书
3020,1700,2026-07-29 07:56:00,一日游套餐,273.99,1,0,小红书
3021,1701,2026-08-07 09:18:00,一日游套餐,226.59,0,0,地推
3022,1703,2026-07-10 20:59:00,一日游套餐,343.49,0,0,抖音
3023,1703,2026-07-14 20:19:00,景点门票,114.78,1,0,抖音
3024,1704,2026-07-06 22:11:00,景点门票,172.56,0,0,小红书
3025,1704,2026-07-18 22:25:00,景点门票,129.01,1,0,小红书
3026,1704,2026-07-27 15:12:00,景点门票,139.55,1,0,小红书
3027,1704,2026-07-30 09:48:00,景点门票,64.39,0,0,小红书
3028,1704,2026-08-12 22:04:00,酒店预订,343.48,1,0,小红书
3029,1706,2026-07-26 10:49:00,酒店预订,227.39,1,0,地推
3030,1707,2026-07-17 19:07:00,酒店预订,225.98,0,0,自然
3031,1709,2026-06-26 07:51:00,酒店预订,581.41,1,0,微信
3032,1709,2026-06-27 20:27:00,酒店预订,378.1,1,0,微信
3033,1709,2026-07-01 20:45:00,一日游套餐,434.07,1,0,微信
3034,1709,2026-07-01 20:26:00,一日游套餐,247.24,1,0,微信
3035,1709,2026-07-01 20:01:00,景点门票,71.15,1,0,微信
3036,1709,2026-07-12 09:09:00,酒店预订,290.09,0,0,微信
3037,1709,2026-07-19 22:36:00,景点门票,60.75,1,0,微信
3038,1709,2026-07-19 09:39:00,景点门票,61.38,1,0,微信
3039,1709,2026-07-24 11:00:00,景点门票,104.99,1,1,微信
3040,1710,2026-06-20 13:06:00,景点门票,43.75,1,0,自然
3041,1710,2026-06-20 07:56:00,一日游套餐,309.81,0,0,自然
3042,1710,2026-07-03 10:57:00,酒店预订,249.04,1,0,自然
3043,1710,2026-07-18 18:11:00,一日游套餐,241.59,0,0,自然
3044,1710,2026-08-02 21:15:00,景点门票,168.46,1,0,自然
3045,1711,2026-07-22 11:36:00,景点门票,84.4,1,0,微信
3046,1711,2026-07-26 16:37:00,酒店预订,569.91,1,0,微信
3047,1711,2026-08-23 17:04:00,景点门票,101.31,1,0,微信
3048,1713,2026-07-29 19:03:00,景点门票,70.22,1,0,地推
3049,1714,2026-08-26 19:37:00,酒店预订,401.63,1,0,微信
3050,1715,2026-07-24 15:47:00,景点门票,133.94,0,0,抖音
3051,1715,2026-07-25 21:38:00,景点门票,142.83,1,1,抖音
3052,1716,2026-07-18 17:17:00,景点门票,158.54,1,1,微信
3053,1716,2026-08-06 16:33:00,一日游套餐,359.3,1,0,微信
3054,1718,2026-07-31 15:04:00,景点门票,121.84,1,0,小红书
3055,1718,2026-08-25 12:40:00,景点门票,104.4,1,0,小红书
3056,1719,2026-08-14 10:39:00,景点门票,54.8,1,0,小红书
3057,1719,2026-08-27 07:21:00,一日游套餐,292.51,0,0,小红书
3058,1720,2026-07-03 20:24:00,酒店预订,473.94,0,0,微信
3059,1720,2026-07-03 21:30:00,酒店预订,366.45,1,0,微信
3060,1720,2026-07-10 08:41:00,酒店预订,211.39,1,0,微信
3061,1720,2026-07-15 16:43:00,景点门票,108.3,1,1,微信
3062,1720,2026-07-15 21:35:00,景点门票,147.46,0,0,微信
3063,1721,2026-08-05 17:30:00,景点门票,90.85,1,0,自然
3064,1722,2026-06-29 14:47:00,一日游套餐,277.52,1,0,自然
3065,1722,2026-06-29 22:49:00,酒店预订,504.35,0,0,自然
3066,1723,2026-08-18 14:56:00,酒店预订,270.01,1,0,小红书
3067,1726,2026-07-09 14:49:00,酒店预订,366.58,1,0,自然
3068,1728,2026-07-09 17:04:00,一日游套餐,203.15,1,0,微信
3069,1728,2026-07-15 07:27:00,酒店预订,521.08,1,0,微信
3070,1728,2026-07-15 12:28:00,一日游套餐,427.94,1,0,微信
3071,1729,2026-06-27 17:52:00,景点门票,179.85,0,0,自然
3072,1729,2026-07-05 19:57:00,景点门票,145.03,1,0,自然
3073,1729,2026-07-05 09:37:00,景点门票,104.4,1,0,自然
3074,1729,2026-07-07 22:06:00,酒店预订,449.1,1,0,自然
3075,1729,2026-07-18 07:46:00,景点门票,104.63,1,1,自然
3076,1729,2026-07-26 16:22:00,景点门票,69.68,0,0,自然
3077,1731,2026-06-11 16:02:00,一日游套餐,402.77,1,0,地推
3078,1732,2026-06-22 20:10:00,一日游套餐,258.01,0,0,自然
3079,1732,2026-07-11 13:10:00,一日游套餐,446.65,0,0,自然
3080,1733,2026-07-18 22:02:00,一日游套餐,329.1,1,1,小红书
3081,1733,2026-08-14 14:03:00,一日游套餐,397.54,1,0,小红书
3082,1734,2026-07-02 09:36:00,酒店预订,356.69,0,0,自然
3083,1734,2026-07-10 10:28:00,景点门票,134.81,0,0,自然
3084,1734,2026-07-10 10:19:00,景点门票,173.65,0,0,自然
3085,1735,2026-07-25 16:12:00,酒店预订,257.21,1,0,微信
3086,1736,2026-08-03 17:44:00,酒店预订,290.55,1,0,小红书
3087,1736,2026-08-11 21:47:00,景点门票,68.42,1,0,小红书
3088,1737,2026-08-29 19:06:00,一日游套餐,395.69,1,1,微信
3089,1738,2026-06-25 22:26:00,景点门票,95.19,0,0,自然
3090,1738,2026-08-11 20:16:00,景点门票,77.49,0,0,自然
3091,1739,2026-07-19 18:36:00,景点门票,60.73,0,0,抖音
3092,1739,2026-08-16 21:12:00,景点门票,145.4,1,0,抖音
3093,1740,2026-06-25 16:07:00,酒店预订,293.71,1,0,微信
3094,1740,2026-07-05 21:19:00,酒店预订,250.48,1,0,微信
3095,1740,2026-07-12 08:02:00,景点门票,70.81,1,0,微信
3096,1742,2026-07-05 18:13:00,一日游套餐,237.65,1,0,自然
3097,1742,2026-07-11 17:43:00,景点门票,162.87,1,0,自然
3098,1742,2026-08-21 14:21:00,一日游套餐,293.18,1,0,自然
3099,1743,2026-07-31 14:18:00,酒店预订,213.99,0,0,自然
3100,1743,2026-08-05 21:35:00,酒店预订,281.26,1,0,自然
3101,1743,2026-08-24 07:40:00,酒店预订,259.34,1,0,自然
3102,1745,2026-07-30 10:18:00,景点门票,108.48,1,0,小红书
3103,1748,2026-06-30 10:26:00,景点门票,104.21,0,0,抖音
3104,1748,2026-07-26 22:24:00,酒店预订,537.5,1,0,抖音
3105,1749,2026-08-05 19:47:00,景点门票,104.1,1,0,抖音
3106,1750,2026-08-20 08:42:00,一日游套餐,391.87,0,0,抖音
3107,1751,2026-08-01 21:27:00,一日游套餐,364.01,1,1,小红书
3108,1752,2026-06-19 22:49:00,酒店预订,425.8,1,0,自然
3109,1752,2026-06-21 19:08:00,景点门票,115.75,1,0,自然
3110,1753,2026-07-02 14:57:00,酒店预订,337.61,1,0,微信
3111,1753,2026-07-04 19:01:00,酒店预订,443.37,1,0,微信
3112,1753,2026-07-17 13:50:00,景点门票,57.44,0,0,微信
3113,1754,2026-06-25 17:55:00,一日游套餐,383.76,1,0,微信
3114,1754,2026-07-15 10:23:00,景点门票,148.9,0,0,微信
3115,1756,2026-08-13 10:43:00,一日游套餐,319.12,1,0,抖音
3116,1757,2026-06-16 22:52:00,景点门票,128.57,1,0,自然
3117,1757,2026-08-09 07:21:00,一日游套餐,295.87,1,0,自然
3118,1760,2026-07-19 15:18:00,酒店预订,265.43,1,0,地推
3119,1760,2026-07-21 14:48:00,景点门票,69.58,1,0,地推
3120,1760,2026-07-24 16:36:00,景点门票,91.84,1,0,地推
3121,1762,2026-07-08 16:29:00,一日游套餐,326.75,1,1,自然
3122,1762,2026-07-19 10:34:00,酒店预订,312.46,1,0,自然
3123,1763,2026-06-21 18:27:00,景点门票,176.87,1,0,自然
3124,1763,2026-07-01 13:24:00,景点门票,138.1,1,0,自然
3125,1763,2026-07-29 08:37:00,景点门票,174.46,1,0,自然
3126,1763,2026-07-29 13:57:00,景点门票,72.89,0,0,自然
3127,1764,2026-08-19 23:00:00,景点门票,66.57,1,0,自然
3128,1765,2026-06-12 16:17:00,景点门票,127.5,1,0,自然
3129,1765,2026-06-17 20:30:00,景点门票,117.91,1,0,自然
3130,1765,2026-07-06 22:50:00,酒店预订,535.7,1,0,自然
3131,1766,2026-06-19 13:56:00,一日游套餐,422.05,0,0,自然
3132,1766,2026-08-07 12:39:00,酒店预订,567.06,1,0,自然
3133,1767,2026-07-10 20:32:00,景点门票,135.79,0,0,地推
3134,1768,2026-06-20 20:12:00,景点门票,153.43,1,0,自然
3135,1768,2026-07-11 14:12:00,景点门票,42.75,1,0,自然
3136,1769,2026-07-22 16:26:00,一日游套餐,386.85,0,0,自然
3137,1771,2026-08-01 10:58:00,酒店预订,367.15,0,0,小红书
3138,1771,2026-08-03 19:49:00,酒店预订,395.91,1,0,小红书
3139,1772,2026-07-27 19:53:00,一日游套餐,282.39,0,0,微信
3140,1772,2026-08-25 14:17:00,景点门票,52.18,0,0,微信
3141,1774,2026-07-04 17:18:00,景点门票,81.9,1,0,微信
3142,1774,2026-07-09 22:28:00,景点门票,67.03,0,0,微信
3143,1774,2026-07-16 14:41:00,酒店预订,585.93,1,0,微信
3144,1774,2026-08-15 11:24:00,酒店预订,381.09,0,0,微信
3145,1774,2026-08-17 08:09:00,一日游套餐,355.54,0,0,微信
3146,1775,2026-07-19 16:42:00,景点门票,85.26,0,0,小红书
3147,1775,2026-07-22 20:01:00,景点门票,115.57,1,0,小红书
3148,1776,2026-06-07 10:43:00,酒店预订,288.41,1,0,抖音
3149,1776,2026-06-20 20:14:00,酒店预订,303.07,1,0,抖音
3150,1776,2026-07-15 13:57:00,酒店预订,456.24,0,0,抖音
3151,1777,2026-06-21 22:35:00,景点门票,91.82,1,0,小红书
3152,1777,2026-06-23 12:05:00,景点门票,64.08,1,0,小红书
3153,1777,2026-06-23 20:31:00,一日游套餐,369.2,0,0,小红书
3154,1777,2026-06-25 17:05:00,酒店预订,504.58,1,0,小红书
3155,1778,2026-06-28 13:28:00,酒店预订,250.09,1,0,抖音
3156,1780,2026-08-06 08:11:00,景点门票,126.23,1,0,抖音
3157,1781,2026-06-27 16:10:00,景点门票,47.62,1,0,自然
3158,1782,2026-08-02 10:14:00,景点门票,71.97,1,0,微信
3159,1782,2026-08-08 07:15:00,酒店预订,283.03,0,0,微信
3160,1782,2026-08-08 19:41:00,景点门票,178.0,1,0,微信
3161,1782,2026-08-16 08:33:00,一日游套餐,280.33,0,0,微信
3162,1783,2026-06-29 16:05:00,酒店预订,279.94,0,0,自然
3163,1783,2026-07-23 19:40:00,酒店预订,542.18,1,0,自然
3164,1784,2026-07-06 13:05:00,一日游套餐,408.53,0,0,自然
3165,1785,2026-07-27 21:36:00,酒店预订,481.21,1,0,自然
3166,1785,2026-07-29 10:11:00,酒店预订,186.66,1,0,自然
3167,1785,2026-08-06 09:55:00,酒店预订,264.8,0,0,自然
3168,1785,2026-08-07 14:49:00,景点门票,155.67,0,0,自然
3169,1785,2026-08-15 07:55:00,酒店预订,186.48,1,0,自然
3170,1786,2026-07-11 21:15:00,酒店预订,388.16,0,0,微信
3171,1787,2026-08-28 08:38:00,一日游套餐,396.1,1,0,抖音
3172,1788,2026-07-06 13:04:00,酒店预订,543.87,1,1,小红书
3173,1788,2026-08-09 15:31:00,景点门票,80.87,0,0,小红书
3174,1789,2026-06-10 15:47:00,景点门票,143.08,1,0,微信
3175,1789,2026-07-19 21:31:00,景点门票,170.48,1,0,微信
3176,1790,2026-07-27 09:39:00,酒店预订,452.79,1,0,自然
3177,1791,2026-06-27 16:19:00,景点门票,170.54,1,0,微信
3178,1791,2026-06-28 14:57:00,一日游套餐,201.85,1,0,微信
3179,1791,2026-07-10 10:27:00,酒店预订,576.46,0,0,微信
3180,1791,2026-08-09 13:32:00,酒店预订,377.64,1,1,微信
3181,1792,2026-08-04 11:57:00,酒店预订,411.58,1,1,抖音
3182,1793,2026-08-09 13:15:00,一日游套餐,407.57,0,0,自然
3183,1793,2026-08-20 17:49:00,酒店预订,598.22,0,0,自然
3184,1794,2026-06-27 18:27:00,景点门票,141.58,0,0,小红书
3185,1794,2026-07-23 20:04:00,酒店预订,574.39,1,1,小红书
3186,1795,2026-08-02 08:54:00,酒店预订,453.54,1,0,地推
3187,1795,2026-08-29 13:11:00,景点门票,92.89,1,0,地推
3188,1795,2026-08-29 14:25:00,景点门票,146.72,1,0,地推
3189,1796,2026-06-29 22:02:00,酒店预订,221.91,0,0,自然
3190,1796,2026-06-29 17:57:00,酒店预订,238.79,1,0,自然
3191,1796,2026-07-26 07:12:00,酒店预订,522.87,1,0,自然
3192,1796,2026-07-30 11:33:00,景点门票,117.95,1,0,自然
3193,1796,2026-07-30 19:30:00,酒店预订,474.77,1,0,自然
3194,1798,2026-07-19 18:45:00,景点门票,156.81,0,0,自然
3195,1798,2026-07-31 20:22:00,景点门票,129.86,1,0,自然
3196,1798,2026-08-16 17:39:00,酒店预订,233.33,1,0,自然
3197,1799,2026-06-15 21:44:00,景点门票,71.35,0,0,抖音
3198,1799,2026-07-19 22:37:00,景点门票,118.83,0,0,抖音
3199,1800,2026-06-05 08:58:00,酒店预订,202.04,1,0,小红书
3200,1800,2026-06-06 09:42:00,景点门票,57.29,0,0,小红书
3201,1800,2026-06-11 10:17:00,酒店预订,260.71,1,0,小红书
3202,1802,2026-07-09 09:30:00,酒店预订,279.14,1,0,小红书
3203,1802,2026-07-22 17:06:00,酒店预订,214.2,1,0,小红书
3204,1802,2026-08-23 18:44:00,一日游套餐,352.76,1,0,小红书
3205,1804,2026-08-23 17:07:00,景点门票,156.65,1,0,小红书
3206,1805,2026-07-29 12:56:00,酒店预订,449.7,1,0,小红书
3207,1805,2026-08-22 20:16:00,景点门票,40.05,1,0,小红书
3208,1807,2026-06-16 14:00:00,一日游套餐,216.55,0,0,自然
3209,1808,2026-08-06 23:09:00,景点门票,169.72,1,0,抖音
3210,1808,2026-08-16 08:34:00,酒店预订,292.22,0,0,抖音
3211,1809,2026-08-21 18:53:00,景点门票,51.65,0,0,抖音
3212,1810,2026-07-01 19:45:00,酒店预订,197.04,1,0,自然
3213,1810,2026-07-05 15:13:00,景点门票,64.34,1,0,自然
3214,1810,2026-07-09 08:16:00,一日游套餐,300.25,1,0,自然
3215,1810,2026-08-10 08:51:00,景点门票,103.61,1,0,自然
3216,1810,2026-08-25 14:20:00,景点门票,52.95,1,0,自然
3217,1814,2026-08-16 12:34:00,景点门票,53.92,1,0,自然
3218,1814,2026-08-20 13:45:00,景点门票,108.52,1,0,自然
3219,1815,2026-07-24 10:40:00,景点门票,113.09,0,0,微信
3220,1816,2026-07-23 13:05:00,一日游套餐,379.23,1,0,抖音
3221,1817,2026-06-14 09:03:00,景点门票,44.43,1,0,微信
3222,1817,2026-06-20 20:41:00,一日游套餐,438.0,1,0,微信
3223,1817,2026-07-18 22:55:00,景点门票,85.76,0,0,微信
3224,1817,2026-08-01 11:27:00,景点门票,146.95,1,0,微信
3225,1820,2026-06-22 21:25:00,景点门票,61.95,1,0,小红书
3226,1820,2026-06-23 11:13:00,酒店预订,361.95,1,0,小红书
3227,1820,2026-06-26 17:18:00,酒店预订,325.78,1,0,小红书
3228,1820,2026-07-03 13:33:00,酒店预订,533.55,0,0,小红书
3229,1823,2026-06-22 20:09:00,景点门票,167.67,0,0,抖音
3230,1824,2026-08-23 16:43:00,酒店预订,431.89,1,0,小红书
3231,1825,2026-07-05 11:00:00,酒店预订,559.85,1,0,小红书
3232,1825,2026-08-14 22:47:00,酒店预订,325.53,0,0,小红书
3233,1826,2026-08-05 21:19:00,酒店预订,405.43,1,0,自然
3234,1827,2026-07-01 16:22:00,一日游套餐,436.11,1,0,抖音
3235,1830,2026-08-19 18:31:00,景点门票,68.62,1,0,抖音
3236,1833,2026-07-08 20:35:00,景点门票,134.15,0,0,抖音
3237,1834,2026-07-02 11:24:00,酒店预订,452.94,1,0,自然
3238,1834,2026-07-23 08:08:00,酒店预订,531.78,0,0,自然
3239,1834,2026-07-31 22:05:00,酒店预订,509.34,1,1,自然
3240,1834,2026-08-09 13:05:00,一日游套餐,448.15,1,0,自然
3241,1835,2026-06-19 15:45:00,景点门票,55.97,1,0,自然
3242,1835,2026-06-21 09:34:00,酒店预订,531.48,0,0,自然
3243,1835,2026-06-30 21:30:00,酒店预订,323.5,1,0,自然
3244,1835,2026-07-05 11:19:00,景点门票,142.77,1,0,自然
3245,1835,2026-07-05 11:34:00,酒店预订,283.58,1,0,自然
3246,1835,2026-07-07 11:16:00,一日游套餐,422.93,0,0,自然
3247,1835,2026-07-10 13:39:00,酒店预订,513.17,1,0,自然
3248,1835,2026-07-27 11:33:00,酒店预订,306.41,1,0,自然
3249,1836,2026-07-03 20:35:00,酒店预订,270.0,1,0,自然
3250,1837,2026-08-01 17:21:00,一日游套餐,256.49,0,0,自然
3251,1837,2026-08-04 07:45:00,景点门票,178.77,1,0,自然
3252,1837,2026-08-09 09:33:00,酒店预订,445.46,1,0,自然
3253,1837,2026-08-10 17:38:00,景点门票,89.44,0,0,自然
3254,1837,2026-08-10 11:21:00,酒店预订,492.63,0,0,自然
3255,1837,2026-08-22 22:02:00,酒店预订,222.51,0,0,自然
3256,1839,2026-07-01 09:28:00,景点门票,144.4,1,0,微信
3257,1839,2026-07-31 13:29:00,一日游套餐,271.14,1,0,微信
3258,1840,2026-08-12 13:55:00,景点门票,50.38,1,0,小红书
3259,1840,2026-08-12 13:48:00,一日游套餐,377.92,0,0,小红书
3260,1841,2026-06-02 07:59:00,景点门票,78.65,1,0,自然
3261,1841,2026-06-20 19:23:00,酒店预订,366.74,0,0,自然
3262,1841,2026-07-16 18:51:00,酒店预订,414.66,0,0,自然
3263,1841,2026-07-29 09:21:00,景点门票,47.14,0,0,自然
3264,1842,2026-08-22 18:26:00,一日游套餐,388.29,1,0,抖音
3265,1843,2026-08-12 21:18:00,景点门票,158.03,1,0,自然
3266,1843,2026-08-15 09:31:00,酒店预订,513.31,0,0,自然
3267,1843,2026-08-16 16:17:00,酒店预订,505.98,0,0,自然
3268,1843,2026-08-17 12:11:00,一日游套餐,347.44,1,0,自然
3269,1843,2026-08-20 07:41:00,景点门票,97.84,0,0,自然
3270,1844,2026-07-06 18:38:00,酒店预订,262.37,0,0,地推
3271,1844,2026-07-07 22:07:00,一日游套餐,297.75,1,0,地推
3272,1844,2026-07-13 13:24:00,酒店预订,250.56,1,0,地推
3273,1844,2026-07-29 20:46:00,酒店预订,242.83,0,0,地推
3274,1845,2026-07-11 12:53:00,酒店预订,261.41,1,0,自然
3275,1845,2026-07-30 18:29:00,酒店预订,388.88,0,0,自然
3276,1846,2026-07-11 08:30:00,景点门票,143.28,1,0,小红书
3277,1846,2026-07-13 16:34:00,酒店预订,473.57,0,0,小红书
3278,1846,2026-07-19 12:26:00,景点门票,45.63,1,0,小红书
3279,1846,2026-08-01 19:33:00,景点门票,103.35,1,0,小红书
3280,1846,2026-08-09 08:47:00,一日游套餐,215.44,0,0,小红书
3281,1848,2026-06-17 18:36:00,酒店预订,579.37,1,0,小红书
3282,1848,2026-07-05 13:23:00,酒店预订,419.1,0,0,小红书
3283,1848,2026-07-14 09:46:00,景点门票,160.63,0,0,小红书
3284,1849,2026-08-05 18:19:00,酒店预订,337.36,1,0,抖音
3285,1850,2026-07-09 11:18:00,景点门票,166.96,1,0,小红书
3286,1850,2026-07-12 17:38:00,酒店预订,507.79,1,0,小红书
3287,1854,2026-08-08 11:42:00,酒店预订,558.52,1,0,小红书
3288,1854,2026-08-23 09:43:00,景点门票,155.48,1,0,小红书
3289,1855,2026-08-13 09:03:00,一日游套餐,226.75,0,0,微信
3290,1855,2026-08-24 11:33:00,景点门票,86.43,1,0,微信
3291,1857,2026-07-01 23:01:00,一日游套餐,246.09,1,0,自然
3292,1857,2026-07-30 17:28:00,一日游套餐,211.52,1,0,自然
3293,1858,2026-08-03 08:45:00,景点门票,62.98,0,0,自然
3294,1858,2026-08-13 18:08:00,景点门票,109.37,1,0,自然
3295,1859,2026-07-18 08:05:00,景点门票,138.81,1,0,自然
3296,1859,2026-07-19 09:35:00,景点门票,70.77,0,0,自然
3297,1859,2026-07-21 22:48:00,酒店预订,326.78,1,0,自然
3298,1860,2026-06-27 15:41:00,酒店预订,441.36,1,0,自然
3299,1860,2026-07-10 07:11:00,景点门票,126.54,0,0,自然
3300,1861,2026-07-08 09:59:00,景点门票,52.25,1,0,小红书
3301,1861,2026-08-10 09:04:00,一日游套餐,404.89,1,0,小红书
3302,1861,2026-08-13 21:51:00,景点门票,88.16,0,0,小红书
3303,1862,2026-06-26 13:49:00,酒店预订,247.97,0,0,地推
3304,1863,2026-08-21 18:53:00,景点门票,128.16,1,0,地推
3305,1863,2026-08-21 11:04:00,景点门票,102.95,0,0,地推
3306,1864,2026-06-13 14:44:00,酒店预订,551.24,0,0,抖音
3307,1864,2026-07-04 09:23:00,酒店预订,208.69,1,0,抖音
3308,1864,2026-07-23 07:48:00,酒店预订,581.15,1,0,抖音
3309,1866,2026-07-28 10:28:00,景点门票,157.33,1,0,微信
3310,1866,2026-08-11 12:02:00,景点门票,68.25,1,0,微信
3311,1868,2026-08-30 21:39:00,景点门票,114.12,1,0,自然
3312,1870,2026-07-10 21:46:00,酒店预订,407.62,1,0,微信
3313,1870,2026-08-30 16:39:00,景点门票,161.76,0,0,微信
3314,1872,2026-08-09 08:57:00,景点门票,73.96,1,1,抖音
3315,1873,2026-07-05 12:56:00,一日游套餐,421.34,1,0,地推
3316,1875,2026-07-13 16:36:00,酒店预订,281.43,1,0,地推
3317,1876,2026-07-14 16:59:00,景点门票,52.03,1,0,微信
3318,1876,2026-08-05 16:11:00,景点门票,129.2,1,1,微信
3319,1876,2026-08-13 09:14:00,酒店预订,217.42,1,0,微信
3320,1877,2026-07-16 07:40:00,一日游套餐,324.08,1,0,自然
3321,1877,2026-07-26 14:02:00,景点门票,172.42,1,1,自然
3322,1877,2026-08-27 14:06:00,一日游套餐,272.63,1,0,自然
3323,1882,2026-07-17 13:37:00,酒店预订,205.19,0,0,小红书
3324,1882,2026-07-22 08:06:00,景点门票,107.39,1,0,小红书
3325,1884,2026-06-23 18:15:00,景点门票,137.09,1,0,小红书
3326,1884,2026-06-23 09:51:00,一日游套餐,348.44,1,0,小红书
3327,1884,2026-07-03 09:48:00,酒店预订,467.36,0,0,小红书
3328,1885,2026-06-23 14:40:00,景点门票,109.47,0,0,抖音
3329,1887,2026-07-11 21:27:00,景点门票,94.4,0,0,自然
3330,1887,2026-07-22 15:36:00,酒店预订,325.69,0,0,自然
3331,1888,2026-06-26 13:56:00,景点门票,106.19,1,0,自然
3332,1889,2026-07-07 16:39:00,酒店预订,316.12,1,0,微信
3333,1889,2026-07-22 11:38:00,景点门票,87.34,1,0,微信
3334,1889,2026-08-01 07:34:00,景点门票,142.74,1,0,微信
3335,1891,2026-08-02 14:03:00,景点门票,125.84,0,0,自然
3336,1891,2026-08-05 20:04:00,景点门票,93.28,1,0,自然
3337,1891,2026-08-16 19:24:00,酒店预订,467.6,1,0,自然
3338,1892,2026-07-14 09:19:00,酒店预订,282.16,0,0,小红书
3339,1893,2026-07-14 22:28:00,景点门票,107.84,1,0,抖音
3340,1894,2026-07-24 12:18:00,酒店预订,220.36,1,0,自然
3341,1894,2026-07-25 12:48:00,一日游套餐,341.81,0,0,自然
3342,1896,2026-07-16 20:11:00,酒店预订,576.39,1,0,自然
3343,1896,2026-07-18 21:50:00,景点门票,146.83,1,0,自然
3344,1896,2026-08-19 20:39:00,景点门票,130.07,0,0,自然
3345,1897,2026-06-24 07:34:00,景点门票,46.75,1,0,小红书
3346,1897,2026-08-01 16:39:00,景点门票,133.73,1,0,小红书
3347,1899,2026-06-16 22:25:00,一日游套餐,386.81,0,0,自然
3348,1899,2026-06-18 15:42:00,景点门票,97.86,1,0,自然
3349,1899,2026-06-21 14:05:00,景点门票,54.99,1,0,自然
3350,1899,2026-06-27 18:17:00,景点门票,108.81,0,0,自然
3351,1900,2026-06-29 12:53:00,酒店预订,323.16,0,0,自然
3352,1902,2026-06-18 10:45:00,酒店预订,574.55,1,0,自然
3353,1902,2026-06-18 09:33:00,景点门票,170.07,1,0,自然
3354,1902,2026-07-26 15:24:00,一日游套餐,280.64,1,0,自然
3355,1903,2026-07-23 21:50:00,一日游套餐,323.17,1,0,微信
3356,1903,2026-07-25 13:29:00,景点门票,48.6,0,0,微信
3357,1904,2026-07-12 12:54:00,一日游套餐,205.47,1,0,自然
3358,1904,2026-07-18 15:15:00,酒店预订,344.87,1,0,自然
3359,1906,2026-07-03 07:11:00,酒店预订,493.42,1,0,抖音
3360,1906,2026-08-08 18:12:00,酒店预订,424.12,1,0,抖音
3361,1908,2026-06-09 16:58:00,酒店预订,288.55,1,0,自然
3362,1908,2026-06-09 15:25:00,景点门票,54.63,1,0,自然
3363,1909,2026-06-25 15:02:00,景点门票,89.11,1,0,微信
3364,1909,2026-06-26 11:44:00,酒店预订,533.29,1,0,微信
3365,1909,2026-06-26 17:45:00,景点门票,178.26,1,0,微信
3366,1909,2026-06-30 19:17:00,景点门票,91.94,1,0,微信
3367,1909,2026-07-04 13:05:00,一日游套餐,400.89,1,0,微信
3368,1909,2026-07-28 08:08:00,景点门票,172.98,1,0,微信
3369,1910,2026-08-06 21:06:00,酒店预订,535.96,1,0,微信
3370,1910,2026-08-11 19:07:00,酒店预订,552.79,1,0,微信
3371,1911,2026-07-23 19:54:00,酒店预订,254.99,1,0,自然
3372,1911,2026-08-20 18:30:00,一日游套餐,287.54,0,0,自然
3373,1912,2026-07-13 17:09:00,景点门票,63.9,1,1,自然
3374,1914,2026-08-02 18:49:00,酒店预订,281.87,1,0,抖音
3375,1915,2026-07-25 16:19:00,一日游套餐,302.25,1,1,自然
3376,1915,2026-07-29 19:51:00,酒店预订,363.41,1,0,自然
3377,1915,2026-08-29 08:18:00,景点门票,45.21,0,0,自然
3378,1916,2026-07-18 18:18:00,酒店预订,488.51,0,0,自然
3379,1916,2026-07-22 10:03:00,一日游套餐,211.48,1,0,自然
3380,1916,2026-08-09 18:30:00,景点门票,127.54,1,0,自然
3381,1917,2026-08-29 21:48:00,酒店预订,193.11,1,0,小红书
3382,1918,2026-07-06 09:26:00,一日游套餐,348.04,1,0,小红书
3383,1918,2026-07-07 21:03:00,一日游套餐,234.6,0,0,小红书
3384,1918,2026-07-27 20:52:00,一日游套餐,238.66,1,0,小红书
3385,1918,2026-08-18 14:18:00,景点门票,128.85,1,0,小红书
3386,1918,2026-08-31 08:15:00,景点门票,158.9,0,0,小红书
3387,1919,2026-06-14 10:17:00,一日游套餐,211.52,0,0,小红书
3388,1919,2026-06-16 16:27:00,景点门票,165.76,1,0,小红书
3389,1919,2026-06-20 17:46:00,景点门票,97.65,1,0,小红书
3390,1919,2026-06-30 12:51:00,酒店预订,463.01,1,0,小红书
3391,1924,2026-08-15 08:42:00,景点门票,53.91,0,0,抖音
3392,1925,2026-07-05 18:57:00,景点门票,93.68,0,0,自然
3393,1925,2026-08-20 08:34:00,酒店预订,467.27,1,0,自然
3394,1926,2026-07-15 08:39:00,景点门票,109.23,1,0,自然
3395,1926,2026-08-09 08:48:00,酒店预订,247.68,0,0,自然
3396,1927,2026-08-22 14:55:00,景点门票,155.84,0,0,抖音
3397,1928,2026-07-01 16:42:00,景点门票,134.1,1,0,小红书
3398,1928,2026-07-04 22:46:00,一日游套餐,326.46,0,0,小红书
3399,1929,2026-07-20 21:38:00,景点门票,94.19,0,0,自然
3400,1932,2026-06-15 19:31:00,一日游套餐,214.75,1,0,小红书
3401,1932,2026-06-18 17:41:00,景点门票,66.34,1,0,小红书
3402,1932,2026-06-27 15:27:00,景点门票,63.52,0,0,小红书
3403,1932,2026-06-28 13:51:00,景点门票,139.95,0,0,小红书
3404,1932,2026-07-15 14:48:00,景点门票,152.04,1,0,小红书
3405,1932,2026-08-08 11:42:00,酒店预订,480.33,1,0,小红书
3406,1932,2026-08-11 19:01:00,景点门票,122.56,0,0,小红书
3407,1933,2026-06-13 09:46:00,景点门票,112.58,1,0,微信
3408,1933,2026-07-01 18:53:00,酒店预订,338.73,1,0,微信
3409,1934,2026-07-21 18:28:00,景点门票,157.36,1,0,微信
3410,1934,2026-08-03 16:18:00,景点门票,138.25,1,0,微信
3411,1934,2026-08-28 18:08:00,景点门票,53.6,0,0,微信
3412,1935,2026-08-04 18:02:00,酒店预订,391.46,1,0,小红书
3413,1935,2026-08-24 10:52:00,景点门票,60.12,1,0,小红书
3414,1935,2026-08-27 07:58:00,景点门票,154.42,1,0,小红书
3415,1936,2026-06-23 17:56:00,景点门票,89.22,0,0,自然
3416,1936,2026-06-25 11:02:00,酒店预订,493.14,1,0,自然
3417,1936,2026-07-12 08:02:00,酒店预订,450.22,1,0,自然
3418,1937,2026-08-16 07:50:00,酒店预订,231.84,0,0,抖音
3419,1938,2026-06-19 13:45:00,一日游套餐,327.75,1,0,小红书
3420,1938,2026-06-19 20:08:00,酒店预订,284.98,1,0,小红书
3421,1938,2026-06-21 20:28:00,景点门票,103.59,1,0,小红书
3422,1938,2026-07-06 11:51:00,景点门票,138.84,0,0,小红书
3423,1938,2026-08-06 21:10:00,酒店预订,255.55,1,0,小红书
3424,1940,2026-07-16 07:14:00,酒店预订,597.81,0,0,自然
3425,1940,2026-07-29 15:16:00,酒店预订,531.27,1,0,自然
3426,1940,2026-08-21 13:51:00,景点门票,46.89,1,0,自然
3427,1941,2026-08-07 07:10:00,景点门票,90.37,1,0,自然
3428,1945,2026-07-20 08:25:00,一日游套餐,341.81,1,0,微信
3429,1945,2026-07-26 07:31:00,酒店预订,289.37,1,0,微信
3430,1945,2026-08-15 20:55:00,景点门票,77.05,1,0,微信
3431,1946,2026-06-19 08:01:00,景点门票,58.98,1,0,地推
3432,1946,2026-08-09 10:39:00,一日游套餐,417.76,1,0,地推
3433,1947,2026-08-14 21:16:00,景点门票,170.81,1,0,自然
3434,1949,2026-07-13 21:54:00,一日游套餐,284.63,0,0,自然
3435,1949,2026-07-13 17:36:00,景点门票,41.23,1,0,自然
3436,1949,2026-08-03 19:02:00,景点门票,102.67,1,0,自然
3437,1950,2026-07-31 17:02:00,景点门票,128.37,1,0,地推
3438,1952,2026-06-19 10:54:00,酒店预订,215.04,0,0,自然
3439,1952,2026-06-24 18:25:00,酒店预订,342.55,1,0,自然
3440,1952,2026-06-29 12:20:00,一日游套餐,442.68,1,0,自然
3441,1952,2026-08-04 17:06:00,景点门票,173.42,0,0,自然
3442,1953,2026-06-28 21:43:00,一日游套餐,424.51,0,0,微信
3443,1953,2026-07-12 19:36:00,酒店预订,400.69,0,0,微信
3444,1953,2026-07-19 12:37:00,酒店预订,382.04,1,0,微信
3445,1953,2026-07-19 19:55:00,一日游套餐,432.03,1,0,微信
3446,1953,2026-07-25 17:33:00,景点门票,91.7,1,0,微信
3447,1954,2026-07-06 21:48:00,景点门票,115.79,1,0,地推
3448,1956,2026-07-29 10:02:00,景点门票,69.44,0,0,地推
3449,1958,2026-07-14 10:26:00,景点门票,100.86,1,0,自然
3450,1959,2026-07-09 08:34:00,景点门票,165.86,1,0,微信
3451,1959,2026-07-12 21:05:00,景点门票,58.23,0,0,微信
3452,1959,2026-07-23 20:34:00,景点门票,58.42,1,0,微信
3453,1960,2026-07-07 09:11:00,酒店预订,372.93,1,0,小红书
3454,1960,2026-08-14 09:37:00,酒店预订,595.31,1,0,小红书
3455,1961,2026-08-07 10:26:00,景点门票,99.27,1,0,小红书
3456,1961,2026-08-20 08:42:00,酒店预订,532.11,1,0,小红书
3457,1963,2026-07-19 15:50:00,景点门票,171.15,0,0,抖音
3458,1963,2026-08-02 12:28:00,景点门票,156.77,1,1,抖音
3459,1964,2026-07-02 22:08:00,景点门票,43.78,1,1,自然
3460,1965,2026-07-20 10:19:00,一日游套餐,363.67,1,0,小红书
3461,1966,2026-08-06 20:43:00,酒店预订,187.28,1,0,自然
3462,1966,2026-08-20 10:49:00,酒店预订,336.54,1,0,自然
3463,1967,2026-06-26 23:08:00,酒店预订,252.08,0,0,小红书
3464,1967,2026-06-29 14:18:00,酒店预订,382.0,0,0,小红书
3465,1967,2026-07-23 09:05:00,酒店预订,527.8,1,0,小红书
3466,1968,2026-06-11 08:02:00,酒店预订,247.0,1,0,微信
3467,1968,2026-06-25 22:22:00,一日游套餐,388.55,1,0,微信
3468,1968,2026-06-27 07:10:00,酒店预订,466.52,1,0,微信
3469,1968,2026-07-26 20:06:00,一日游套餐,365.94,1,0,微信
3470,1969,2026-08-23 11:50:00,酒店预订,332.67,1,0,抖音
3471,1971,2026-08-22 22:30:00,景点门票,73.86,0,0,抖音
3472,1973,2026-08-05 19:17:00,酒店预订,564.3,1,0,小红书
3473,1973,2026-08-05 13:06:00,酒店预订,388.77,1,0,小红书
3474,1973,2026-08-06 11:03:00,景点门票,42.98,0,0,小红书
3475,1975,2026-07-17 23:04:00,一日游套餐,287.29,1,0,自然
3476,1980,2026-07-10 18:52:00,酒店预订,438.51,0,0,自然
3477,1980,2026-07-30 22:59:00,景点门票,123.12,0,0,自然
3478,1980,2026-08-14 21:37:00,一日游套餐,374.76,1,0,自然
3479,1981,2026-06-23 08:40:00,景点门票,92.1,0,0,微信
3480,1981,2026-06-27 10:21:00,一日游套餐,362.59,1,0,微信
3481,1981,2026-07-02 20:29:00,景点门票,155.05,1,0,微信
3482,1981,2026-07-06 15:17:00,酒店预订,270.93,1,0,微信
3483,1981,2026-07-25 12:48:00,一日游套餐,315.76,1,1,微信
3484,1982,2026-07-06 11:23:00,景点门票,57.28,1,0,抖音
3485,1982,2026-07-26 11:39:00,酒店预订,430.95,0,0,抖音
3486,1983,2026-07-13 12:28:00,酒店预订,547.21,1,1,微信
3487,1983,2026-07-15 15:00:00,景点门票,164.17,0,0,微信
3488,1983,2026-07-19 11:55:00,景点门票,146.41,1,0,微信
3489,1986,2026-07-15 13:54:00,酒店预订,444.46,1,0,地推
3490,1987,2026-06-22 11:10:00,一日游套餐,372.67,0,0,自然
3491,1987,2026-07-07 16:14:00,景点门票,127.43,1,0,自然
3492,1987,2026-07-08 19:31:00,酒店预订,197.35,1,0,自然
3493,1987,2026-07-15 12:46:00,景点门票,148.14,1,0,自然
3494,1987,2026-08-20 23:05:00,景点门票,131.02,1,0,自然
3495,1988,2026-06-23 12:55:00,酒店预订,567.87,1,0,小红书
3496,1988,2026-08-15 19:21:00,景点门票,53.07,1,1,小红书
3497,1989,2026-07-17 17:38:00,景点门票,158.84,1,0,地推
3498,1990,2026-07-04 10:18:00,景点门票,87.95,0,0,自然
3499,1990,2026-07-19 10:37:00,景点门票,43.67,1,0,自然
3500,1990,2026-08-22 21:21:00,酒店预订,583.48,0,0,自然
3501,1990,2026-08-25 07:10:00,景点门票,86.9,1,0,自然
3502,1991,2026-07-18 17:05:00,一日游套餐,237.77,1,0,自然
3503,1991,2026-07-24 16:03:00,酒店预订,429.71,1,0,自然
3504,1991,2026-07-24 09:13:00,一日游套餐,425.79,1,0,自然
3505,1992,2026-06-18 19:05:00,景点门票,80.99,1,0,小红书
3506,1992,2026-06-26 09:52:00,景点门票,68.17,0,0,小红书
3507,1992,2026-07-29 19:07:00,酒店预订,238.97,1,0,小红书
3508,1992,2026-08-05 08:30:00,景点门票,162.5,0,0,小红书
3509,1993,2026-08-29 12:10:00,景点门票,161.14,1,0,抖音
3510,1994,2026-06-22 18:35:00,酒店预订,388.45,1,0,自然
3511,1994,2026-07-09 16:46:00,一日游套餐,352.61,1,0,自然
3512,1994,2026-07-27 10:05:00,一日游套餐,225.23,0,0,自然
3513,1994,2026-07-29 15:21:00,酒店预订,204.52,1,0,自然
3514,1994,2026-08-09 16:15:00,景点门票,79.06,1,1,自然
3515,1996,2026-08-13 18:52:00,景点门票,131.76,0,0,小红书
3516,1997,2026-06-25 14:52:00,酒店预订,291.59,1,0,自然
3517,1997,2026-06-28 08:44:00,景点门票,114.59,0,0,自然
3518,1997,2026-07-05 17:19:00,一日游套餐,336.91,0,0,自然
3519,1998,2026-06-24 21:40:00,酒店预订,225.76,0,0,抖音
3520,1998,2026-06-27 11:53:00,景点门票,65.95,1,0,抖音
3521,1999,2026-08-06 13:08:00,一日游套餐,385.85,1,0,微信
3522,2001,2026-07-17 09:29:00,酒店预订,499.24,1,0,微信
3523,2001,2026-07-17 16:55:00,酒店预订,430.5,0,0,微信
3524,2001,2026-08-25 17:00:00,酒店预订,391.72,1,0,微信
3525,2002,2026-08-09 20:06:00,景点门票,156.5,1,0,抖音
3526,2003,2026-07-27 19:49:00,酒店预订,314.42,1,0,地推
3527,2004,2026-06-10 09:07:00,酒店预订,420.72,1,0,小红书
3528,2004,2026-06-12 13:45:00,酒店预订,280.47,0,0,小红书
3529,2004,2026-06-12 17:57:00,景点门票,104.78,1,0,小红书
3530,2006,2026-06-14 22:03:00,景点门票,83.68,1,0,微信
3531,2006,2026-06-19 20:22:00,一日游套餐,278.18,0,0,微信
3532,2006,2026-07-04 23:03:00,酒店预订,414.52,1,0,微信
3533,2006,2026-07-04 11:01:00,酒店预订,319.86,1,0,微信
3534,2006,2026-07-06 18:58:00,酒店预订,502.73,1,0,微信
3535,2006,2026-07-14 18:27:00,酒店预订,432.15,1,1,微信
3536,2007,2026-08-17 22:58:00,酒店预订,190.17,1,0,抖音
3537,2008,2026-07-18 11:02:00,一日游套餐,220.57,1,0,自然
3538,2008,2026-07-20 19:58:00,景点门票,65.51,0,0,自然
3539,2008,2026-08-17 20:53:00,景点门票,99.52,1,0,自然
3540,2009,2026-07-11 12:24:00,酒店预订,356.93,1,0,自然
3541,2009,2026-08-14 14:07:00,酒店预订,382.07,1,0,自然
3542,2009,2026-08-23 08:47:00,酒店预订,341.83,1,0,自然
3543,2010,2026-07-05 18:36:00,一日游套餐,297.51,0,0,小红书
3544,2011,2026-06-11 15:44:00,酒店预订,477.65,1,0,自然
3545,2011,2026-07-04 12:21:00,景点门票,52.39,1,0,自然
3546,2011,2026-07-04 20:05:00,酒店预订,463.29,1,1,自然
3547,2011,2026-07-23 19:29:00,一日游套餐,304.38,1,0,自然
3548,2013,2026-07-03 17:25:00,酒店预订,307.67,1,0,自然
3549,2014,2026-07-18 16:18:00,一日游套餐,422.02,1,0,抖音
3550,2016,2026-07-17 13:17:00,一日游套餐,388.96,0,0,抖音
3551,2016,2026-08-11 20:04:00,酒店预订,463.21,0,0,抖音
3552,2017,2026-08-02 16:38:00,景点门票,166.99,0,0,自然
3553,2018,2026-07-29 12:31:00,景点门票,109.14,0,0,自然
3554,2018,2026-08-24 17:53:00,一日游套餐,278.63,1,0,自然
3555,2019,2026-06-22 21:52:00,酒店预订,326.72,0,0,小红书
3556,2019,2026-07-29 11:12:00,景点门票,47.69,1,0,小红书
3557,2019,2026-08-04 17:26:00,酒店预订,320.0,1,0,小红书
3558,2020,2026-07-31 19:15:00,酒店预订,429.6,1,0,抖音
3559,2020,2026-08-04 15:37:00,景点门票,58.71,1,0,抖音
3560,2021,2026-07-02 09:01:00,景点门票,49.96,1,1,小红书
3561,2021,2026-07-04 12:18:00,酒店预订,306.6,1,0,小红书
3562,2021,2026-07-07 19:20:00,景点门票,108.32,1,0,小红书
3563,2022,2026-07-02 07:33:00,一日游套餐,361.28,1,0,自然
3564,2022,2026-07-07 15:01:00,景点门票,49.27,0,0,自然
3565,2022,2026-07-19 20:52:00,酒店预订,522.51,1,0,自然
3566,2022,2026-08-13 13:31:00,景点门票,140.74,0,0,自然
3567,2023,2026-07-21 19:57:00,一日游套餐,260.61,1,0,自然
3568,2023,2026-08-29 08:57:00,景点门票,54.49,1,0,自然
3569,2025,2026-08-09 18:10:00,酒店预订,508.83,1,0,抖音
3570,2026,2026-08-29 18:14:00,酒店预订,371.68,0,0,抖音
3571,2027,2026-06-14 20:02:00,景点门票,175.78,0,0,微信
3572,2027,2026-06-14 11:12:00,景点门票,123.22,1,0,微信
3573,2027,2026-07-11 22:12:00,酒店预订,510.5,1,0,微信
3574,2027,2026-07-22 14:58:00,景点门票,170.04,1,0,微信
3575,2027,2026-07-22 15:07:00,景点门票,140.87,1,0,微信
3576,2030,2026-07-01 21:49:00,景点门票,142.4,0,0,小红书
3577,2030,2026-07-01 14:24:00,景点门票,129.72,1,0,小红书
3578,2030,2026-07-25 12:59:00,景点门票,87.55,1,0,小红书
3579,2031,2026-08-14 11:36:00,酒店预订,364.56,1,0,自然
3580,2034,2026-07-21 13:47:00,一日游套餐,212.24,0,0,抖音
3581,2034,2026-07-23 13:15:00,景点门票,55.92,1,0,抖音
3582,2035,2026-07-09 21:52:00,一日游套餐,245.36,0,0,自然
3583,2035,2026-07-11 14:59:00,酒店预订,246.42,1,0,自然
3584,2035,2026-07-20 15:56:00,一日游套餐,391.92,1,0,自然
3585,2036,2026-06-20 13:47:00,景点门票,147.33,1,0,微信
3586,2036,2026-06-27 08:46:00,景点门票,101.31,1,0,微信
3587,2036,2026-07-20 20:42:00,景点门票,141.35,0,0,微信
3588,2037,2026-07-12 07:43:00,景点门票,103.41,1,0,地推
3589,2038,2026-07-11 09:58:00,景点门票,55.24,1,0,自然
3590,2038,2026-07-18 18:55:00,景点门票,146.44,1,0,自然
3591,2038,2026-07-27 19:30:00,景点门票,71.12,0,0,自然
3592,2038,2026-08-01 09:20:00,景点门票,87.61,0,0,自然
3593,2039,2026-07-01 18:08:00,酒店预订,468.41,0,0,小红书
3594,2039,2026-07-23 21:13:00,一日游套餐,390.98,0,0,小红书
3595,2040,2026-07-06 10:35:00,一日游套餐,394.78,0,0,微信
3596,2040,2026-07-18 18:49:00,景点门票,82.76,1,0,微信
3597,2040,2026-07-18 09:53:00,景点门票,110.3,1,0,微信
3598,2040,2026-07-19 19:22:00,景点门票,148.77,1,0,微信
3599,2040,2026-08-02 18:13:00,酒店预订,582.45,1,0,微信
3600,2040,2026-08-16 07:40:00,景点门票,137.5,0,0,微信
3601,2040,2026-08-19 15:11:00,酒店预订,515.06,0,0,微信
3602,2041,2026-08-17 22:56:00,景点门票,130.98,1,0,自然
3603,2042,2026-06-08 08:35:00,酒店预订,337.22,1,0,微信
3604,2042,2026-06-13 08:02:00,景点门票,87.95,1,0,微信
3605,2042,2026-07-15 13:23:00,景点门票,99.21,1,0,微信
3606,2043,2026-06-07 19:28:00,景点门票,129.02,1,0,小红书
3607,2043,2026-06-09 11:03:00,景点门票,143.83,1,0,小红书
3608,2043,2026-07-10 18:08:00,一日游套餐,372.74,1,0,小红书
3609,2043,2026-07-11 22:34:00,景点门票,59.19,1,0,小红书
3610,2044,2026-08-14 14:35:00,景点门票,118.35,0,0,地推
3611,2046,2026-06-19 17:15:00,酒店预订,336.2,1,0,自然
3612,2046,2026-07-09 16:22:00,景点门票,58.65,1,0,自然
3613,2046,2026-07-12 21:18:00,景点门票,147.78,0,0,自然
3614,2046,2026-07-13 07:22:00,酒店预订,244.47,0,0,自然
3615,2046,2026-08-14 12:55:00,景点门票,154.03,1,0,自然
3616,2046,2026-08-14 21:16:00,景点门票,132.82,0,0,自然
3617,2047,2026-07-01 20:36:00,景点门票,106.48,1,0,抖音
3618,2048,2026-07-11 13:57:00,景点门票,47.03,1,0,抖音
3619,2048,2026-07-17 19:05:00,酒店预订,247.44,1,0,抖音
3620,2049,2026-07-19 10:57:00,一日游套餐,313.49,0,0,自然
3621,2050,2026-08-12 09:20:00,景点门票,104.55,0,0,抖音
3622,2051,2026-07-01 20:12:00,景点门票,98.34,1,0,地推
3623,2052,2026-08-08 22:35:00,景点门票,161.12,1,0,自然
3624,2054,2026-07-07 22:52:00,酒店预订,293.54,1,0,微信
3625,2054,2026-07-19 19:29:00,一日游套餐,252.05,1,0,微信
3626,2055,2026-07-05 12:11:00,一日游套餐,346.08,0,0,抖音
3627,2055,2026-07-09 10:04:00,景点门票,120.97,0,0,抖音
3628,2057,2026-06-26 14:33:00,景点门票,147.38,1,0,地推
3629,2059,2026-07-06 09:43:00,酒店预订,522.72,1,0,自然
3630,2061,2026-07-23 22:42:00,景点门票,103.58,1,0,地推
3631,2061,2026-07-30 18:06:00,一日游套餐,202.93,0,0,地推
3632,2062,2026-07-20 08:04:00,酒店预订,425.28,1,0,自然
3633,2064,2026-07-19 12:09:00,景点门票,77.95,1,0,自然
3634,2064,2026-08-09 07:45:00,景点门票,127.11,0,0,自然
3635,2066,2026-08-22 13:17:00,景点门票,126.42,1,0,地推
3636,2067,2026-08-15 16:06:00,景点门票,81.34,1,0,抖音
3637,2069,2026-08-16 20:15:00,景点门票,59.64,1,0,自然
3638,2069,2026-08-28 19:47:00,景点门票,78.27,0,0,自然
3639,2071,2026-07-21 07:17:00,景点门票,136.97,1,0,微信
3640,2073,2026-08-01 19:08:00,景点门票,107.8,1,0,自然
3641,2074,2026-08-23 07:29:00,景点门票,126.13,1,0,微信
3642,2074,2026-08-27 09:02:00,酒店预订,393.84,0,0,微信
3643,2076,2026-06-21 10:07:00,景点门票,142.33,1,0,抖音
3644,2078,2026-07-12 22:08:00,一日游套餐,431.41,1,0,自然
3645,2078,2026-07-23 13:26:00,一日游套餐,365.3,1,0,自然
3646,2079,2026-08-23 10:46:00,一日游套餐,423.33,0,0,抖音
3647,2080,2026-06-08 10:54:00,景点门票,129.07,1,0,自然
3648,2080,2026-06-19 13:02:00,景点门票,150.87,1,0,自然
3649,2080,2026-06-24 08:28:00,景点门票,104.2,0,0,自然
3650,2080,2026-06-29 18:40:00,酒店预订,274.29,1,0,自然
3651,2081,2026-07-26 21:17:00,景点门票,89.15,1,0,抖音
3652,2082,2026-07-02 10:41:00,景点门票,80.46,1,0,自然
3653,2082,2026-07-03 20:48:00,酒店预订,341.38,1,0,自然
3654,2082,2026-07-03 16:17:00,酒店预订,480.33,1,1,自然
3655,2082,2026-07-12 20:57:00,景点门票,72.61,1,0,自然
3656,2083,2026-08-09 10:04:00,景点门票,137.28,1,0,小红书
3657,2083,2026-08-10 08:02:00,酒店预订,522.88,0,0,小红书
3658,2084,2026-07-24 10:59:00,景点门票,65.85,1,0,自然
3659,2084,2026-08-02 18:27:00,景点门票,99.66,1,0,自然
3660,2086,2026-06-22 18:38:00,一日游套餐,361.93,0,0,自然
3661,2086,2026-06-29 10:33:00,酒店预订,208.09,1,0,自然
3662,2086,2026-08-14 15:23:00,景点门票,129.61,0,0,自然
3663,2089,2026-07-23 11:21:00,景点门票,110.05,1,0,小红书
3664,2089,2026-07-24 15:32:00,景点门票,175.71,1,0,小红书
3665,2089,2026-08-07 08:47:00,酒店预订,213.1,1,0,小红书
3666,2089,2026-08-07 09:47:00,景点门票,48.65,1,0,小红书
3667,2090,2026-08-24 22:15:00,景点门票,177.81,0,0,抖音
3668,2092,2026-07-28 07:45:00,景点门票,121.16,1,0,微信
3669,2092,2026-08-22 08:51:00,一日游套餐,434.34,1,0,微信
3670,2094,2026-08-07 17:29:00,一日游套餐,201.0,1,0,自然
3671,2094,2026-08-31 20:37:00,景点门票,84.5,1,0,自然
3672,2099,2026-07-10 21:24:00,酒店预订,374.29,1,0,自然
3673,2099,2026-07-10 12:16:00,一日游套餐,324.58,1,0,自然
3674,2099,2026-07-24 08:09:00,酒店预订,504.25,1,0,自然
3675,2099,2026-07-25 09:21:00,一日游套餐,210.15,1,0,自然
3676,2100,2026-07-01 10:28:00,一日游套餐,205.98,1,0,自然
3677,2100,2026-07-03 22:51:00,一日游套餐,425.48,1,0,自然
3678,2100,2026-07-03 21:05:00,酒店预订,300.84,1,0,自然
3679,2100,2026-07-08 10:43:00,景点门票,114.86,0,0,自然
3680,2100,2026-07-21 16:15:00,景点门票,165.46,1,0,自然
3681,2100,2026-07-21 16:47:00,景点门票,135.62,1,0,自然
3682,2100,2026-08-16 07:37:00,酒店预订,522.57,1,0,自然
3683,2100,2026-08-26 16:10:00,景点门票,142.06,0,0,自然
3684,2101,2026-06-13 14:39:00,一日游套餐,298.03,1,0,小红书
3685,2102,2026-07-06 16:01:00,酒店预订,501.95,1,0,自然
3686,2102,2026-07-10 19:49:00,景点门票,72.67,0,0,自然
3687,2102,2026-07-18 15:04:00,酒店预订,569.88,0,0,自然
3688,2102,2026-07-19 15:47:00,酒店预订,467.87,0,0,自然
3689,2103,2026-08-06 14:23:00,一日游套餐,409.61,1,0,微信
3690,2104,2026-06-28 07:54:00,景点门票,151.27,0,0,地推
3691,2106,2026-07-03 14:53:00,一日游套餐,276.84,1,0,小红书
3692,2107,2026-07-07 14:54:00,景点门票,109.16,1,0,小红书
3693,2107,2026-07-27 22:27:00,景点门票,123.63,0,0,小红书
3694,2110,2026-08-20 16:46:00,酒店预订,270.28,1,0,自然
3695,2110,2026-08-20 08:10:00,景点门票,127.43,0,0,自然
3696,2110,2026-08-23 21:21:00,酒店预订,247.11,1,0,自然
3697,2113,2026-07-05 19:35:00,景点门票,151.95,1,0,自然
3698,2113,2026-07-07 12:50:00,酒店预订,219.96,0,0,自然
3699,2114,2026-07-23 16:25:00,酒店预订,408.94,1,0,小红书
3700,2114,2026-07-26 14:17:00,景点门票,100.13,1,0,小红书
3701,2115,2026-07-04 18:43:00,景点门票,52.67,1,0,自然
3702,2115,2026-07-09 09:27:00,酒店预订,206.91,0,0,自然
3703,2115,2026-07-11 15:55:00,景点门票,125.97,1,1,自然
3704,2115,2026-08-14 17:22:00,酒店预订,569.09,1,0,自然
3705,2115,2026-08-30 15:39:00,景点门票,61.5,0,0,自然
3706,2116,2026-07-11 15:26:00,景点门票,45.53,0,0,地推
3707,2119,2026-07-30 15:26:00,一日游套餐,429.44,1,0,自然
3708,2119,2026-08-08 09:19:00,景点门票,122.68,1,0,自然
3709,2120,2026-06-14 14:10:00,一日游套餐,396.9,1,0,自然
3710,2121,2026-07-20 15:11:00,景点门票,126.3,1,0,自然
3711,2121,2026-08-22 16:52:00,景点门票,144.56,1,0,自然
3712,2121,2026-08-24 15:03:00,一日游套餐,434.72,1,0,自然
3713,2122,2026-07-02 16:24:00,景点门票,146.01,0,0,自然
3714,2124,2026-07-26 15:37:00,景点门票,108.34,1,1,自然
3715,2124,2026-08-01 07:22:00,酒店预订,245.72,1,0,自然
3716,2125,2026-07-26 14:04:00,一日游套餐,266.2,0,0,抖音
3717,2126,2026-07-09 20:29:00,一日游套餐,225.15,0,0,抖音
3718,2127,2026-08-17 22:38:00,酒店预订,564.28,1,0,抖音
3719,2129,2026-07-24 12:43:00,酒店预订,402.84,1,0,自然
3720,2129,2026-07-26 13:55:00,一日游套餐,241.32,0,0,自然
3721,2129,2026-07-29 18:01:00,景点门票,135.12,1,0,自然
3722,2129,2026-08-01 12:35:00,酒店预订,568.74,1,0,自然
3723,2129,2026-08-11 12:20:00,酒店预订,354.51,1,0,自然
3724,2130,2026-07-29 08:16:00,景点门票,102.19,1,0,自然
3725,2131,2026-07-30 21:02:00,景点门票,55.83,1,0,自然
3726,2131,2026-08-12 12:50:00,酒店预订,557.89,0,0,自然
3727,2132,2026-08-06 17:08:00,酒店预订,189.79,1,0,小红书
3728,2133,2026-07-07 22:46:00,一日游套餐,442.03,1,0,地推
3729,2133,2026-07-22 16:38:00,景点门票,136.43,0,0,地推
3730,2133,2026-07-25 21:21:00,景点门票,57.22,0,0,地推
3731,2133,2026-07-26 19:45:00,酒店预订,572.93,0,0,地推
3732,2134,2026-06-30 17:29:00,酒店预订,332.62,1,0,地推
3733,2134,2026-07-29 13:02:00,一日游套餐,293.78,1,0,地推
3734,2135,2026-08-02 15:44:00,酒店预订,384.11,1,0,抖音
3735,2138,2026-07-17 12:23:00,酒店预订,428.69,1,0,微信
3736,2138,2026-07-25 16:03:00,景点门票,167.08,1,0,微信
3737,2138,2026-08-10 12:57:00,酒店预订,406.94,1,0,微信
3738,2139,2026-07-27 15:35:00,景点门票,89.1,0,0,微信
3739,2139,2026-07-27 15:29:00,酒店预订,497.9,1,0,微信
3740,2139,2026-07-31 11:48:00,一日游套餐,279.71,1,0,微信
3741,2139,2026-08-08 15:03:00,景点门票,92.38,1,0,微信
3742,2139,2026-08-20 19:22:00,酒店预订,372.99,0,0,微信
3743,2139,2026-08-29 15:49:00,酒店预订,306.33,0,0,微信
3744,2140,2026-08-07 19:31:00,一日游套餐,221.01,1,0,微信
3745,2140,2026-08-11 18:31:00,景点门票,98.93,0,0,微信
3746,2140,2026-08-31 10:26:00,酒店预订,507.23,1,0,微信
3747,2141,2026-07-13 10:41:00,一日游套餐,272.53,1,0,微信
3748,2142,2026-08-13 19:10:00,酒店预订,205.38,1,0,抖音
3749,2143,2026-07-15 10:32:00,景点门票,69.27,1,0,微信
3750,2143,2026-07-15 09:42:00,景点门票,100.26,1,0,微信
3751,2143,2026-07-16 13:43:00,景点门票,85.92,1,0,微信
3752,2143,2026-08-02 13:06:00,景点门票,56.67,1,0,微信
3753,2144,2026-07-17 20:43:00,酒店预订,518.91,1,0,微信
3754,2144,2026-08-02 12:54:00,酒店预订,321.57,1,0,微信
3755,2144,2026-08-29 14:49:00,酒店预订,187.58,1,0,微信
3756,2147,2026-08-21 16:40:00,景点门票,90.73,1,0,自然
3757,2149,2026-07-12 14:45:00,景点门票,159.87,1,0,微信
3758,2149,2026-07-12 08:23:00,景点门票,111.66,1,0,微信
3759,2149,2026-07-15 11:51:00,酒店预订,346.0,1,1,微信
3760,2149,2026-07-28 07:37:00,景点门票,47.4,1,0,微信
3761,2149,2026-07-30 19:12:00,酒店预订,554.6,0,0,微信
3762,2149,2026-08-07 16:30:00,景点门票,42.77,1,0,微信
3763,2150,2026-08-30 08:41:00,景点门票,111.23,1,0,自然
3764,2151,2026-06-26 08:03:00,景点门票,173.99,0,0,小红书
3765,2151,2026-07-03 13:43:00,景点门票,132.84,1,0,小红书
3766,2151,2026-07-23 10:34:00,景点门票,83.54,1,0,小红书
3767,2152,2026-08-03 16:45:00,景点门票,93.33,0,0,自然
3768,2152,2026-08-05 13:35:00,景点门票,100.86,1,0,自然
3769,2152,2026-08-20 07:21:00,酒店预订,198.32,1,0,自然
3770,2153,2026-07-28 16:14:00,景点门票,74.03,1,0,微信
3771,2153,2026-08-01 07:59:00,景点门票,149.15,1,1,微信
3772,2154,2026-06-30 14:01:00,一日游套餐,346.29,0,0,微信
3773,2154,2026-07-01 10:04:00,酒店预订,277.44,1,0,微信
3774,2154,2026-07-05 23:09:00,景点门票,152.88,1,0,微信
3775,2154,2026-07-06 11:12:00,景点门票,138.39,1,0,微信
3776,2154,2026-07-17 11:02:00,景点门票,59.83,1,0,微信
3777,2154,2026-07-17 15:02:00,景点门票,157.7,1,0,微信
3778,2154,2026-07-31 18:18:00,景点门票,146.3,1,0,微信
3779,2154,2026-07-31 20:36:00,景点门票,120.5,1,1,微信
3780,2154,2026-08-25 10:55:00,酒店预订,412.44,1,0,微信
3781,2154,2026-08-25 16:47:00,一日游套餐,242.99,1,0,微信
3782,2155,2026-07-20 20:51:00,酒店预订,464.35,1,0,小红书
3783,2156,2026-07-24 13:53:00,酒店预订,293.05,0,0,微信
3784,2156,2026-07-29 07:57:00,一日游套餐,324.21,0,0,微信
3785,2156,2026-08-14 11:55:00,酒店预订,429.27,1,0,微信
3786,2157,2026-07-22 18:12:00,酒店预订,180.83,1,0,自然
3787,2157,2026-08-24 20:19:00,酒店预订,358.5,1,0,自然
3788,2158,2026-06-29 17:04:00,景点门票,47.97,0,0,自然
3789,2158,2026-08-11 13:42:00,景点门票,132.64,0,0,自然
3790,2160,2026-06-18 10:45:00,一日游套餐,219.7,1,0,自然
3791,2160,2026-07-06 22:23:00,酒店预订,502.95,0,0,自然
3792,2161,2026-07-04 12:04:00,景点门票,75.14,1,0,抖音
3793,2161,2026-07-05 07:36:00,酒店预订,371.72,0,0,抖音
3794,2162,2026-06-29 07:31:00,酒店预订,399.54,0,0,自然
3795,2164,2026-07-15 09:17:00,一日游套餐,262.99,1,0,抖音
3796,2166,2026-08-06 16:30:00,酒店预订,207.31,0,0,自然
3797,2166,2026-08-18 17:35:00,景点门票,52.87,1,0,自然
3798,2166,2026-08-23 13:29:00,酒店预订,262.47,0,0,自然
3799,2167,2026-08-09 13:24:00,酒店预订,301.14,1,0,微信
3800,2167,2026-08-10 10:27:00,景点门票,51.27,1,0,微信
3801,2168,2026-08-17 19:16:00,酒店预订,283.74,1,0,抖音
3802,2169,2026-06-09 20:44:00,一日游套餐,227.46,0,0,抖音
3803,2171,2026-08-04 09:06:00,景点门票,87.23,0,0,抖音
3804,2172,2026-07-05 15:08:00,景点门票,87.84,0,0,自然
3805,2174,2026-07-02 12:45:00,景点门票,132.47,0,0,自然
3806,2174,2026-07-07 20:43:00,酒店预订,191.39,0,0,自然
3807,2174,2026-07-07 09:30:00,一日游套餐,379.44,1,0,自然
3808,2174,2026-07-08 07:46:00,酒店预订,214.78,0,0,自然
3809,2174,2026-07-10 22:11:00,景点门票,96.51,1,0,自然
3810,2174,2026-07-16 13:29:00,酒店预订,578.34,1,0,自然
3811,2174,2026-08-12 18:00:00,酒店预订,597.33,1,0,自然
3812,2175,2026-08-13 08:02:00,景点门票,93.3,1,1,抖音
3813,2175,2026-08-25 11:49:00,酒店预订,188.29,1,0,抖音
3814,2176,2026-07-29 17:36:00,酒店预订,270.07,0,0,抖音
3815,2176,2026-08-02 18:31:00,景点门票,101.02,1,0,抖音
3816,2176,2026-08-16 14:07:00,景点门票,65.51,1,0,抖音
3817,2178,2026-06-27 07:54:00,一日游套餐,386.05,1,0,微信
3818,2178,2026-06-28 11:33:00,景点门票,46.17,1,0,微信
3819,2178,2026-07-04 19:39:00,景点门票,92.1,1,0,微信
3820,2178,2026-07-29 09:23:00,景点门票,65.83,0,0,微信
3821,2178,2026-08-10 08:59:00,景点门票,167.45,1,0,微信
3822,2181,2026-07-10 19:45:00,酒店预订,548.0,1,0,微信
3823,2182,2026-07-24 18:25:00,酒店预订,311.12,0,0,地推
3824,2183,2026-08-08 12:24:00,酒店预订,332.34,1,0,微信
3825,2184,2026-08-20 10:54:00,景点门票,47.61,1,0,自然
3826,2184,2026-08-25 19:07:00,景点门票,98.06,1,0,自然
3827,2184,2026-08-26 14:28:00,景点门票,144.31,1,0,自然
3828,2185,2026-07-13 16:38:00,一日游套餐,273.57,1,0,抖音
3829,2185,2026-08-16 08:18:00,酒店预订,378.54,0,0,抖音
3830,2186,2026-07-28 08:06:00,一日游套餐,311.07,0,0,自然
3831,2187,2026-07-11 07:55:00,一日游套餐,406.11,0,0,微信
3832,2187,2026-07-25 13:16:00,景点门票,67.74,1,0,微信
3833,2187,2026-07-25 21:33:00,酒店预订,312.71,0,0,微信
3834,2187,2026-07-26 19:48:00,一日游套餐,444.96,1,0,微信
3835,2187,2026-08-03 14:19:00,景点门票,51.39,0,0,微信
3836,2187,2026-08-20 12:22:00,景点门票,118.89,0,0,微信
3837,2189,2026-07-22 18:43:00,酒店预订,472.89,1,0,自然
3838,2189,2026-08-15 21:21:00,景点门票,137.28,0,0,自然
3839,2189,2026-08-29 14:35:00,一日游套餐,233.27,1,0,自然
3840,2190,2026-08-07 09:14:00,酒店预订,587.23,0,0,地推
3841,2190,2026-08-29 15:35:00,景点门票,169.09,1,0,地推
3842,2191,2026-06-27 13:49:00,景点门票,51.57,1,0,自然
3843,2191,2026-07-01 18:02:00,酒店预订,559.65,1,0,自然
3844,2191,2026-07-04 09:04:00,酒店预订,440.72,1,0,自然
3845,2191,2026-07-07 17:55:00,景点门票,96.56,1,0,自然
3846,2191,2026-07-30 20:33:00,景点门票,93.86,0,0,自然
3847,2191,2026-08-13 10:04:00,景点门票,95.94,1,0,自然
3848,2192,2026-06-29 15:36:00,景点门票,111.13,0,0,抖音
3849,2192,2026-07-21 15:32:00,景点门票,112.69,0,0,抖音
3850,2192,2026-08-02 09:07:00,一日游套餐,238.38,0,0,抖音
3851,2193,2026-06-18 16:22:00,景点门票,91.88,0,0,小红书
3852,2194,2026-07-16 09:52:00,酒店预订,530.42,1,0,自然
3853,2194,2026-08-19 09:55:00,景点门票,154.79,1,0,自然
3854,2195,2026-06-30 11:33:00,景点门票,81.88,0,0,小红书
3855,2195,2026-07-06 09:29:00,景点门票,93.82,1,0,小红书
3856,2195,2026-07-13 08:40:00,酒店预订,351.09,1,0,小红书
3857,2195,2026-07-13 14:37:00,景点门票,87.19,1,0,小红书
3858,2195,2026-08-15 21:15:00,酒店预订,405.73,0,0,小红书
3859,2196,2026-07-23 09:05:00,一日游套餐,363.5,1,0,微信
3860,2196,2026-07-28 11:30:00,景点门票,145.68,1,0,微信
3861,2196,2026-08-16 12:38:00,景点门票,107.99,1,0,微信
3862,2197,2026-07-23 16:24:00,景点门票,146.23,1,0,自然
3863,2197,2026-07-31 09:20:00,酒店预订,200.92,0,0,自然
3864,2198,2026-08-19 22:51:00,一日游套餐,355.34,0,0,抖音
3865,2199,2026-07-18 21:08:00,酒店预订,259.78,1,1,自然
3866,2199,2026-08-01 09:06:00,酒店预订,478.75,1,0,自然
3867,2199,2026-08-09 21:10:00,景点门票,107.39,1,0,自然
3868,2200,2026-07-17 07:48:00,一日游套餐,366.93,1,0,小红书
3869,2200,2026-07-20 18:37:00,酒店预订,445.12,1,0,小红书
3870,2200,2026-08-26 10:46:00,一日游套餐,378.66,1,0,小红书
3871,2201,2026-07-10 17:56:00,一日游套餐,428.27,1,0,自然
3872,2201,2026-07-19 16:16:00,一日游套餐,415.61,1,0,自然
3873,2203,2026-07-09 08:46:00,景点门票,72.51,0,0,微信
3874,2203,2026-07-12 21:46:00,景点门票,42.95,0,0,微信
3875,2203,2026-07-28 09:38:00,景点门票,54.52,1,0,微信
3876,2203,2026-07-29 22:14:00,酒店预订,313.71,1,0,微信
3877,2203,2026-08-02 12:48:00,酒店预订,385.66,0,0,微信
3878,2203,2026-08-23 10:53:00,景点门票,176.9,0,0,微信
3879,2204,2026-07-23 15:33:00,酒店预订,496.8,0,0,自然
3880,2204,2026-08-08 11:11:00,景点门票,163.45,1,0,自然
3881,2205,2026-06-28 08:45:00,景点门票,104.71,0,0,抖音
3882,2205,2026-07-06 15:23:00,酒店预订,447.79,1,0,抖音
3883,2208,2026-08-14 15:34:00,景点门票,149.7,0,0,抖音
3884,2208,2026-08-15 21:45:00,景点门票,122.42,0,0,抖音
3885,2209,2026-06-16 22:58:00,景点门票,140.9,0,0,自然
3886,2209,2026-06-20 15:29:00,酒店预订,510.98,1,0,自然
3887,2209,2026-07-16 17:19:00,酒店预订,183.55,1,0,自然
3888,2209,2026-07-25 19:17:00,景点门票,116.47,1,0,自然
3889,2209,2026-07-25 09:49:00,景点门票,153.7,1,0,自然
3890,2209,2026-07-26 07:12:00,景点门票,163.32,0,0,自然
3891,2209,2026-08-03 13:36:00,酒店预订,302.06,1,0,自然
3892,2210,2026-06-21 08:53:00,景点门票,69.48,1,0,自然
3893,2210,2026-08-01 10:14:00,景点门票,97.54,1,0,自然
3894,2210,2026-08-08 09:25:00,景点门票,115.99,1,0,自然
3895,2211,2026-07-25 17:19:00,景点门票,107.84,1,0,地推
3896,2211,2026-08-17 17:17:00,景点门票,177.37,0,0,地推
3897,2211,2026-08-17 08:58:00,一日游套餐,297.17,1,0,地推
3898,2213,2026-08-20 15:22:00,酒店预订,458.52,0,0,微信
3899,2215,2026-07-11 16:15:00,酒店预订,201.55,1,0,地推
3900,2215,2026-07-16 12:38:00,酒店预订,439.89,1,0,地推
3901,2215,2026-08-02 20:17:00,一日游套餐,219.15,0,0,地推
3902,2215,2026-08-06 07:37:00,酒店预订,374.73,0,0,地推
3903,2216,2026-08-20 09:16:00,景点门票,89.6,1,0,自然
3904,2217,2026-08-19 12:07:00,酒店预订,498.3,1,0,自然
3905,2217,2026-08-29 19:56:00,酒店预订,282.62,0,0,自然
3906,2220,2026-08-04 08:43:00,酒店预订,361.88,0,0,抖音
3907,2221,2026-07-04 13:22:00,一日游套餐,259.2,1,0,抖音
3908,2221,2026-07-10 07:53:00,景点门票,146.2,1,0,抖音
3909,2222,2026-07-11 17:54:00,酒店预订,513.42,0,0,抖音
3910,2224,2026-07-22 19:08:00,景点门票,54.09,1,0,自然
3911,2224,2026-07-29 12:43:00,景点门票,133.74,1,0,自然
3912,2224,2026-08-03 18:12:00,酒店预订,566.68,1,0,自然
3913,2224,2026-08-04 19:41:00,一日游套餐,390.16,0,0,自然
3914,2225,2026-06-16 09:26:00,一日游套餐,265.41,1,0,微信
3915,2225,2026-06-19 18:33:00,景点门票,69.04,0,0,微信
3916,2225,2026-07-17 12:54:00,景点门票,178.37,1,0,微信
3917,2226,2026-07-21 16:43:00,一日游套餐,242.36,1,0,自然
3918,2226,2026-07-21 22:39:00,景点门票,126.75,0,0,自然
3919,2227,2026-06-14 12:10:00,一日游套餐,366.37,0,0,小红书
3920,2227,2026-06-19 17:38:00,酒店预订,427.55,1,0,小红书
3921,2228,2026-06-15 20:01:00,景点门票,118.03,1,0,自然
3922,2228,2026-06-17 11:52:00,景点门票,63.07,0,0,自然
3923,2228,2026-07-23 22:04:00,景点门票,76.42,0,0,自然
3924,2228,2026-08-11 11:38:00,景点门票,149.88,1,0,自然
3925,2229,2026-07-17 15:18:00,景点门票,72.95,0,0,自然
3926,2229,2026-07-18 07:55:00,酒店预订,544.16,1,0,自然
3927,2230,2026-07-28 14:09:00,酒店预订,262.49,1,0,小红书
3928,2232,2026-07-06 08:08:00,一日游套餐,386.19,0,0,小红书
3929,2233,2026-07-14 18:26:00,景点门票,98.83,1,0,自然
3930,2234,2026-06-26 21:49:00,景点门票,175.94,1,0,地推
3931,2234,2026-07-20 18:54:00,景点门票,138.26,1,0,地推
3932,2235,2026-08-04 16:07:00,一日游套餐,313.36,0,0,小红书
3933,2236,2026-07-03 07:40:00,景点门票,107.5,0,0,微信
3934,2236,2026-07-07 11:22:00,酒店预订,390.77,0,0,微信
3935,2236,2026-07-07 19:16:00,景点门票,164.27,1,0,微信
3936,2236,2026-08-02 10:54:00,景点门票,139.65,0,0,微信
3937,2236,2026-08-19 08:58:00,景点门票,172.19,0,0,微信
3938,2236,2026-08-26 11:37:00,酒店预订,228.62,1,0,微信
3939,2238,2026-08-15 10:16:00,一日游套餐,300.78,0,0,抖音
3940,2239,2026-06-21 20:21:00,一日游套餐,215.89,1,0,抖音
3941,2239,2026-08-16 16:20:00,一日游套餐,377.35,0,0,抖音
3942,2243,2026-08-11 22:37:00,景点门票,87.58,1,0,抖音
3943,2243,2026-08-30 14:48:00,景点门票,50.05,0,0,抖音
3944,2244,2026-07-14 09:02:00,一日游套餐,272.99,0,0,自然
3945,2246,2026-08-02 22:23:00,酒店预订,285.76,1,0,自然
3946,2246,2026-08-06 19:54:00,一日游套餐,399.7,0,0,自然
3947,2246,2026-08-17 18:28:00,酒店预订,195.92,1,0,自然
3948,2246,2026-08-31 11:46:00,酒店预订,237.78,1,0,自然
3949,2246,2026-08-31 18:12:00,酒店预订,546.94,1,0,自然
3950,2247,2026-07-05 09:57:00,景点门票,55.49,1,0,自然
3951,2247,2026-07-05 21:00:00,景点门票,115.4,0,0,自然
3952,2247,2026-07-19 12:16:00,一日游套餐,276.19,1,0,自然
3953,2247,2026-08-06 08:24:00,景点门票,96.6,1,0,自然
3954,2249,2026-07-04 15:38:00,酒店预订,416.7,0,0,抖音
3955,2249,2026-08-20 22:50:00,一日游套餐,433.1,0,0,抖音
3956,2251,2026-08-22 20:40:00,酒店预订,215.48,1,0,抖音
3957,2252,2026-06-29 13:48:00,酒店预订,486.26,0,0,微信
3958,2252,2026-07-03 21:48:00,景点门票,128.78,0,0,微信
3959,2252,2026-07-11 14:42:00,酒店预订,315.52,1,0,微信
3960,2252,2026-07-30 07:48:00,景点门票,60.87,1,0,微信
3961,2253,2026-07-03 17:33:00,景点门票,149.74,1,0,抖音
3962,2255,2026-07-17 17:14:00,酒店预订,589.2,1,0,地推
3963,2255,2026-07-21 08:28:00,景点门票,170.55,0,0,地推
3964,2256,2026-06-28 16:51:00,酒店预订,291.0,1,0,抖音
3965,2256,2026-08-09 13:34:00,酒店预订,233.81,1,0,抖音
3966,2258,2026-06-21 11:19:00,景点门票,113.37,1,1,微信
3967,2258,2026-08-05 08:26:00,酒店预订,302.83,1,0,微信
3968,2258,2026-08-16 19:08:00,景点门票,89.49,1,0,微信
3969,2258,2026-08-16 20:11:00,酒店预订,548.82,0,0,微信
3970,2259,2026-08-19 22:44:00,酒店预订,465.91,1,0,自然
3971,2260,2026-08-09 18:49:00,酒店预订,465.42,1,0,抖音
3972,2261,2026-07-17 07:24:00,一日游套餐,223.63,1,0,小红书
3973,2261,2026-07-19 15:01:00,景点门票,85.58,0,0,小红书
3974,2261,2026-08-26 13:10:00,景点门票,132.97,0,0,小红书
3975,2262,2026-06-30 18:51:00,酒店预订,393.01,1,0,地推
3976,2263,2026-06-30 12:32:00,酒店预订,332.29,0,0,抖音
3977,2263,2026-07-02 15:23:00,酒店预订,480.47,0,0,抖音
3978,2263,2026-07-03 20:04:00,一日游套餐,312.59,1,1,抖音
3979,2263,2026-07-19 18:24:00,酒店预订,346.57,1,1,抖音
3980,2264,2026-07-20 07:46:00,景点门票,112.6,1,0,自然
3981,2264,2026-08-01 18:04:00,景点门票,107.83,1,0,自然
3982,2265,2026-07-23 11:39:00,景点门票,49.37,1,0,抖音
3983,2266,2026-07-06 10:58:00,景点门票,114.82,0,0,自然
3984,2266,2026-07-18 17:50:00,酒店预订,544.2,1,0,自然
3985,2266,2026-08-30 20:25:00,酒店预订,353.18,0,0,自然
3986,2267,2026-06-14 12:06:00,酒店预订,546.24,1,0,小红书
3987,2267,2026-06-18 15:17:00,酒店预订,399.39,1,0,小红书
3988,2267,2026-06-21 12:03:00,一日游套餐,356.11,1,0,小红书
3989,2267,2026-07-27 13:30:00,酒店预订,390.69,1,0,小红书
3990,2269,2026-07-18 21:39:00,酒店预订,270.35,1,0,小红书
3991,2269,2026-07-19 13:23:00,景点门票,85.91,1,0,小红书
3992,2269,2026-07-20 12:44:00,景点门票,47.21,0,0,小红书
3993,2269,2026-08-21 07:22:00,一日游套餐,365.55,1,0,小红书
3994,2270,2026-06-14 07:49:00,酒店预订,569.7,1,1,微信
3995,2270,2026-06-18 17:23:00,景点门票,126.37,1,0,微信
3996,2270,2026-06-26 18:28:00,酒店预订,561.2,1,0,微信
3997,2270,2026-07-11 12:59:00,酒店预订,330.6,0,0,微信
3998,2270,2026-07-15 17:28:00,景点门票,135.97,1,0,微信
3999,2271,2026-07-26 12:56:00,景点门票,104.26,0,0,小红书
4000,2271,2026-08-06 18:39:00,景点门票,85.9,1,0,小红书
4001,2272,2026-07-25 09:39:00,景点门票,152.2,0,0,小红书
4002,2273,2026-07-05 13:35:00,一日游套餐,362.48,0,0,小红书
4003,2273,2026-07-07 19:09:00,景点门票,42.63,0,0,小红书
4004,2275,2026-07-12 08:03:00,酒店预订,366.23,0,0,微信
4005,2275,2026-07-13 22:34:00,酒店预订,339.66,1,0,微信
4006,2275,2026-07-30 09:19:00,酒店预订,272.15,1,0,微信
4007,2275,2026-08-30 15:53:00,景点门票,53.21,1,0,微信
4008,2277,2026-07-21 17:17:00,酒店预订,431.22,0,0,抖音
4009,2279,2026-08-30 09:46:00,酒店预订,221.81,0,0,微信
4010,2280,2026-07-07 17:33:00,景点门票,62.03,0,0,小红书
4011,2280,2026-07-21 11:25:00,酒店预订,418.6,1,0,小红书
4012,2280,2026-08-10 21:45:00,一日游套餐,383.89,1,0,小红书
4013,2280,2026-08-17 19:16:00,酒店预订,258.77,1,1,小红书
4014,2283,2026-07-15 15:33:00,景点门票,133.23,1,1,抖音
4015,2283,2026-07-30 15:47:00,一日游套餐,272.16,0,0,抖音
4016,2284,2026-06-20 14:00:00,一日游套餐,231.77,1,0,小红书
4017,2284,2026-06-22 19:47:00,景点门票,60.31,1,0,小红书
4018,2284,2026-08-12 15:13:00,景点门票,54.6,0,0,小红书
4019,2285,2026-07-04 22:26:00,一日游套餐,301.17,1,0,自然
4020,2286,2026-07-11 16:18:00,景点门票,71.69,0,0,自然
4021,2286,2026-08-24 13:04:00,一日游套餐,308.35,1,0,自然
4022,2287,2026-08-10 12:57:00,酒店预订,574.58,1,0,微信
4023,2287,2026-08-10 12:31:00,酒店预订,465.07,1,0,微信
4024,2288,2026-06-30 12:34:00,酒店预订,350.22,0,0,微信
4025,2289,2026-08-06 12:24:00,景点门票,175.22,0,0,自然
4026,2289,2026-08-22 16:17:00,景点门票,115.82,0,0,自然
4027,2290,2026-07-18 20:04:00,一日游套餐,251.98,1,0,自然
4028,2290,2026-07-22 13:40:00,景点门票,168.31,1,0,自然
4029,2290,2026-07-22 10:11:00,酒店预订,431.64,1,0,自然
4030,2290,2026-07-28 18:56:00,酒店预订,540.8,1,1,自然
4031,2291,2026-06-14 18:43:00,景点门票,40.13,0,0,地推
4032,2293,2026-07-16 12:07:00,一日游套餐,422.19,1,0,小红书
4033,2293,2026-07-23 10:50:00,酒店预订,582.81,1,1,小红书
4034,2296,2026-07-12 15:12:00,景点门票,60.22,0,0,自然
4035,2296,2026-07-13 11:01:00,景点门票,59.33,1,0,自然
4036,2296,2026-07-30 15:15:00,酒店预订,542.72,1,0,自然
4037,2298,2026-06-15 15:42:00,景点门票,166.77,0,0,自然
4038,2298,2026-06-22 08:40:00,酒店预订,553.49,1,0,自然
4039,2298,2026-06-29 22:31:00,一日游套餐,366.65,1,0,自然
4040,2299,2026-06-19 13:08:00,一日游套餐,217.4,1,0,自然
4041,2299,2026-07-26 15:58:00,景点门票,75.45,0,0,自然
4042,2300,2026-08-10 17:31:00,景点门票,50.21,1,0,小红书
4043,2301,2026-08-20 11:34:00,景点门票,151.85,1,0,地推
4044,2302,2026-07-15 22:46:00,景点门票,87.51,0,0,小红书
4045,2303,2026-07-14 08:05:00,景点门票,98.56,1,0,抖音
4046,2303,2026-07-19 07:33:00,酒店预订,309.67,0,0,抖音
4047,2304,2026-07-12 11:58:00,酒店预订,280.34,1,0,抖音
4048,2307,2026-06-11 15:58:00,景点门票,56.93,1,0,抖音
4049,2307,2026-07-15 21:09:00,酒店预订,311.8,0,0,抖音
4050,2309,2026-07-18 21:11:00,一日游套餐,421.69,0,0,小红书
4051,2309,2026-07-25 15:47:00,酒店预订,391.23,0,0,小红书
4052,2310,2026-07-12 09:08:00,景点门票,72.6,1,0,微信
4053,2310,2026-07-13 14:17:00,酒店预订,187.69,1,0,微信
4054,2310,2026-07-22 08:11:00,景点门票,58.74,0,0,微信
4055,2312,2026-08-05 08:03:00,景点门票,105.32,1,0,自然
4056,2314,2026-07-20 07:25:00,酒店预订,184.66,1,0,自然
4057,2314,2026-07-25 09:47:00,一日游套餐,275.4,0,0,自然
4058,2315,2026-07-20 21:10:00,酒店预订,484.75,0,0,抖音
4059,2317,2026-07-04 22:05:00,酒店预订,181.05,1,0,自然
4060,2317,2026-07-16 09:20:00,景点门票,73.7,1,0,自然
4061,2318,2026-07-01 07:34:00,酒店预订,501.64,1,0,微信
4062,2318,2026-08-06 21:32:00,酒店预订,527.55,1,0,微信
4063,2318,2026-08-06 15:23:00,一日游套餐,394.21,1,0,微信
4064,2318,2026-08-18 16:05:00,景点门票,53.05,1,0,微信
4065,2321,2026-06-23 18:01:00,景点门票,165.28,0,0,自然
4066,2321,2026-06-29 22:42:00,一日游套餐,387.75,0,0,自然
4067,2321,2026-08-15 07:10:00,景点门票,64.17,1,0,自然
4068,2322,2026-08-02 10:10:00,景点门票,44.83,0,0,自然
4069,2323,2026-07-19 21:52:00,一日游套餐,203.62,0,0,抖音
4070,2324,2026-07-18 09:09:00,酒店预订,344.86,1,1,自然
4071,2324,2026-08-02 18:51:00,景点门票,54.89,0,0,自然
4072,2325,2026-06-14 10:38:00,酒店预订,487.01,1,0,自然
4073,2325,2026-06-16 17:16:00,一日游套餐,345.83,1,0,自然
4074,2325,2026-06-25 21:46:00,酒店预订,445.19,0,0,自然
4075,2325,2026-06-25 17:50:00,酒店预订,490.44,1,0,自然
4076,2325,2026-07-18 21:25:00,景点门票,73.22,1,0,自然
4077,2325,2026-07-18 11:59:00,景点门票,171.51,1,0,自然
4078,2327,2026-08-08 14:51:00,景点门票,49.34,0,0,自然
4079,2327,2026-08-08 13:12:00,一日游套餐,395.22,0,0,自然
4080,2327,2026-08-08 21:34:00,酒店预订,403.72,1,0,自然
4081,2327,2026-08-10 21:49:00,景点门票,53.43,1,0,自然
4082,2328,2026-06-21 08:20:00,景点门票,129.0,1,0,自然
4083,2328,2026-07-10 15:17:00,景点门票,167.17,1,0,自然
4084,2328,2026-08-15 20:50:00,景点门票,66.79,1,0,自然
4085,2331,2026-07-03 09:18:00,酒店预订,280.77,1,0,小红书
4086,2331,2026-08-01 21:41:00,酒店预订,225.55,1,0,小红书
4087,2332,2026-07-18 11:46:00,一日游套餐,361.11,1,0,抖音
4088,2332,2026-07-23 22:34:00,一日游套餐,212.71,0,0,抖音
4089,2333,2026-07-01 15:24:00,景点门票,57.42,1,0,微信
4090,2333,2026-07-05 22:41:00,酒店预订,211.76,1,0,微信
4091,2333,2026-07-20 10:15:00,景点门票,161.32,0,0,微信
4092,2334,2026-07-20 07:44:00,景点门票,139.47,0,0,自然
4093,2334,2026-07-20 20:15:00,景点门票,118.07,1,0,自然
4094,2334,2026-07-27 21:15:00,景点门票,92.96,1,0,自然
4095,2334,2026-08-01 16:18:00,景点门票,114.66,1,0,自然
4096,2334,2026-08-31 15:31:00,景点门票,41.75,1,0,自然
4097,2336,2026-07-24 12:23:00,一日游套餐,294.32,1,0,小红书
4098,2337,2026-07-06 16:01:00,酒店预订,321.5,0,0,微信
4099,2337,2026-07-10 14:46:00,酒店预订,189.15,0,0,微信
4100,2337,2026-08-01 10:20:00,酒店预订,366.66,1,0,微信
4101,2337,2026-08-24 15:44:00,一日游套餐,427.22,1,0,微信
4102,2340,2026-06-26 11:22:00,酒店预订,264.2,1,0,自然
4103,2341,2026-07-07 15:56:00,景点门票,74.84,1,0,自然
4104,2342,2026-07-11 21:55:00,酒店预订,390.72,0,0,自然
4105,2344,2026-08-02 16:09:00,景点门票,75.44,1,0,自然
4106,2345,2026-06-16 09:11:00,一日游套餐,319.98,0,0,小红书
4107,2345,2026-08-05 07:13:00,景点门票,93.61,1,0,小红书
4108,2346,2026-07-19 17:22:00,一日游套餐,398.03,1,0,自然
4109,2347,2026-06-26 17:51:00,景点门票,146.27,1,0,微信
4110,2347,2026-07-03 17:13:00,酒店预订,429.77,0,0,微信
4111,2347,2026-07-16 15:20:00,酒店预订,209.56,0,0,微信
4112,2347,2026-08-16 16:46:00,酒店预订,324.89,1,0,微信
4113,2348,2026-06-20 17:49:00,酒店预订,292.77,1,0,微信
4114,2348,2026-06-20 14:14:00,酒店预订,505.08,1,0,微信
4115,2348,2026-07-02 07:45:00,一日游套餐,400.89,1,0,微信
4116,2348,2026-08-04 15:54:00,景点门票,57.38,0,0,微信
4117,2348,2026-08-11 19:32:00,一日游套餐,414.36,0,0,微信
4118,2349,2026-06-18 08:02:00,景点门票,61.73,0,0,自然
4119,2349,2026-06-18 14:02:00,景点门票,179.22,1,0,自然
4120,2349,2026-06-19 10:19:00,景点门票,86.33,1,0,自然
4121,2349,2026-06-20 21:57:00,酒店预订,313.46,1,0,自然
4122,2349,2026-06-29 17:59:00,景点门票,141.05,1,0,自然
4123,2350,2026-06-10 18:16:00,酒店预订,353.64,0,0,自然
4124,2350,2026-07-21 16:34:00,酒店预订,232.79,1,0,自然
4125,2352,2026-06-10 17:14:00,酒店预订,381.82,1,1,微信
4126,2352,2026-07-05 14:03:00,酒店预订,492.43,1,0,微信
4127,2352,2026-07-15 14:07:00,景点门票,116.23,1,0,微信
4128,2353,2026-06-28 22:56:00,景点门票,113.46,1,0,自然
4129,2353,2026-07-03 09:02:00,一日游套餐,426.52,0,0,自然
4130,2353,2026-07-04 11:34:00,一日游套餐,365.08,1,0,自然
4131,2353,2026-08-06 23:01:00,酒店预订,289.54,1,0,自然
4132,2356,2026-07-16 14:15:00,景点门票,114.11,1,1,微信
4133,2356,2026-07-31 21:44:00,酒店预订,589.35,1,0,微信
4134,2356,2026-08-08 17:03:00,景点门票,58.55,1,0,微信
4135,2356,2026-08-08 17:56:00,景点门票,133.0,0,0,微信
4136,2357,2026-06-25 20:52:00,一日游套餐,410.5,1,0,抖音
4137,2357,2026-07-09 13:26:00,一日游套餐,364.1,0,0,抖音
4138,2357,2026-07-12 17:37:00,景点门票,82.49,1,0,抖音
4139,2357,2026-07-29 10:01:00,酒店预订,447.2,0,0,抖音
4140,2357,2026-07-29 16:08:00,酒店预订,446.62,1,0,抖音
4141,2357,2026-08-07 21:43:00,酒店预订,298.78,0,0,抖音
4142,2358,2026-07-15 20:07:00,一日游套餐,422.96,0,0,抖音
4143,2360,2026-07-21 14:39:00,酒店预订,577.66,0,0,自然
4144,2360,2026-07-28 12:02:00,景点门票,102.9,1,0,自然
4145,2360,2026-07-31 16:27:00,景点门票,45.09,1,0,自然
4146,2360,2026-07-31 08:17:00,酒店预订,360.56,0,0,自然
4147,2360,2026-08-08 15:50:00,景点门票,118.22,1,0,自然
4148,2361,2026-07-29 21:26:00,景点门票,149.44,1,0,微信
4149,2361,2026-08-02 18:19:00,酒店预订,245.1,1,0,微信
4150,2361,2026-08-06 15:28:00,景点门票,112.57,1,0,微信
4151,2361,2026-08-22 14:58:00,景点门票,70.96,1,1,微信
4152,2361,2026-08-23 21:16:00,酒店预订,416.42,0,0,微信
4153,2362,2026-06-21 14:00:00,景点门票,69.78,1,0,自然
4154,2362,2026-08-07 12:19:00,酒店预订,351.15,0,0,自然
4155,2364,2026-07-17 15:51:00,景点门票,171.48,1,1,微信
4156,2365,2026-06-20 17:15:00,景点门票,100.35,1,0,小红书
4157,2367,2026-07-18 08:22:00,酒店预订,546.29,1,0,自然
4158,2367,2026-08-04 20:16:00,景点门票,125.02,1,0,自然
4159,2370,2026-07-02 07:42:00,一日游套餐,417.42,1,1,抖音
4160,2373,2026-08-08 19:00:00,酒店预订,537.44,0,0,抖音
4161,2374,2026-08-10 15:23:00,景点门票,109.75,1,0,自然
4162,2375,2026-07-22 10:18:00,一日游套餐,259.41,1,0,抖音
4163,2376,2026-07-08 08:29:00,景点门票,149.73,1,0,自然
4164,2376,2026-08-06 20:07:00,景点门票,49.15,1,0,自然
4165,2377,2026-06-23 18:28:00,景点门票,123.33,1,0,微信
4166,2377,2026-06-24 14:22:00,景点门票,64.9,1,0,微信
4167,2377,2026-07-30 11:55:00,景点门票,137.69,0,0,微信
4168,2378,2026-08-29 20:58:00,景点门票,106.86,0,0,小红书
4169,2379,2026-07-28 07:51:00,酒店预订,184.19,1,0,自然
4170,2379,2026-07-31 12:40:00,景点门票,112.7,1,0,自然
4171,2380,2026-07-23 08:21:00,景点门票,141.43,1,0,小红书
4172,2380,2026-08-18 22:03:00,一日游套餐,416.62,0,0,小红书
4173,2380,2026-08-21 08:37:00,一日游套餐,340.72,1,0,小红书
4174,2381,2026-07-24 14:32:00,景点门票,105.79,1,0,微信
4175,2381,2026-07-24 19:31:00,酒店预订,482.93,1,0,微信
4176,2381,2026-07-31 12:17:00,酒店预订,462.95,1,0,微信
4177,2381,2026-08-16 15:28:00,一日游套餐,294.01,0,0,微信
4178,2381,2026-08-17 10:18:00,景点门票,109.78,1,0,微信
4179,2382,2026-08-06 17:35:00,酒店预订,555.06,0,0,自然
4180,2383,2026-08-07 08:26:00,景点门票,61.07,1,0,自然
4181,2385,2026-06-17 08:16:00,一日游套餐,240.56,1,0,自然
4182,2387,2026-07-10 08:32:00,酒店预订,488.87,1,0,地推
4183,2388,2026-06-27 11:13:00,酒店预订,414.1,1,0,自然
4184,2388,2026-07-06 08:24:00,酒店预订,443.52,1,0,自然
4185,2388,2026-08-05 15:31:00,景点门票,162.38,0,0,自然
4186,2388,2026-08-15 11:20:00,景点门票,97.18,1,0,自然
4187,2390,2026-06-07 13:39:00,酒店预订,246.38,1,0,自然
4188,2390,2026-06-07 20:51:00,景点门票,171.34,0,0,自然
4189,2390,2026-07-28 08:11:00,酒店预订,201.53,1,0,自然
4190,2390,2026-08-04 09:18:00,景点门票,155.17,0,0,自然
4191,2391,2026-07-29 16:15:00,景点门票,134.39,0,0,小红书
4192,2391,2026-08-01 13:32:00,景点门票,103.0,0,0,小红书
4193,2391,2026-08-14 08:55:00,酒店预订,449.59,1,0,小红书
4194,2391,2026-08-16 07:42:00,酒店预订,297.35,1,0,小红书
4195,2391,2026-08-30 21:55:00,酒店预订,419.11,0,0,小红书
4196,2394,2026-07-05 07:23:00,酒店预订,396.05,1,0,自然
4197,2394,2026-07-05 10:28:00,景点门票,152.76,0,0,自然
4198,2395,2026-08-06 10:06:00,一日游套餐,341.06,0,0,小红书
4199,2395,2026-08-20 20:08:00,景点门票,166.71,1,0,小红书
4200,2396,2026-08-15 15:14:00,景点门票,175.9,0,0,地推
4201,2396,2026-08-27 19:56:00,酒店预订,587.18,1,0,地推
4202,2397,2026-07-21 12:23:00,酒店预订,352.64,0,0,自然
4203,2397,2026-08-01 11:38:00,景点门票,65.36,1,0,自然
4204,2397,2026-08-11 21:17:00,一日游套餐,221.3,0,0,自然
4205,2398,2026-07-29 18:16:00,一日游套餐,328.47,1,0,自然
4206,2399,2026-07-31 12:03:00,景点门票,157.1,0,0,自然
4207,2399,2026-08-09 10:25:00,景点门票,169.27,1,0,自然
4208,2399,2026-08-23 08:36:00,景点门票,130.51,1,0,自然
4209,2400,2026-06-20 07:18:00,景点门票,62.54,1,0,抖音
4210,2402,2026-07-26 13:12:00,酒店预订,192.29,1,0,微信
4211,2402,2026-07-28 09:21:00,酒店预订,575.56,1,0,微信
4212,2402,2026-08-19 08:20:00,景点门票,138.8,1,0,微信
4213,2403,2026-07-19 18:52:00,一日游套餐,315.54,1,0,小红书
4214,2404,2026-06-30 14:09:00,酒店预订,434.05,1,0,微信
4215,2405,2026-08-08 14:16:00,酒店预订,259.22,1,0,微信
4216,2405,2026-08-08 17:03:00,景点门票,82.87,1,0,微信
4217,2406,2026-08-02 12:51:00,一日游套餐,215.25,0,0,自然
4218,2407,2026-07-15 20:33:00,景点门票,167.21,0,0,抖音
4219,2408,2026-07-13 11:49:00,一日游套餐,355.31,1,0,自然
4220,2408,2026-07-19 08:53:00,景点门票,45.0,1,0,自然
4221,2408,2026-07-25 17:36:00,景点门票,150.06,0,0,自然
4222,2408,2026-08-22 18:08:00,一日游套餐,435.43,1,0,自然
4223,2410,2026-07-26 14:32:00,景点门票,48.73,0,0,地推
4224,2411,2026-07-03 08:48:00,酒店预订,236.05,1,0,小红书
4225,2412,2026-06-28 22:28:00,酒店预订,245.6,1,0,地推
4226,2412,2026-06-29 15:57:00,酒店预订,198.85,1,0,地推
4227,2412,2026-07-02 13:59:00,景点门票,97.77,0,0,地推
4228,2413,2026-06-15 13:28:00,景点门票,100.94,0,0,抖音
4229,2413,2026-07-12 15:01:00,酒店预订,376.62,0,0,抖音
4230,2415,2026-07-21 09:49:00,一日游套餐,417.08,0,0,抖音
4231,2415,2026-07-25 15:20:00,一日游套餐,322.94,0,0,抖音
4232,2416,2026-07-09 07:54:00,酒店预订,585.91,1,0,自然
4233,2416,2026-07-11 13:58:00,景点门票,141.15,1,0,自然
4234,2416,2026-07-11 21:55:00,酒店预订,512.13,1,0,自然
4235,2416,2026-07-12 22:11:00,酒店预订,373.9,1,0,自然
4236,2416,2026-08-30 21:05:00,景点门票,83.91,0,0,自然
4237,2417,2026-07-26 14:02:00,景点门票,161.79,0,0,自然
4238,2417,2026-07-29 20:15:00,一日游套餐,219.51,1,0,自然
4239,2417,2026-07-29 11:51:00,一日游套餐,227.02,1,0,自然
4240,2417,2026-08-20 16:08:00,酒店预订,567.82,1,0,自然
4241,2417,2026-08-20 18:09:00,景点门票,85.05,1,0,自然
4242,2417,2026-08-29 12:24:00,景点门票,127.41,1,0,自然
4243,2419,2026-07-02 16:50:00,景点门票,90.68,0,0,自然
4244,2419,2026-07-07 10:42:00,酒店预订,526.31,0,0,自然
4245,2420,2026-06-14 08:16:00,一日游套餐,207.41,1,0,地推
4246,2422,2026-07-14 18:36:00,酒店预订,268.42,1,0,自然
4247,2422,2026-07-18 20:48:00,景点门票,72.45,0,0,自然
4248,2422,2026-07-21 19:59:00,景点门票,68.99,1,0,自然
4249,2422,2026-07-28 15:38:00,景点门票,179.33,1,0,自然
4250,2423,2026-07-03 12:57:00,酒店预订,516.24,1,0,微信
4251,2423,2026-07-10 22:50:00,酒店预订,537.66,1,1,微信
4252,2423,2026-07-14 15:45:00,酒店预订,480.61,0,0,微信
4253,2423,2026-07-15 20:54:00,景点门票,178.85,1,0,微信
4254,2423,2026-08-13 10:16:00,酒店预订,354.76,1,0,微信
4255,2423,2026-08-27 09:16:00,一日游套餐,423.47,1,0,微信
4256,2424,2026-06-11 21:11:00,酒店预订,425.26,1,0,自然
4257,2424,2026-06-17 19:40:00,景点门票,160.09,0,0,自然
4258,2424,2026-06-17 14:30:00,一日游套餐,427.24,0,0,自然
4259,2424,2026-08-01 20:59:00,景点门票,94.71,1,0,自然
4260,2425,2026-07-21 15:29:00,景点门票,94.3,1,0,地推
4261,2426,2026-07-03 10:06:00,景点门票,162.13,1,0,小红书
4262,2426,2026-08-12 22:11:00,一日游套餐,402.31,1,0,小红书
4263,2426,2026-08-14 13:27:00,酒店预订,332.61,1,0,小红书
4264,2427,2026-07-28 20:11:00,酒店预订,382.82,1,0,自然
4265,2427,2026-07-28 11:22:00,一日游套餐,263.64,1,0,自然
4266,2427,2026-08-10 17:39:00,景点门票,133.42,1,0,自然
4267,2427,2026-08-24 09:11:00,酒店预订,356.61,1,0,自然
4268,2428,2026-07-07 07:18:00,一日游套餐,368.26,1,0,小红书
4269,2428,2026-08-10 10:18:00,酒店预订,237.1,0,0,小红书
4270,2429,2026-07-08 11:19:00,景点门票,54.29,1,0,小红书
4271,2429,2026-07-29 20:55:00,景点门票,100.89,0,0,小红书
4272,2430,2026-07-22 19:49:00,一日游套餐,358.94,1,0,小红书
4273,2431,2026-06-23 07:58:00,景点门票,175.51,0,0,微信
4274,2432,2026-07-25 08:21:00,景点门票,151.78,0,0,小红书
4275,2433,2026-07-11 16:46:00,景点门票,89.66,0,0,小红书
4276,2433,2026-08-15 21:11:00,酒店预订,254.96,1,0,小红书
4277,2434,2026-07-21 12:09:00,景点门票,98.04,0,0,抖音
4278,2435,2026-06-09 13:41:00,酒店预订,337.54,1,0,小红书
4279,2435,2026-06-14 08:35:00,景点门票,102.9,0,0,小红书
4280,2435,2026-06-21 17:07:00,景点门票,127.64,1,0,小红书
4281,2435,2026-07-18 18:31:00,酒店预订,527.36,1,0,小红书
4282,2436,2026-07-04 13:13:00,酒店预订,209.47,1,0,地推
4283,2436,2026-07-04 16:41:00,景点门票,45.38,0,0,地推
4284,2436,2026-07-10 19:37:00,酒店预订,437.0,1,0,地推
4285,2436,2026-08-25 11:05:00,景点门票,80.89,1,0,地推
4286,2437,2026-07-02 12:30:00,酒店预订,297.17,0,0,小红书
4287,2438,2026-06-20 13:09:00,酒店预订,191.48,1,0,小红书
4288,2438,2026-06-22 18:59:00,酒店预订,282.0,0,0,小红书
4289,2438,2026-06-22 12:31:00,酒店预订,227.52,1,0,小红书
4290,2438,2026-07-04 17:55:00,景点门票,178.38,0,0,小红书
4291,2438,2026-07-05 10:55:00,酒店预订,184.97,1,1,小红书
4292,2440,2026-07-23 22:03:00,景点门票,100.32,1,0,小红书
4293,2440,2026-07-26 07:24:00,景点门票,58.52,1,0,小红书
4294,2442,2026-07-04 18:57:00,酒店预订,552.41,0,0,自然
4295,2442,2026-07-14 12:15:00,一日游套餐,245.56,1,0,自然
4296,2445,2026-06-29 08:50:00,酒店预订,463.33,1,0,抖音
4297,2446,2026-07-22 16:18:00,景点门票,102.5,0,0,抖音
4298,2447,2026-07-11 16:05:00,景点门票,178.11,1,0,自然
4299,2447,2026-08-04 17:53:00,景点门票,100.88,0,0,自然
4300,2450,2026-08-14 17:55:00,酒店预订,523.18,1,1,小红书
4301,2450,2026-08-27 16:21:00,酒店预订,227.27,0,0,小红书
4302,2451,2026-07-26 20:14:00,景点门票,167.26,1,0,小红书
4303,2452,2026-07-06 07:21:00,一日游套餐,204.84,1,0,小红书
4304,2452,2026-07-08 14:06:00,一日游套餐,359.28,0,0,小红书
4305,2452,2026-07-18 15:49:00,一日游套餐,438.33,0,0,小红书
4306,2453,2026-07-02 11:15:00,酒店预订,281.38,0,0,小红书
4307,2453,2026-07-24 09:29:00,景点门票,103.73,0,0,小红书
4308,2453,2026-08-01 16:26:00,酒店预订,337.3,1,0,小红书
4309,2453,2026-08-13 22:49:00,景点门票,44.96,0,0,小红书
4310,2454,2026-06-21 13:14:00,景点门票,171.87,1,0,微信
4311,2454,2026-08-06 07:17:00,酒店预订,321.46,1,0,微信
4312,2457,2026-07-12 09:01:00,景点门票,86.44,0,0,小红书
4313,2457,2026-08-08 11:03:00,一日游套餐,431.47,1,0,小红书
4314,2458,2026-07-31 21:44:00,酒店预订,529.84,1,0,自然
4315,2458,2026-08-05 21:16:00,一日游套餐,334.78,1,0,自然
4316,2458,2026-08-20 22:28:00,一日游套餐,283.78,0,0,自然
4317,2458,2026-08-26 11:50:00,景点门票,65.62,0,0,自然
4318,2459,2026-07-20 15:35:00,景点门票,151.03,1,1,自然
4319,2459,2026-07-27 17:59:00,景点门票,131.23,1,0,自然
4320,2459,2026-08-23 12:00:00,一日游套餐,440.03,0,0,自然
4321,2460,2026-07-18 07:12:00,酒店预订,260.46,0,0,抖音
4322,2462,2026-07-11 15:27:00,一日游套餐,292.34,1,0,小红书
4323,2462,2026-07-21 12:15:00,一日游套餐,322.05,1,0,小红书
4324,2464,2026-07-13 19:16:00,酒店预订,193.11,1,0,小红书
4325,2466,2026-06-29 07:35:00,景点门票,132.37,1,0,小红书
4326,2466,2026-07-05 09:01:00,酒店预订,473.14,1,0,小红书
4327,2467,2026-06-24 17:56:00,酒店预订,453.26,1,0,微信
4328,2467,2026-07-13 14:19:00,一日游套餐,306.25,0,0,微信
4329,2467,2026-08-02 15:03:00,一日游套餐,329.47,1,0,微信
4330,2467,2026-08-07 16:42:00,酒店预订,242.36,1,0,微信
4331,2467,2026-08-08 20:42:00,景点门票,147.26,1,0,微信
4332,2467,2026-08-08 14:45:00,一日游套餐,250.84,0,0,微信
4333,2467,2026-08-11 09:18:00,景点门票,169.84,1,0,微信
4334,2468,2026-07-07 20:40:00,酒店预订,332.29,1,0,小红书
4335,2468,2026-07-11 22:29:00,一日游套餐,446.35,1,0,小红书
4336,2469,2026-07-14 12:59:00,酒店预订,229.34,0,0,小红书
4337,2469,2026-07-16 12:26:00,景点门票,71.68,1,0,小红书
4338,2470,2026-08-09 18:55:00,景点门票,62.01,1,0,抖音
4339,2471,2026-07-12 22:22:00,酒店预订,407.89,1,0,抖音
4340,2472,2026-07-01 19:53:00,酒店预订,412.1,1,0,微信
4341,2472,2026-07-11 22:05:00,景点门票,96.61,1,0,微信
4342,2472,2026-07-15 20:26:00,酒店预订,288.74,1,1,微信
4343,2472,2026-08-29 21:10:00,景点门票,97.55,0,0,微信
4344,2473,2026-06-11 20:35:00,景点门票,173.01,1,0,小红书
4345,2473,2026-06-12 09:27:00,景点门票,172.04,1,0,小红书
4346,2473,2026-06-20 22:08:00,酒店预订,518.02,0,0,小红书
4347,2473,2026-07-20 22:40:00,酒店预订,250.18,1,0,小红书
4348,2475,2026-07-21 22:56:00,景点门票,83.48,1,0,抖音
4349,2475,2026-07-31 08:04:00,景点门票,69.19,0,0,抖音
4350,2476,2026-07-11 14:11:00,景点门票,94.53,0,0,自然
4351,2476,2026-07-11 22:02:00,酒店预订,292.03,0,0,自然
4352,2477,2026-06-30 18:41:00,景点门票,169.38,0,0,自然
4353,2477,2026-07-10 08:36:00,一日游套餐,318.7,1,0,自然
4354,2478,2026-08-22 14:15:00,一日游套餐,340.78,1,0,自然
4355,2481,2026-07-08 11:34:00,酒店预订,206.25,0,0,抖音
4356,2481,2026-08-02 21:18:00,一日游套餐,263.66,1,0,抖音
4357,2481,2026-08-08 09:00:00,景点门票,99.81,1,0,抖音
4358,2482,2026-08-05 16:04:00,酒店预订,311.25,1,0,自然
4359,2482,2026-08-05 09:28:00,酒店预订,258.84,1,0,自然
4360,2482,2026-08-27 14:50:00,景点门票,68.62,1,0,自然
4361,2484,2026-06-16 18:19:00,一日游套餐,435.52,1,0,抖音
4362,2485,2026-08-03 14:51:00,景点门票,153.48,1,0,微信
4363,2485,2026-08-05 10:41:00,景点门票,53.88,1,0,微信
4364,2485,2026-08-05 15:54:00,酒店预订,222.41,1,0,微信
4365,2485,2026-08-08 18:48:00,一日游套餐,300.35,1,1,微信
4366,2485,2026-08-23 07:58:00,一日游套餐,339.31,1,0,微信
4367,2486,2026-07-14 19:53:00,景点门票,66.15,1,0,抖音
4368,2487,2026-07-31 08:18:00,一日游套餐,353.71,0,0,微信
4369,2487,2026-08-01 11:22:00,一日游套餐,327.13,1,0,微信
4370,2487,2026-08-02 21:51:00,景点门票,60.02,0,0,微信
4371,2487,2026-08-04 18:29:00,景点门票,151.25,1,0,微信
4372,2487,2026-08-30 09:21:00,景点门票,80.46,1,0,微信
4373,2488,2026-06-26 16:26:00,酒店预订,451.95,1,0,微信
4374,2488,2026-06-28 18:20:00,景点门票,114.81,1,1,微信
4375,2488,2026-07-07 17:20:00,景点门票,92.72,1,0,微信
4376,2488,2026-07-15 21:41:00,一日游套餐,277.53,1,0,微信
4377,2488,2026-08-02 11:53:00,酒店预订,533.12,1,0,微信
4378,2488,2026-08-20 17:15:00,景点门票,103.74,1,0,微信
4379,2488,2026-08-20 18:27:00,一日游套餐,384.69,1,0,微信
4380,2489,2026-06-25 14:32:00,一日游套餐,364.32,1,0,自然
4381,2489,2026-07-08 08:32:00,景点门票,130.19,0,0,自然
4382,2489,2026-08-15 22:18:00,一日游套餐,257.11,1,0,自然
4383,2490,2026-08-19 11:10:00,一日游套餐,335.35,0,0,小红书
4384,2491,2026-08-30 19:55:00,酒店预订,499.58,0,0,地推
4385,2493,2026-07-12 11:52:00,一日游套餐,251.72,1,0,自然
4386,2494,2026-08-02 14:04:00,景点门票,116.33,1,0,地推
4387,2494,2026-08-03 11:48:00,酒店预订,516.3,1,0,地推
4388,2494,2026-08-31 19:54:00,酒店预订,386.87,1,0,地推
4389,2495,2026-07-17 12:10:00,景点门票,47.37,1,0,微信
4390,2495,2026-07-21 22:18:00,一日游套餐,405.95,1,0,微信
4391,2495,2026-07-26 12:00:00,景点门票,174.63,1,1,微信
4392,2495,2026-08-15 18:35:00,酒店预订,283.8,1,0,微信
4393,2495,2026-08-16 12:42:00,景点门票,116.15,1,0,微信
4394,2495,2026-08-16 17:35:00,景点门票,111.12,1,0,微信
4395,2498,2026-06-20 16:48:00,景点门票,77.95,0,0,自然
4396,2498,2026-06-20 20:58:00,酒店预订,497.3,1,0,自然
4397,2498,2026-07-26 19:22:00,酒店预订,568.09,0,0,自然
4398,2499,2026-08-09 09:15:00,一日游套餐,404.18,1,0,微信
4399,2499,2026-08-20 10:25:00,酒店预订,284.11,1,0,微信
4400,2501,2026-08-02 13:25:00,酒店预订,229.63,1,0,自然
4401,2502,2026-07-19 08:54:00,景点门票,61.07,1,0,小红书
4402,2502,2026-08-03 22:28:00,酒店预订,414.69,1,0,小红书
4403,2502,2026-08-13 21:01:00,酒店预订,500.9,1,1,小红书
4404,2502,2026-08-20 20:04:00,酒店预订,385.9,1,0,小红书
4405,2504,2026-06-25 08:11:00,酒店预订,403.63,1,0,微信
4406,2504,2026-07-09 19:51:00,一日游套餐,215.42,1,0,微信
4407,2505,2026-08-16 23:02:00,一日游套餐,304.42,1,1,自然
4408,2507,2026-08-08 12:30:00,景点门票,136.17,0,0,地推
4409,2507,2026-08-08 17:34:00,酒店预订,362.09,0,0,地推
4410,2507,2026-08-09 22:30:00,一日游套餐,367.18,0,0,地推
4411,2508,2026-06-13 20:38:00,酒店预订,272.66,1,0,地推
4412,2508,2026-06-14 10:16:00,一日游套餐,259.62,1,0,地推
4413,2508,2026-06-22 07:28:00,景点门票,108.24,1,0,地推
4414,2508,2026-07-18 14:01:00,景点门票,133.03,1,0,地推
4415,2508,2026-07-29 15:55:00,景点门票,152.63,1,0,地推
4416,2508,2026-08-07 14:07:00,酒店预订,334.46,1,0,地推
4417,2510,2026-07-03 10:12:00,一日游套餐,200.83,1,0,小红书
4418,2510,2026-07-03 23:03:00,一日游套餐,280.25,1,0,小红书
4419,2510,2026-07-05 22:00:00,景点门票,40.65,0,0,小红书
4420,2510,2026-07-23 07:18:00,一日游套餐,244.27,0,0,小红书
4421,2510,2026-08-04 18:28:00,酒店预订,195.61,1,0,小红书
4422,2512,2026-07-02 22:09:00,酒店预订,304.2,0,0,抖音
4423,2513,2026-06-24 16:18:00,景点门票,44.69,1,0,自然
4424,2513,2026-06-30 22:37:00,景点门票,104.74,1,0,自然
4425,2513,2026-07-08 13:37:00,一日游套餐,227.11,1,1,自然
4426,2513,2026-07-13 22:37:00,景点门票,54.09,1,0,自然
4427,2513,2026-07-30 13:40:00,酒店预订,369.03,1,0,自然
4428,2514,2026-07-10 09:11:00,酒店预订,393.87,0,0,自然
4429,2514,2026-08-22 23:07:00,景点门票,167.11,1,0,自然
4430,2515,2026-06-28 21:18:00,景点门票,74.77,1,1,自然
4431,2515,2026-06-29 12:33:00,酒店预订,575.69,1,0,自然
4432,2515,2026-07-09 21:06:00,景点门票,41.63,0,0,自然
4433,2517,2026-06-06 20:19:00,景点门票,136.19,0,0,自然
4434,2517,2026-06-22 08:54:00,景点门票,132.51,1,0,自然
4435,2517,2026-08-02 09:51:00,一日游套餐,211.21,1,0,自然
4436,2518,2026-08-24 09:28:00,景点门票,124.33,1,0,自然
4437,2519,2026-06-15 10:14:00,酒店预订,499.09,1,1,抖音
4438,2520,2026-06-26 12:38:00,景点门票,118.74,0,0,自然
4439,2520,2026-06-26 21:15:00,一日游套餐,213.83,1,0,自然
4440,2520,2026-07-19 20:47:00,酒店预订,465.57,1,1,自然
4441,2521,2026-07-27 10:30:00,景点门票,147.46,0,0,自然
4442,2521,2026-08-04 14:27:00,景点门票,145.61,1,0,自然
4443,2521,2026-08-07 14:19:00,景点门票,55.75,1,1,自然
4444,2524,2026-06-24 23:07:00,酒店预订,365.31,1,0,小红书
4445,2525,2026-08-18 22:47:00,景点门票,150.68,0,0,地推
4446,2526,2026-07-12 16:27:00,酒店预订,449.33,1,1,自然
4447,2526,2026-07-27 21:16:00,景点门票,55.07,1,0,自然
4448,2526,2026-08-08 09:15:00,一日游套餐,288.37,1,0,自然
4449,2526,2026-08-08 22:07:00,景点门票,87.89,1,0,自然
4450,2527,2026-07-26 15:06:00,景点门票,138.38,1,0,地推
4451,2529,2026-08-01 12:00:00,酒店预订,314.02,1,0,微信
4452,2529,2026-08-01 20:51:00,一日游套餐,332.12,1,0,微信
4453,2529,2026-08-02 10:22:00,酒店预订,255.53,0,0,微信
4454,2529,2026-08-31 09:54:00,酒店预订,423.3,0,0,微信
4455,2530,2026-08-15 12:47:00,景点门票,72.11,1,0,小红书
4456,2531,2026-06-12 17:30:00,酒店预订,219.31,0,0,小红书
4457,2531,2026-06-18 13:19:00,酒店预订,222.22,0,0,小红书
4458,2532,2026-07-02 13:28:00,酒店预订,531.12,1,0,小红书
4459,2532,2026-07-07 20:19:00,酒店预订,203.75,0,0,小红书
4460,2532,2026-07-31 22:05:00,景点门票,65.36,1,0,小红书
4461,2533,2026-08-15 20:47:00,酒店预订,353.37,1,0,小红书
4462,2534,2026-07-18 13:06:00,景点门票,56.89,1,0,自然
4463,2534,2026-07-21 07:33:00,酒店预订,494.33,1,0,自然
4464,2534,2026-07-21 07:15:00,酒店预订,192.39,1,0,自然
4465,2535,2026-07-22 10:31:00,一日游套餐,362.26,0,0,地推
4466,2535,2026-08-02 11:04:00,景点门票,137.67,0,0,地推
4467,2536,2026-07-09 12:27:00,景点门票,146.39,1,0,小红书
4468,2536,2026-07-10 08:50:00,景点门票,58.05,1,0,小红书
4469,2536,2026-07-12 16:31:00,一日游套餐,285.34,0,0,小红书
4470,2536,2026-07-25 12:58:00,酒店预订,363.44,0,0,小红书
4471,2537,2026-08-08 10:15:00,酒店预订,452.14,1,0,微信
4472,2538,2026-06-27 08:19:00,景点门票,175.0,0,0,抖音
4473,2538,2026-07-26 21:54:00,酒店预订,228.81,1,0,抖音
4474,2539,2026-07-10 12:00:00,景点门票,142.71,1,0,自然
4475,2540,2026-08-30 12:07:00,一日游套餐,265.65,1,1,抖音
4476,2541,2026-08-08 16:12:00,酒店预订,308.67,1,0,抖音
4477,2544,2026-07-14 22:05:00,景点门票,139.32,1,0,自然
4478,2544,2026-07-16 21:15:00,酒店预订,423.48,1,1,自然
4479,2544,2026-07-24 17:28:00,景点门票,160.47,0,0,自然
4480,2546,2026-07-11 11:29:00,景点门票,56.62,1,1,抖音
4481,2547,2026-06-28 11:36:00,景点门票,136.47,1,0,地推
4482,2548,2026-07-25 23:02:00,景点门票,148.21,1,0,自然
4483,2548,2026-08-02 09:41:00,景点门票,100.04,0,0,自然
4484,2548,2026-08-27 13:26:00,酒店预订,351.3,0,0,自然
4485,2548,2026-08-28 14:51:00,景点门票,103.42,1,0,自然
4486,2550,2026-07-08 14:07:00,酒店预订,502.22,1,0,自然
4487,2550,2026-07-25 16:21:00,酒店预订,403.83,1,0,自然
4488,2553,2026-07-05 12:19:00,景点门票,133.7,1,1,小红书
4489,2553,2026-08-31 22:20:00,景点门票,129.06,1,0,小红书
4490,2554,2026-06-21 11:37:00,景点门票,110.52,1,0,地推
4491,2555,2026-07-10 13:56:00,一日游套餐,436.76,0,0,自然
4492,2555,2026-07-26 19:38:00,酒店预订,304.1,0,0,自然
4493,2555,2026-08-05 15:14:00,酒店预订,552.44,0,0,自然
4494,2555,2026-08-06 11:28:00,景点门票,108.6,0,0,自然
4495,2557,2026-06-23 18:37:00,景点门票,92.31,1,0,自然
4496,2557,2026-06-29 21:31:00,景点门票,56.6,0,0,自然
4497,2558,2026-06-06 21:25:00,景点门票,113.59,1,0,自然
4498,2558,2026-06-26 11:53:00,酒店预订,264.48,1,0,自然
4499,2558,2026-07-06 21:57:00,景点门票,81.55,0,0,自然
4500,2559,2026-07-13 14:43:00,景点门票,170.67,1,0,抖音
4501,2559,2026-08-24 07:34:00,一日游套餐,335.62,0,0,抖音
4502,2560,2026-08-05 22:14:00,酒店预订,521.6,1,0,自然
4503,2560,2026-08-23 11:07:00,景点门票,149.45,1,0,自然
4504,2562,2026-06-28 15:51:00,景点门票,121.83,0,0,小红书
4505,2562,2026-07-19 19:01:00,一日游套餐,295.04,1,0,小红书
4506,2563,2026-07-07 22:01:00,酒店预订,246.41,1,0,小红书
4507,2565,2026-08-17 15:15:00,景点门票,53.79,1,0,小红书
4508,2566,2026-06-26 15:22:00,景点门票,55.07,1,0,抖音
4509,2566,2026-07-05 07:30:00,一日游套餐,376.58,0,0,抖音
4510,2566,2026-07-05 19:06:00,景点门票,49.62,1,0,抖音
4511,2566,2026-07-14 11:18:00,一日游套餐,431.57,0,0,抖音
4512,2566,2026-07-27 16:00:00,景点门票,45.56,1,0,抖音
4513,2567,2026-07-12 13:19:00,景点门票,117.99,1,0,自然
4514,2567,2026-07-26 09:58:00,景点门票,150.1,0,0,自然
4515,2568,2026-08-03 12:45:00,景点门票,138.44,0,0,自然
4516,2568,2026-08-05 08:07:00,酒店预订,506.5,1,0,自然
4517,2568,2026-08-30 17:40:00,景点门票,109.32,1,0,自然
4518,2569,2026-07-18 12:41:00,一日游套餐,396.85,0,0,小红书
4519,2569,2026-08-28 07:39:00,景点门票,156.6,1,0,小红书
4520,2571,2026-07-16 13:44:00,酒店预订,238.05,0,0,自然
4521,2571,2026-07-19 11:45:00,酒店预订,394.22,1,0,自然
4522,2571,2026-07-19 21:13:00,景点门票,91.45,1,0,自然
4523,2571,2026-08-13 18:44:00,景点门票,154.58,1,0,自然
4524,2573,2026-06-18 22:09:00,一日游套餐,231.41,0,0,小红书
4525,2573,2026-06-18 13:26:00,一日游套餐,382.36,1,0,小红书
4526,2573,2026-08-09 11:41:00,景点门票,126.1,1,0,小红书
4527,2574,2026-08-04 07:20:00,一日游套餐,406.08,1,0,微信
4528,2575,2026-08-29 08:23:00,景点门票,89.65,1,0,抖音
4529,2576,2026-06-21 19:27:00,景点门票,161.23,1,0,小红书
4530,2576,2026-06-22 11:14:00,景点门票,154.2,1,0,小红书
4531,2576,2026-06-25 21:42:00,酒店预订,353.87,1,0,小红书
4532,2576,2026-07-25 17:24:00,一日游套餐,317.06,0,0,小红书
4533,2577,2026-08-03 16:45:00,景点门票,72.12,0,0,小红书
4534,2579,2026-08-22 18:24:00,景点门票,41.2,1,0,自然
4535,2580,2026-08-06 19:36:00,一日游套餐,390.83,1,0,地推
4536,2581,2026-08-30 11:18:00,景点门票,68.08,0,0,自然
4537,2582,2026-06-24 09:31:00,酒店预订,599.26,1,0,微信
4538,2584,2026-08-10 16:23:00,酒店预订,459.37,1,0,自然
4539,2584,2026-08-11 11:19:00,一日游套餐,325.38,0,0,自然
4540,2584,2026-08-15 10:31:00,酒店预订,213.78,0,0,自然
4541,2584,2026-08-16 22:09:00,酒店预订,267.81,0,0,自然
4542,2584,2026-08-22 07:38:00,酒店预订,407.06,0,0,自然
4543,2585,2026-08-26 20:49:00,景点门票,63.7,0,0,自然
4544,2585,2026-08-27 20:11:00,景点门票,91.88,1,0,自然
4545,2588,2026-06-10 15:51:00,酒店预订,190.05,1,0,自然
4546,2588,2026-06-12 23:02:00,一日游套餐,351.54,1,0,自然
4547,2588,2026-06-12 16:53:00,景点门票,78.13,1,0,自然
4548,2589,2026-07-19 07:42:00,酒店预订,332.14,1,0,抖音
4549,2590,2026-08-09 15:38:00,酒店预订,299.79,0,0,抖音
4550,2592,2026-07-11 08:12:00,景点门票,85.21,0,0,微信
4551,2593,2026-07-19 11:35:00,景点门票,127.21,0,0,小红书
4552,2594,2026-07-04 09:28:00,一日游套餐,215.13,1,0,自然
4553,2594,2026-07-21 08:26:00,景点门票,169.46,1,0,自然
4554,2598,2026-06-29 08:43:00,景点门票,84.84,1,0,抖音
4555,2598,2026-07-14 21:53:00,一日游套餐,247.04,0,0,抖音
4556,2598,2026-07-18 16:13:00,酒店预订,331.32,1,0,抖音
4557,2602,2026-07-30 19:38:00,景点门票,106.32,1,0,小红书
4558,2602,2026-07-30 21:47:00,酒店预订,266.01,0,0,小红书
4559,2602,2026-08-14 08:44:00,景点门票,106.06,1,0,小红书
4560,2603,2026-08-05 11:17:00,酒店预订,537.79,1,0,抖音
4561,2603,2026-08-17 19:26:00,酒店预订,442.11,0,0,抖音
4562,2604,2026-06-22 20:34:00,一日游套餐,281.87,1,0,小红书
4563,2604,2026-06-25 07:40:00,景点门票,40.39,0,0,小红书
4564,2604,2026-07-05 10:28:00,景点门票,124.47,1,0,小红书
4565,2606,2026-08-03 20:36:00,酒店预订,191.86,1,0,自然
4566,2607,2026-06-27 17:56:00,一日游套餐,246.07,0,0,小红书
4567,2607,2026-07-20 21:15:00,一日游套餐,426.41,1,0,小红书
4568,2608,2026-07-24 21:32:00,景点门票,44.35,1,1,自然
4569,2608,2026-08-20 07:59:00,景点门票,137.0,0,0,自然
4570,2609,2026-08-02 10:41:00,酒店预订,417.83,1,0,小红书
4571,2609,2026-08-16 11:14:00,酒店预订,252.25,0,0,小红书
4572,2610,2026-07-25 21:21:00,景点门票,147.59,0,0,抖音
4573,2611,2026-07-11 22:25:00,酒店预订,599.91,0,0,微信
4574,2611,2026-08-29 14:34:00,酒店预订,438.92,0,0,微信
4575,2612,2026-07-18 22:35:00,一日游套餐,218.64,1,0,微信
4576,2612,2026-07-24 20:34:00,景点门票,75.03,1,1,微信
4577,2612,2026-07-24 13:31:00,景点门票,162.74,0,0,微信
4578,2614,2026-06-22 20:13:00,景点门票,75.12,0,0,微信
4579,2614,2026-06-22 19:24:00,一日游套餐,296.46,0,0,微信
4580,2614,2026-07-27 09:07:00,景点门票,178.88,0,0,微信
4581,2616,2026-08-01 19:17:00,酒店预订,328.34,0,0,抖音
4582,2617,2026-07-31 18:32:00,一日游套餐,338.17,1,0,自然
4583,2618,2026-07-04 16:26:00,酒店预订,447.19,1,0,微信
4584,2618,2026-08-06 17:21:00,一日游套餐,243.2,0,0,微信
4585,2618,2026-08-24 22:57:00,景点门票,78.64,1,0,微信
4586,2619,2026-08-11 10:59:00,酒店预订,547.27,0,0,微信
4587,2620,2026-08-07 13:03:00,景点门票,131.53,1,0,地推
4588,2620,2026-08-10 18:39:00,景点门票,169.0,1,0,地推
4589,2620,2026-08-10 21:33:00,酒店预订,418.83,1,0,地推
4590,2621,2026-07-12 20:11:00,酒店预订,264.31,1,0,微信
4591,2621,2026-07-26 22:59:00,一日游套餐,326.01,1,0,微信
4592,2621,2026-07-26 08:35:00,景点门票,161.95,1,0,微信
4593,2621,2026-08-02 08:41:00,一日游套餐,313.26,0,0,微信
4594,2622,2026-06-12 10:52:00,一日游套餐,347.69,1,0,地推
4595,2623,2026-07-30 22:56:00,一日游套餐,389.29,1,0,自然
4596,2623,2026-08-13 09:03:00,景点门票,174.01,1,0,自然
4597,2626,2026-07-06 10:16:00,景点门票,85.71,1,0,抖音
4598,2626,2026-08-18 09:50:00,景点门票,90.53,1,0,抖音
4599,2629,2026-06-25 14:52:00,酒店预订,276.94,1,0,自然
4600,2629,2026-08-03 22:05:00,酒店预订,391.77,0,0,自然
4601,2630,2026-06-15 16:06:00,景点门票,74.64,0,0,自然
4602,2630,2026-06-16 08:39:00,酒店预订,312.94,1,0,自然
4603,2630,2026-06-16 19:09:00,景点门票,170.42,0,0,自然
4604,2630,2026-07-17 22:14:00,一日游套餐,267.18,1,0,自然
4605,2630,2026-07-21 08:15:00,景点门票,116.21,1,0,自然
4606,2631,2026-07-11 09:07:00,景点门票,143.4,1,0,自然
4607,2631,2026-07-22 11:24:00,酒店预订,493.31,0,0,自然
4608,2631,2026-07-25 21:23:00,酒店预订,216.45,0,0,自然
4609,2632,2026-06-20 09:53:00,酒店预订,470.62,0,0,抖音
4610,2633,2026-07-11 10:05:00,酒店预订,460.65,1,0,微信
4611,2633,2026-07-22 20:01:00,一日游套餐,204.46,1,0,微信
4612,2633,2026-07-31 08:27:00,景点门票,153.9,1,0,微信
4613,2633,2026-08-15 09:49:00,酒店预订,543.59,1,0,微信
4614,2633,2026-08-24 18:55:00,酒店预订,188.31,1,0,微信
4615,2634,2026-08-04 08:13:00,景点门票,77.07,1,0,小红书
4616,2636,2026-07-05 13:18:00,酒店预订,387.04,0,0,抖音
4617,2638,2026-07-05 13:55:00,一日游套餐,317.97,1,0,自然
4618,2638,2026-07-08 22:47:00,景点门票,137.36,0,0,自然
4619,2638,2026-07-08 14:20:00,景点门票,175.24,1,0,自然
4620,2638,2026-07-27 20:01:00,酒店预订,422.11,1,0,自然
4621,2640,2026-08-02 20:39:00,酒店预订,220.55,1,0,自然
4622,2642,2026-06-25 20:51:00,景点门票,163.14,1,0,小红书
4623,2642,2026-08-20 10:22:00,景点门票,147.78,1,0,小红书
4624,2643,2026-06-13 12:42:00,景点门票,54.95,1,0,抖音
4625,2643,2026-07-16 08:30:00,酒店预订,524.89,1,0,抖音
4626,2644,2026-07-10 22:38:00,酒店预订,319.48,1,0,微信
4627,2644,2026-08-07 19:11:00,景点门票,117.71,1,0,微信
4628,2646,2026-07-01 13:23:00,酒店预订,335.32,1,1,微信
4629,2648,2026-07-28 22:32:00,景点门票,130.98,1,0,微信
4630,2648,2026-07-29 15:38:00,酒店预订,323.65,1,0,微信
4631,2649,2026-07-17 09:24:00,景点门票,46.81,1,0,小红书
4632,2650,2026-06-25 08:36:00,景点门票,151.02,1,0,微信
4633,2650,2026-06-28 11:28:00,景点门票,73.34,1,0,微信
4634,2650,2026-07-24 10:36:00,景点门票,51.02,1,1,微信
4635,2650,2026-07-24 16:28:00,景点门票,51.97,0,0,微信
4636,2651,2026-08-04 13:52:00,一日游套餐,355.17,1,0,地推
4637,2652,2026-08-17 07:46:00,景点门票,75.81,0,0,抖音
4638,2653,2026-06-21 16:27:00,酒店预订,522.77,1,0,微信
4639,2653,2026-06-26 15:34:00,景点门票,139.84,1,0,微信
4640,2653,2026-07-05 07:38:00,一日游套餐,318.66,1,0,微信
4641,2653,2026-07-20 20:09:00,酒店预订,197.6,1,1,微信
4642,2653,2026-07-29 14:21:00,酒店预订,232.86,1,0,微信
4643,2653,2026-07-29 07:52:00,景点门票,179.51,0,0,微信
4644,2654,2026-07-31 18:46:00,酒店预订,311.96,1,0,小红书
4645,2654,2026-08-29 15:46:00,景点门票,43.56,1,0,小红书
4646,2655,2026-08-22 11:56:00,景点门票,176.11,1,1,抖音
4647,2656,2026-07-02 09:09:00,酒店预订,266.55,1,0,地推
4648,2656,2026-07-27 20:29:00,景点门票,94.41,1,0,地推
4649,2659,2026-07-05 11:51:00,景点门票,138.81,1,0,自然
4650,2661,2026-08-01 16:29:00,景点门票,89.85,1,1,微信
4651,2661,2026-08-04 14:35:00,酒店预订,389.99,1,0,微信
4652,2661,2026-08-07 16:14:00,景点门票,68.11,1,1,微信
4653,2661,2026-08-12 15:54:00,酒店预订,214.36,0,0,微信
4654,2661,2026-08-22 18:08:00,一日游套餐,442.6,1,0,微信
4655,2662,2026-07-18 08:08:00,一日游套餐,343.3,0,0,抖音
4656,2663,2026-07-10 11:13:00,景点门票,105.85,0,0,抖音
4657,2663,2026-07-20 22:56:00,景点门票,77.91,1,0,抖音
4658,2664,2026-08-29 16:28:00,一日游套餐,214.71,1,1,自然
4659,2666,2026-06-07 12:08:00,景点门票,103.56,0,0,微信
4660,2667,2026-06-19 19:18:00,一日游套餐,204.44,1,0,微信
4661,2667,2026-06-22 14:45:00,一日游套餐,322.85,1,0,微信
4662,2667,2026-06-23 19:45:00,景点门票,66.87,0,0,微信
4663,2667,2026-06-23 12:52:00,一日游套餐,402.72,0,0,微信
4664,2667,2026-07-05 21:23:00,一日游套餐,344.34,1,0,微信
4665,2667,2026-07-08 21:56:00,景点门票,90.42,1,0,微信
4666,2667,2026-07-28 19:22:00,酒店预订,533.74,1,0,微信
4667,2668,2026-07-31 20:42:00,景点门票,76.68,0,0,自然
4668,2669,2026-07-16 11:53:00,酒店预订,424.05,0,0,抖音
4669,2670,2026-06-26 14:11:00,景点门票,129.67,0,0,抖音
4670,2671,2026-08-01 20:59:00,景点门票,123.37,1,0,小红书
4671,2675,2026-06-28 08:30:00,一日游套餐,442.19,1,0,小红书
4672,2675,2026-07-04 15:12:00,酒店预订,481.28,1,0,小红书
4673,2678,2026-07-19 12:01:00,酒店预订,356.85,1,0,微信
4674,2678,2026-08-01 12:02:00,酒店预订,296.21,1,0,微信
4675,2678,2026-08-03 07:20:00,一日游套餐,429.36,1,0,微信
4676,2679,2026-07-19 13:26:00,酒店预订,180.17,1,0,小红书
4677,2680,2026-08-04 07:59:00,景点门票,97.48,1,1,抖音
4678,2680,2026-08-15 16:58:00,景点门票,79.23,1,0,抖音
4679,2681,2026-08-12 19:51:00,景点门票,79.92,0,0,微信
4680,2681,2026-08-16 08:09:00,景点门票,147.44,1,0,微信
4681,2682,2026-07-14 16:09:00,酒店预订,382.43,1,0,微信
4682,2682,2026-07-22 19:25:00,景点门票,81.21,1,0,微信
4683,2683,2026-06-22 21:09:00,景点门票,116.36,1,0,自然
4684,2683,2026-06-23 11:44:00,酒店预订,299.73,0,0,自然
4685,2684,2026-07-19 17:35:00,酒店预订,301.31,1,0,小红书
4686,2684,2026-07-21 19:01:00,景点门票,137.86,1,0,小红书
4687,2684,2026-08-05 11:44:00,景点门票,83.84,1,0,小红书
4688,2685,2026-07-28 07:46:00,一日游套餐,276.12,1,0,自然
4689,2688,2026-06-13 07:31:00,酒店预订,301.38,1,0,小红书
4690,2688,2026-06-27 07:42:00,酒店预订,394.21,1,0,小红书
4691,2689,2026-07-16 10:22:00,酒店预订,220.96,0,0,自然
4692,2689,2026-07-16 19:31:00,景点门票,148.61,1,0,自然
4693,2689,2026-07-31 21:47:00,酒店预订,355.99,1,0,自然
4694,2689,2026-08-09 14:31:00,景点门票,64.38,1,0,自然
4695,2689,2026-08-24 21:34:00,景点门票,166.67,1,1,自然
4696,2693,2026-08-14 21:38:00,景点门票,112.58,0,0,微信
4697,2695,2026-07-08 14:10:00,酒店预订,406.97,1,0,微信
4698,2695,2026-07-08 17:23:00,景点门票,104.76,1,0,微信
4699,2695,2026-07-10 17:05:00,景点门票,86.75,1,0,微信
4700,2695,2026-08-03 22:14:00,酒店预订,579.03,1,0,微信
4701,2695,2026-08-04 22:32:00,景点门票,84.19,1,0,微信
4702,2696,2026-08-09 07:28:00,景点门票,46.09,0,0,自然
4703,2697,2026-07-14 17:00:00,景点门票,67.53,1,1,微信
4704,2698,2026-07-07 19:15:00,景点门票,150.71,1,1,自然
4705,2698,2026-07-07 20:51:00,一日游套餐,239.05,0,0,自然
4706,2699,2026-08-08 13:22:00,酒店预订,560.76,0,0,抖音
4707,2700,2026-07-05 14:05:00,一日游套餐,280.37,1,0,微信
4708,2700,2026-08-10 07:18:00,酒店预订,579.85,0,0,微信
4709,2700,2026-08-16 19:57:00,酒店预订,418.93,1,0,微信
4710,2701,2026-08-14 13:30:00,一日游套餐,331.88,1,1,小红书
4711,2703,2026-07-09 16:22:00,酒店预订,539.02,0,0,抖音
4712,2704,2026-08-11 10:48:00,酒店预订,343.31,1,0,微信
4713,2704,2026-08-18 12:39:00,景点门票,144.61,1,0,微信
4714,2705,2026-08-06 09:59:00,一日游套餐,367.14,1,0,小红书
4715,2705,2026-08-07 13:48:00,景点门票,124.86,1,0,小红书
4716,2705,2026-08-22 18:26:00,景点门票,80.59,1,0,小红书
4717,2706,2026-08-23 17:37:00,一日游套餐,428.83,0,0,抖音
4718,2707,2026-06-20 21:32:00,景点门票,131.91,1,0,微信
4719,2708,2026-07-10 08:36:00,景点门票,151.2,1,1,自然
4720,2708,2026-07-12 17:14:00,酒店预订,213.99,1,0,自然
4721,2708,2026-07-12 21:24:00,酒店预订,344.61,0,0,自然
4722,2708,2026-07-22 07:20:00,景点门票,154.04,1,0,自然
4723,2708,2026-07-22 12:05:00,酒店预订,423.72,0,0,自然
4724,2708,2026-08-13 19:40:00,一日游套餐,397.62,0,0,自然
4725,2708,2026-08-17 21:34:00,一日游套餐,358.7,0,0,自然
4726,2709,2026-08-27 18:40:00,景点门票,64.23,1,0,自然
4727,2710,2026-07-25 17:20:00,一日游套餐,233.73,0,0,小红书
4728,2710,2026-07-26 12:25:00,景点门票,93.39,1,0,小红书
4729,2710,2026-07-29 19:02:00,酒店预订,183.52,1,0,小红书
4730,2712,2026-07-20 18:37:00,酒店预订,187.0,1,0,自然
4731,2713,2026-08-29 14:25:00,酒店预订,350.98,1,0,自然
4732,2714,2026-06-20 13:46:00,景点门票,115.27,1,0,自然
4733,2714,2026-06-20 11:07:00,酒店预订,267.37,1,0,自然
4734,2714,2026-07-12 10:14:00,景点门票,43.37,1,0,自然
4735,2714,2026-08-16 16:22:00,一日游套餐,317.08,1,0,自然
4736,2715,2026-07-05 16:05:00,景点门票,51.34,1,0,微信
4737,2715,2026-07-08 18:06:00,景点门票,88.96,1,0,微信
4738,2716,2026-07-01 19:29:00,景点门票,123.13,1,0,自然
4739,2716,2026-07-07 15:07:00,一日游套餐,241.66,1,0,自然
4740,2716,2026-07-11 15:08:00,景点门票,73.49,1,0,自然
4741,2718,2026-07-22 21:25:00,景点门票,46.4,1,0,地推
4742,2718,2026-07-26 09:37:00,景点门票,95.19,1,0,地推
4743,2719,2026-07-23 17:10:00,一日游套餐,313.84,0,0,自然
4744,2720,2026-07-29 16:12:00,酒店预订,476.82,1,0,抖音
4745,2721,2026-06-11 20:57:00,酒店预订,289.92,0,0,抖音
4746,2722,2026-08-04 08:28:00,一日游套餐,277.3,0,0,微信
4747,2722,2026-08-05 12:09:00,酒店预订,374.1,1,0,微信
4748,2722,2026-08-05 18:53:00,景点门票,105.7,1,0,微信
4749,2722,2026-08-07 14:30:00,景点门票,43.68,1,0,微信
4750,2722,2026-08-20 16:36:00,景点门票,91.2,0,0,微信
4751,2722,2026-08-23 20:14:00,一日游套餐,390.17,1,0,微信
4752,2723,2026-07-17 17:58:00,酒店预订,410.82,0,0,抖音
4753,2724,2026-06-20 15:52:00,一日游套餐,266.11,1,0,抖音
4754,2726,2026-08-01 19:45:00,景点门票,163.87,0,0,小红书
4755,2726,2026-08-02 22:05:00,酒店预订,549.55,1,1,小红书
4756,2727,2026-06-25 20:44:00,一日游套餐,377.11,0,0,微信
4757,2727,2026-07-10 20:52:00,景点门票,125.52,1,0,微信
4758,2727,2026-08-06 13:54:00,景点门票,57.6,1,0,微信
4759,2727,2026-08-09 18:26:00,酒店预订,192.77,1,0,微信
4760,2727,2026-08-10 09:32:00,景点门票,120.14,1,0,微信
4761,2727,2026-08-11 07:51:00,酒店预订,261.78,1,0,微信
4762,2728,2026-06-19 07:58:00,酒店预订,291.96,1,0,自然
4763,2728,2026-06-30 11:17:00,一日游套餐,220.55,1,0,自然
4764,2728,2026-07-01 08:57:00,景点门票,88.19,0,0,自然
4765,2728,2026-07-01 15:48:00,酒店预订,340.14,1,0,自然
4766,2728,2026-08-10 14:26:00,一日游套餐,206.44,1,0,自然
4767,2729,2026-07-14 17:05:00,酒店预订,356.99,0,0,抖音
4768,2730,2026-08-16 14:59:00,酒店预订,483.48,0,0,微信
4769,2731,2026-07-15 13:01:00,一日游套餐,214.19,1,0,自然
4770,2731,2026-07-16 14:22:00,酒店预订,440.43,1,1,自然
4771,2731,2026-08-07 10:06:00,一日游套餐,361.41,0,0,自然
4772,2731,2026-08-28 13:30:00,景点门票,131.58,0,0,自然
4773,2732,2026-07-18 12:30:00,酒店预订,425.06,1,0,自然
4774,2733,2026-06-15 17:22:00,酒店预订,366.1,1,1,抖音
4775,2734,2026-07-07 18:47:00,景点门票,137.63,1,0,抖音
4776,2735,2026-07-11 19:22:00,一日游套餐,394.36,0,0,自然
4777,2735,2026-08-07 22:42:00,景点门票,67.17,1,0,自然
4778,2737,2026-08-10 09:31:00,景点门票,138.47,1,0,自然
4779,2737,2026-08-13 21:05:00,酒店预订,341.51,1,0,自然
4780,2738,2026-07-21 09:07:00,酒店预订,254.87,1,0,抖音
4781,2738,2026-07-23 11:17:00,景点门票,59.99,0,0,抖音
4782,2739,2026-06-21 16:16:00,景点门票,80.27,0,0,小红书
4783,2739,2026-07-03 13:47:00,酒店预订,254.46,0,0,小红书
4784,2739,2026-07-22 19:18:00,酒店预订,499.39,1,0,小红书
4785,2739,2026-07-26 19:24:00,酒店预订,436.48,1,0,小红书
4786,2740,2026-07-02 08:40:00,一日游套餐,346.33,1,0,抖音
4787,2741,2026-08-13 08:30:00,酒店预订,376.3,1,0,自然
4788,2741,2026-08-24 20:46:00,景点门票,178.39,1,0,自然
4789,2742,2026-06-20 18:41:00,景点门票,60.52,1,0,微信
4790,2742,2026-07-06 13:36:00,景点门票,116.29,1,0,微信
4791,2742,2026-07-11 10:39:00,景点门票,61.74,0,0,微信
4792,2742,2026-07-11 08:40:00,酒店预订,552.05,1,0,微信
4793,2742,2026-07-14 14:16:00,一日游套餐,412.7,1,0,微信
4794,2742,2026-07-14 16:49:00,景点门票,52.81,1,0,微信
4795,2742,2026-08-02 11:27:00,景点门票,63.68,1,0,微信
4796,2743,2026-08-04 12:10:00,景点门票,67.99,0,0,自然
4797,2743,2026-08-11 14:02:00,景点门票,51.98,1,0,自然
4798,2743,2026-08-16 19:16:00,一日游套餐,388.57,1,0,自然
4799,2743,2026-08-26 11:58:00,酒店预订,253.61,1,1,自然
4800,2744,2026-07-20 16:54:00,酒店预订,509.42,0,0,微信
4801,2744,2026-08-09 17:20:00,景点门票,170.5,1,0,微信
4802,2744,2026-08-11 15:22:00,景点门票,55.34,0,0,微信
4803,2744,2026-08-11 16:34:00,一日游套餐,289.64,1,0,微信
4804,2744,2026-08-16 09:32:00,酒店预订,304.63,1,0,微信
4805,2744,2026-08-30 13:22:00,景点门票,99.41,1,0,微信
4806,2746,2026-06-29 10:02:00,景点门票,67.55,1,0,微信
4807,2747,2026-07-09 07:48:00,一日游套餐,423.09,1,0,自然
4808,2748,2026-07-17 07:11:00,一日游套餐,299.78,1,0,自然
4809,2748,2026-07-19 14:16:00,酒店预订,206.68,1,0,自然
4810,2748,2026-08-01 19:48:00,一日游套餐,443.01,0,0,自然
4811,2749,2026-08-11 16:21:00,一日游套餐,342.26,1,0,抖音
4812,2751,2026-06-23 14:51:00,一日游套餐,228.68,0,0,自然
4813,2751,2026-07-04 21:14:00,酒店预订,220.07,0,0,自然
4814,2751,2026-08-05 10:28:00,景点门票,132.68,1,0,自然
4815,2752,2026-08-21 20:41:00,酒店预订,453.34,1,0,小红书
4816,2753,2026-07-21 22:31:00,一日游套餐,351.63,1,0,微信
4817,2754,2026-07-29 13:02:00,景点门票,115.35,1,0,自然
4818,2754,2026-07-30 11:26:00,景点门票,130.59,1,0,自然
4819,2755,2026-06-26 10:43:00,酒店预订,562.15,0,0,微信
4820,2755,2026-06-28 18:27:00,景点门票,93.54,1,0,微信
4821,2755,2026-07-02 11:15:00,酒店预订,217.48,0,0,微信
4822,2755,2026-07-05 07:29:00,景点门票,117.31,0,0,微信
4823,2755,2026-08-03 20:17:00,景点门票,83.09,1,1,微信
4824,2755,2026-08-06 18:37:00,景点门票,136.8,1,0,微信
4825,2755,2026-08-12 09:31:00,一日游套餐,376.88,0,0,微信
4826,2756,2026-07-18 20:14:00,景点门票,177.49,1,0,微信
4827,2756,2026-07-19 22:40:00,景点门票,131.75,1,0,微信
4828,2756,2026-08-09 16:26:00,景点门票,163.19,1,0,微信
4829,2756,2026-08-09 09:40:00,酒店预订,507.06,1,0,微信
4830,2756,2026-08-16 12:26:00,一日游套餐,293.99,0,0,微信
4831,2756,2026-08-18 15:19:00,景点门票,118.14,1,0,微信
4832,2756,2026-08-23 09:50:00,景点门票,47.52,0,0,微信
4833,2756,2026-08-26 19:39:00,酒店预订,429.53,1,0,微信
4834,2756,2026-08-26 15:39:00,景点门票,55.5,1,0,微信
4835,2757,2026-08-15 15:49:00,酒店预订,539.79,0,0,微信
4836,2758,2026-07-22 16:33:00,景点门票,112.45,1,0,小红书
4837,2761,2026-06-28 21:26:00,一日游套餐,248.42,0,0,小红书
4838,2761,2026-07-12 21:19:00,一日游套餐,419.97,1,0,小红书
4839,2761,2026-07-18 10:32:00,一日游套餐,224.95,1,0,小红书
4840,2761,2026-07-23 07:39:00,景点门票,102.76,0,0,小红书
4841,2762,2026-07-12 10:54:00,景点门票,72.79,1,0,地推
4842,2764,2026-08-10 10:04:00,景点门票,92.98,0,0,抖音
4843,2765,2026-06-27 12:37:00,酒店预订,196.85,1,0,自然
4844,2765,2026-06-28 16:19:00,景点门票,150.25,1,0,自然
4845,2765,2026-07-14 09:47:00,景点门票,176.76,1,0,自然
4846,2765,2026-07-15 12:33:00,酒店预订,254.44,0,0,自然
4847,2769,2026-07-13 12:06:00,一日游套餐,205.09,1,1,微信
4848,2769,2026-08-02 10:26:00,景点门票,79.74,1,0,微信
4849,2769,2026-08-28 07:43:00,酒店预订,388.83,1,0,微信
4850,2770,2026-07-28 10:07:00,景点门票,172.19,0,0,地推
4851,2771,2026-07-11 20:32:00,酒店预订,355.15,1,0,自然
4852,2771,2026-07-13 07:55:00,酒店预订,268.3,0,0,自然
4853,2771,2026-08-04 12:40:00,酒店预订,193.08,0,0,自然
4854,2771,2026-08-23 09:19:00,一日游套餐,292.82,1,0,自然
4855,2772,2026-07-02 18:56:00,景点门票,89.97,1,1,微信
4856,2772,2026-07-18 22:15:00,景点门票,75.12,0,0,微信
4857,2773,2026-07-19 16:20:00,一日游套餐,365.46,1,0,微信
4858,2773,2026-07-27 14:01:00,景点门票,164.12,1,0,微信
4859,2773,2026-07-30 14:15:00,景点门票,62.23,1,0,微信
4860,2773,2026-08-04 08:33:00,景点门票,147.88,0,0,微信
4861,2773,2026-08-04 16:23:00,景点门票,145.91,1,0,微信
4862,2773,2026-08-18 13:01:00,一日游套餐,356.96,1,0,微信
4863,2773,2026-08-21 18:28:00,景点门票,145.0,1,0,微信
4864,2774,2026-07-15 13:46:00,酒店预订,302.35,1,0,自然
4865,2774,2026-07-20 16:44:00,一日游套餐,418.49,1,0,自然
4866,2774,2026-08-15 08:51:00,酒店预订,185.07,1,0,自然
4867,2776,2026-08-29 18:09:00,景点门票,88.43,0,0,抖音
4868,2778,2026-07-30 20:09:00,一日游套餐,431.92,0,0,抖音
4869,2778,2026-08-02 10:23:00,景点门票,56.93,0,0,抖音
4870,2779,2026-07-28 15:24:00,景点门票,173.33,1,0,自然
4871,2779,2026-07-29 08:14:00,景点门票,90.71,1,0,自然
4872,2779,2026-07-29 19:00:00,景点门票,82.09,0,0,自然
4873,2779,2026-08-21 08:42:00,酒店预订,316.12,0,0,自然
4874,2780,2026-06-16 11:20:00,一日游套餐,235.92,1,0,自然
4875,2780,2026-06-19 08:12:00,景点门票,146.86,0,0,自然
4876,2780,2026-07-18 23:04:00,酒店预订,378.86,1,0,自然
4877,2780,2026-07-18 07:10:00,景点门票,51.85,1,0,自然
4878,2781,2026-08-06 08:07:00,一日游套餐,265.16,1,1,自然
4879,2782,2026-07-29 18:02:00,景点门票,92.69,1,0,自然
4880,2782,2026-07-29 10:23:00,一日游套餐,428.0,1,0,自然
4881,2783,2026-07-01 08:06:00,景点门票,121.18,0,0,小红书
4882,2783,2026-07-03 19:15:00,景点门票,138.0,0,0,小红书
4883,2784,2026-08-14 18:24:00,酒店预订,378.0,1,0,抖音
4884,2786,2026-08-03 08:47:00,景点门票,132.09,1,0,小红书
4885,2787,2026-07-19 19:37:00,景点门票,168.44,1,0,小红书
4886,2787,2026-07-29 20:39:00,酒店预订,293.31,1,0,小红书
4887,2787,2026-08-06 20:41:00,酒店预订,208.15,0,0,小红书
4888,2787,2026-08-28 16:30:00,一日游套餐,366.22,1,0,小红书
4889,2789,2026-07-08 08:53:00,景点门票,115.2,1,0,地推
4890,2789,2026-08-16 17:25:00,景点门票,67.61,0,0,地推
4891,2791,2026-07-16 21:31:00,酒店预订,574.73,1,0,微信
4892,2791,2026-07-17 15:07:00,一日游套餐,360.36,1,0,微信
4893,2791,2026-07-20 16:13:00,景点门票,48.63,1,0,微信
4894,2791,2026-07-27 08:18:00,酒店预订,222.29,0,0,微信
4895,2791,2026-07-30 11:04:00,酒店预订,197.59,1,0,微信
4896,2791,2026-08-08 18:44:00,景点门票,118.97,0,0,微信
4897,2792,2026-07-15 10:57:00,景点门票,125.73,1,0,自然
4898,2792,2026-07-30 09:27:00,景点门票,79.68,1,0,自然
4899,2792,2026-08-24 21:30:00,一日游套餐,335.58,0,0,自然
4900,2792,2026-08-24 14:46:00,景点门票,162.42,1,0,自然
4901,2793,2026-07-04 18:45:00,酒店预订,216.76,1,0,小红书
4902,2795,2026-07-31 23:04:00,景点门票,172.95,1,0,微信
4903,2795,2026-07-31 10:18:00,景点门票,110.36,1,0,微信
4904,2795,2026-08-01 22:37:00,景点门票,97.62,0,0,微信
4905,2795,2026-08-15 18:33:00,酒店预订,504.76,1,0,微信
4906,2795,2026-08-20 12:04:00,酒店预订,293.26,1,0,微信
4907,2796,2026-07-21 18:51:00,酒店预订,541.98,0,0,抖音
4908,2797,2026-07-12 17:57:00,景点门票,167.86,1,0,小红书
4909,2798,2026-08-11 08:48:00,酒店预订,510.53,0,0,抖音
4910,2799,2026-06-25 11:52:00,景点门票,56.76,1,1,小红书
4911,2799,2026-06-29 19:53:00,一日游套餐,233.3,1,0,小红书
4912,2799,2026-07-22 22:57:00,酒店预订,325.59,1,0,小红书
4913,2802,2026-07-10 18:47:00,一日游套餐,435.17,0,0,抖音
4914,2803,2026-07-19 09:34:00,酒店预订,496.38,1,1,自然
4915,2803,2026-08-15 11:27:00,景点门票,113.65,1,0,自然
4916,2804,2026-08-08 09:26:00,酒店预订,247.87,1,0,小红书
4917,2804,2026-08-24 21:24:00,景点门票,142.39,0,0,小红书
4918,2804,2026-08-28 21:02:00,酒店预订,380.99,0,0,小红书
4919,2805,2026-07-03 19:35:00,景点门票,47.16,1,0,自然
4920,2805,2026-07-16 11:42:00,酒店预订,301.55,1,0,自然
4921,2806,2026-06-26 17:50:00,酒店预订,467.46,1,0,自然
4922,2806,2026-07-13 16:55:00,一日游套餐,237.29,1,0,自然
4923,2806,2026-07-22 14:23:00,一日游套餐,221.36,0,0,自然
4924,2807,2026-06-21 20:23:00,酒店预订,459.8,0,0,抖音
4925,2808,2026-07-12 18:07:00,景点门票,152.16,1,0,小红书
4926,2808,2026-07-13 21:00:00,景点门票,70.06,1,0,小红书
4927,2809,2026-07-28 12:49:00,景点门票,98.13,1,0,自然
4928,2810,2026-08-29 15:02:00,酒店预订,505.22,1,0,自然
4929,2812,2026-08-08 19:13:00,一日游套餐,301.92,1,0,微信
4930,2813,2026-06-29 09:04:00,酒店预订,325.3,1,0,小红书
4931,2813,2026-07-10 10:46:00,一日游套餐,256.23,1,0,小红书
4932,2815,2026-08-05 20:43:00,景点门票,73.34,1,1,自然
4933,2815,2026-08-10 17:22:00,景点门票,110.13,1,1,自然
4934,2815,2026-08-16 13:54:00,景点门票,60.41,0,0,自然
4935,2816,2026-08-14 21:31:00,景点门票,98.86,1,0,抖音
4936,2817,2026-07-28 14:44:00,酒店预订,573.49,1,0,自然
4937,2817,2026-08-15 15:57:00,景点门票,83.81,0,0,自然
4938,2819,2026-08-08 18:06:00,景点门票,52.91,0,0,抖音
4939,2821,2026-08-16 23:02:00,一日游套餐,348.44,0,0,自然
4940,2822,2026-07-15 12:15:00,景点门票,55.88,0,0,小红书
4941,2822,2026-07-18 17:08:00,酒店预订,482.26,1,0,小红书
4942,2822,2026-07-20 13:56:00,景点门票,178.27,1,0,小红书
4943,2822,2026-08-31 12:23:00,景点门票,76.42,1,0,小红书
4944,2823,2026-06-15 16:26:00,酒店预订,379.26,1,0,自然
4945,2823,2026-06-22 11:02:00,景点门票,74.03,1,0,自然
4946,2823,2026-08-04 18:47:00,景点门票,131.84,1,0,自然
4947,2825,2026-07-24 07:35:00,一日游套餐,254.22,0,0,地推
4948,2827,2026-08-13 18:02:00,酒店预订,546.22,0,0,抖音
4949,2828,2026-06-29 09:29:00,景点门票,120.12,1,0,自然
4950,2828,2026-07-28 08:00:00,酒店预订,385.76,1,0,自然
4951,2828,2026-08-07 07:56:00,酒店预订,302.64,1,1,自然
4952,2829,2026-06-30 09:38:00,酒店预订,451.72,1,0,微信
4953,2829,2026-06-30 08:02:00,酒店预订,219.01,1,0,微信
4954,2829,2026-07-05 15:43:00,景点门票,63.6,1,0,微信
4955,2830,2026-08-11 18:38:00,一日游套餐,409.85,1,1,小红书
4956,2831,2026-07-12 22:10:00,一日游套餐,330.13,1,0,自然
4957,2831,2026-07-16 16:02:00,酒店预订,564.2,0,0,自然
4958,2832,2026-06-27 10:16:00,景点门票,171.76,0,0,抖音
4959,2833,2026-07-01 16:47:00,景点门票,44.21,0,0,抖音
4960,2834,2026-08-01 16:13:00,一日游套餐,436.84,1,0,微信
4961,2835,2026-08-01 17:42:00,景点门票,145.16,0,0,小红书
4962,2835,2026-08-24 18:47:00,酒店预订,191.94,1,0,小红书
4963,2836,2026-07-21 11:56:00,酒店预订,345.59,1,0,小红书
4964,2836,2026-07-30 11:10:00,景点门票,141.31,0,0,小红书
4965,2838,2026-08-02 19:27:00,景点门票,116.14,1,0,自然
4966,2839,2026-07-10 10:51:00,景点门票,166.82,1,0,抖音
4967,2839,2026-08-22 07:35:00,酒店预订,186.0,0,0,抖音
4968,2840,2026-07-22 07:28:00,一日游套餐,319.69,1,0,自然
4969,2840,2026-07-24 19:26:00,酒店预订,288.4,1,0,自然
4970,2840,2026-07-25 20:52:00,一日游套餐,259.56,1,0,自然
4971,2841,2026-07-25 19:59:00,酒店预订,586.12,1,0,微信
4972,2841,2026-07-26 08:35:00,景点门票,168.73,1,0,微信
4973,2841,2026-07-26 19:45:00,酒店预订,505.25,1,0,微信
4974,2841,2026-08-21 19:39:00,景点门票,160.03,1,0,微信
4975,2843,2026-08-15 13:27:00,景点门票,69.21,1,0,抖音
4976,2844,2026-07-07 08:31:00,酒店预订,488.88,0,0,自然
4977,2845,2026-06-12 11:33:00,景点门票,146.58,1,0,自然
4978,2845,2026-06-13 20:50:00,景点门票,48.16,1,1,自然
4979,2845,2026-07-29 07:53:00,一日游套餐,418.48,0,0,自然
4980,2847,2026-06-24 07:30:00,酒店预订,392.09,0,0,自然
4981,2847,2026-07-12 18:25:00,景点门票,142.34,0,0,自然
4982,2847,2026-07-19 07:46:00,景点门票,61.87,1,0,自然
4983,2847,2026-08-07 16:42:00,景点门票,126.41,0,0,自然
4984,2847,2026-08-09 21:31:00,酒店预订,191.45,0,0,自然
4985,2847,2026-08-17 16:43:00,一日游套餐,441.3,0,0,自然
4986,2848,2026-08-01 23:09:00,一日游套餐,369.21,0,0,自然
4987,2850,2026-07-28 12:10:00,酒店预订,213.76,0,0,抖音
4988,2850,2026-08-23 12:59:00,景点门票,64.88,1,0,抖音
4989,2851,2026-08-10 16:39:00,景点门票,63.96,1,0,抖音
4990,2852,2026-07-02 21:31:00,景点门票,85.25,1,1,抖音
4991,2852,2026-07-08 11:30:00,景点门票,162.58,0,0,抖音
4992,2852,2026-07-20 21:30:00,景点门票,133.81,0,0,抖音
4993,2852,2026-08-12 20:03:00,景点门票,150.76,0,0,抖音
4994,2854,2026-07-24 20:26:00,景点门票,65.36,0,0,抖音
4995,2855,2026-08-18 21:58:00,景点门票,125.47,0,0,小红书
4996,2855,2026-08-29 15:48:00,一日游套餐,311.75,1,0,小红书
4997,2856,2026-08-14 18:33:00,一日游套餐,377.62,1,0,地推
4998,2857,2026-08-13 14:51:00,景点门票,123.37,0,0,小红书
4999,2857,2026-08-28 22:05:00,酒店预订,301.93,0,0,小红书
5000,2859,2026-07-25 07:35:00,景点门票,122.57,0,0,小红书
5001,2859,2026-07-29 10:48:00,景点门票,111.55,0,0,小红书
5002,2859,2026-08-09 20:04:00,景点门票,115.62,1,0,小红书
5003,2859,2026-08-16 12:25:00,酒店预订,577.74,1,0,小红书
5004,2859,2026-08-23 18:37:00,景点门票,42.72,1,0,小红书
5005,2861,2026-08-01 15:38:00,景点门票,133.89,0,0,抖音
5006,2863,2026-08-12 21:02:00,酒店预订,264.34,0,0,抖音
5007,2864,2026-07-03 09:16:00,景点门票,144.47,0,0,自然
5008,2864,2026-07-30 13:34:00,酒店预订,320.04,0,0,自然
5009,2865,2026-08-10 18:28:00,一日游套餐,401.81,0,0,抖音
5010,2866,2026-07-18 13:48:00,酒店预订,456.18,1,0,自然
5011,2868,2026-06-04 14:56:00,景点门票,175.59,0,0,抖音
5012,2868,2026-06-12 22:41:00,酒店预订,504.57,0,0,抖音
5013,2869,2026-07-29 09:58:00,酒店预订,394.76,1,0,地推
5014,2869,2026-08-05 10:23:00,景点门票,80.21,1,0,地推
5015,2870,2026-07-23 11:24:00,一日游套餐,324.82,0,0,自然
5016,2871,2026-07-02 15:04:00,一日游套餐,211.17,0,0,小红书
5017,2873,2026-08-20 22:37:00,景点门票,48.5,1,0,自然
5018,2873,2026-08-26 18:50:00,景点门票,50.0,0,0,自然
5019,2876,2026-06-21 15:35:00,景点门票,136.93,1,0,自然
5020,2876,2026-07-04 14:16:00,一日游套餐,402.39,1,0,自然
5021,2877,2026-07-02 08:21:00,酒店预订,208.7,0,0,自然
5022,2877,2026-07-03 22:11:00,景点门票,157.74,1,0,自然
5023,2877,2026-07-10 12:30:00,景点门票,123.62,1,0,自然
5024,2877,2026-07-12 20:19:00,景点门票,85.33,1,0,自然
5025,2877,2026-07-28 20:34:00,景点门票,160.27,1,0,自然
5026,2877,2026-08-22 12:18:00,酒店预订,343.43,1,0,自然
5027,2879,2026-07-23 10:06:00,酒店预订,213.1,0,0,抖音
5028,2879,2026-08-27 08:01:00,景点门票,137.42,1,0,抖音
5029,2880,2026-06-25 18:18:00,酒店预订,339.75,0,0,自然
5030,2880,2026-08-05 17:44:00,酒店预订,391.71,0,0,自然
5031,2880,2026-08-05 12:44:00,酒店预订,247.75,1,0,自然
5032,2881,2026-07-04 07:24:00,酒店预订,498.62,1,0,自然
5033,2881,2026-07-05 10:14:00,景点门票,165.78,1,0,自然
5034,2881,2026-07-06 16:17:00,酒店预订,598.2,1,1,自然
5035,2881,2026-07-07 17:06:00,一日游套餐,323.61,1,0,自然
5036,2881,2026-07-15 21:34:00,景点门票,127.65,1,0,自然
5037,2881,2026-08-25 19:34:00,景点门票,134.57,1,0,自然
5038,2882,2026-07-21 20:33:00,景点门票,63.79,0,0,自然
5039,2882,2026-07-26 11:12:00,景点门票,95.08,1,0,自然
5040,2882,2026-08-01 22:18:00,一日游套餐,303.33,1,0,自然
5041,2883,2026-07-28 19:32:00,景点门票,69.65,0,0,抖音
5042,2884,2026-07-22 21:38:00,一日游套餐,298.11,1,0,抖音
5043,2884,2026-07-28 21:11:00,酒店预订,550.04,0,0,抖音
5044,2885,2026-07-31 21:04:00,酒店预订,206.97,0,0,抖音
5045,2886,2026-07-29 21:00:00,酒店预订,486.92,1,0,自然
5046,2887,2026-06-21 07:52:00,景点门票,178.17,0,0,自然
5047,2887,2026-07-12 13:13:00,景点门票,175.38,1,0,自然
5048,2887,2026-07-26 12:30:00,景点门票,84.2,1,0,自然
5049,2887,2026-07-26 07:26:00,景点门票,177.54,0,0,自然
5050,2888,2026-08-03 07:11:00,酒店预订,475.65,0,0,地推
5051,2889,2026-06-27 07:31:00,酒店预订,390.7,1,0,自然
5052,2889,2026-06-27 14:40:00,景点门票,133.86,1,0,自然
5053,2889,2026-07-02 15:46:00,景点门票,136.13,1,0,自然
5054,2889,2026-07-04 10:13:00,酒店预订,313.62,1,0,自然
5055,2889,2026-07-07 19:50:00,景点门票,54.62,0,0,自然
5056,2889,2026-07-22 19:58:00,酒店预订,305.53,1,0,自然
5057,2889,2026-07-26 11:10:00,景点门票,115.19,1,0,自然
5058,2890,2026-08-08 08:04:00,一日游套餐,267.74,0,0,自然
5059,2890,2026-08-15 11:31:00,一日游套餐,253.59,1,0,自然
5060,2891,2026-06-22 12:17:00,一日游套餐,239.88,1,0,自然
5061,2893,2026-07-15 15:46:00,一日游套餐,293.82,1,0,小红书
5062,2894,2026-07-27 12:31:00,酒店预订,269.03,0,0,小红书
5063,2894,2026-08-05 21:11:00,酒店预订,430.69,0,0,小红书
5064,2894,2026-08-13 07:51:00,酒店预订,429.66,0,0,小红书
5065,2895,2026-07-01 11:25:00,景点门票,102.5,1,0,地推
5066,2896,2026-06-19 22:05:00,景点门票,120.47,0,0,自然
5067,2896,2026-06-26 18:17:00,景点门票,47.1,0,0,自然
5068,2896,2026-08-17 11:24:00,景点门票,163.64,1,0,自然
5069,2897,2026-08-19 08:17:00,酒店预订,451.75,1,0,地推
5070,2897,2026-08-30 16:34:00,酒店预订,236.34,0,0,地推
5071,2898,2026-06-29 18:56:00,酒店预订,239.09,0,0,自然
5072,2898,2026-07-13 09:58:00,景点门票,115.26,1,0,自然
5073,2899,2026-06-22 16:54:00,景点门票,132.61,1,1,小红书
5074,2899,2026-06-24 12:38:00,一日游套餐,325.13,1,0,小红书
5075,2899,2026-07-10 16:23:00,一日游套餐,229.85,1,1,小红书
5076,2899,2026-07-18 13:46:00,景点门票,179.18,1,0,小红书
5077,2899,2026-08-11 20:49:00,酒店预订,508.65,0,0,小红书
5078,2900,2026-08-09 15:41:00,一日游套餐,248.08,1,0,抖音
5079,2902,2026-06-23 08:27:00,酒店预订,222.55,1,0,地推
5080,2902,2026-06-23 08:54:00,景点门票,131.99,1,0,地推
5081,2902,2026-08-03 17:05:00,酒店预订,256.62,1,0,地推
5082,2905,2026-08-15 16:37:00,一日游套餐,275.99,0,0,抖音
5083,2906,2026-08-06 16:35:00,景点门票,158.65,1,0,小红书
5084,2906,2026-08-21 18:13:00,景点门票,161.67,0,0,小红书
5085,2907,2026-06-27 21:20:00,酒店预订,367.85,0,0,地推
5086,2908,2026-06-27 13:15:00,景点门票,112.3,0,0,自然
5087,2908,2026-07-14 18:55:00,酒店预订,264.36,1,0,自然
5088,2908,2026-07-15 19:19:00,一日游套餐,208.99,1,0,自然
5089,2908,2026-07-27 08:50:00,景点门票,53.24,0,0,自然
5090,2909,2026-08-06 14:49:00,景点门票,66.33,1,0,地推
5091,2910,2026-08-02 20:09:00,景点门票,54.84,0,0,抖音
5092,2911,2026-07-27 11:54:00,酒店预订,341.25,1,0,小红书
5093,2911,2026-08-01 07:49:00,一日游套餐,283.21,1,0,小红书
5094,2912,2026-07-11 16:03:00,一日游套餐,328.87,1,0,自然
5095,2912,2026-08-01 08:50:00,一日游套餐,221.69,1,0,自然
5096,2914,2026-06-17 14:00:00,景点门票,46.2,0,0,小红书
5097,2917,2026-07-16 10:26:00,景点门票,52.25,1,0,自然
5098,2918,2026-07-09 16:49:00,景点门票,56.46,1,1,微信
5099,2918,2026-07-12 13:31:00,景点门票,78.26,1,0,微信
5100,2918,2026-07-20 20:05:00,一日游套餐,213.81,1,0,微信
5101,2918,2026-08-08 15:12:00,一日游套餐,389.14,1,0,微信
5102,2918,2026-08-11 21:09:00,景点门票,43.49,1,0,微信
5103,2919,2026-07-31 10:37:00,景点门票,51.12,0,0,自然
5104,2919,2026-07-31 09:55:00,酒店预订,272.84,1,1,自然
5105,2919,2026-08-10 09:40:00,一日游套餐,256.36,1,0,自然
5106,2920,2026-06-21 15:36:00,景点门票,88.29,1,1,小红书
5107,2920,2026-07-07 09:28:00,景点门票,106.83,1,0,小红书
5108,2920,2026-07-14 20:02:00,一日游套餐,320.42,1,0,小红书
5109,2921,2026-07-30 08:46:00,酒店预订,200.61,1,0,地推
5110,2921,2026-08-04 09:54:00,酒店预订,471.3,1,0,地推
5111,2921,2026-08-06 12:26:00,一日游套餐,200.19,1,0,地推
5112,2922,2026-07-30 15:42:00,景点门票,75.02,1,1,自然
5113,2922,2026-07-30 13:59:00,一日游套餐,340.9,0,0,自然
5114,2923,2026-06-17 17:57:00,一日游套餐,360.6,1,0,自然
5115,2923,2026-06-19 15:23:00,景点门票,146.51,1,0,自然
5116,2923,2026-06-25 09:58:00,酒店预订,272.75,1,0,自然
5117,2923,2026-07-04 17:08:00,景点门票,73.75,1,0,自然
5118,2923,2026-07-17 18:20:00,一日游套餐,380.57,0,0,自然
5119,2923,2026-08-11 13:22:00,酒店预订,309.11,1,0,自然
5120,2924,2026-06-25 22:34:00,景点门票,126.99,1,0,小红书
5121,2924,2026-06-25 13:35:00,一日游套餐,319.15,1,0,小红书
5122,2924,2026-08-05 13:51:00,酒店预订,457.58,0,0,小红书
5123,2926,2026-08-13 20:31:00,一日游套餐,374.16,1,0,小红书
5124,2926,2026-08-21 11:29:00,一日游套餐,328.55,1,0,小红书
5125,2927,2026-07-30 18:44:00,一日游套餐,225.98,1,0,小红书
5126,2927,2026-08-02 19:51:00,一日游套餐,228.64,1,0,小红书
5127,2928,2026-06-11 07:36:00,景点门票,45.26,0,0,小红书
5128,2930,2026-08-22 15:25:00,酒店预订,202.43,1,0,小红书
5129,2930,2026-08-26 15:34:00,酒店预订,504.54,0,0,小红书
5130,2930,2026-08-26 17:38:00,一日游套餐,427.66,1,0,小红书
5131,2930,2026-08-29 07:53:00,酒店预订,525.74,1,0,小红书
5132,2931,2026-07-23 11:03:00,酒店预订,490.95,1,0,小红书
5133,2933,2026-07-22 22:02:00,酒店预订,344.14,1,0,抖音
5134,2934,2026-07-17 08:51:00,酒店预订,531.03,0,0,微信
5135,2934,2026-07-22 22:59:00,景点门票,123.35,1,0,微信
5136,2934,2026-07-23 14:50:00,一日游套餐,368.65,1,0,微信
5137,2934,2026-08-01 22:24:00,酒店预订,491.71,1,0,微信
5138,2934,2026-08-10 10:20:00,景点门票,64.25,1,0,微信
5139,2934,2026-08-10 13:55:00,酒店预订,181.98,1,0,微信
5140,2937,2026-07-18 15:02:00,酒店预订,234.75,1,0,抖音
5141,2940,2026-08-14 22:42:00,酒店预订,424.28,0,0,自然
5142,2940,2026-08-16 08:51:00,酒店预订,492.61,0,0,自然
5143,2942,2026-08-16 21:08:00,酒店预订,401.2,1,1,自然
5144,2943,2026-07-29 16:41:00,一日游套餐,301.32,0,0,微信
5145,2943,2026-08-08 20:05:00,酒店预订,281.42,1,1,微信
5146,2944,2026-07-06 12:33:00,景点门票,97.94,1,0,自然
5147,2944,2026-08-12 22:50:00,一日游套餐,225.96,1,1,自然
5148,2944,2026-08-20 16:29:00,酒店预订,515.07,0,0,自然
5149,2944,2026-08-29 18:12:00,景点门票,45.5,1,0,自然
5150,2945,2026-07-11 14:33:00,景点门票,104.14,0,0,自然
5151,2945,2026-08-19 15:55:00,酒店预订,408.39,1,0,自然
5152,2946,2026-07-29 20:17:00,一日游套餐,353.97,1,0,抖音
5153,2947,2026-08-10 17:53:00,一日游套餐,362.59,1,0,抖音
5154,2948,2026-06-23 18:35:00,景点门票,68.83,1,0,微信
5155,2950,2026-07-20 11:00:00,景点门票,130.23,1,0,微信
5156,2950,2026-07-24 22:36:00,一日游套餐,353.5,1,0,微信
5157,2950,2026-07-25 08:23:00,酒店预订,222.59,1,0,微信
5158,2950,2026-08-02 11:33:00,景点门票,175.61,0,0,微信
5159,2950,2026-08-07 08:16:00,一日游套餐,324.23,0,0,微信
5160,2951,2026-07-19 13:42:00,景点门票,172.49,1,0,自然
5161,2952,2026-06-24 13:10:00,一日游套餐,414.95,1,0,微信
5162,2952,2026-06-25 10:42:00,酒店预订,413.04,1,1,微信
5163,2952,2026-06-28 20:06:00,酒店预订,527.54,1,0,微信
5164,2952,2026-07-08 15:47:00,酒店预订,238.13,0,0,微信
5165,2952,2026-07-09 19:08:00,酒店预订,242.96,0,0,微信
5166,2953,2026-07-03 11:33:00,一日游套餐,448.76,1,0,自然
5167,2953,2026-07-05 15:38:00,景点门票,172.41,0,0,自然
5168,2953,2026-08-14 22:39:00,酒店预订,543.85,1,0,自然
5169,2954,2026-07-22 11:03:00,景点门票,79.67,0,0,地推
5170,2955,2026-08-19 07:21:00,酒店预订,476.92,0,0,抖音
5171,2957,2026-08-17 10:02:00,酒店预订,204.33,0,0,自然
5172,2959,2026-06-22 09:31:00,一日游套餐,368.64,1,0,自然
5173,2959,2026-07-13 14:41:00,一日游套餐,368.62,1,0,自然
5174,2961,2026-06-24 13:11:00,酒店预订,585.06,1,0,微信
5175,2961,2026-07-23 09:07:00,景点门票,148.38,1,0,微信
5176,2961,2026-08-07 14:23:00,景点门票,142.88,1,0,微信
5177,2963,2026-08-01 12:54:00,酒店预订,519.2,0,0,自然
5178,2963,2026-08-30 08:24:00,景点门票,99.0,1,0,自然
5179,2966,2026-07-19 10:19:00,景点门票,51.95,0,0,抖音
5180,2969,2026-08-26 15:29:00,酒店预订,280.94,1,0,抖音
5181,2970,2026-07-29 18:54:00,景点门票,117.66,1,0,自然
5182,2970,2026-08-08 08:29:00,景点门票,162.53,1,0,自然
5183,2973,2026-08-10 15:12:00,景点门票,113.66,1,0,自然
5184,2974,2026-07-16 22:43:00,酒店预订,250.25,0,0,地推
5185,2974,2026-07-26 14:35:00,景点门票,84.05,1,0,地推
5186,2974,2026-07-28 10:58:00,景点门票,126.33,0,0,地推
5187,2974,2026-08-29 07:23:00,景点门票,47.8,1,0,地推
5188,2975,2026-07-05 21:14:00,一日游套餐,322.05,1,0,抖音
5189,2976,2026-08-12 15:26:00,一日游套餐,419.3,1,1,微信
5190,2977,2026-07-11 10:24:00,酒店预订,466.26,0,0,小红书
5191,2977,2026-08-23 19:54:00,酒店预订,468.95,1,0,小红书
5192,2978,2026-07-04 22:37:00,景点门票,98.85,1,0,小红书
5193,2979,2026-07-06 12:55:00,景点门票,74.69,1,0,小红书
5194,2980,2026-06-21 10:07:00,酒店预订,472.26,1,0,微信
5195,2980,2026-06-28 20:07:00,景点门票,77.52,1,0,微信
5196,2980,2026-06-30 20:00:00,景点门票,102.19,1,0,微信
5197,2980,2026-07-01 18:51:00,酒店预订,181.65,0,0,微信
5198,2980,2026-07-07 21:14:00,酒店预订,465.77,1,0,微信
5199,2980,2026-07-21 11:07:00,一日游套餐,255.38,1,0,微信
5200,2980,2026-07-30 13:05:00,景点门票,88.97,1,0,微信
5201,2980,2026-07-30 18:38:00,景点门票,58.17,1,1,微信
5202,2980,2026-08-05 14:23:00,酒店预订,333.96,0,0,微信
5203,2981,2026-07-09 20:03:00,景点门票,54.53,0,0,小红书
5204,2981,2026-07-11 19:53:00,酒店预订,365.07,1,1,小红书
5205,2981,2026-07-25 21:26:00,一日游套餐,254.28,0,0,小红书
5206,2982,2026-08-08 12:03:00,景点门票,167.71,0,0,自然
5207,2984,2026-06-27 09:44:00,景点门票,56.42,0,0,小红书
5208,2984,2026-07-04 12:48:00,一日游套餐,408.45,0,0,小红书
5209,2986,2026-07-09 22:49:00,一日游套餐,281.28,0,0,自然
5210,2986,2026-08-12 18:24:00,景点门票,58.94,0,0,自然
5211,2988,2026-06-24 22:50:00,景点门票,105.67,1,0,抖音
5212,2988,2026-07-12 11:13:00,景点门票,157.42,1,0,抖音
5213,2988,2026-08-08 08:19:00,酒店预订,538.93,0,0,抖音
5214,2990,2026-08-18 22:05:00,酒店预订,348.81,1,0,小红书
5215,2990,2026-08-26 12:27:00,酒店预订,281.16,1,0,小红书
5216,2991,2026-07-04 14:48:00,一日游套餐,240.06,0,0,微信
5217,2991,2026-07-05 20:22:00,酒店预订,308.42,1,0,微信
5218,2992,2026-07-09 13:37:00,景点门票,161.12,1,0,微信
5219,2992,2026-07-18 21:13:00,景点门票,160.88,1,0,微信
5220,2992,2026-08-02 15:40:00,景点门票,117.73,1,0,微信
5221,2992,2026-08-02 21:00:00,景点门票,142.97,0,0,微信
5222,2992,2026-08-08 15:41:00,酒店预订,522.42,1,0,微信
5223,2993,2026-07-06 15:06:00,酒店预订,368.45,0,0,抖音
5224,2996,2026-06-19 20:47:00,景点门票,123.76,1,1,抖音
5225,2996,2026-06-24 16:21:00,一日游套餐,354.37,1,0,抖音
5226,2996,2026-08-17 09:15:00,一日游套餐,324.73,1,0,抖音
5227,2997,2026-08-07 14:56:00,景点门票,80.49,0,0,小红书
5228,2998,2026-07-26 21:45:00,景点门票,64.71,0,0,自然
5229,2998,2026-08-02 07:21:00,景点门票,176.13,1,0,自然
5230,2999,2026-08-21 21:50:00,酒店预订,277.81,0,0,地推
5231,3000,2026-07-12 11:26:00,一日游套餐,298.17,1,0,自然
5232,3000,2026-07-14 21:50:00,景点门票,139.57,1,0,自然
5233,3000,2026-07-29 13:02:00,景点门票,55.7,0,0,自然
5234,3001,2026-06-26 10:46:00,景点门票,61.39,1,1,微信
5235,3001,2026-07-26 14:22:00,酒店预订,255.56,0,0,微信
5236,3001,2026-08-09 14:12:00,酒店预订,358.33,1,0,微信
5237,3002,2026-08-27 20:26:00,景点门票,53.68,0,0,小红书
5238,3003,2026-08-09 09:49:00,一日游套餐,445.28,1,0,自然
5239,3004,2026-07-09 13:31:00,酒店预订,322.32,1,0,小红书
5240,3004,2026-07-09 09:14:00,一日游套餐,388.35,0,0,小红书
5241,3004,2026-08-24 15:53:00,酒店预订,497.97,0,0,小红书
5242,3005,2026-06-10 19:47:00,酒店预订,558.17,1,0,自然
5243,3005,2026-06-12 20:55:00,景点门票,88.15,1,0,自然
5244,3005,2026-06-15 16:12:00,景点门票,79.49,1,0,自然
5245,3005,2026-06-21 12:58:00,一日游套餐,273.5,1,0,自然
5246,3005,2026-06-21 11:40:00,一日游套餐,345.67,1,0,自然
5247,3005,2026-07-03 18:21:00,酒店预订,485.43,1,0,自然
5248,3006,2026-07-10 16:52:00,酒店预订,218.94,1,0,微信
5249,3006,2026-07-10 14:14:00,酒店预订,396.29,1,0,微信
5250,3006,2026-07-30 21:16:00,一日游套餐,219.41,1,0,微信
5251,3006,2026-08-12 17:45:00,景点门票,103.77,1,0,微信
5252,3006,2026-08-21 22:53:00,酒店预订,218.91,1,1,微信
5253,3006,2026-08-22 21:44:00,景点门票,126.56,1,0,微信
5254,3007,2026-07-13 22:20:00,一日游套餐,373.56,0,0,小红书
5255,3007,2026-08-02 15:13:00,酒店预订,521.31,0,0,小红书
5256,3010,2026-07-18 14:21:00,酒店预订,208.21,0,0,小红书
5257,3011,2026-08-09 21:42:00,景点门票,102.06,0,0,自然
5258,3012,2026-07-11 18:46:00,一日游套餐,431.05,1,0,微信
5259,3012,2026-07-25 14:06:00,景点门票,75.53,0,0,微信
5260,3012,2026-07-27 16:00:00,景点门票,104.26,1,0,微信
5261,3012,2026-07-30 15:22:00,一日游套餐,311.18,0,0,微信
5262,3012,2026-08-11 22:58:00,一日游套餐,361.43,1,0,微信
5263,3013,2026-07-22 10:39:00,景点门票,57.77,0,0,微信
5264,3013,2026-07-24 16:43:00,景点门票,128.96,1,0,微信
5265,3013,2026-07-29 13:10:00,酒店预订,230.96,1,0,微信
5266,3013,2026-07-30 09:16:00,一日游套餐,205.99,1,0,微信
5267,3013,2026-08-08 21:22:00,景点门票,170.43,1,0,微信
5268,3013,2026-08-08 12:52:00,景点门票,123.34,1,0,微信
5269,3013,2026-08-23 09:03:00,景点门票,52.81,1,0,微信
5270,3014,2026-07-13 20:33:00,景点门票,95.65,0,0,小红书
5271,3015,2026-06-21 14:39:00,酒店预订,425.05,0,0,自然
5272,3015,2026-06-25 08:28:00,一日游套餐,266.39,1,0,自然
5273,3015,2026-08-03 22:45:00,酒店预订,251.59,0,0,自然
5274,3016,2026-08-25 22:34:00,一日游套餐,295.07,0,0,小红书
5275,3016,2026-08-31 10:31:00,酒店预订,321.21,0,0,小红书
5276,3017,2026-07-18 21:01:00,景点门票,165.01,1,0,地推
5277,3017,2026-07-27 21:05:00,酒店预订,471.75,1,0,地推
5278,3019,2026-07-13 21:37:00,酒店预订,539.51,1,0,抖音
5279,3020,2026-07-17 14:51:00,酒店预订,221.01,1,0,自然
5280,3020,2026-07-18 19:26:00,景点门票,170.78,0,0,自然
5281,3022,2026-08-04 21:50:00,景点门票,118.65,1,0,小红书
5282,3025,2026-07-23 17:41:00,一日游套餐,233.22,1,0,抖音
5283,3025,2026-07-24 14:19:00,酒店预订,548.37,0,0,抖音
5284,3025,2026-08-17 16:18:00,酒店预订,332.88,1,0,抖音
5285,3026,2026-06-21 20:32:00,酒店预订,390.13,1,0,自然
5286,3026,2026-06-22 19:21:00,景点门票,157.34,1,0,自然
5287,3027,2026-06-20 18:46:00,景点门票,141.92,1,0,自然
5288,3027,2026-08-09 18:15:00,景点门票,167.28,0,0,自然
5289,3028,2026-07-04 13:53:00,一日游套餐,367.38,0,0,微信
5290,3028,2026-07-04 17:09:00,一日游套餐,348.61,1,0,微信
5291,3028,2026-07-10 19:43:00,酒店预订,359.13,0,0,微信
5292,3028,2026-07-13 18:31:00,一日游套餐,436.15,1,0,微信
5293,3028,2026-07-18 16:52:00,景点门票,127.19,1,0,微信
5294,3028,2026-07-18 12:14:00,一日游套餐,357.7,1,0,微信
5295,3030,2026-07-10 11:19:00,景点门票,174.71,0,0,抖音
5296,3030,2026-07-23 18:10:00,一日游套餐,204.28,0,0,抖音
5297,3031,2026-07-03 07:32:00,酒店预订,527.76,0,0,微信
5298,3031,2026-07-09 18:02:00,酒店预订,417.67,1,0,微信
5299,3031,2026-07-16 19:03:00,景点门票,143.13,1,0,微信
5300,3031,2026-07-16 20:22:00,一日游套餐,343.2,1,1,微信
5301,3031,2026-07-19 12:07:00,酒店预订,462.73,1,0,微信
5302,3031,2026-08-05 21:03:00,景点门票,173.75,1,0,微信
5303,3032,2026-08-08 13:37:00,一日游套餐,380.15,1,0,自然
5304,3032,2026-08-11 09:50:00,一日游套餐,437.07,0,0,自然
5305,3033,2026-07-25 20:15:00,景点门票,43.08,1,0,自然
5306,3033,2026-07-30 10:36:00,景点门票,110.16,1,0,自然
5307,3033,2026-08-03 07:44:00,景点门票,150.13,1,0,自然
5308,3033,2026-08-08 22:05:00,景点门票,151.86,1,0,自然
5309,3033,2026-08-25 13:18:00,酒店预订,337.87,1,0,自然
5310,3035,2026-07-25 20:04:00,景点门票,68.52,0,0,地推
5311,3037,2026-07-12 14:05:00,一日游套餐,338.9,0,0,小红书
5312,3038,2026-08-13 10:23:00,一日游套餐,277.4,1,0,自然
5313,3039,2026-07-09 21:30:00,一日游套餐,203.57,1,0,自然
5314,3039,2026-08-02 08:17:00,景点门票,86.93,1,0,自然
5315,3040,2026-07-21 19:31:00,景点门票,46.64,0,0,小红书
5316,3040,2026-07-29 18:06:00,景点门票,118.48,1,0,小红书
5317,3041,2026-07-04 08:01:00,景点门票,155.57,0,0,抖音
5318,3043,2026-07-10 11:31:00,酒店预订,281.57,1,1,微信
5319,3043,2026-07-10 22:13:00,景点门票,139.46,1,0,微信
5320,3043,2026-07-11 13:58:00,一日游套餐,414.97,1,0,微信
5321,3045,2026-08-05 08:27:00,景点门票,129.06,1,0,小红书
5322,3045,2026-08-22 14:51:00,一日游套餐,351.03,1,0,小红书
5323,3046,2026-08-15 13:02:00,一日游套餐,392.96,1,0,地推
5324,3047,2026-08-25 15:03:00,一日游套餐,355.33,1,1,抖音
5325,3048,2026-08-10 12:07:00,一日游套餐,339.97,1,0,小红书
5326,3049,2026-08-06 10:50:00,酒店预订,284.96,0,0,地推
5327,3050,2026-08-26 22:56:00,酒店预订,400.78,0,0,自然
5328,3051,2026-07-31 13:39:00,景点门票,152.65,1,0,微信
5329,3052,2026-06-24 14:06:00,一日游套餐,275.21,0,0,自然
5330,3052,2026-07-13 18:06:00,景点门票,133.53,1,0,自然
5331,3052,2026-08-05 23:09:00,一日游套餐,404.55,1,0,自然
5332,3053,2026-08-15 10:03:00,景点门票,176.85,1,0,小红书
5333,3054,2026-06-26 17:21:00,酒店预订,371.9,1,0,微信
5334,3054,2026-06-28 19:38:00,一日游套餐,213.58,1,0,微信
5335,3054,2026-07-07 10:15:00,景点门票,178.21,0,0,微信
5336,3054,2026-08-22 14:19:00,酒店预订,413.29,1,0,微信
5337,3054,2026-08-22 22:05:00,一日游套餐,349.2,1,0,微信
5338,3055,2026-06-28 11:52:00,酒店预订,521.69,1,0,小红书
5339,3055,2026-06-28 21:20:00,景点门票,59.68,1,0,小红书
5340,3057,2026-07-12 07:47:00,景点门票,160.69,1,1,小红书
5341,3057,2026-07-31 15:57:00,酒店预订,220.44,1,0,小红书
5342,3058,2026-06-23 10:00:00,景点门票,99.02,1,0,自然
5343,3058,2026-06-29 08:49:00,酒店预订,440.81,1,0,自然
5344,3058,2026-07-04 22:20:00,酒店预订,180.3,1,0,自然
5345,3058,2026-08-19 17:43:00,景点门票,75.96,1,1,自然
5346,3058,2026-08-23 17:09:00,酒店预订,589.3,1,0,自然
5347,3059,2026-06-11 09:06:00,一日游套餐,287.65,1,0,自然
5348,3059,2026-06-14 12:25:00,一日游套餐,370.98,1,0,自然
5349,3059,2026-06-21 13:44:00,酒店预订,595.92,0,0,自然
5350,3059,2026-06-24 16:11:00,一日游套餐,360.6,1,0,自然
5351,3060,2026-07-20 17:38:00,酒店预订,273.96,0,0,自然
5352,3060,2026-08-09 08:25:00,酒店预订,269.67,0,0,自然
5353,3060,2026-08-27 16:27:00,景点门票,60.67,1,0,自然
5354,3063,2026-06-18 08:12:00,一日游套餐,448.19,1,0,自然
5355,3063,2026-06-25 13:55:00,一日游套餐,212.63,0,0,自然
5356,3063,2026-07-01 09:53:00,酒店预订,330.49,1,0,自然
5357,3063,2026-07-13 09:06:00,景点门票,170.34,1,0,自然
5358,3063,2026-07-20 10:39:00,景点门票,153.83,0,0,自然
5359,3064,2026-07-01 17:09:00,酒店预订,334.76,1,0,微信
5360,3064,2026-08-02 08:21:00,景点门票,47.8,0,0,微信
5361,3064,2026-08-28 20:57:00,景点门票,90.08,1,0,微信
5362,3065,2026-08-15 13:35:00,景点门票,150.44,0,0,抖音
5363,3066,2026-07-09 20:14:00,酒店预订,582.32,0,0,抖音
5364,3066,2026-08-03 09:10:00,酒店预订,568.92,1,0,抖音
5365,3067,2026-08-09 14:20:00,酒店预订,496.04,0,0,抖音
5366,3068,2026-06-24 17:28:00,景点门票,76.34,0,0,自然
5367,3069,2026-07-24 21:00:00,景点门票,114.67,1,0,小红书
5368,3069,2026-08-02 08:38:00,一日游套餐,261.45,0,0,小红书
5369,3071,2026-07-21 20:19:00,酒店预订,565.88,1,0,自然
5370,3071,2026-08-02 20:23:00,一日游套餐,435.87,1,0,自然
5371,3073,2026-08-03 09:16:00,酒店预订,197.57,1,0,微信
5372,3074,2026-08-09 12:32:00,景点门票,158.82,0,0,小红书
5373,3075,2026-07-11 17:51:00,景点门票,171.91,1,0,微信
5374,3077,2026-07-18 15:00:00,一日游套餐,330.87,0,0,抖音
5375,3078,2026-08-21 18:57:00,酒店预订,222.95,0,0,小红书
5376,3079,2026-08-14 17:12:00,酒店预订,316.69,1,0,小红书
5377,3081,2026-08-02 22:25:00,酒店预订,494.85,1,0,自然
5378,3082,2026-07-26 16:54:00,景点门票,86.44,1,0,自然
5379,3083,2026-08-10 19:49:00,景点门票,145.42,0,0,小红书
5380,3083,2026-08-16 20:55:00,酒店预订,440.54,0,0,小红书
5381,3083,2026-08-31 22:31:00,酒店预订,331.09,1,0,小红书
5382,3083,2026-08-31 11:52:00,景点门票,174.42,1,0,小红书
5383,3084,2026-07-10 15:14:00,景点门票,89.42,1,1,微信
5384,3084,2026-07-17 10:21:00,景点门票,140.52,1,0,微信
5385,3084,2026-07-19 11:43:00,景点门票,105.88,1,0,微信
5386,3084,2026-07-23 11:33:00,一日游套餐,243.3,1,0,微信
5387,3084,2026-07-23 19:43:00,景点门票,155.85,1,0,微信
5388,3084,2026-07-26 19:07:00,酒店预订,323.47,1,0,微信
5389,3084,2026-07-28 15:20:00,酒店预订,354.99,0,0,微信
5390,3085,2026-06-09 17:42:00,酒店预订,220.07,1,0,微信
5391,3085,2026-06-12 19:24:00,景点门票,40.73,0,0,微信
5392,3085,2026-07-11 14:58:00,景点门票,161.3,1,0,微信
5393,3085,2026-07-17 19:35:00,酒店预订,447.04,1,0,微信
5394,3085,2026-07-25 07:19:00,景点门票,113.44,1,0,微信
5395,3087,2026-08-17 09:21:00,一日游套餐,205.71,1,0,自然
5396,3089,2026-06-27 11:23:00,酒店预订,526.78,1,0,抖音
5397,3091,2026-08-05 15:49:00,酒店预订,266.64,1,0,微信
5398,3091,2026-08-17 21:42:00,景点门票,71.17,1,0,微信
5399,3091,2026-08-17 14:31:00,酒店预订,398.94,1,0,微信
5400,3093,2026-07-24 07:15:00,酒店预订,392.07,1,0,微信
5401,3093,2026-07-27 22:24:00,景点门票,77.65,1,0,微信
5402,3093,2026-07-30 18:20:00,景点门票,70.71,0,0,微信
5403,3093,2026-08-09 18:28:00,一日游套餐,254.73,1,1,微信
5404,3094,2026-07-31 20:45:00,景点门票,61.23,1,1,地推
5405,3095,2026-06-18 12:07:00,景点门票,155.28,0,0,抖音
5406,3097,2026-06-08 22:54:00,一日游套餐,398.08,1,0,自然
5407,3097,2026-06-11 10:08:00,景点门票,161.23,0,0,自然
5408,3101,2026-08-02 19:23:00,酒店预订,462.44,1,0,地推
5409,3101,2026-08-22 22:29:00,景点门票,150.9,0,0,地推
5410,3101,2026-08-24 20:00:00,景点门票,58.49,1,0,地推
5411,3102,2026-08-20 07:43:00,一日游套餐,221.55,1,1,自然
5412,3104,2026-06-20 21:19:00,一日游套餐,205.72,0,0,微信
5413,3104,2026-06-25 14:19:00,酒店预订,386.25,1,0,微信
5414,3104,2026-06-25 13:57:00,景点门票,42.53,1,0,微信
5415,3104,2026-08-08 16:15:00,景点门票,104.97,1,0,微信
5416,3105,2026-07-19 09:41:00,景点门票,118.29,1,0,小红书
5417,3105,2026-08-27 19:58:00,酒店预订,352.67,1,0,小红书
5418,3106,2026-08-01 09:24:00,酒店预订,589.51,1,0,小红书
5419,3108,2026-07-10 09:05:00,景点门票,153.14,1,0,小红书
5420,3109,2026-06-26 07:42:00,景点门票,78.34,1,0,自然
5421,3109,2026-07-04 16:43:00,景点门票,115.9,0,0,自然
5422,3109,2026-08-01 22:28:00,一日游套餐,269.57,1,0,自然
5423,3110,2026-07-27 14:21:00,一日游套餐,350.22,0,0,地推
5424,3111,2026-07-08 13:54:00,酒店预订,208.06,0,0,抖音
5425,3112,2026-07-08 08:26:00,景点门票,155.05,0,0,自然
5426,3114,2026-06-28 09:31:00,一日游套餐,308.24,0,0,小红书
5427,3114,2026-06-30 20:45:00,一日游套餐,438.61,1,1,小红书
5428,3115,2026-07-22 08:42:00,一日游套餐,226.58,1,0,抖音
5429,3116,2026-07-22 22:46:00,酒店预订,569.95,0,0,小红书
5430,3116,2026-07-22 12:16:00,景点门票,167.12,1,0,小红书
5431,3116,2026-07-23 20:45:00,景点门票,85.45,1,0,小红书
5432,3116,2026-07-30 20:36:00,一日游套餐,206.99,0,0,小红书
5433,3116,2026-08-12 18:45:00,酒店预订,385.5,1,0,小红书
5434,3116,2026-08-17 10:00:00,一日游套餐,447.76,0,0,小红书
5435,3117,2026-07-31 21:31:00,一日游套餐,288.5,0,0,自然
5436,3118,2026-08-03 14:36:00,景点门票,127.31,1,0,小红书
5437,3119,2026-08-13 07:34:00,酒店预订,356.74,1,0,自然
5438,3120,2026-08-03 22:15:00,景点门票,85.63,1,0,自然
5439,3121,2026-07-08 17:26:00,景点门票,118.74,1,0,自然
5440,3121,2026-08-08 20:29:00,一日游套餐,254.91,1,0,自然
5441,3121,2026-08-18 10:22:00,酒店预订,400.63,1,0,自然
5442,3122,2026-06-11 16:30:00,景点门票,137.17,1,0,抖音
5443,3122,2026-06-21 09:35:00,酒店预订,327.26,1,0,抖音
5444,3122,2026-06-28 17:46:00,酒店预订,259.09,0,0,抖音
5445,3125,2026-07-12 19:07:00,景点门票,76.37,1,0,自然
5446,3126,2026-06-11 10:01:00,景点门票,98.37,1,0,自然
5447,3126,2026-06-30 08:08:00,酒店预订,269.6,1,0,自然
5448,3126,2026-07-31 21:26:00,景点门票,92.73,0,0,自然
5449,3126,2026-08-04 20:46:00,酒店预订,432.69,1,0,自然
5450,3127,2026-07-05 20:42:00,景点门票,61.12,1,0,抖音
5451,3128,2026-07-16 21:39:00,酒店预订,565.02,1,0,自然
5452,3129,2026-06-21 18:37:00,景点门票,143.89,0,0,小红书
5453,3129,2026-07-24 08:04:00,酒店预订,252.69,0,0,小红书
5454,3130,2026-07-03 14:20:00,酒店预订,485.7,0,0,地推
5455,3130,2026-07-10 09:37:00,一日游套餐,382.57,1,0,地推
5456,3131,2026-07-28 19:58:00,酒店预订,360.02,0,0,抖音
5457,3133,2026-06-19 20:03:00,酒店预订,400.33,0,0,自然
5458,3133,2026-07-09 23:01:00,景点门票,113.83,1,0,自然
5459,3133,2026-07-16 20:41:00,景点门票,171.53,1,0,自然
5460,3134,2026-07-20 08:32:00,酒店预订,506.23,0,0,自然
5461,3134,2026-07-27 22:49:00,酒店预订,539.9,0,0,自然
5462,3134,2026-08-30 07:49:00,酒店预订,264.37,1,0,自然
5463,3135,2026-08-01 16:27:00,景点门票,63.38,1,0,小红书
5464,3136,2026-08-11 20:18:00,酒店预订,208.55,1,0,微信
5465,3136,2026-08-17 12:56:00,一日游套餐,418.38,1,0,微信
5466,3138,2026-07-10 14:03:00,一日游套餐,306.38,1,0,自然
5467,3138,2026-07-21 20:33:00,景点门票,130.9,0,0,自然
5468,3138,2026-08-01 17:04:00,酒店预订,586.32,1,0,自然
5469,3139,2026-06-18 11:16:00,酒店预订,586.87,1,0,微信
5470,3139,2026-06-18 15:38:00,酒店预订,361.68,1,0,微信
5471,3139,2026-06-18 08:41:00,景点门票,68.53,1,0,微信
5472,3139,2026-07-05 19:46:00,景点门票,63.98,1,1,微信
5473,3139,2026-07-12 18:08:00,景点门票,172.1,1,0,微信
5474,3139,2026-08-08 22:46:00,酒店预订,413.19,1,0,微信
5475,3142,2026-07-28 10:00:00,一日游套餐,368.71,0,0,自然
5476,3142,2026-08-15 21:21:00,酒店预订,392.11,1,0,自然
5477,3142,2026-08-16 21:30:00,一日游套餐,372.45,0,0,自然
5478,3143,2026-07-25 08:53:00,一日游套餐,378.71,0,0,地推
5479,3144,2026-08-16 11:55:00,一日游套餐,356.72,1,0,自然
5480,3145,2026-07-05 16:40:00,一日游套餐,236.12,1,0,微信
5481,3145,2026-07-07 08:58:00,酒店预订,294.44,1,0,微信
5482,3145,2026-07-11 07:48:00,景点门票,72.76,0,0,微信
5483,3145,2026-07-18 14:22:00,一日游套餐,406.47,1,0,微信
5484,3147,2026-07-22 18:34:00,景点门票,49.06,1,0,小红书
5485,3148,2026-07-23 17:18:00,一日游套餐,398.04,0,0,小红书
5486,3149,2026-08-11 10:54:00,酒店预订,374.99,1,0,微信
5487,3150,2026-08-12 21:28:00,一日游套餐,406.32,0,0,自然
5488,3151,2026-07-18 19:06:00,一日游套餐,306.52,1,0,自然
5489,3152,2026-07-29 12:36:00,景点门票,93.68,1,0,小红书
5490,3152,2026-08-30 08:50:00,一日游套餐,286.71,1,0,小红书
5491,3154,2026-07-24 17:58:00,一日游套餐,432.39,1,0,自然
5492,3157,2026-07-05 08:42:00,酒店预订,541.81,0,0,自然
5493,3158,2026-06-29 21:16:00,景点门票,50.79,1,0,自然
5494,3158,2026-06-30 22:32:00,景点门票,74.98,1,0,自然
5495,3158,2026-08-22 09:24:00,景点门票,113.22,1,0,自然
5496,3161,2026-06-28 08:10:00,景点门票,127.28,0,0,地推
5497,3162,2026-08-08 16:34:00,酒店预订,461.01,0,0,地推
5498,3163,2026-07-11 16:13:00,酒店预订,242.3,1,0,自然
5499,3163,2026-07-26 12:02:00,酒店预订,550.77,0,0,自然
5500,3163,2026-08-08 14:55:00,景点门票,117.76,0,0,自然
5501,3165,2026-08-09 16:30:00,酒店预订,425.6,0,0,小红书
5502,3166,2026-07-11 22:26:00,景点门票,43.11,0,0,小红书
5503,3166,2026-07-23 10:52:00,酒店预订,352.87,1,0,小红书
5504,3166,2026-07-29 11:22:00,景点门票,159.44,1,0,小红书
5505,3166,2026-08-11 22:36:00,酒店预订,258.58,1,1,小红书
5506,3167,2026-07-17 22:08:00,酒店预订,299.7,0,0,自然
5507,3168,2026-08-19 18:17:00,酒店预订,333.26,0,0,自然
5508,3169,2026-06-22 13:51:00,一日游套餐,223.88,1,0,自然
5509,3169,2026-06-22 10:32:00,酒店预订,440.48,0,0,自然
5510,3169,2026-07-04 16:58:00,酒店预订,308.76,1,0,自然
5511,3169,2026-07-11 13:20:00,景点门票,179.78,1,0,自然
5512,3170,2026-06-11 11:47:00,一日游套餐,236.17,0,0,小红书
5513,3170,2026-06-11 14:21:00,景点门票,40.39,1,0,小红书
5514,3170,2026-07-09 11:15:00,景点门票,92.22,1,1,小红书
5515,3170,2026-07-25 07:29:00,酒店预订,226.41,1,0,小红书
5516,3172,2026-06-21 18:09:00,一日游套餐,282.99,1,0,小红书
5517,3172,2026-07-06 12:01:00,景点门票,140.84,1,0,小红书
5518,3172,2026-07-21 17:57:00,一日游套餐,426.16,0,0,小红书
5519,3173,2026-08-02 11:56:00,景点门票,60.82,0,0,小红书
5520,3174,2026-07-22 14:16:00,景点门票,175.1,1,0,地推
5521,3174,2026-08-30 17:11:00,景点门票,164.55,1,0,地推
5522,3175,2026-07-28 10:24:00,酒店预订,578.78,0,0,小红书
5523,3176,2026-07-03 12:52:00,景点门票,86.76,1,0,自然
5524,3176,2026-07-10 16:19:00,一日游套餐,380.16,1,0,自然
5525,3177,2026-07-08 19:40:00,酒店预订,254.39,0,0,微信
5526,3177,2026-07-21 10:48:00,景点门票,75.72,0,0,微信
5527,3178,2026-08-13 11:17:00,景点门票,83.26,1,0,抖音
5528,3178,2026-08-21 11:30:00,景点门票,165.65,1,0,抖音
5529,3179,2026-06-16 15:03:00,景点门票,128.45,0,0,自然
5530,3179,2026-07-02 10:19:00,景点门票,134.63,1,0,自然
5531,3179,2026-07-31 09:08:00,一日游套餐,379.11,1,1,自然
5532,3179,2026-08-02 17:22:00,一日游套餐,315.88,1,0,自然
5533,3180,2026-06-19 14:31:00,一日游套餐,339.63,1,0,抖音
5534,3181,2026-07-30 11:08:00,酒店预订,484.39,1,0,地推
5535,3182,2026-07-06 15:27:00,一日游套餐,310.16,1,0,自然
5536,3182,2026-07-11 17:03:00,酒店预订,224.73,0,0,自然
5537,3183,2026-06-19 22:11:00,酒店预订,300.48,0,0,抖音
5538,3184,2026-07-24 11:26:00,酒店预订,484.61,1,0,自然
5539,3184,2026-08-01 22:31:00,景点门票,74.32,1,0,自然
5540,3184,2026-08-02 07:53:00,酒店预订,574.68,1,1,自然
5541,3185,2026-08-15 10:17:00,景点门票,141.31,1,0,自然
5542,3186,2026-07-29 19:30:00,酒店预订,468.53,1,0,自然
5543,3186,2026-08-07 11:22:00,景点门票,108.02,1,0,自然
5544,3186,2026-08-30 21:55:00,景点门票,102.89,0,0,自然
5545,3187,2026-06-25 17:41:00,一日游套餐,233.52,0,0,小红书
5546,3187,2026-07-01 22:34:00,酒店预订,524.93,1,0,小红书
5547,3188,2026-06-14 14:59:00,景点门票,63.03,1,0,微信
5548,3188,2026-06-17 08:05:00,一日游套餐,409.93,1,0,微信
5549,3188,2026-06-18 08:12:00,酒店预订,390.65,0,0,微信
5550,3188,2026-06-21 10:09:00,酒店预订,243.23,1,0,微信
5551,3188,2026-06-21 13:43:00,景点门票,85.04,0,0,微信
5552,3188,2026-07-09 21:45:00,景点门票,153.94,1,0,微信
5553,3188,2026-07-10 13:13:00,酒店预订,272.46,1,0,微信
5554,3188,2026-08-05 19:27:00,一日游套餐,227.87,1,0,微信
5555,3189,2026-07-08 22:26:00,酒店预订,599.84,0,0,自然
5556,3189,2026-07-12 21:48:00,一日游套餐,409.45,1,0,自然
5557,3189,2026-08-08 22:41:00,景点门票,114.25,1,1,自然
5558,3190,2026-08-25 13:31:00,一日游套餐,355.64,1,0,自然
5559,3192,2026-07-11 16:09:00,景点门票,158.25,1,0,自然
5560,3192,2026-07-19 14:25:00,景点门票,94.34,1,0,自然
5561,3192,2026-08-18 07:51:00,酒店预订,319.24,1,0,自然
5562,3194,2026-06-17 09:40:00,一日游套餐,273.69,1,0,小红书
5563,3194,2026-07-04 09:46:00,酒店预订,541.0,1,0,小红书
5564,3194,2026-07-30 20:55:00,一日游套餐,276.95,1,0,小红书
5565,3195,2026-07-21 15:14:00,酒店预订,542.35,1,0,小红书
5566,3195,2026-07-26 08:51:00,酒店预订,565.52,1,0,小红书
5567,3195,2026-08-24 07:25:00,景点门票,141.07,1,0,小红书
5568,3196,2026-08-21 08:43:00,酒店预订,519.95,1,0,抖音
5569,3198,2026-08-06 12:46:00,景点门票,115.29,1,0,自然
5570,3199,2026-07-23 08:40:00,景点门票,84.35,1,0,自然
5571,3199,2026-08-01 21:51:00,景点门票,90.62,1,0,自然
5572,3200,2026-08-09 16:33:00,酒店预订,363.57,0,0,地推
5573,3201,2026-08-18 19:27:00,景点门票,54.51,0,0,微信
5574,3203,2026-06-19 08:42:00,景点门票,72.94,1,0,地推
5575,3203,2026-06-22 13:38:00,一日游套餐,280.81,0,0,地推
5576,3204,2026-08-15 20:42:00,酒店预订,526.37,0,0,小红书
5577,3206,2026-06-17 10:16:00,景点门票,117.83,1,0,抖音
5578,3206,2026-06-19 15:50:00,景点门票,56.28,1,0,抖音
5579,3206,2026-06-21 19:13:00,景点门票,113.12,0,0,抖音
5580,3207,2026-08-21 21:40:00,一日游套餐,329.21,1,0,自然
5581,3208,2026-07-19 18:57:00,一日游套餐,238.67,1,0,自然
5582,3208,2026-08-28 08:53:00,景点门票,136.84,1,0,自然
5583,3209,2026-07-17 22:08:00,酒店预订,429.69,0,0,自然
5584,3210,2026-06-14 22:37:00,酒店预订,378.79,1,0,自然
5585,3210,2026-06-25 15:33:00,景点门票,169.17,0,0,自然
5586,3210,2026-07-04 13:39:00,酒店预订,498.69,1,0,自然
5587,3212,2026-08-17 07:52:00,景点门票,158.49,1,0,小红书
5588,3213,2026-07-11 12:41:00,一日游套餐,211.78,1,0,微信
5589,3213,2026-07-27 16:20:00,酒店预订,334.64,1,0,微信
5590,3213,2026-08-09 10:02:00,景点门票,117.41,1,0,微信
5591,3214,2026-07-10 19:35:00,酒店预订,262.18,0,0,小红书
5592,3215,2026-08-31 19:39:00,一日游套餐,326.86,1,0,自然
5593,3217,2026-06-13 18:59:00,一日游套餐,215.3,1,0,抖音
5594,3217,2026-07-16 19:43:00,景点门票,50.04,1,0,抖音
5595,3218,2026-07-05 21:05:00,一日游套餐,266.89,0,0,自然
5596,3218,2026-07-11 07:53:00,景点门票,161.53,1,0,自然
5597,3218,2026-08-17 10:20:00,酒店预订,535.09,1,0,自然
5598,3218,2026-08-24 18:30:00,酒店预订,491.7,1,0,自然
5599,3219,2026-08-10 17:37:00,一日游套餐,203.29,1,0,自然
5600,3219,2026-08-14 17:50:00,一日游套餐,312.04,1,0,自然
5601,3219,2026-08-29 17:34:00,景点门票,154.56,0,0,自然
5602,3220,2026-07-28 15:25:00,景点门票,133.33,1,0,抖音
5603,3220,2026-08-01 12:57:00,酒店预订,543.56,1,0,抖音
5604,3223,2026-08-08 11:36:00,景点门票,85.58,0,0,小红书
5605,3223,2026-08-23 17:22:00,酒店预订,331.4,1,0,小红书
5606,3224,2026-07-07 13:19:00,酒店预订,334.67,0,0,小红书
5607,3224,2026-07-14 08:47:00,景点门票,178.1,1,0,小红书
5608,3224,2026-07-14 21:11:00,一日游套餐,396.7,1,0,小红书
5609,3224,2026-08-05 20:17:00,酒店预订,467.92,1,0,小红书
5610,3225,2026-07-20 09:37:00,一日游套餐,220.57,0,0,自然
5611,3225,2026-08-05 22:14:00,景点门票,99.47,0,0,自然
5612,3225,2026-08-06 17:37:00,景点门票,107.83,1,0,自然
5613,3226,2026-06-27 10:26:00,景点门票,119.5,0,0,微信
5614,3226,2026-06-28 09:30:00,景点门票,93.13,1,0,微信
5615,3227,2026-08-27 14:47:00,一日游套餐,308.01,1,0,小红书
5616,3229,2026-08-15 23:03:00,景点门票,89.43,1,0,小红书
5617,3232,2026-08-18 18:01:00,景点门票,56.44,1,0,自然
5618,3235,2026-07-02 07:21:00,酒店预订,181.6,1,1,自然
5619,3235,2026-07-10 13:07:00,酒店预订,419.01,0,0,自然
5620,3235,2026-07-19 09:32:00,一日游套餐,353.63,1,0,自然
5621,3238,2026-08-09 21:27:00,一日游套餐,397.17,1,0,自然
5622,3241,2026-06-18 17:32:00,酒店预订,563.28,0,0,微信
5623,3241,2026-06-27 09:07:00,酒店预订,480.48,0,0,微信
5624,3241,2026-06-28 12:50:00,一日游套餐,442.14,1,0,微信
5625,3241,2026-08-03 11:13:00,景点门票,63.86,1,0,微信
5626,3242,2026-08-10 07:28:00,景点门票,49.81,1,0,抖音
5627,3242,2026-08-25 12:30:00,酒店预订,437.54,0,0,抖音
5628,3244,2026-06-27 16:29:00,酒店预订,449.15,1,0,自然
5629,3244,2026-07-04 17:10:00,酒店预订,218.77,0,0,自然
5630,3244,2026-07-27 10:39:00,一日游套餐,425.72,0,0,自然
5631,3244,2026-08-10 12:50:00,景点门票,178.84,0,0,自然
5632,3245,2026-08-09 08:32:00,酒店预订,514.25,1,0,自然
5633,3245,2026-08-09 21:30:00,酒店预订,384.07,1,0,自然
5634,3246,2026-08-08 11:00:00,景点门票,121.03,0,0,抖音
5635,3247,2026-07-25 13:59:00,景点门票,98.46,1,0,抖音
5636,3248,2026-07-08 14:11:00,酒店预订,273.52,1,0,微信
5637,3248,2026-07-11 13:36:00,一日游套餐,337.79,1,0,微信
5638,3248,2026-07-11 08:33:00,酒店预订,506.95,0,0,微信
5639,3248,2026-07-12 16:47:00,一日游套餐,236.81,0,0,微信
5640,3248,2026-07-16 21:20:00,酒店预订,558.46,1,0,微信
5641,3248,2026-07-23 08:15:00,景点门票,93.56,1,0,微信
5642,3248,2026-07-23 10:06:00,景点门票,147.06,1,0,微信
5643,3248,2026-08-04 19:17:00,景点门票,40.39,1,0,微信
5644,3248,2026-08-05 09:27:00,景点门票,95.77,0,0,微信
5645,3248,2026-08-17 15:34:00,景点门票,153.9,1,1,微信
5646,3249,2026-07-14 13:59:00,景点门票,84.82,1,0,微信
5647,3249,2026-07-23 22:15:00,一日游套餐,284.6,1,0,微信
5648,3249,2026-08-08 22:25:00,景点门票,44.2,1,0,微信
5649,3250,2026-06-18 17:09:00,一日游套餐,234.95,1,0,抖音
5650,3251,2026-07-23 09:49:00,酒店预订,226.97,1,1,地推
5651,3253,2026-08-09 13:57:00,景点门票,165.54,1,1,自然
5652,3253,2026-08-17 07:34:00,景点门票,77.61,1,0,自然
5653,3254,2026-07-09 18:53:00,景点门票,42.92,0,0,抖音
5654,3256,2026-07-14 23:09:00,景点门票,170.49,1,0,微信
5655,3256,2026-08-15 19:27:00,景点门票,101.52,1,0,微信
5656,3257,2026-07-19 10:38:00,景点门票,56.88,1,1,自然
5657,3257,2026-07-30 08:10:00,景点门票,89.46,0,0,自然
5658,3257,2026-08-22 07:27:00,景点门票,139.95,0,0,自然
5659,3257,2026-08-31 22:08:00,景点门票,140.57,1,0,自然
5660,3258,2026-08-31 11:55:00,景点门票,169.33,1,0,抖音
5661,3260,2026-07-12 22:04:00,景点门票,103.21,1,0,自然
5662,3261,2026-07-08 07:18:00,一日游套餐,393.92,0,0,自然
5663,3262,2026-08-04 18:47:00,酒店预订,499.92,0,0,小红书
5664,3262,2026-08-04 19:26:00,景点门票,76.78,1,0,小红书
5665,3263,2026-07-24 19:35:00,一日游套餐,377.13,1,0,自然
5666,3264,2026-07-10 09:32:00,景点门票,96.33,1,1,抖音
5667,3264,2026-07-28 22:07:00,酒店预订,333.59,0,0,抖音
5668,3264,2026-08-14 13:25:00,一日游套餐,345.98,0,0,抖音
5669,3265,2026-07-06 18:07:00,景点门票,99.59,1,1,抖音
5670,3265,2026-07-27 15:52:00,酒店预订,228.02,1,0,抖音
5671,3265,2026-07-31 18:09:00,景点门票,40.17,0,0,抖音
5672,3266,2026-06-24 16:09:00,景点门票,103.03,0,0,自然
5673,3266,2026-06-30 21:25:00,景点门票,41.7,1,0,自然
5674,3266,2026-07-13 18:11:00,景点门票,161.21,1,0,自然
5675,3266,2026-08-14 22:53:00,景点门票,45.17,1,0,自然
5676,3266,2026-08-20 17:08:00,酒店预订,205.22,1,0,自然
5677,3267,2026-07-05 16:59:00,酒店预订,533.39,1,0,自然
5678,3267,2026-07-16 16:58:00,一日游套餐,391.59,1,0,自然
5679,3267,2026-08-21 12:12:00,酒店预订,385.09,1,0,自然
5680,3267,2026-08-21 17:26:00,酒店预订,375.63,1,1,自然
5681,3268,2026-07-19 07:54:00,景点门票,176.08,1,0,微信
5682,3268,2026-07-20 12:54:00,酒店预订,424.6,1,0,微信
5683,3268,2026-07-23 17:47:00,酒店预订,477.85,1,0,微信
5684,3268,2026-07-30 14:00:00,酒店预订,377.5,1,0,微信
5685,3268,2026-07-31 11:36:00,景点门票,100.6,0,0,微信
5686,3268,2026-08-16 07:40:00,酒店预订,387.85,1,0,微信
5687,3268,2026-08-29 14:23:00,景点门票,78.8,1,0,微信
5688,3270,2026-08-16 20:44:00,酒店预订,448.67,1,0,自然
5689,3270,2026-08-19 13:00:00,酒店预订,258.02,0,0,自然
5690,3270,2026-08-22 08:23:00,景点门票,41.46,1,0,自然
5691,3271,2026-07-19 20:29:00,酒店预订,568.01,0,0,地推
5692,3273,2026-07-09 16:16:00,一日游套餐,240.73,1,0,小红书
5693,3273,2026-08-01 22:06:00,景点门票,44.38,0,0,小红书
5694,3274,2026-08-18 19:36:00,一日游套餐,288.34,1,0,小红书
5695,3275,2026-07-19 11:33:00,景点门票,123.39,1,0,小红书
5696,3276,2026-07-18 16:18:00,一日游套餐,395.24,1,0,微信
5697,3276,2026-07-21 13:40:00,景点门票,135.28,1,0,微信
5698,3276,2026-07-22 09:48:00,景点门票,101.23,0,0,微信
5699,3276,2026-07-22 15:39:00,一日游套餐,346.33,1,0,微信
5700,3276,2026-08-11 17:38:00,景点门票,130.69,1,0,微信
5701,3277,2026-07-20 12:43:00,酒店预订,479.77,1,0,抖音
5702,3277,2026-07-31 17:39:00,景点门票,64.4,0,0,抖音
5703,3279,2026-07-25 17:32:00,酒店预订,259.39,1,1,抖音
5704,3280,2026-06-21 13:53:00,酒店预订,245.47,1,0,自然
5705,3281,2026-07-04 18:15:00,一日游套餐,254.06,0,0,小红书
5706,3281,2026-07-24 12:10:00,景点门票,65.27,1,0,小红书
5707,3282,2026-07-04 19:46:00,景点门票,92.72,0,0,自然
5708,3282,2026-07-18 14:49:00,一日游套餐,385.8,1,0,自然
5709,3282,2026-07-22 21:09:00,景点门票,95.44,1,0,自然
5710,3283,2026-06-30 16:57:00,酒店预订,285.94,1,0,自然
5711,3283,2026-08-11 07:31:00,景点门票,156.02,1,0,自然
5712,3284,2026-06-22 18:15:00,酒店预订,306.61,1,0,自然
5713,3284,2026-06-23 12:42:00,景点门票,57.32,1,0,自然
5714,3284,2026-07-11 09:37:00,景点门票,64.38,1,0,自然
5715,3284,2026-07-17 21:28:00,景点门票,65.49,1,0,自然
5716,3285,2026-08-03 19:42:00,酒店预订,306.21,0,0,自然
5717,3286,2026-08-06 18:34:00,景点门票,167.43,0,0,小红书
5718,3286,2026-08-24 15:54:00,酒店预订,409.16,0,0,小红书
5719,3286,2026-08-27 17:54:00,酒店预订,387.77,1,1,小红书
5720,3287,2026-07-20 07:47:00,景点门票,61.28,0,0,小红书
5721,3287,2026-08-02 22:15:00,一日游套餐,353.66,1,0,小红书
5722,3289,2026-07-24 08:43:00,酒店预订,508.16,0,0,自然
5723,3291,2026-08-16 22:25:00,景点门票,84.64,0,0,抖音
5724,3293,2026-07-04 17:16:00,一日游套餐,206.66,1,0,抖音
5725,3294,2026-07-11 16:55:00,一日游套餐,216.57,1,0,抖音
5726,3296,2026-07-08 22:36:00,酒店预订,477.71,0,0,地推
5727,3297,2026-07-29 11:11:00,酒店预订,298.95,0,0,小红书
5728,3298,2026-08-29 08:41:00,景点门票,112.75,1,0,抖音
5729,3299,2026-06-29 08:32:00,酒店预订,403.98,1,0,抖音
5730,3299,2026-07-06 18:47:00,酒店预订,442.58,0,0,抖音
5731,3300,2026-07-05 21:55:00,一日游套餐,204.84,1,0,自然
5732,3300,2026-07-20 07:25:00,酒店预订,477.82,1,0,自然
5733,3302,2026-08-18 12:44:00,一日游套餐,369.97,0,0,抖音
5734,3303,2026-07-20 11:24:00,一日游套餐,209.75,1,0,自然
5735,3303,2026-07-21 17:23:00,景点门票,174.52,1,0,自然
5736,3304,2026-07-16 20:02:00,酒店预订,527.63,1,0,地推
5737,3306,2026-07-23 22:40:00,景点门票,131.21,1,0,自然
5738,3306,2026-07-25 12:50:00,酒店预订,372.41,0,0,自然
5739,3307,2026-08-30 16:08:00,景点门票,103.75,1,0,自然
5740,3308,2026-07-22 08:39:00,景点门票,60.18,1,0,自然
5741,3309,2026-07-05 13:23:00,景点门票,170.54,1,0,小红书
5742,3309,2026-07-06 12:51:00,酒店预订,508.18,1,0,小红书
5743,3310,2026-06-30 16:34:00,一日游套餐,380.9,1,0,自然
5744,3310,2026-06-30 11:59:00,景点门票,89.09,1,0,自然
5745,3310,2026-07-02 14:25:00,一日游套餐,415.02,1,0,自然
5746,3310,2026-07-20 13:29:00,一日游套餐,316.31,1,0,自然
5747,3310,2026-08-09 20:10:00,景点门票,133.57,0,0,自然
5748,3311,2026-08-14 10:36:00,景点门票,103.2,1,0,地推
5749,3312,2026-07-01 10:52:00,景点门票,138.53,1,0,地推
5750,3313,2026-06-10 19:29:00,景点门票,81.89,1,0,抖音
5751,3313,2026-07-05 16:23:00,景点门票,63.27,1,0,抖音
5752,3315,2026-08-08 10:56:00,景点门票,87.6,1,0,自然
5753,3317,2026-08-23 15:56:00,景点门票,113.36,1,0,小红书
5754,3318,2026-07-26 19:41:00,一日游套餐,387.61,0,0,自然
5755,3319,2026-06-19 22:07:00,景点门票,100.72,1,0,自然
5756,3320,2026-07-13 07:47:00,景点门票,44.16,0,0,抖音
5757,3321,2026-08-02 13:56:00,景点门票,163.38,1,0,自然
5758,3322,2026-07-14 22:20:00,景点门票,97.21,1,0,抖音
5759,3322,2026-07-25 15:43:00,景点门票,67.93,1,0,抖音
5760,3323,2026-07-10 17:07:00,景点门票,71.34,0,0,小红书
5761,3323,2026-07-14 09:26:00,酒店预订,430.68,1,0,小红书
5762,3324,2026-07-31 11:11:00,一日游套餐,437.59,1,0,微信
5763,3324,2026-08-15 10:49:00,景点门票,148.0,0,0,微信
5764,3324,2026-08-17 20:52:00,酒店预订,515.09,1,0,微信
5765,3324,2026-08-29 08:04:00,酒店预订,214.11,1,0,微信
5766,3326,2026-08-18 19:24:00,景点门票,61.79,1,0,微信
5767,3328,2026-06-16 15:24:00,酒店预订,187.29,1,0,微信
5768,3328,2026-06-16 21:23:00,酒店预订,252.83,0,0,微信
5769,3328,2026-06-24 22:33:00,一日游套餐,289.49,1,0,微信
5770,3328,2026-07-04 17:04:00,景点门票,95.47,1,0,微信
5771,3328,2026-07-28 16:26:00,景点门票,69.8,1,1,微信
5772,3328,2026-08-09 16:44:00,一日游套餐,303.41,1,0,微信
5773,3330,2026-07-03 12:11:00,景点门票,128.8,1,0,自然
5774,3330,2026-07-15 19:32:00,酒店预订,189.68,0,0,自然
5775,3330,2026-08-15 07:59:00,景点门票,47.27,1,0,自然
5776,3332,2026-06-20 17:10:00,景点门票,157.28,1,0,自然
5777,3332,2026-06-22 07:10:00,一日游套餐,259.14,1,0,自然
5778,3332,2026-06-23 15:47:00,酒店预订,505.91,1,0,自然
5779,3332,2026-06-27 08:25:00,景点门票,138.85,0,0,自然
5780,3332,2026-07-17 07:38:00,一日游套餐,377.0,1,1,自然
5781,3332,2026-07-24 09:48:00,酒店预订,429.15,0,0,自然
5782,3333,2026-08-06 09:15:00,一日游套餐,414.88,1,0,自然
5783,3333,2026-08-20 08:20:00,酒店预订,355.23,1,0,自然
5784,3334,2026-07-02 08:34:00,景点门票,85.93,1,1,自然
5785,3334,2026-08-08 19:29:00,酒店预订,307.0,0,0,自然
5786,3335,2026-08-29 09:32:00,一日游套餐,307.33,1,0,抖音
5787,3338,2026-07-11 18:20:00,景点门票,103.3,1,0,微信
5788,3338,2026-07-17 16:58:00,景点门票,143.29,1,0,微信
5789,3338,2026-07-29 19:42:00,酒店预订,407.3,0,0,微信
5790,3338,2026-07-29 22:23:00,一日游套餐,325.87,1,0,微信
5791,3338,2026-07-29 08:17:00,景点门票,83.37,0,0,微信
5792,3338,2026-08-31 16:50:00,一日游套餐,412.29,1,0,微信
5793,3339,2026-06-23 17:22:00,一日游套餐,317.75,1,0,自然
5794,3339,2026-07-29 18:37:00,酒店预订,489.97,0,0,自然
5795,3339,2026-07-31 16:46:00,景点门票,161.64,1,0,自然
5796,3340,2026-07-16 17:22:00,一日游套餐,333.65,1,0,抖音
5797,3340,2026-07-16 17:57:00,景点门票,93.5,1,0,抖音
5798,3341,2026-07-02 18:39:00,景点门票,117.94,1,0,抖音
5799,3341,2026-07-19 18:01:00,景点门票,95.97,1,0,抖音
5800,3342,2026-06-29 10:35:00,景点门票,131.69,1,0,微信
5801,3342,2026-06-29 11:34:00,景点门票,40.86,1,0,微信
5802,3342,2026-07-01 07:36:00,一日游套餐,449.21,0,0,微信
5803,3342,2026-07-04 19:19:00,酒店预订,254.13,1,0,微信
5804,3342,2026-07-11 22:21:00,酒店预订,207.71,1,0,微信
5805,3342,2026-07-11 20:59:00,酒店预订,329.11,1,0,微信
5806,3342,2026-07-18 08:55:00,景点门票,136.98,1,0,微信
5807,3342,2026-07-23 11:03:00,酒店预订,372.19,0,0,微信
5808,3342,2026-08-13 08:49:00,一日游套餐,391.06,1,0,微信
5809,3342,2026-08-15 15:22:00,景点门票,71.41,1,1,微信
5810,3343,2026-06-27 17:08:00,酒店预订,273.62,0,0,自然
5811,3343,2026-07-25 15:51:00,景点门票,166.66,1,0,自然
5812,3343,2026-07-26 11:21:00,一日游套餐,248.19,1,0,自然
5813,3343,2026-07-26 10:34:00,景点门票,107.49,0,0,自然
5814,3343,2026-08-19 08:42:00,一日游套餐,254.01,1,0,自然
5815,3344,2026-07-16 15:59:00,景点门票,127.79,0,0,自然
5816,3346,2026-06-19 14:00:00,酒店预订,301.07,1,0,小红书
5817,3346,2026-08-08 20:07:00,酒店预订,216.33,1,0,小红书
5818,3347,2026-06-21 22:57:00,景点门票,134.29,0,0,微信
5819,3347,2026-06-21 11:50:00,酒店预订,560.1,1,0,微信
5820,3347,2026-06-22 14:13:00,景点门票,146.33,0,0,微信
5821,3347,2026-06-30 18:10:00,景点门票,174.14,0,0,微信
5822,3347,2026-07-01 20:34:00,景点门票,132.67,1,0,微信
5823,3347,2026-07-05 16:25:00,酒店预订,245.42,1,0,微信
5824,3347,2026-07-14 14:46:00,酒店预订,351.18,1,0,微信
5825,3348,2026-07-23 20:45:00,一日游套餐,419.08,1,0,小红书
5826,3349,2026-08-01 11:37:00,景点门票,50.56,0,0,微信
5827,3349,2026-08-04 22:27:00,酒店预订,402.54,1,0,微信
5828,3349,2026-08-12 22:24:00,酒店预订,376.89,1,0,微信
5829,3349,2026-08-12 21:47:00,景点门票,151.38,1,0,微信
5830,3349,2026-08-28 09:06:00,景点门票,92.42,0,0,微信
5831,3350,2026-08-04 17:36:00,景点门票,108.06,0,0,抖音
5832,3351,2026-08-02 12:06:00,酒店预订,350.54,0,0,自然
5833,3352,2026-07-19 12:24:00,景点门票,168.72,1,0,自然
5834,3352,2026-08-19 14:47:00,景点门票,133.91,0,0,自然
5835,3352,2026-08-20 12:49:00,一日游套餐,313.45,0,0,自然
5836,3352,2026-08-20 13:15:00,景点门票,110.26,1,0,自然
5837,3353,2026-08-09 18:43:00,酒店预订,254.44,1,0,自然
5838,3354,2026-07-12 23:08:00,景点门票,66.5,1,0,抖音
5839,3355,2026-08-08 16:17:00,景点门票,129.02,1,0,抖音
5840,3356,2026-07-31 22:48:00,酒店预订,239.81,0,0,抖音
5841,3357,2026-06-17 20:34:00,酒店预订,503.77,1,1,抖音
5842,3357,2026-06-29 11:39:00,景点门票,83.65,1,0,抖音
5843,3357,2026-07-17 12:53:00,一日游套餐,336.35,1,0,抖音
5844,3359,2026-06-15 14:25:00,一日游套餐,347.32,1,1,小红书
5845,3359,2026-06-16 10:38:00,景点门票,156.44,0,0,小红书
5846,3360,2026-07-13 22:41:00,景点门票,138.36,1,1,小红书
5847,3362,2026-08-05 14:40:00,景点门票,174.83,0,0,抖音
5848,3363,2026-07-26 13:34:00,酒店预订,477.74,1,0,小红书
5849,3364,2026-07-25 12:16:00,景点门票,63.87,1,0,小红书
5850,3365,2026-08-12 20:08:00,酒店预订,279.6,1,0,抖音
5851,3366,2026-06-28 09:23:00,景点门票,167.43,1,0,抖音
5852,3367,2026-07-23 21:11:00,景点门票,55.44,1,1,小红书
5853,3368,2026-08-18 15:33:00,景点门票,122.55,1,1,小红书
5854,3369,2026-07-05 20:54:00,景点门票,169.81,1,1,自然
5855,3369,2026-07-05 07:35:00,景点门票,62.51,1,0,自然
5856,3371,2026-08-24 11:06:00,一日游套餐,368.46,1,0,微信
5857,3372,2026-08-14 13:58:00,景点门票,177.27,1,0,自然
5858,3372,2026-08-28 17:26:00,酒店预订,483.26,1,0,自然
5859,3373,2026-07-14 13:14:00,酒店预订,477.62,0,0,微信
5860,3373,2026-08-13 16:47:00,景点门票,132.79,1,0,微信
5861,3373,2026-08-16 07:12:00,景点门票,40.47,1,0,微信
5862,3373,2026-08-22 10:14:00,酒店预订,422.44,1,0,微信
5863,3373,2026-08-22 21:20:00,景点门票,130.04,1,0,微信
5864,3374,2026-08-05 07:30:00,景点门票,80.79,1,0,自然
5865,3374,2026-08-07 07:41:00,酒店预订,515.24,0,0,自然
5866,3375,2026-07-31 07:41:00,景点门票,63.7,1,0,抖音
5867,3377,2026-06-27 11:42:00,酒店预订,515.48,1,0,自然
5868,3377,2026-07-08 18:13:00,景点门票,59.15,1,0,自然
5869,3377,2026-07-08 20:15:00,一日游套餐,265.71,0,0,自然
5870,3377,2026-07-08 19:04:00,景点门票,135.13,1,0,自然
5871,3380,2026-06-04 11:46:00,酒店预订,254.68,1,0,地推
5872,3380,2026-07-18 17:32:00,一日游套餐,269.32,1,0,地推
5873,3380,2026-07-29 09:01:00,酒店预订,181.16,1,0,地推
5874,3381,2026-06-14 14:25:00,景点门票,143.59,1,0,自然
5875,3381,2026-06-17 16:39:00,景点门票,175.58,1,0,自然
5876,3381,2026-06-30 12:34:00,一日游套餐,305.5,1,0,自然
5877,3382,2026-07-01 09:24:00,景点门票,123.72,1,0,微信
5878,3382,2026-08-08 12:55:00,景点门票,78.75,1,0,微信
5879,3383,2026-08-14 07:14:00,酒店预订,345.71,0,0,地推
5880,3387,2026-08-09 08:42:00,酒店预订,421.23,1,0,抖音
5881,3388,2026-07-29 09:17:00,酒店预订,483.29,1,0,地推
5882,3388,2026-08-01 10:47:00,酒店预订,286.81,1,1,地推
5883,3389,2026-06-08 07:35:00,酒店预订,491.22,1,0,抖音
5884,3390,2026-07-26 15:14:00,酒店预订,428.46,0,0,自然
5885,3390,2026-07-28 14:10:00,景点门票,85.9,1,0,自然
5886,3390,2026-08-05 14:27:00,景点门票,154.08,1,0,自然
5887,3390,2026-08-31 09:57:00,一日游套餐,237.32,1,0,自然
5888,3391,2026-07-31 13:21:00,酒店预订,490.82,1,0,自然
5889,3392,2026-07-20 15:34:00,一日游套餐,301.38,0,0,小红书
5890,3392,2026-08-29 21:33:00,酒店预订,580.55,1,0,小红书
5891,3393,2026-07-05 07:38:00,一日游套餐,415.38,1,0,地推
5892,3394,2026-08-01 08:13:00,景点门票,137.04,1,0,自然
5893,3395,2026-06-14 22:19:00,酒店预订,274.67,0,0,小红书
5894,3395,2026-06-20 07:21:00,酒店预订,596.31,1,0,小红书
5895,3397,2026-06-20 16:00:00,景点门票,108.38,1,0,自然
5896,3397,2026-06-20 17:01:00,景点门票,134.57,1,0,自然
5897,3397,2026-07-01 08:58:00,一日游套餐,202.87,1,0,自然
5898,3397,2026-08-10 11:31:00,酒店预订,557.32,1,0,自然
5899,3400,2026-08-07 13:23:00,景点门票,143.97,1,0,小红书
5900,3401,2026-07-03 14:27:00,酒店预订,266.26,1,0,自然
5901,3401,2026-07-03 19:36:00,景点门票,90.27,1,0,自然
5902,3402,2026-07-19 11:00:00,景点门票,43.25,1,0,微信
5903,3404,2026-07-07 15:43:00,一日游套餐,390.34,0,0,地推
5904,3405,2026-08-18 13:07:00,景点门票,124.57,1,0,微信
5905,3406,2026-06-28 11:32:00,一日游套餐,415.21,1,0,微信
5906,3406,2026-07-31 11:01:00,一日游套餐,307.96,1,0,微信
5907,3406,2026-08-10 17:48:00,景点门票,63.97,1,0,微信
5908,3406,2026-08-12 21:17:00,酒店预订,407.14,1,0,微信
5909,3406,2026-08-12 08:37:00,一日游套餐,224.0,1,0,微信
5910,3408,2026-06-16 19:56:00,景点门票,174.66,0,0,自然
5911,3408,2026-06-17 20:04:00,一日游套餐,281.87,1,0,自然
5912,3408,2026-06-24 18:02:00,一日游套餐,397.4,0,0,自然
5913,3408,2026-08-01 08:30:00,一日游套餐,342.26,0,0,自然
5914,3410,2026-06-14 19:39:00,酒店预订,290.01,0,0,自然
5915,3410,2026-08-05 08:34:00,景点门票,57.53,0,0,自然
5916,3411,2026-08-07 22:23:00,一日游套餐,403.01,1,1,小红书
5917,3411,2026-08-09 08:49:00,景点门票,125.25,1,0,小红书
5918,3411,2026-08-19 10:14:00,景点门票,159.49,0,0,小红书
5919,3412,2026-08-07 21:12:00,一日游套餐,355.95,1,0,自然
5920,3412,2026-08-14 08:36:00,酒店预订,522.84,1,0,自然
5921,3413,2026-08-24 22:44:00,酒店预订,198.05,0,0,抖音
5922,3414,2026-07-24 22:25:00,景点门票,112.36,1,0,自然
5923,3414,2026-07-28 08:27:00,一日游套餐,322.09,1,0,自然
5924,3415,2026-07-12 17:42:00,景点门票,150.17,1,0,自然
5925,3415,2026-08-11 14:23:00,一日游套餐,383.68,0,0,自然
5926,3416,2026-06-14 07:31:00,景点门票,42.51,1,0,自然
5927,3416,2026-06-17 13:35:00,酒店预订,485.07,1,0,自然
5928,3416,2026-08-11 11:28:00,景点门票,160.84,0,0,自然
5929,3419,2026-07-31 20:36:00,景点门票,144.71,0,0,自然
5930,3420,2026-07-15 16:33:00,景点门票,48.49,0,0,微信
5931,3420,2026-07-19 22:51:00,景点门票,102.36,1,0,微信
5932,3420,2026-07-19 15:19:00,一日游套餐,321.82,0,0,微信
5933,3421,2026-06-14 18:28:00,酒店预订,351.41,0,0,微信
5934,3423,2026-08-23 09:06:00,酒店预订,346.04,0,0,小红书
5935,3423,2026-08-29 23:00:00,景点门票,79.58,1,0,小红书
5936,3425,2026-06-19 21:01:00,酒店预订,462.4,1,0,自然
5937,3425,2026-06-21 07:23:00,酒店预订,463.88,1,0,自然
5938,3425,2026-08-06 13:08:00,景点门票,125.04,1,0,自然
5939,3425,2026-08-08 21:45:00,景点门票,126.6,1,0,自然
5940,3427,2026-07-16 15:09:00,酒店预订,488.87,1,0,自然
5941,3427,2026-08-03 13:24:00,酒店预订,464.04,0,0,自然
5942,3427,2026-08-04 11:27:00,酒店预订,188.81,1,0,自然
5943,3427,2026-08-21 16:31:00,酒店预订,233.88,1,0,自然
5944,3428,2026-06-23 19:11:00,景点门票,77.6,1,0,微信
5945,3428,2026-07-14 20:39:00,酒店预订,353.98,1,1,微信
5946,3428,2026-07-18 12:36:00,景点门票,126.44,1,0,微信
5947,3428,2026-07-21 12:56:00,景点门票,67.14,1,0,微信
5948,3430,2026-07-30 16:30:00,景点门票,87.24,1,0,微信
5949,3430,2026-08-06 19:35:00,酒店预订,394.04,1,0,微信
5950,3430,2026-08-14 22:15:00,景点门票,178.24,0,0,微信
5951,3430,2026-08-19 18:51:00,景点门票,40.53,1,0,微信
5952,3430,2026-08-25 14:12:00,景点门票,118.14,1,0,微信
5953,3430,2026-08-25 09:28:00,景点门票,159.69,1,0,微信
5954,3431,2026-06-13 07:49:00,酒店预订,364.66,0,0,抖音
5955,3432,2026-06-23 13:18:00,景点门票,130.76,1,0,抖音
5956,3434,2026-06-17 07:25:00,景点门票,121.51,1,0,自然
5957,3434,2026-06-26 12:40:00,酒店预订,423.95,1,0,自然
5958,3434,2026-06-26 15:28:00,酒店预订,502.43,1,0,自然
5959,3435,2026-07-15 18:41:00,酒店预订,389.52,1,0,自然
5960,3435,2026-08-04 10:30:00,景点门票,112.81,1,0,自然
5961,3436,2026-06-21 15:44:00,酒店预订,549.97,0,0,抖音
5962,3436,2026-07-11 23:00:00,一日游套餐,367.52,0,0,抖音
5963,3437,2026-06-14 17:00:00,酒店预订,195.69,1,0,抖音
5964,3437,2026-06-30 07:14:00,一日游套餐,372.64,1,0,抖音
5965,3438,2026-08-12 08:17:00,酒店预订,594.03,0,0,抖音
5966,3440,2026-06-18 16:56:00,景点门票,131.38,1,0,小红书
5967,3440,2026-06-18 13:30:00,一日游套餐,383.09,1,0,小红书
5968,3440,2026-06-25 11:46:00,景点门票,92.15,1,0,小红书
5969,3440,2026-07-26 22:08:00,一日游套餐,287.42,0,0,小红书
5970,3440,2026-07-27 10:00:00,景点门票,75.47,1,0,小红书
5971,3441,2026-08-10 13:54:00,景点门票,177.24,1,0,自然
5972,3442,2026-06-21 15:13:00,酒店预订,230.07,0,0,自然
5973,3443,2026-07-31 16:57:00,一日游套餐,267.87,1,0,自然
5974,3443,2026-08-12 07:54:00,酒店预订,277.42,1,0,自然
5975,3443,2026-08-16 17:20:00,景点门票,168.85,1,0,自然
5976,3444,2026-08-28 08:58:00,景点门票,142.27,1,0,抖音
5977,3445,2026-07-03 12:37:00,酒店预订,588.99,1,0,微信
5978,3445,2026-07-05 12:15:00,景点门票,40.07,1,1,微信
5979,3445,2026-07-11 10:21:00,景点门票,83.25,1,0,微信
5980,3446,2026-07-23 08:46:00,景点门票,165.82,1,0,抖音
5981,3447,2026-06-13 08:01:00,一日游套餐,386.39,0,0,小红书
5982,3447,2026-06-26 14:46:00,景点门票,178.15,0,0,小红书
5983,3448,2026-06-13 19:35:00,一日游套餐,257.46,0,0,小红书
5984,3448,2026-06-14 20:36:00,酒店预订,562.27,1,0,小红书
5985,3448,2026-07-12 20:06:00,景点门票,123.15,1,0,小红书
5986,3448,2026-07-15 15:43:00,酒店预订,188.04,1,0,小红书
5987,3448,2026-07-26 09:32:00,酒店预订,435.72,1,0,小红书
5988,3448,2026-07-26 09:38:00,景点门票,66.51,1,0,小红书
5989,3449,2026-06-16 20:09:00,景点门票,158.22,1,0,抖音
5990,3450,2026-07-19 14:23:00,酒店预订,212.71,1,0,微信
5991,3450,2026-07-19 11:36:00,一日游套餐,344.26,1,0,微信
5992,3450,2026-08-15 15:25:00,景点门票,135.04,1,0,微信
5993,3451,2026-08-17 22:38:00,景点门票,59.44,1,0,小红书
5994,3452,2026-08-14 17:10:00,景点门票,140.82,0,0,抖音
5995,3453,2026-07-26 10:05:00,一日游套餐,401.04,1,1,自然
5996,3453,2026-07-26 19:57:00,景点门票,47.44,1,0,自然
5997,3454,2026-07-04 20:02:00,酒店预订,582.61,1,0,自然
5998,3454,2026-08-02 17:05:00,一日游套餐,306.59,1,0,自然
5999,3455,2026-06-13 11:18:00,景点门票,49.94,1,0,地推
6000,3455,2026-07-12 15:02:00,景点门票,117.16,0,0,地推
6001,3456,2026-07-18 11:06:00,一日游套餐,402.49,1,0,微信
6002,3456,2026-07-25 08:21:00,景点门票,143.45,1,0,微信
6003,3456,2026-07-26 15:39:00,一日游套餐,252.08,1,0,微信
6004,3456,2026-07-26 20:31:00,景点门票,68.06,1,0,微信
6005,3456,2026-07-30 16:32:00,一日游套餐,363.95,1,0,微信
6006,3456,2026-08-29 09:56:00,景点门票,140.56,1,0,微信
6007,3457,2026-07-08 08:16:00,酒店预订,287.44,1,0,地推
6008,3457,2026-07-19 17:26:00,景点门票,80.74,1,0,地推
6009,3458,2026-08-08 18:16:00,酒店预订,488.68,0,0,地推
6010,3459,2026-08-18 17:14:00,景点门票,133.16,1,0,自然
6011,3460,2026-07-09 20:54:00,景点门票,110.77,1,0,微信
6012,3460,2026-07-31 23:01:00,景点门票,57.35,0,0,微信
6013,3460,2026-08-03 14:48:00,景点门票,112.8,1,0,微信
6014,3462,2026-07-16 15:29:00,酒店预订,502.33,1,0,微信
6015,3462,2026-07-19 13:20:00,景点门票,70.99,1,0,微信
6016,3462,2026-08-07 15:59:00,景点门票,171.91,1,0,微信
6017,3464,2026-07-01 22:26:00,酒店预订,342.29,1,0,自然
6018,3464,2026-07-05 21:13:00,一日游套餐,428.01,1,1,自然
6019,3464,2026-08-16 08:52:00,一日游套餐,281.4,0,0,自然
6020,3466,2026-08-21 22:07:00,酒店预订,193.47,0,0,微信
6021,3467,2026-07-01 09:42:00,一日游套餐,439.16,0,0,小红书
6022,3467,2026-07-01 14:36:00,一日游套餐,288.8,0,0,小红书
6023,3467,2026-08-09 21:59:00,一日游套餐,218.7,1,0,小红书
6024,3467,2026-08-16 10:53:00,一日游套餐,203.94,1,0,小红书
6025,3467,2026-08-28 10:08:00,一日游套餐,223.25,1,0,小红书
6026,3468,2026-06-11 09:08:00,一日游套餐,449.54,1,0,抖音
6027,3468,2026-07-18 14:55:00,酒店预订,348.89,1,0,抖音
6028,3471,2026-07-11 12:13:00,景点门票,85.02,0,0,抖音
6029,3471,2026-07-23 16:05:00,一日游套餐,200.04,0,0,抖音
6030,3471,2026-08-01 21:14:00,酒店预订,446.95,1,0,抖音
6031,3472,2026-07-07 11:12:00,酒店预订,505.71,1,0,抖音
6032,3473,2026-06-25 14:35:00,景点门票,166.17,1,0,抖音
6033,3473,2026-06-28 08:12:00,酒店预订,599.21,1,0,抖音
6034,3473,2026-07-17 19:48:00,酒店预订,487.54,1,0,抖音
6035,3475,2026-06-30 17:44:00,酒店预订,262.72,1,0,抖音
6036,3476,2026-07-26 18:27:00,景点门票,46.35,1,0,抖音
6037,3477,2026-06-08 20:17:00,一日游套餐,272.05,0,0,微信
6038,3477,2026-06-08 15:10:00,酒店预订,542.6,1,0,微信
6039,3477,2026-06-09 13:31:00,酒店预订,354.9,1,0,微信
6040,3477,2026-06-11 11:17:00,景点门票,69.15,0,0,微信
6041,3477,2026-06-14 17:55:00,一日游套餐,420.58,1,0,微信
6042,3477,2026-06-22 09:49:00,酒店预订,513.87,1,0,微信
6043,3477,2026-06-22 14:27:00,一日游套餐,391.08,1,1,微信
6044,3477,2026-06-22 15:42:00,景点门票,128.93,1,0,微信
6045,3477,2026-06-27 11:21:00,景点门票,155.31,1,0,微信
6046,3477,2026-07-20 13:10:00,酒店预订,191.3,0,0,微信
6047,3477,2026-08-04 16:13:00,酒店预订,371.93,0,0,微信
6048,3479,2026-07-12 16:14:00,景点门票,75.71,1,0,地推
6049,3481,2026-07-14 13:27:00,一日游套餐,384.73,1,0,抖音
6050,3483,2026-07-12 12:28:00,酒店预订,315.84,1,0,微信
6051,3484,2026-08-09 19:49:00,酒店预订,451.51,0,0,抖音
6052,3485,2026-07-11 09:04:00,景点门票,146.11,1,0,小红书
6053,3486,2026-08-19 17:22:00,酒店预订,541.56,0,0,小红书
6054,3487,2026-08-22 11:15:00,酒店预订,435.82,0,0,小红书
6055,3488,2026-07-21 18:27:00,景点门票,77.55,1,0,小红书
6056,3488,2026-07-26 11:43:00,酒店预订,270.52,0,0,小红书
6057,3488,2026-07-26 16:50:00,酒店预订,238.11,0,0,小红书
6058,3488,2026-08-01 18:56:00,景点门票,57.45,1,0,小红书
6059,3489,2026-07-24 13:19:00,景点门票,100.79,1,0,自然
6060,3489,2026-08-01 17:44:00,一日游套餐,279.5,1,0,自然
6061,3489,2026-08-01 16:42:00,酒店预订,360.97,1,0,自然
6062,3492,2026-06-21 22:04:00,酒店预订,447.35,0,0,自然
6063,3492,2026-07-10 11:26:00,一日游套餐,215.34,0,0,自然
6064,3493,2026-07-15 09:02:00,景点门票,122.8,0,0,微信
6065,3493,2026-07-29 11:27:00,景点门票,146.51,1,0,微信
6066,3493,2026-08-11 09:02:00,景点门票,168.91,0,0,微信
6067,3494,2026-07-18 16:45:00,酒店预订,463.52,1,0,小红书
6068,3494,2026-08-03 20:45:00,景点门票,164.9,0,0,小红书
6069,3494,2026-08-08 19:14:00,酒店预订,467.52,1,0,小红书
6070,3494,2026-08-23 18:54:00,一日游套餐,435.97,1,0,小红书
6071,3495,2026-07-21 17:43:00,酒店预订,283.08,1,0,自然
6072,3495,2026-07-22 07:46:00,酒店预订,475.93,1,0,自然
6073,3496,2026-07-19 22:14:00,一日游套餐,328.96,0,0,微信
6074,3496,2026-07-21 12:26:00,酒店预订,473.15,1,0,微信
6075,3496,2026-07-29 17:26:00,景点门票,103.39,1,0,微信
6076,3496,2026-08-11 15:11:00,酒店预订,586.75,1,0,微信
6077,3496,2026-08-16 18:15:00,一日游套餐,294.55,1,0,微信
6078,3497,2026-07-05 11:43:00,景点门票,103.09,1,0,小红书
6079,3497,2026-08-19 09:59:00,一日游套餐,306.78,1,0,小红书
6080,3497,2026-08-27 16:58:00,一日游套餐,357.03,0,0,小红书
6081,3497,2026-08-27 20:04:00,景点门票,131.87,0,0,小红书
6082,3497,2026-08-30 09:02:00,景点门票,167.39,1,0,小红书
6083,3498,2026-07-08 18:48:00,景点门票,72.02,1,0,小红书
6084,3498,2026-07-10 20:30:00,一日游套餐,435.66,1,0,小红书
6085,3498,2026-07-13 11:28:00,景点门票,71.14,1,0,小红书
6086,3498,2026-07-15 16:56:00,景点门票,53.0,1,0,小红书
6087,3498,2026-07-16 12:20:00,一日游套餐,395.27,1,0,小红书
6088,3498,2026-07-18 09:41:00,酒店预订,370.93,1,0,小红书
6089,3499,2026-08-05 18:28:00,景点门票,85.68,0,0,抖音
6090,3499,2026-08-09 17:30:00,酒店预订,552.87,0,0,抖音
6091,3500,2026-07-13 20:44:00,景点门票,147.96,0,0,微信
6092,3500,2026-07-14 13:02:00,景点门票,50.6,1,0,微信
6093,3500,2026-07-16 10:25:00,酒店预订,536.01,0,0,微信
6094,3500,2026-07-30 20:37:00,景点门票,98.19,0,0,微信
6095,3500,2026-08-03 11:37:00,景点门票,179.37,0,0,微信
6096,3500,2026-08-03 17:30:00,一日游套餐,318.39,1,0,微信
6097,3500,2026-08-09 15:40:00,一日游套餐,435.02,1,0,微信
6098,3501,2026-07-26 10:46:00,酒店预订,302.86,0,0,抖音
6099,3502,2026-08-01 21:25:00,酒店预订,406.31,0,0,抖音
6100,3503,2026-07-31 17:44:00,景点门票,93.31,1,0,自然
6101,3503,2026-08-10 08:07:00,景点门票,44.41,1,0,自然
6102,3504,2026-08-13 19:53:00,酒店预订,368.82,1,0,小红书
6103,3504,2026-08-19 14:35:00,景点门票,169.47,0,0,小红书
6104,3512,2026-08-14 12:58:00,酒店预订,483.45,0,0,小红书
6105,3513,2026-08-06 15:26:00,景点门票,80.18,1,0,地推
6106,3514,2026-07-12 20:36:00,景点门票,160.14,1,0,地推
6107,3514,2026-07-15 08:34:00,一日游套餐,293.2,1,0,地推
6108,3516,2026-06-19 08:02:00,酒店预订,271.78,0,0,小红书
6109,3516,2026-06-24 18:32:00,酒店预订,468.35,1,0,小红书
6110,3516,2026-07-23 17:06:00,景点门票,52.26,1,0,小红书
6111,3517,2026-08-09 20:26:00,景点门票,176.02,0,0,小红书
6112,3518,2026-06-14 12:52:00,酒店预订,372.47,1,0,自然
6113,3520,2026-06-17 08:52:00,景点门票,149.08,1,0,微信
6114,3520,2026-07-18 09:47:00,酒店预订,362.79,1,0,微信
6115,3522,2026-07-15 14:33:00,一日游套餐,202.41,1,0,微信
6116,3522,2026-07-19 21:20:00,酒店预订,382.79,1,1,微信
6117,3522,2026-07-22 09:32:00,一日游套餐,328.49,1,0,微信
6118,3523,2026-07-07 17:37:00,酒店预订,296.02,1,0,自然
6119,3523,2026-08-15 16:32:00,一日游套餐,336.22,1,0,自然
6120,3523,2026-08-23 21:30:00,酒店预订,333.24,1,0,自然
6121,3524,2026-08-27 16:26:00,景点门票,74.01,0,0,抖音
6122,3526,2026-06-06 08:02:00,景点门票,103.68,1,0,抖音
6123,3527,2026-07-02 14:11:00,景点门票,89.17,1,0,自然
6124,3527,2026-08-20 13:21:00,景点门票,52.04,1,0,自然
6125,3528,2026-07-22 13:21:00,酒店预订,552.04,0,0,自然
6126,3529,2026-08-17 14:12:00,景点门票,104.68,1,0,微信
6127,3529,2026-08-19 07:40:00,一日游套餐,218.75,0,0,微信
6128,3529,2026-08-22 13:35:00,一日游套餐,366.7,1,0,微信
6129,3529,2026-08-26 15:01:00,景点门票,110.93,1,0,微信
6130,3531,2026-06-29 20:18:00,一日游套餐,327.39,0,0,自然
6131,3531,2026-08-01 17:20:00,一日游套餐,202.36,1,0,自然
6132,3532,2026-06-07 19:34:00,酒店预订,485.06,1,0,自然
6133,3532,2026-06-07 21:09:00,景点门票,87.33,0,0,自然
6134,3532,2026-06-28 11:31:00,一日游套餐,245.99,1,0,自然
6135,3532,2026-07-05 22:52:00,一日游套餐,207.36,0,0,自然
6136,3532,2026-08-04 15:19:00,景点门票,99.95,0,0,自然
6137,3532,2026-08-04 17:15:00,酒店预订,566.5,1,0,自然
6138,3533,2026-06-28 08:36:00,一日游套餐,407.32,1,0,抖音
6139,3534,2026-07-09 08:13:00,景点门票,130.79,1,0,自然
6140,3534,2026-07-14 12:00:00,一日游套餐,376.42,1,0,自然
6141,3534,2026-08-01 18:33:00,一日游套餐,362.19,1,1,自然
6142,3534,2026-08-11 17:28:00,一日游套餐,309.21,1,1,自然
6143,3536,2026-06-21 10:15:00,酒店预订,508.01,1,0,微信
6144,3536,2026-07-06 12:24:00,景点门票,69.87,1,0,微信
6145,3536,2026-07-15 22:08:00,一日游套餐,319.64,0,0,微信
6146,3536,2026-08-09 19:38:00,景点门票,145.16,1,0,微信
6147,3537,2026-08-01 20:11:00,景点门票,105.04,0,0,自然
6148,3537,2026-08-01 10:14:00,酒店预订,576.34,0,0,自然
6149,3537,2026-08-01 17:23:00,酒店预订,531.91,1,0,自然
6150,3539,2026-07-08 15:33:00,景点门票,129.99,1,0,自然
6151,3539,2026-07-09 15:59:00,景点门票,61.91,0,0,自然
6152,3541,2026-07-18 08:51:00,景点门票,123.27,1,0,微信
6153,3541,2026-08-03 07:37:00,酒店预订,499.09,1,0,微信
6154,3541,2026-08-05 12:10:00,一日游套餐,302.96,1,1,微信
6155,3541,2026-08-25 12:27:00,景点门票,157.43,0,0,微信
6156,3542,2026-08-01 07:33:00,酒店预订,545.59,1,1,抖音
6157,3542,2026-08-05 10:47:00,酒店预订,580.92,0,0,抖音
6158,3543,2026-07-21 22:18:00,景点门票,52.5,1,0,微信
6159,3543,2026-07-21 09:55:00,酒店预订,335.4,1,0,微信
6160,3543,2026-07-26 09:18:00,酒店预订,332.58,0,0,微信
6161,3543,2026-08-11 13:24:00,景点门票,129.03,1,0,微信
6162,3543,2026-08-30 17:19:00,景点门票,114.91,1,1,微信
6163,3544,2026-07-16 21:44:00,酒店预订,259.35,0,0,自然
6164,3545,2026-07-01 07:54:00,酒店预订,320.06,1,0,抖音
6165,3547,2026-06-27 18:51:00,酒店预订,291.53,0,0,抖音
6166,3549,2026-07-23 17:00:00,景点门票,100.95,1,0,自然
6167,3550,2026-07-01 08:48:00,景点门票,84.24,1,1,微信
6168,3551,2026-07-20 21:29:00,景点门票,97.88,0,0,微信
6169,3551,2026-07-30 15:55:00,一日游套餐,220.21,1,0,微信
6170,3553,2026-07-12 13:20:00,景点门票,175.62,0,0,抖音
6171,3555,2026-07-12 08:13:00,一日游套餐,343.13,0,0,自然
6172,3555,2026-07-17 07:23:00,酒店预订,186.21,1,0,自然
6173,3556,2026-06-28 08:27:00,一日游套餐,433.79,1,0,微信
6174,3556,2026-06-28 16:25:00,景点门票,91.94,1,0,微信
6175,3556,2026-08-22 13:16:00,酒店预订,292.35,1,0,微信
6176,3559,2026-08-10 20:35:00,景点门票,147.29,1,0,小红书
6177,3561,2026-08-29 15:12:00,景点门票,160.77,1,0,小红书
6178,3562,2026-06-27 14:30:00,景点门票,74.28,0,0,抖音
6179,3564,2026-08-15 17:24:00,景点门票,104.69,1,0,自然
6180,3564,2026-08-30 12:23:00,景点门票,172.61,1,0,自然
6181,3566,2026-07-03 12:12:00,一日游套餐,218.9,1,0,微信
6182,3566,2026-07-04 21:29:00,酒店预订,228.49,1,0,微信
6183,3566,2026-07-19 16:03:00,一日游套餐,387.27,1,0,微信
6184,3566,2026-07-25 13:58:00,景点门票,52.23,1,0,微信
6185,3566,2026-08-01 22:02:00,景点门票,52.98,1,0,微信
6186,3566,2026-08-14 19:49:00,景点门票,174.43,1,0,微信
6187,3566,2026-08-23 08:35:00,景点门票,101.54,0,0,微信
6188,3567,2026-06-02 22:38:00,酒店预订,243.97,0,0,微信
6189,3567,2026-06-10 18:04:00,景点门票,128.35,0,0,微信
6190,3567,2026-06-27 12:13:00,酒店预订,424.02,1,0,微信
6191,3567,2026-07-01 14:03:00,酒店预订,327.94,0,0,微信
6192,3567,2026-07-20 21:25:00,一日游套餐,271.42,1,0,微信
6193,3567,2026-07-21 14:10:00,一日游套餐,348.89,1,0,微信
6194,3569,2026-07-27 13:56:00,一日游套餐,268.42,1,0,微信
6195,3569,2026-08-29 13:42:00,景点门票,63.37,0,0,微信
6196,3572,2026-08-22 15:20:00,景点门票,99.42,1,0,自然
6197,3574,2026-08-18 08:14:00,景点门票,84.74,1,0,抖音
6198,3575,2026-07-07 17:12:00,景点门票,89.92,1,0,抖音
6199,3575,2026-07-10 15:22:00,景点门票,119.63,0,0,抖音
6200,3575,2026-07-19 08:48:00,景点门票,122.32,1,0,抖音
6201,3575,2026-07-21 09:01:00,景点门票,89.76,1,0,抖音
6202,3576,2026-08-22 09:33:00,一日游套餐,258.71,1,1,抖音
6203,3577,2026-06-19 20:33:00,景点门票,167.81,1,0,微信
6204,3577,2026-07-05 19:35:00,一日游套餐,270.91,1,0,微信
6205,3577,2026-07-15 20:08:00,景点门票,93.89,1,0,微信
6206,3578,2026-08-13 22:58:00,一日游套餐,256.72,0,0,自然
6207,3579,2026-07-27 19:52:00,景点门票,106.34,0,0,小红书
6208,3581,2026-08-26 10:02:00,景点门票,149.0,1,1,微信
6209,3582,2026-07-16 17:30:00,一日游套餐,305.28,1,0,微信
6210,3582,2026-07-18 10:08:00,景点门票,57.74,1,0,微信
6211,3582,2026-07-24 07:44:00,景点门票,88.62,1,0,微信
6212,3582,2026-08-16 11:53:00,酒店预订,322.79,1,0,微信
6213,3582,2026-08-16 15:30:00,一日游套餐,215.88,0,0,微信
6214,3583,2026-08-22 19:38:00,景点门票,83.75,0,0,抖音
6215,3584,2026-08-15 20:34:00,景点门票,155.61,1,1,小红书
6216,3585,2026-08-16 16:35:00,一日游套餐,400.51,1,0,地推
6217,3586,2026-07-05 21:35:00,酒店预订,230.74,0,0,微信
6218,3586,2026-07-05 14:39:00,酒店预订,289.71,0,0,微信
6219,3586,2026-07-06 19:32:00,景点门票,173.14,1,0,微信
6220,3586,2026-07-26 15:35:00,景点门票,104.67,1,0,微信
6221,3586,2026-07-26 19:53:00,酒店预订,186.47,1,0,微信
6222,3586,2026-08-04 22:54:00,酒店预订,517.03,1,0,微信
6223,3586,2026-08-11 07:19:00,酒店预订,491.64,0,0,微信
6224,3587,2026-06-25 14:22:00,景点门票,85.48,1,0,抖音
6225,3587,2026-07-01 10:43:00,一日游套餐,443.58,1,0,抖音
6226,3587,2026-07-25 09:28:00,景点门票,115.43,1,1,抖音
6227,3588,2026-07-29 10:36:00,一日游套餐,327.42,0,0,抖音
6228,3589,2026-07-08 15:04:00,酒店预订,392.0,1,0,微信
6229,3589,2026-08-01 18:13:00,一日游套餐,362.35,1,0,微信
6230,3589,2026-08-05 09:54:00,景点门票,107.95,1,0,微信
6231,3589,2026-08-18 22:07:00,酒店预订,201.68,1,0,微信
6232,3589,2026-08-28 20:35:00,一日游套餐,344.05,0,0,微信
6233,3590,2026-07-04 18:34:00,景点门票,45.08,1,0,自然
6234,3593,2026-06-09 15:50:00,一日游套餐,358.24,1,1,微信
6235,3593,2026-06-11 21:25:00,景点门票,84.79,0,0,微信
6236,3593,2026-06-12 08:04:00,景点门票,178.78,0,0,微信
6237,3594,2026-07-10 22:48:00,酒店预订,419.7,1,0,自然
6238,3594,2026-08-05 11:10:00,酒店预订,365.21,0,0,自然
6239,3595,2026-06-11 14:10:00,一日游套餐,390.31,0,0,自然
6240,3595,2026-07-20 17:10:00,一日游套餐,353.66,0,0,自然
6241,3595,2026-08-02 20:29:00,景点门票,140.97,0,0,自然
6242,3597,2026-07-23 21:49:00,一日游套餐,387.19,1,0,微信
6243,3597,2026-08-01 18:55:00,一日游套餐,272.13,0,0,微信
6244,3597,2026-08-22 10:20:00,景点门票,55.95,1,0,微信
6245,3598,2026-07-09 10:49:00,景点门票,101.61,1,0,微信
6246,3598,2026-07-09 17:29:00,酒店预订,520.67,1,0,微信
6247,3598,2026-07-22 13:40:00,酒店预订,589.05,1,0,微信
6248,3598,2026-07-23 16:58:00,景点门票,106.06,0,0,微信
6249,3598,2026-08-29 07:30:00,一日游套餐,228.19,1,0,微信
6250,3600,2026-07-04 10:43:00,景点门票,59.08,0,0,抖音
6251,3600,2026-07-24 08:45:00,一日游套餐,261.43,0,0,抖音
6252,3601,2026-07-11 08:44:00,酒店预订,434.82,0,0,自然
6253,3601,2026-07-15 16:06:00,一日游套餐,336.4,1,0,自然
6254,3602,2026-07-17 14:48:00,景点门票,60.23,1,0,自然
6255,3602,2026-07-20 13:00:00,一日游套餐,300.31,1,0,自然
6256,3602,2026-07-21 07:28:00,一日游套餐,305.45,1,0,自然
6257,3602,2026-08-01 17:02:00,景点门票,115.7,1,0,自然
6258,3602,2026-08-16 18:39:00,景点门票,62.62,1,0,自然
6259,3603,2026-07-10 22:28:00,一日游套餐,209.54,1,0,抖音
6260,3603,2026-07-11 17:23:00,一日游套餐,273.94,0,0,抖音
6261,3604,2026-06-09 19:37:00,酒店预订,315.75,1,0,自然
6262,3604,2026-08-06 16:54:00,一日游套餐,410.99,1,0,自然
6263,3606,2026-07-02 08:39:00,一日游套餐,232.08,0,0,自然
6264,3606,2026-07-31 12:46:00,酒店预订,267.47,1,0,自然
6265,3609,2026-08-01 16:28:00,景点门票,98.89,0,0,自然
6266,3610,2026-08-04 10:33:00,景点门票,84.91,1,0,自然
6267,3610,2026-08-10 22:27:00,酒店预订,266.98,0,0,自然
6268,3611,2026-06-16 14:14:00,景点门票,133.7,1,1,小红书
6269,3611,2026-06-21 18:03:00,酒店预订,185.16,1,0,小红书
6270,3614,2026-07-05 16:53:00,一日游套餐,229.47,1,0,微信
6271,3614,2026-08-22 14:31:00,酒店预订,307.35,1,0,微信
6272,3614,2026-08-22 11:13:00,景点门票,117.52,1,0,微信
6273,3615,2026-07-21 08:02:00,一日游套餐,235.47,1,0,小红书
6274,3615,2026-07-22 19:15:00,酒店预订,315.76,1,1,小红书
6275,3615,2026-07-24 15:36:00,酒店预订,327.24,1,0,小红书
6276,3615,2026-08-15 10:32:00,一日游套餐,342.36,1,1,小红书
6277,3615,2026-08-19 22:06:00,景点门票,84.45,1,0,小红书
6278,3616,2026-08-03 21:23:00,酒店预订,510.15,1,0,小红书
6279,3616,2026-08-09 12:18:00,景点门票,107.85,1,0,小红书
6280,3618,2026-08-02 21:32:00,酒店预订,317.03,1,0,自然
6281,3621,2026-08-07 21:54:00,酒店预订,577.56,1,0,小红书
6282,3621,2026-08-29 18:27:00,酒店预订,587.92,1,0,小红书
6283,3622,2026-07-08 15:38:00,酒店预订,352.17,0,0,自然
6284,3624,2026-08-11 14:17:00,景点门票,41.19,1,1,微信
6285,3624,2026-08-11 08:56:00,景点门票,115.26,1,0,微信
6286,3625,2026-07-23 09:14:00,景点门票,152.09,0,0,小红书
6287,3625,2026-07-24 21:45:00,一日游套餐,259.99,1,0,小红书
6288,3625,2026-08-24 07:44:00,酒店预订,458.22,1,0,小红书
6289,3625,2026-08-30 07:51:00,一日游套餐,232.48,1,0,小红书
6290,3626,2026-06-22 18:13:00,景点门票,153.97,1,0,抖音
6291,3626,2026-07-08 22:12:00,酒店预订,478.93,0,0,抖音
6292,3626,2026-08-13 07:27:00,酒店预订,507.81,1,0,抖音
6293,3627,2026-08-12 11:48:00,景点门票,53.74,1,0,微信
6294,3628,2026-07-16 21:02:00,酒店预订,570.86,1,0,小红书
6295,3629,2026-07-25 16:54:00,景点门票,176.89,0,0,小红书
6296,3629,2026-08-06 22:45:00,酒店预订,447.07,1,0,小红书
6297,3629,2026-08-08 17:24:00,景点门票,107.43,1,0,小红书
6298,3630,2026-07-05 20:59:00,景点门票,170.01,1,0,自然
6299,3630,2026-07-05 07:14:00,景点门票,97.21,0,0,自然
6300,3631,2026-06-29 20:02:00,景点门票,141.48,1,0,自然
6301,3631,2026-07-01 09:14:00,酒店预订,521.24,1,0,自然
6302,3631,2026-07-30 18:27:00,一日游套餐,235.06,1,0,自然
6303,3631,2026-07-30 13:55:00,酒店预订,276.54,1,0,自然
6304,3633,2026-07-17 20:27:00,景点门票,49.33,1,0,小红书
6305,3635,2026-08-14 13:48:00,酒店预订,381.8,1,1,小红书
6306,3635,2026-08-16 07:37:00,景点门票,45.18,1,1,小红书
6307,3636,2026-08-14 22:06:00,酒店预订,255.29,1,0,自然
6308,3636,2026-08-29 20:50:00,一日游套餐,363.28,1,0,自然
6309,3637,2026-06-27 21:16:00,酒店预订,416.38,0,0,微信
6310,3637,2026-07-07 08:35:00,景点门票,84.22,1,0,微信
6311,3637,2026-07-17 11:37:00,酒店预订,306.68,1,0,微信
6312,3637,2026-07-18 18:56:00,酒店预订,230.57,0,0,微信
6313,3637,2026-07-29 09:19:00,一日游套餐,259.77,1,0,微信
6314,3639,2026-07-06 19:56:00,酒店预订,254.79,1,0,微信
6315,3639,2026-07-24 11:55:00,酒店预订,599.73,1,0,微信
6316,3641,2026-07-21 07:41:00,景点门票,125.42,1,0,自然
6317,3641,2026-08-09 20:14:00,酒店预订,399.05,1,0,自然
6318,3641,2026-08-15 22:03:00,一日游套餐,341.12,0,0,自然
6319,3642,2026-07-22 20:02:00,景点门票,63.32,1,0,自然
6320,3643,2026-07-07 13:57:00,酒店预订,525.71,1,0,微信
6321,3643,2026-07-22 14:51:00,酒店预订,505.81,1,0,微信
6322,3643,2026-07-26 13:04:00,一日游套餐,217.12,1,0,微信
6323,3643,2026-08-19 12:55:00,景点门票,76.55,1,0,微信
6324,3644,2026-06-27 20:10:00,酒店预订,597.57,0,0,自然
6325,3645,2026-07-15 08:23:00,景点门票,96.82,1,0,自然
6326,3645,2026-07-15 14:04:00,景点门票,48.49,0,0,自然
6327,3645,2026-07-26 11:57:00,景点门票,137.41,1,0,自然
6328,3646,2026-07-03 11:42:00,一日游套餐,272.33,1,0,小红书
6329,3646,2026-07-10 20:19:00,景点门票,97.28,1,0,小红书
6330,3647,2026-07-07 07:16:00,景点门票,150.51,0,0,抖音
6331,3647,2026-08-06 21:55:00,景点门票,67.96,0,0,抖音
6332,3649,2026-07-03 15:23:00,一日游套餐,312.56,1,0,自然
6333,3650,2026-06-28 15:01:00,酒店预订,364.87,0,0,微信
6334,3650,2026-08-23 12:52:00,景点门票,122.49,1,0,微信
6335,3651,2026-06-12 20:03:00,酒店预订,484.23,0,0,自然
6336,3654,2026-08-15 13:39:00,一日游套餐,337.09,0,0,自然
6337,3657,2026-07-01 23:09:00,景点门票,143.29,1,0,自然
6338,3657,2026-07-23 17:09:00,酒店预订,313.97,1,0,自然
6339,3658,2026-06-22 22:39:00,酒店预订,543.57,1,0,抖音
6340,3659,2026-08-05 23:03:00,景点门票,122.16,1,0,微信
6341,3660,2026-07-06 16:21:00,酒店预订,208.52,0,0,自然
6342,3660,2026-07-23 10:38:00,酒店预订,205.09,1,0,自然
6343,3661,2026-07-05 20:59:00,景点门票,95.54,0,0,自然
6344,3661,2026-07-12 20:09:00,景点门票,163.21,0,0,自然
6345,3661,2026-07-25 17:40:00,景点门票,124.04,1,0,自然
6346,3661,2026-08-07 19:45:00,酒店预订,532.51,1,1,自然
6347,3662,2026-07-30 14:12:00,景点门票,139.49,0,0,地推
6348,3663,2026-08-02 20:36:00,景点门票,61.31,1,0,微信
6349,3663,2026-08-14 22:18:00,景点门票,95.23,1,0,微信
6350,3663,2026-08-15 16:47:00,景点门票,43.58,0,0,微信
6351,3663,2026-08-21 16:16:00,一日游套餐,366.81,1,0,微信
6352,3663,2026-08-27 17:38:00,一日游套餐,372.37,0,0,微信
6353,3664,2026-07-17 10:57:00,景点门票,112.05,1,0,小红书
6354,3664,2026-08-01 07:19:00,酒店预订,486.74,0,0,小红书
6355,3665,2026-07-05 15:45:00,景点门票,169.18,1,0,自然
6356,3665,2026-07-28 08:03:00,酒店预订,564.25,0,0,自然
6357,3667,2026-06-30 18:57:00,景点门票,90.22,1,0,自然
6358,3667,2026-07-01 10:13:00,景点门票,139.95,1,0,自然
6359,3667,2026-07-03 18:53:00,景点门票,78.59,1,0,自然
6360,3667,2026-07-08 16:36:00,酒店预订,337.49,1,0,自然
6361,3667,2026-07-15 17:22:00,景点门票,88.26,1,0,自然
6362,3667,2026-07-15 11:41:00,酒店预订,275.66,0,0,自然
6363,3668,2026-07-15 21:08:00,一日游套餐,225.62,1,0,自然
6364,3669,2026-06-28 18:24:00,景点门票,77.93,0,0,抖音
6365,3670,2026-07-09 18:47:00,景点门票,139.36,0,0,抖音
6366,3670,2026-08-09 12:11:00,景点门票,70.15,1,0,抖音
6367,3672,2026-07-12 13:15:00,景点门票,81.59,0,0,小红书
6368,3673,2026-08-16 22:32:00,一日游套餐,416.31,1,0,自然
6369,3673,2026-08-22 16:14:00,一日游套餐,433.39,1,0,自然
6370,3674,2026-07-06 12:06:00,酒店预订,455.82,1,0,抖音
6371,3674,2026-07-12 21:41:00,景点门票,80.19,1,0,抖音
6372,3675,2026-07-12 10:50:00,景点门票,122.44,0,0,微信
6373,3675,2026-07-18 21:03:00,景点门票,93.19,1,0,微信
6374,3675,2026-07-24 07:13:00,一日游套餐,417.12,1,0,微信
6375,3675,2026-08-01 17:53:00,酒店预订,367.26,1,0,微信
6376,3676,2026-06-29 14:34:00,酒店预订,264.16,1,0,微信
6377,3676,2026-07-17 20:23:00,酒店预订,544.21,1,0,微信
6378,3678,2026-07-22 14:57:00,景点门票,57.37,1,0,抖音
6379,3679,2026-08-28 15:24:00,景点门票,68.65,0,0,自然
6380,3680,2026-07-04 11:46:00,景点门票,160.73,1,0,自然
6381,3680,2026-07-05 15:30:00,景点门票,80.65,1,0,自然
6382,3680,2026-07-09 10:38:00,酒店预订,517.53,1,0,自然
6383,3681,2026-08-08 19:47:00,景点门票,124.7,0,0,小红书
6384,3682,2026-07-01 08:06:00,一日游套餐,369.87,0,0,自然
6385,3682,2026-07-04 07:22:00,景点门票,143.43,1,0,自然
6386,3682,2026-07-22 17:50:00,酒店预订,211.03,1,0,自然
6387,3682,2026-08-11 20:37:00,景点门票,133.77,1,0,自然
6388,3684,2026-06-13 08:45:00,景点门票,99.57,1,0,抖音
6389,3685,2026-07-30 15:32:00,一日游套餐,302.64,1,0,自然
6390,3685,2026-07-30 22:20:00,景点门票,61.51,1,0,自然
6391,3686,2026-06-10 09:12:00,一日游套餐,403.68,1,0,自然
6392,3687,2026-07-28 11:25:00,景点门票,86.96,0,0,抖音
6393,3688,2026-07-14 22:20:00,景点门票,161.86,1,0,地推
6394,3689,2026-07-18 17:36:00,景点门票,170.76,0,0,小红书
6395,3690,2026-07-31 12:39:00,景点门票,118.14,1,0,抖音
6396,3691,2026-07-15 13:38:00,景点门票,66.71,0,0,自然
6397,3691,2026-07-18 22:21:00,景点门票,108.25,0,0,自然
6398,3692,2026-07-19 15:39:00,景点门票,108.97,0,0,小红书
6399,3692,2026-08-10 16:38:00,景点门票,125.37,0,0,小红书
6400,3695,2026-07-26 13:09:00,景点门票,171.34,1,0,小红书
6401,3695,2026-08-18 21:34:00,景点门票,178.06,0,0,小红书
6402,3697,2026-08-29 11:26:00,酒店预订,206.98,0,0,自然
6403,3698,2026-08-04 09:56:00,景点门票,109.77,1,0,自然
6404,3699,2026-07-21 17:23:00,景点门票,100.03,0,0,自然
6405,3699,2026-08-20 14:13:00,一日游套餐,220.42,1,0,自然
6406,3699,2026-08-20 13:57:00,酒店预订,430.19,1,0,自然
6407,3701,2026-06-14 19:50:00,景点门票,136.09,0,0,微信
6408,3701,2026-07-15 07:53:00,景点门票,60.2,0,0,微信
6409,3701,2026-08-02 22:38:00,景点门票,130.97,1,0,微信
6410,3702,2026-07-13 16:07:00,一日游套餐,377.26,0,0,自然
6411,3702,2026-07-30 19:58:00,景点门票,116.35,0,0,自然
6412,3702,2026-08-02 07:11:00,酒店预订,484.23,1,0,自然
6413,3704,2026-07-21 12:07:00,一日游套餐,440.87,0,0,小红书
6414,3704,2026-07-28 12:49:00,酒店预订,412.56,1,0,小红书
6415,3704,2026-08-03 21:04:00,景点门票,166.54,1,0,小红书
6416,3704,2026-08-21 08:02:00,一日游套餐,306.14,1,0,小红书
6417,3705,2026-07-07 22:15:00,一日游套餐,343.82,1,0,自然
6418,3706,2026-07-13 11:10:00,景点门票,80.5,0,0,自然
6419,3708,2026-08-01 12:54:00,酒店预订,512.05,1,0,小红书
6420,3709,2026-07-31 09:14:00,酒店预订,297.23,1,0,抖音
6421,3710,2026-06-26 14:09:00,景点门票,75.45,1,0,小红书
6422,3710,2026-07-05 09:09:00,酒店预订,427.51,0,0,小红书
6423,3710,2026-07-08 19:57:00,酒店预订,594.11,1,0,小红书
6424,3710,2026-07-22 16:55:00,景点门票,107.17,1,0,小红书
6425,3710,2026-07-22 22:48:00,酒店预订,305.14,1,0,小红书
6426,3711,2026-07-16 21:23:00,景点门票,46.75,1,0,微信
6427,3711,2026-07-19 15:07:00,酒店预订,554.14,0,0,微信
6428,3711,2026-07-25 20:46:00,景点门票,61.09,1,0,微信
6429,3711,2026-08-08 10:09:00,一日游套餐,410.17,0,0,微信
6430,3711,2026-08-14 20:08:00,景点门票,132.95,1,0,微信
6431,3712,2026-06-12 21:29:00,景点门票,141.36,0,0,小红书
6432,3713,2026-08-11 21:40:00,景点门票,103.22,0,0,地推
6433,3714,2026-07-16 14:10:00,酒店预订,457.32,1,0,小红书
6434,3714,2026-08-01 21:46:00,景点门票,109.89,1,0,小红书
6435,3715,2026-07-18 21:48:00,酒店预订,496.63,1,0,微信
6436,3715,2026-07-22 20:45:00,酒店预订,581.33,1,0,微信
6437,3715,2026-07-29 07:20:00,酒店预订,500.27,1,0,微信
6438,3715,2026-08-29 22:56:00,酒店预订,505.83,0,0,微信
6439,3716,2026-08-10 19:01:00,景点门票,71.31,1,0,微信
6440,3716,2026-08-28 08:24:00,酒店预订,181.27,1,0,微信
6441,3717,2026-08-10 11:37:00,景点门票,62.49,0,0,小红书
6442,3717,2026-08-25 19:53:00,酒店预订,450.88,1,0,小红书
6443,3719,2026-07-13 15:58:00,酒店预订,492.93,0,0,地推
6444,3720,2026-07-08 15:43:00,景点门票,162.8,1,0,抖音
6445,3720,2026-08-15 14:30:00,景点门票,175.31,0,0,抖音
6446,3721,2026-06-12 08:08:00,酒店预订,533.29,1,0,小红书
6447,3722,2026-07-18 16:51:00,一日游套餐,304.35,0,0,抖音
6448,3723,2026-08-09 22:55:00,一日游套餐,280.55,0,0,微信
6449,3725,2026-07-27 07:35:00,景点门票,155.88,1,0,微信
6450,3725,2026-07-31 19:17:00,景点门票,41.45,0,0,微信
6451,3725,2026-08-19 16:45:00,酒店预订,308.46,1,0,微信
6452,3726,2026-07-11 21:29:00,景点门票,77.89,0,0,微信
6453,3726,2026-07-26 20:55:00,景点门票,171.38,1,0,微信
6454,3726,2026-07-26 09:20:00,酒店预订,349.49,1,0,微信
6455,3728,2026-07-11 17:54:00,景点门票,175.09,0,0,自然
6456,3729,2026-07-29 20:33:00,酒店预订,367.64,1,0,小红书
6457,3729,2026-08-05 07:19:00,酒店预订,544.81,1,0,小红书
6458,3729,2026-08-22 20:41:00,一日游套餐,291.24,1,0,小红书
6459,3730,2026-07-16 09:41:00,景点门票,77.4,0,0,小红书
6460,3730,2026-07-16 12:51:00,酒店预订,307.9,1,0,小红书
6461,3730,2026-08-05 12:21:00,景点门票,73.59,1,0,小红书
6462,3731,2026-07-17 09:40:00,景点门票,172.15,0,0,地推
6463,3732,2026-07-17 16:51:00,一日游套餐,240.6,0,0,地推
6464,3733,2026-07-27 09:19:00,景点门票,120.93,1,1,抖音
6465,3735,2026-08-28 22:12:00,酒店预订,339.17,1,0,自然
6466,3736,2026-07-07 20:28:00,景点门票,163.3,0,0,地推
6467,3736,2026-07-29 15:38:00,景点门票,86.38,1,0,地推
6468,3738,2026-07-01 17:25:00,酒店预订,326.72,1,0,小红书
6469,3738,2026-07-01 08:06:00,景点门票,132.43,1,0,小红书
6470,3738,2026-07-02 09:27:00,酒店预订,302.09,1,0,小红书
6471,3738,2026-08-16 10:49:00,景点门票,54.8,1,0,小红书
6472,3739,2026-06-15 17:11:00,酒店预订,415.21,0,0,微信
6473,3739,2026-06-15 22:56:00,酒店预订,379.51,0,0,微信
6474,3739,2026-07-04 09:01:00,酒店预订,352.58,0,0,微信
6475,3741,2026-06-30 07:40:00,酒店预订,596.49,1,0,自然
6476,3741,2026-07-06 14:54:00,景点门票,68.63,1,1,自然
6477,3741,2026-07-15 09:34:00,酒店预订,326.85,0,0,自然
6478,3742,2026-07-06 12:24:00,酒店预订,354.75,0,0,自然
6479,3742,2026-07-25 12:28:00,酒店预订,281.98,1,0,自然
6480,3742,2026-08-09 14:10:00,景点门票,144.68,0,0,自然
6481,3743,2026-07-30 22:58:00,酒店预订,327.66,1,0,微信
6482,3744,2026-08-10 08:01:00,景点门票,108.35,0,0,抖音
6483,3747,2026-08-04 16:44:00,景点门票,126.65,1,0,自然
6484,3747,2026-08-21 15:46:00,景点门票,155.57,1,0,自然
6485,3748,2026-08-08 13:19:00,景点门票,159.27,1,0,微信
6486,3749,2026-07-14 20:33:00,酒店预订,563.42,0,0,抖音
6487,3749,2026-08-02 18:26:00,酒店预订,408.9,1,0,抖音
6488,3749,2026-08-31 16:20:00,一日游套餐,240.81,1,0,抖音
6489,3750,2026-07-19 21:49:00,景点门票,146.16,0,0,自然
6490,3750,2026-08-25 15:42:00,景点门票,142.61,1,0,自然
6491,3750,2026-08-25 18:16:00,酒店预订,453.49,1,1,自然
6492,3751,2026-06-16 16:39:00,一日游套餐,344.64,1,0,自然
6493,3751,2026-07-10 15:35:00,一日游套餐,326.21,0,0,自然
6494,3751,2026-07-30 19:14:00,景点门票,171.16,0,0,自然
6495,3753,2026-06-30 08:24:00,一日游套餐,443.52,1,1,抖音
6496,3754,2026-06-18 19:52:00,酒店预订,256.33,1,0,小红书
6497,3754,2026-07-14 12:49:00,一日游套餐,209.36,1,0,小红书
6498,3755,2026-07-15 21:34:00,一日游套餐,282.71,1,0,抖音
6499,3756,2026-07-09 18:15:00,景点门票,131.61,0,0,抖音
6500,3756,2026-07-09 17:08:00,酒店预订,286.86,1,0,抖音
6501,3756,2026-08-23 13:42:00,酒店预订,335.67,1,0,抖音
6502,3757,2026-08-12 16:43:00,景点门票,172.47,1,0,自然
6503,3758,2026-08-15 08:10:00,一日游套餐,202.5,1,0,自然
6504,3760,2026-07-20 12:30:00,景点门票,158.49,1,0,自然
6505,3760,2026-07-20 08:25:00,酒店预订,220.81,0,0,自然
6506,3760,2026-08-19 18:06:00,酒店预订,298.44,1,1,自然
6507,3760,2026-08-28 08:06:00,酒店预订,369.17,1,0,自然
6508,3761,2026-07-05 20:36:00,景点门票,168.89,1,0,地推
6509,3761,2026-08-05 15:57:00,景点门票,173.63,0,0,地推
6510,3762,2026-07-15 14:29:00,景点门票,57.14,1,0,抖音
6511,3763,2026-08-15 15:09:00,酒店预订,439.71,1,0,自然
6512,3764,2026-06-23 15:23:00,景点门票,175.21,1,0,自然
6513,3764,2026-06-26 14:08:00,一日游套餐,208.03,0,0,自然
6514,3764,2026-07-27 14:43:00,一日游套餐,331.51,1,0,自然
6515,3765,2026-07-05 14:36:00,酒店预订,513.15,1,0,自然
6516,3765,2026-07-14 18:09:00,酒店预订,359.93,1,0,自然
6517,3765,2026-07-18 14:10:00,景点门票,179.58,1,0,自然
6518,3766,2026-07-12 16:11:00,景点门票,40.14,1,0,微信
6519,3766,2026-08-06 15:05:00,景点门票,69.83,1,0,微信
6520,3766,2026-08-18 14:12:00,一日游套餐,336.11,0,0,微信
6521,3767,2026-07-01 17:30:00,一日游套餐,293.04,0,0,抖音
6522,3767,2026-07-19 16:31:00,酒店预订,342.69,1,0,抖音
6523,3769,2026-08-25 12:53:00,酒店预订,400.69,1,0,小红书
6524,3770,2026-07-15 16:03:00,酒店预订,477.65,0,0,小红书
6525,3771,2026-06-16 16:28:00,酒店预订,325.34,1,0,地推
6526,3771,2026-06-21 20:07:00,一日游套餐,217.22,1,0,地推
6527,3771,2026-07-27 13:24:00,景点门票,73.97,0,0,地推
6528,3773,2026-06-21 14:02:00,景点门票,117.52,0,0,小红书
6529,3774,2026-08-05 18:53:00,景点门票,124.02,1,0,微信
6530,3774,2026-08-06 22:02:00,景点门票,64.99,1,0,微信
6531,3774,2026-08-18 22:45:00,一日游套餐,266.29,1,0,微信
6532,3775,2026-07-27 07:13:00,景点门票,116.5,0,0,微信
6533,3775,2026-08-07 08:13:00,景点门票,101.25,0,0,微信
6534,3775,2026-08-21 21:55:00,景点门票,116.05,1,0,微信
6535,3775,2026-08-26 10:29:00,景点门票,107.88,0,0,微信
6536,3777,2026-07-05 10:26:00,景点门票,66.75,0,0,小红书
6537,3777,2026-07-05 21:34:00,酒店预订,502.42,0,0,小红书
6538,3777,2026-07-14 18:45:00,景点门票,40.89,0,0,小红书
6539,3778,2026-07-02 12:45:00,景点门票,135.76,1,0,自然
6540,3778,2026-08-09 21:24:00,一日游套餐,294.18,1,0,自然
6541,3778,2026-08-30 21:56:00,景点门票,87.78,1,0,自然
6542,3779,2026-06-20 14:29:00,酒店预订,469.3,1,0,小红书
6543,3779,2026-06-20 17:22:00,酒店预订,580.21,0,0,小红书
6544,3779,2026-08-07 17:39:00,景点门票,177.94,1,0,小红书
6545,3781,2026-07-30 22:49:00,酒店预订,548.6,1,0,自然
6546,3781,2026-08-03 13:58:00,景点门票,158.01,1,0,自然
6547,3781,2026-08-11 23:00:00,景点门票,116.98,1,0,自然
6548,3782,2026-07-09 15:12:00,一日游套餐,412.06,1,0,微信
6549,3782,2026-07-19 18:33:00,一日游套餐,331.56,0,0,微信
6550,3782,2026-07-22 16:49:00,景点门票,145.59,0,0,微信
6551,3782,2026-07-23 21:25:00,酒店预订,185.56,1,0,微信
6552,3782,2026-07-26 15:44:00,景点门票,173.85,1,0,微信
6553,3782,2026-08-05 14:23:00,酒店预订,434.6,1,0,微信
6554,3782,2026-08-08 19:53:00,酒店预订,460.96,1,0,微信
6555,3783,2026-08-04 22:00:00,景点门票,159.8,0,0,地推
6556,3783,2026-08-26 19:54:00,景点门票,164.83,0,0,地推
6557,3784,2026-07-23 14:54:00,酒店预订,257.36,1,0,自然
6558,3787,2026-06-29 08:12:00,酒店预订,384.67,0,0,地推
6559,3787,2026-08-01 23:04:00,酒店预订,585.69,1,0,地推
6560,3787,2026-08-01 13:41:00,景点门票,47.83,1,0,地推
6561,3788,2026-07-08 13:10:00,酒店预订,460.22,1,0,自然
6562,3789,2026-07-04 21:48:00,一日游套餐,299.72,1,0,抖音
6563,3789,2026-07-04 22:13:00,景点门票,111.59,0,0,抖音
6564,3789,2026-07-15 20:21:00,酒店预订,415.54,1,0,抖音
6565,3789,2026-08-17 10:36:00,景点门票,60.0,1,0,抖音
6566,3790,2026-08-22 07:15:00,景点门票,110.42,1,0,小红书
6567,3791,2026-07-18 11:36:00,景点门票,133.56,1,0,自然
6568,3792,2026-08-08 16:48:00,景点门票,163.5,1,0,抖音
6569,3793,2026-07-27 22:23:00,景点门票,126.21,0,0,自然
6570,3793,2026-08-20 11:06:00,酒店预订,232.95,1,1,自然
6571,3793,2026-08-26 21:59:00,一日游套餐,283.56,0,0,自然
6572,3794,2026-07-24 21:07:00,一日游套餐,401.43,0,0,自然
6573,3794,2026-08-02 09:45:00,景点门票,158.64,1,0,自然
6574,3794,2026-08-12 18:34:00,景点门票,167.1,1,0,自然
6575,3794,2026-08-23 20:11:00,酒店预订,407.73,0,0,自然
6576,3796,2026-08-18 21:06:00,景点门票,156.79,0,0,小红书
6577,3796,2026-08-21 10:12:00,一日游套餐,258.37,1,0,小红书
6578,3798,2026-08-02 22:44:00,酒店预订,558.49,0,0,微信
6579,3798,2026-08-06 21:40:00,酒店预订,465.82,1,0,微信
6580,3799,2026-07-06 21:58:00,景点门票,169.79,1,0,抖音
6581,3799,2026-07-11 10:29:00,景点门票,129.39,0,0,抖音
6582,3801,2026-07-21 18:06:00,酒店预订,340.83,0,0,自然
6583,3802,2026-07-10 20:36:00,景点门票,95.35,0,0,自然
6584,3802,2026-07-26 15:17:00,一日游套餐,208.43,1,0,自然
6585,3803,2026-06-26 17:04:00,酒店预订,323.63,0,0,抖音
6586,3804,2026-08-07 17:09:00,景点门票,40.45,0,0,自然
6587,3804,2026-08-30 17:29:00,酒店预订,527.84,0,0,自然
6588,3806,2026-08-07 15:47:00,酒店预订,512.72,0,0,自然
6589,3806,2026-08-25 21:43:00,酒店预订,452.76,1,0,自然
6590,3807,2026-07-12 15:28:00,一日游套餐,257.54,1,0,小红书
6591,3807,2026-07-14 16:16:00,景点门票,167.05,1,0,小红书
6592,3808,2026-07-25 14:20:00,一日游套餐,367.36,1,0,小红书
6593,3810,2026-07-16 09:35:00,酒店预订,539.89,0,0,微信
6594,3811,2026-07-31 17:21:00,景点门票,171.22,1,0,抖音
6595,3812,2026-07-27 07:11:00,一日游套餐,432.86,0,0,自然
6596,3812,2026-08-08 19:57:00,景点门票,170.66,1,0,自然
6597,3812,2026-08-09 13:58:00,酒店预订,495.15,0,0,自然
6598,3814,2026-06-11 08:43:00,景点门票,78.08,0,0,自然
6599,3814,2026-07-28 07:49:00,景点门票,108.95,0,0,自然
6600,3814,2026-08-10 07:42:00,景点门票,43.27,0,0,自然
6601,3816,2026-07-31 14:38:00,景点门票,158.77,0,0,抖音
6602,3818,2026-07-08 10:29:00,一日游套餐,433.25,1,0,自然
6603,3820,2026-08-11 20:23:00,酒店预订,320.6,1,0,微信
6604,3820,2026-08-12 10:37:00,一日游套餐,349.14,1,0,微信
6605,3820,2026-08-22 13:05:00,一日游套餐,214.93,1,0,微信
6606,3820,2026-08-28 16:04:00,酒店预订,584.18,0,0,微信
6607,3821,2026-08-30 15:47:00,景点门票,84.61,0,0,微信
6608,3822,2026-06-23 19:07:00,一日游套餐,245.81,1,0,小红书
6609,3824,2026-06-24 19:56:00,景点门票,147.06,1,1,自然
6610,3824,2026-07-16 07:57:00,酒店预订,439.82,1,0,自然
6611,3824,2026-07-18 15:34:00,一日游套餐,339.99,1,0,自然
6612,3824,2026-07-28 13:56:00,一日游套餐,314.95,1,0,自然
6613,3825,2026-08-29 10:16:00,景点门票,124.98,1,0,小红书
6614,3827,2026-06-13 09:07:00,一日游套餐,249.34,0,0,自然
6615,3827,2026-06-17 10:57:00,酒店预订,484.44,1,0,自然
6616,3827,2026-07-03 21:14:00,酒店预订,309.88,1,0,自然
6617,3827,2026-07-12 14:12:00,景点门票,124.01,0,0,自然
6618,3827,2026-07-12 16:36:00,景点门票,106.36,0,0,自然
6619,3827,2026-08-02 13:06:00,酒店预订,202.87,0,0,自然
6620,3828,2026-07-31 14:48:00,酒店预订,349.65,1,0,抖音
6621,3829,2026-08-08 08:08:00,景点门票,165.73,1,0,地推
6622,3830,2026-06-29 20:06:00,景点门票,79.91,1,0,小红书
6623,3831,2026-07-25 13:41:00,一日游套餐,397.18,1,0,抖音
6624,3831,2026-08-25 19:55:00,景点门票,43.75,1,0,抖音
6625,3832,2026-07-16 18:04:00,酒店预订,519.8,1,0,小红书
6626,3835,2026-07-19 13:20:00,景点门票,137.2,1,0,自然
6627,3837,2026-07-26 17:20:00,景点门票,59.85,1,0,小红书
6628,3838,2026-07-02 11:43:00,酒店预订,407.21,1,0,自然
6629,3838,2026-07-02 17:53:00,酒店预订,587.67,1,0,自然
6630,3838,2026-07-11 15:26:00,景点门票,164.94,1,0,自然
6631,3838,2026-07-12 14:09:00,酒店预订,582.27,0,0,自然
6632,3839,2026-07-04 11:31:00,景点门票,40.61,0,0,微信
6633,3839,2026-07-05 15:11:00,景点门票,101.51,1,0,微信
6634,3840,2026-08-24 14:19:00,酒店预订,479.2,1,0,自然
6635,3842,2026-06-04 23:06:00,景点门票,121.06,1,0,小红书
6636,3842,2026-06-06 18:48:00,一日游套餐,360.93,1,0,小红书
6637,3842,2026-07-03 12:56:00,一日游套餐,330.12,0,0,小红书
6638,3843,2026-08-23 10:32:00,景点门票,134.61,0,0,小红书
6639,3844,2026-07-07 17:50:00,酒店预订,239.55,0,0,小红书
6640,3844,2026-07-19 10:47:00,景点门票,112.69,1,0,小红书
6641,3844,2026-08-09 22:18:00,景点门票,152.58,1,0,小红书
6642,3844,2026-08-30 07:23:00,景点门票,92.47,0,0,小红书
6643,3846,2026-08-21 20:07:00,一日游套餐,364.21,0,0,抖音
6644,3846,2026-08-29 18:45:00,一日游套餐,222.65,1,0,抖音
6645,3847,2026-07-25 09:00:00,酒店预订,581.19,1,0,小红书
6646,3848,2026-07-20 13:44:00,景点门票,46.25,1,0,小红书
6647,3848,2026-08-06 21:24:00,景点门票,75.1,1,0,小红书
6648,3848,2026-08-21 16:20:00,酒店预订,382.34,0,0,小红书
6649,3848,2026-08-21 16:19:00,景点门票,117.98,0,0,小红书
6650,3849,2026-06-13 13:18:00,景点门票,139.33,0,0,自然
6651,3849,2026-06-16 19:32:00,景点门票,117.85,1,0,自然
6652,3849,2026-07-08 22:31:00,一日游套餐,221.14,1,0,自然
6653,3849,2026-08-08 09:01:00,一日游套餐,395.33,1,0,自然
6654,3850,2026-07-21 12:31:00,一日游套餐,395.99,1,0,自然
6655,3852,2026-07-15 09:58:00,酒店预订,412.16,1,0,自然
6656,3852,2026-07-16 13:04:00,一日游套餐,429.69,0,0,自然
6657,3852,2026-08-25 21:25:00,酒店预订,394.55,1,0,自然
6658,3852,2026-08-30 18:30:00,景点门票,128.3,1,0,自然
6659,3857,2026-07-21 10:24:00,酒店预订,267.91,0,0,微信
6660,3857,2026-07-29 14:59:00,景点门票,42.84,0,0,微信
6661,3857,2026-08-06 08:54:00,酒店预订,402.71,0,0,微信
6662,3857,2026-08-27 21:58:00,景点门票,169.07,1,0,微信
6663,3859,2026-07-06 16:11:00,景点门票,138.32,0,0,小红书
6664,3859,2026-07-31 09:25:00,一日游套餐,235.31,1,0,小红书
6665,3859,2026-08-03 08:28:00,酒店预订,328.47,0,0,小红书
6666,3859,2026-08-10 16:56:00,酒店预订,378.32,0,0,小红书
6667,3859,2026-08-10 21:00:00,酒店预订,255.06,0,0,小红书
6668,3860,2026-08-09 08:37:00,景点门票,42.26,1,0,自然
6669,3861,2026-07-21 20:46:00,景点门票,80.84,0,0,抖音
6670,3861,2026-07-23 19:13:00,景点门票,59.66,0,0,抖音
6671,3862,2026-07-15 20:53:00,景点门票,93.96,1,0,自然
6672,3862,2026-07-26 22:54:00,景点门票,103.62,1,1,自然
6673,3863,2026-08-07 07:48:00,景点门票,149.63,1,0,小红书
6674,3867,2026-08-31 15:47:00,一日游套餐,269.87,1,0,抖音
6675,3868,2026-08-20 21:51:00,景点门票,88.13,1,0,自然
6676,3869,2026-06-23 12:22:00,一日游套餐,381.18,0,0,小红书
6677,3870,2026-06-14 11:36:00,一日游套餐,215.72,0,0,抖音
6678,3870,2026-08-02 12:36:00,酒店预订,572.6,1,1,抖音
6679,3872,2026-07-17 15:16:00,景点门票,170.2,1,0,自然
6680,3872,2026-07-18 22:46:00,酒店预订,536.09,1,0,自然
6681,3873,2026-07-13 10:33:00,景点门票,104.87,1,0,自然
6682,3873,2026-08-08 21:18:00,景点门票,53.89,1,0,自然
6683,3874,2026-06-21 16:30:00,一日游套餐,379.89,1,0,自然
6684,3874,2026-08-07 22:39:00,景点门票,148.23,1,0,自然
6685,3874,2026-08-07 15:52:00,酒店预订,507.87,0,0,自然
6686,3875,2026-07-06 20:39:00,酒店预订,196.23,0,0,地推
6687,3875,2026-08-08 21:56:00,酒店预订,320.49,1,0,地推
6688,3875,2026-08-13 11:27:00,景点门票,74.11,0,0,地推
6689,3877,2026-07-08 09:02:00,酒店预订,367.31,1,0,自然
6690,3879,2026-06-11 17:49:00,酒店预订,406.75,1,0,自然
6691,3879,2026-06-17 19:34:00,酒店预订,332.29,1,0,自然
6692,3879,2026-07-10 10:51:00,一日游套餐,369.06,1,0,自然
6693,3879,2026-07-10 11:30:00,景点门票,132.96,0,0,自然
6694,3880,2026-06-06 07:23:00,酒店预订,589.9,1,0,抖音
6695,3880,2026-06-10 11:36:00,景点门票,126.45,0,0,抖音
6696,3880,2026-06-14 17:47:00,酒店预订,566.59,0,0,抖音
6697,3880,2026-06-29 17:07:00,景点门票,69.57,0,0,抖音
6698,3881,2026-07-05 14:14:00,酒店预订,301.65,1,0,小红书
6699,3881,2026-07-20 12:48:00,景点门票,158.15,0,0,小红书
6700,3883,2026-07-28 14:59:00,酒店预订,504.63,1,0,小红书
6701,3884,2026-06-22 09:57:00,一日游套餐,246.6,1,0,抖音
6702,3886,2026-08-08 21:41:00,景点门票,136.81,1,0,自然
6703,3887,2026-08-01 15:06:00,景点门票,140.85,1,0,地推
6704,3887,2026-08-06 21:09:00,酒店预订,440.68,0,0,地推
6705,3888,2026-08-06 16:30:00,酒店预订,407.64,1,1,微信
6706,3888,2026-08-12 07:49:00,景点门票,46.21,1,0,微信
6707,3888,2026-08-23 15:21:00,一日游套餐,315.37,1,0,微信
6708,3892,2026-08-19 16:48:00,一日游套餐,243.2,1,0,小红书
6709,3893,2026-07-29 16:46:00,酒店预订,470.37,1,1,抖音
6710,3895,2026-08-23 19:53:00,酒店预订,381.63,1,0,地推
6711,3896,2026-06-13 19:25:00,酒店预订,309.55,1,0,小红书
6712,3896,2026-06-13 11:52:00,一日游套餐,209.69,1,0,小红书
6713,3896,2026-06-14 12:21:00,酒店预订,313.06,1,0,小红书
6714,3896,2026-07-01 20:03:00,景点门票,78.28,1,0,小红书
6715,3898,2026-08-09 07:25:00,景点门票,100.25,1,0,抖音
6716,3899,2026-07-19 08:35:00,酒店预订,297.17,1,0,自然
6717,3899,2026-07-20 20:27:00,景点门票,74.23,1,0,自然
6718,3899,2026-08-29 20:20:00,景点门票,64.91,1,1,自然
6719,3900,2026-06-18 09:18:00,一日游套餐,343.84,1,0,自然
6720,3900,2026-07-24 18:44:00,一日游套餐,414.17,0,0,自然
6721,3900,2026-08-13 22:30:00,景点门票,97.46,1,0,自然
6722,3901,2026-06-08 07:57:00,景点门票,78.45,1,0,自然
6723,3901,2026-06-13 11:56:00,景点门票,120.77,1,0,自然
6724,3901,2026-06-14 18:41:00,酒店预订,439.58,1,0,自然
6725,3901,2026-07-19 10:22:00,景点门票,64.33,1,0,自然
6726,3901,2026-07-27 14:08:00,景点门票,149.7,0,0,自然
6727,3902,2026-07-14 15:22:00,景点门票,93.56,1,0,微信
6728,3902,2026-08-23 21:10:00,景点门票,138.61,0,0,微信
6729,3903,2026-07-27 10:38:00,酒店预订,225.49,0,0,小红书
6730,3904,2026-08-08 07:56:00,酒店预订,345.26,1,1,抖音
6731,3904,2026-08-14 12:13:00,一日游套餐,350.23,1,0,抖音
6732,3905,2026-07-25 12:38:00,景点门票,50.51,1,0,抖音
6733,3905,2026-08-15 07:50:00,酒店预订,563.95,0,0,抖音
6734,3906,2026-07-03 08:00:00,景点门票,129.31,1,0,小红书
6735,3906,2026-07-06 14:35:00,景点门票,45.66,1,0,小红书
6736,3906,2026-07-06 16:45:00,酒店预订,301.76,1,0,小红书
6737,3906,2026-07-21 11:19:00,景点门票,174.46,1,0,小红书
6738,3907,2026-07-03 11:29:00,景点门票,137.02,1,0,微信
6739,3907,2026-07-06 19:46:00,酒店预订,514.95,0,0,微信
6740,3907,2026-08-18 10:14:00,一日游套餐,266.29,1,0,微信
6741,3908,2026-08-07 10:25:00,酒店预订,326.47,1,0,微信
6742,3909,2026-08-31 11:05:00,酒店预订,571.17,0,0,抖音
6743,3910,2026-08-09 07:36:00,酒店预订,367.22,1,0,微信
6744,3910,2026-08-09 16:55:00,酒店预订,230.15,1,0,微信
6745,3910,2026-08-12 15:10:00,景点门票,140.2,0,0,微信
6746,3912,2026-07-19 07:34:00,景点门票,175.98,0,0,抖音
6747,3914,2026-06-19 14:50:00,景点门票,135.44,0,0,抖音
6748,3916,2026-07-04 21:23:00,酒店预订,242.94,0,0,抖音
6749,3916,2026-07-04 11:14:00,酒店预订,493.53,0,0,抖音
6750,3917,2026-08-04 07:26:00,酒店预订,230.48,0,0,抖音
6751,3919,2026-07-07 15:00:00,一日游套餐,267.49,1,0,小红书
6752,3921,2026-07-11 17:44:00,酒店预订,458.72,1,0,自然
6753,3921,2026-08-16 20:14:00,酒店预订,370.34,0,0,自然
6754,3921,2026-08-16 07:51:00,酒店预订,196.82,1,0,自然
6755,3922,2026-07-17 19:46:00,酒店预订,452.14,1,0,微信
6756,3922,2026-07-19 16:00:00,一日游套餐,364.05,1,0,微信
6757,3923,2026-07-04 10:28:00,景点门票,150.92,1,0,抖音
6758,3923,2026-08-23 08:05:00,酒店预订,492.28,1,0,抖音
6759,3928,2026-06-29 10:09:00,景点门票,112.23,1,0,微信
6760,3928,2026-06-30 16:59:00,景点门票,64.82,0,0,微信
6761,3928,2026-07-03 08:14:00,酒店预订,374.0,1,0,微信
6762,3928,2026-07-05 10:51:00,景点门票,129.77,1,0,微信
6763,3928,2026-07-05 18:41:00,酒店预订,544.47,1,0,微信
6764,3929,2026-08-16 22:43:00,景点门票,55.69,1,0,自然
6765,3930,2026-08-17 13:36:00,一日游套餐,293.21,1,0,地推
6766,3932,2026-07-18 08:50:00,一日游套餐,244.4,0,0,小红书
6767,3932,2026-07-26 17:10:00,酒店预订,284.04,1,0,小红书
6768,3933,2026-07-22 16:28:00,一日游套餐,246.91,1,0,抖音
6769,3934,2026-07-11 10:49:00,酒店预订,191.95,1,1,自然
6770,3936,2026-08-01 21:54:00,景点门票,148.24,0,0,自然
6771,3937,2026-07-01 13:17:00,酒店预订,342.13,0,0,抖音
6772,3938,2026-08-03 16:10:00,景点门票,140.34,1,1,小红书
6773,3941,2026-07-07 12:23:00,景点门票,176.73,0,0,自然
6774,3941,2026-08-05 07:12:00,一日游套餐,370.96,1,0,自然
6775,3942,2026-06-07 21:25:00,景点门票,157.21,1,0,自然
6776,3942,2026-07-01 18:52:00,酒店预订,201.7,1,1,自然
6777,3942,2026-07-09 17:49:00,景点门票,86.03,1,0,自然
6778,3942,2026-07-20 20:22:00,景点门票,79.81,1,0,自然
6779,3942,2026-08-03 22:47:00,酒店预订,337.02,1,0,自然
6780,3943,2026-07-14 11:38:00,酒店预订,439.15,1,0,自然
6781,3943,2026-07-14 13:32:00,酒店预订,539.35,1,0,自然
6782,3943,2026-08-30 12:23:00,酒店预订,428.49,1,0,自然
6783,3946,2026-07-08 15:07:00,景点门票,155.86,1,0,微信
6784,3946,2026-07-16 18:54:00,一日游套餐,408.53,1,0,微信
6785,3946,2026-07-18 22:11:00,酒店预订,330.92,0,0,微信
6786,3946,2026-07-27 16:34:00,景点门票,69.65,0,0,微信
6787,3946,2026-08-05 14:50:00,景点门票,78.15,1,0,微信
6788,3947,2026-08-22 13:19:00,酒店预订,329.33,1,1,自然
6789,3948,2026-07-03 07:30:00,景点门票,107.41,1,0,自然
6790,3948,2026-07-03 10:24:00,酒店预订,460.89,1,0,自然
6791,3949,2026-07-19 11:37:00,景点门票,158.75,1,0,微信
6792,3949,2026-07-24 21:33:00,景点门票,65.03,0,0,微信
6793,3949,2026-08-14 10:33:00,景点门票,113.06,1,0,微信
6794,3949,2026-08-24 14:28:00,景点门票,40.31,1,0,微信
6795,3952,2026-08-22 14:08:00,一日游套餐,252.09,1,0,地推
6796,3953,2026-06-18 16:16:00,景点门票,40.96,1,0,地推
6797,3953,2026-07-11 22:35:00,景点门票,55.02,1,0,地推
6798,3953,2026-08-04 16:13:00,景点门票,118.68,1,0,地推
6799,3954,2026-07-13 15:12:00,景点门票,110.36,0,0,小红书
6800,3954,2026-08-06 11:02:00,酒店预订,316.44,1,0,小红书
6801,3955,2026-07-25 12:41:00,一日游套餐,395.58,0,0,自然
6802,3955,2026-08-21 16:27:00,酒店预订,591.49,0,0,自然
6803,3958,2026-08-01 20:58:00,景点门票,59.1,1,0,地推
6804,3958,2026-08-09 14:34:00,景点门票,40.12,1,0,地推
6805,3958,2026-08-09 16:01:00,景点门票,155.71,1,0,地推
6806,3959,2026-07-12 18:32:00,一日游套餐,264.57,1,0,自然
6807,3962,2026-07-30 23:05:00,景点门票,80.32,0,0,自然
6808,3962,2026-08-23 11:24:00,景点门票,118.49,1,1,自然
6809,3963,2026-06-26 13:28:00,一日游套餐,312.55,0,0,小红书
6810,3963,2026-07-18 17:25:00,酒店预订,226.67,1,0,小红书
6811,3964,2026-08-14 11:21:00,酒店预订,246.41,1,0,自然
6812,3966,2026-08-01 10:35:00,景点门票,173.31,1,0,自然
6813,3966,2026-08-28 10:14:00,景点门票,106.2,1,0,自然
6814,3970,2026-06-23 16:29:00,一日游套餐,398.43,0,0,自然
6815,3970,2026-06-24 09:14:00,一日游套餐,348.97,1,0,自然
6816,3970,2026-07-05 16:00:00,景点门票,134.67,1,0,自然
6817,3970,2026-07-20 17:58:00,一日游套餐,351.52,1,0,自然
6818,3970,2026-08-06 16:54:00,景点门票,91.44,0,0,自然
6819,3971,2026-07-31 11:16:00,景点门票,138.87,1,0,地推
6820,3972,2026-06-22 14:12:00,酒店预订,407.54,0,0,自然
6821,3972,2026-08-07 11:41:00,一日游套餐,407.76,0,0,自然
6822,3973,2026-07-14 18:30:00,酒店预订,527.51,1,0,抖音
6823,3974,2026-06-09 23:03:00,一日游套餐,448.89,0,0,自然
6824,3974,2026-06-13 18:11:00,景点门票,108.77,1,0,自然
6825,3976,2026-06-20 21:32:00,一日游套餐,364.67,0,0,自然
6826,3976,2026-06-20 07:23:00,酒店预订,316.84,1,0,自然
6827,3976,2026-08-09 12:17:00,一日游套餐,214.16,1,0,自然
6828,3977,2026-07-18 22:37:00,景点门票,41.08,1,0,自然
6829,3977,2026-08-15 18:34:00,酒店预订,423.24,1,0,自然
6830,3978,2026-06-26 10:32:00,酒店预订,467.99,0,0,自然
6831,3978,2026-07-07 16:43:00,酒店预订,181.13,1,0,自然
6832,3980,2026-08-23 17:29:00,酒店预订,241.61,1,0,小红书
6833,3980,2026-08-24 07:20:00,一日游套餐,448.44,0,0,小红书
6834,3981,2026-06-20 08:18:00,酒店预订,553.36,1,0,自然
6835,3983,2026-07-26 12:17:00,一日游套餐,449.45,1,0,小红书
6836,3984,2026-07-23 19:05:00,一日游套餐,317.74,1,0,自然
6837,3984,2026-08-01 13:39:00,景点门票,157.63,1,0,自然
6838,3984,2026-08-26 13:19:00,酒店预订,183.5,0,0,自然
6839,3985,2026-06-28 20:20:00,景点门票,139.88,0,0,抖音
6840,3985,2026-07-15 11:53:00,一日游套餐,390.29,0,0,抖音
6841,3986,2026-07-24 09:37:00,酒店预订,316.99,1,0,自然
6842,3987,2026-06-20 17:16:00,景点门票,145.86,1,0,自然
6843,3988,2026-07-20 10:52:00,景点门票,67.85,0,0,抖音
6844,3989,2026-06-22 20:49:00,景点门票,89.96,0,0,地推
6845,3989,2026-07-03 22:16:00,景点门票,146.87,0,0,地推
6846,3989,2026-08-06 11:11:00,一日游套餐,336.93,1,0,地推
6847,3990,2026-08-01 22:32:00,景点门票,74.66,1,0,地推
6848,3990,2026-08-22 07:22:00,景点门票,109.23,1,0,地推
6849,3993,2026-07-24 15:12:00,酒店预订,266.88,0,0,自然
6850,3994,2026-06-20 13:52:00,酒店预订,526.87,1,0,抖音
6851,3995,2026-07-06 15:21:00,景点门票,80.16,0,0,自然
6852,3995,2026-07-06 07:43:00,一日游套餐,371.94,1,0,自然
6853,3995,2026-07-09 16:36:00,景点门票,66.29,1,0,自然
6854,3995,2026-07-10 16:30:00,景点门票,124.58,1,0,自然
6855,3995,2026-07-15 10:31:00,酒店预订,574.8,1,0,自然
6856,3997,2026-08-02 20:16:00,一日游套餐,383.7,1,0,自然
6857,3998,2026-06-22 11:04:00,景点门票,90.8,1,0,抖音
6858,4000,2026-08-11 12:12:00,景点门票,55.91,1,0,自然
6859,4000,2026-08-18 22:47:00,景点门票,96.73,1,0,自然
6860,4003,2026-06-20 11:26:00,酒店预订,599.95,1,0,微信
6861,4003,2026-07-02 12:30:00,酒店预订,567.31,1,0,微信
6862,4004,2026-07-04 11:07:00,酒店预订,309.7,1,0,自然
6863,4006,2026-08-08 16:57:00,酒店预订,296.78,1,0,自然
6864,4006,2026-08-13 15:42:00,景点门票,132.02,1,0,自然
6865,4006,2026-08-21 07:20:00,景点门票,98.74,1,0,自然
6866,4008,2026-07-06 11:05:00,景点门票,131.3,1,0,自然
6867,4008,2026-08-02 11:51:00,酒店预订,526.7,1,0,自然
6868,4009,2026-07-12 09:17:00,一日游套餐,301.68,0,0,自然
6869,4009,2026-08-02 07:59:00,一日游套餐,200.48,0,0,自然
6870,4009,2026-08-08 08:15:00,景点门票,91.73,1,0,自然
6871,4009,2026-08-09 16:59:00,景点门票,159.26,1,0,自然
6872,4010,2026-07-25 18:16:00,酒店预订,493.06,1,0,小红书
6873,4011,2026-07-25 18:07:00,景点门票,42.56,0,0,自然
6874,4011,2026-08-01 13:21:00,景点门票,122.35,1,0,自然
6875,4011,2026-08-01 22:29:00,酒店预订,562.3,1,0,自然
6876,4011,2026-08-09 13:24:00,酒店预订,311.14,1,0,自然
6877,4011,2026-08-12 16:25:00,一日游套餐,382.05,0,0,自然
6878,4012,2026-07-15 10:40:00,酒店预订,245.86,1,0,自然
6879,4014,2026-07-22 18:06:00,一日游套餐,222.46,1,1,自然
6880,4015,2026-06-27 09:10:00,酒店预订,503.65,0,0,抖音
6881,4017,2026-07-12 12:03:00,酒店预订,366.51,1,0,自然
6882,4018,2026-08-19 11:02:00,酒店预订,392.84,0,0,抖音
6883,4019,2026-07-26 21:00:00,景点门票,110.67,0,0,自然
6884,4020,2026-07-12 16:00:00,景点门票,53.61,1,0,小红书
6885,4022,2026-07-15 21:50:00,景点门票,40.13,1,0,自然
6886,4025,2026-07-26 09:57:00,酒店预订,506.31,1,0,微信
6887,4025,2026-07-28 19:32:00,酒店预订,388.64,1,0,微信
6888,4026,2026-06-29 22:39:00,一日游套餐,431.53,1,0,地推
6889,4026,2026-07-07 19:44:00,酒店预订,249.92,1,0,地推
6890,4026,2026-07-18 19:48:00,酒店预订,490.63,0,0,地推
6891,4028,2026-06-27 07:31:00,一日游套餐,306.75,0,0,小红书
6892,4028,2026-07-16 10:39:00,景点门票,65.38,1,0,小红书
6893,4028,2026-07-18 18:51:00,一日游套餐,252.51,1,0,小红书
6894,4029,2026-08-14 16:45:00,景点门票,96.7,0,0,抖音
6895,4029,2026-08-15 11:53:00,景点门票,106.17,0,0,抖音
6896,4032,2026-06-30 19:57:00,一日游套餐,409.48,0,0,抖音
6897,4033,2026-07-26 09:20:00,酒店预订,457.43,1,0,小红书
6898,4033,2026-07-30 14:11:00,景点门票,179.76,0,0,小红书
6899,4034,2026-08-26 11:01:00,景点门票,51.41,0,0,抖音
6900,4035,2026-07-30 23:04:00,酒店预订,431.11,0,0,自然
6901,4035,2026-07-30 19:27:00,酒店预订,230.84,1,0,自然
6902,4036,2026-07-23 12:35:00,酒店预订,567.16,1,0,抖音
6903,4036,2026-07-24 12:08:00,酒店预订,418.25,0,0,抖音
6904,4038,2026-06-20 18:58:00,酒店预订,328.32,1,0,微信
6905,4038,2026-06-30 19:24:00,一日游套餐,286.09,1,1,微信
6906,4038,2026-06-30 18:35:00,一日游套餐,352.7,1,1,微信
6907,4040,2026-07-20 10:14:00,酒店预订,293.08,1,0,微信
6908,4040,2026-07-21 13:02:00,一日游套餐,300.15,1,0,微信
6909,4040,2026-08-15 09:21:00,景点门票,144.67,0,0,微信
6910,4042,2026-06-29 15:37:00,一日游套餐,413.8,0,0,小红书
6911,4043,2026-08-07 19:18:00,一日游套餐,397.29,1,0,自然
6912,4043,2026-08-09 16:48:00,酒店预订,390.76,0,0,自然
6913,4043,2026-08-16 15:39:00,酒店预订,464.25,1,0,自然
6914,4044,2026-06-28 14:05:00,一日游套餐,291.6,0,0,地推
6915,4044,2026-08-01 18:29:00,景点门票,59.41,1,0,地推
6916,4046,2026-07-14 13:03:00,景点门票,97.97,0,0,自然
6917,4046,2026-07-15 19:12:00,景点门票,107.7,1,0,自然
6918,4046,2026-07-20 12:26:00,酒店预订,436.77,0,0,自然
6919,4046,2026-07-30 17:25:00,景点门票,81.74,1,0,自然
6920,4046,2026-07-31 21:08:00,景点门票,71.34,1,0,自然
6921,4047,2026-07-18 14:13:00,酒店预订,571.87,0,0,自然
6922,4047,2026-07-26 10:03:00,一日游套餐,272.22,1,0,自然
6923,4047,2026-07-26 10:28:00,景点门票,153.64,1,0,自然
6924,4047,2026-08-10 08:58:00,酒店预订,498.63,0,0,自然
6925,4048,2026-06-21 14:00:00,景点门票,90.27,1,0,自然
6926,4048,2026-06-24 12:56:00,景点门票,75.25,1,0,自然
6927,4048,2026-06-25 13:39:00,一日游套餐,361.62,1,0,自然
6928,4048,2026-07-12 08:46:00,景点门票,165.45,1,0,自然
6929,4048,2026-07-23 15:46:00,景点门票,159.19,0,0,自然
6930,4048,2026-07-31 21:42:00,酒店预订,564.82,1,0,自然
6931,4050,2026-08-12 19:11:00,一日游套餐,208.21,0,0,小红书
6932,4051,2026-08-16 22:14:00,一日游套餐,429.97,0,0,地推
6933,4054,2026-07-24 12:39:00,一日游套餐,429.87,0,0,抖音
6934,4054,2026-08-03 08:51:00,酒店预订,278.03,0,0,抖音
6935,4055,2026-08-09 16:23:00,酒店预订,379.28,1,0,微信
6936,4056,2026-08-12 08:25:00,一日游套餐,207.44,1,0,微信
6937,4057,2026-06-28 22:40:00,景点门票,132.55,1,0,自然
6938,4058,2026-07-12 09:25:00,酒店预订,414.77,1,0,地推
6939,4060,2026-06-15 12:26:00,酒店预订,374.22,0,0,微信
6940,4060,2026-06-26 08:02:00,景点门票,149.24,1,0,微信
6941,4060,2026-07-11 15:18:00,景点门票,157.59,0,0,微信
6942,4060,2026-07-11 20:46:00,酒店预订,236.35,0,0,微信
6943,4061,2026-06-16 19:47:00,景点门票,120.01,1,0,地推
6944,4062,2026-07-10 14:18:00,酒店预订,348.12,1,0,小红书
6945,4062,2026-08-07 21:04:00,酒店预订,258.18,0,0,小红书
6946,4063,2026-08-04 22:54:00,一日游套餐,231.99,1,0,自然
6947,4065,2026-07-19 10:34:00,酒店预订,508.74,1,0,自然
6948,4065,2026-07-28 21:16:00,酒店预订,463.4,1,0,自然
6949,4066,2026-07-23 22:25:00,景点门票,41.32,0,0,微信
6950,4066,2026-08-16 17:46:00,酒店预订,209.29,1,0,微信
6951,4067,2026-08-07 13:19:00,景点门票,169.44,1,0,自然
6952,4067,2026-08-08 13:09:00,酒店预订,423.03,0,0,自然
6953,4067,2026-08-14 14:17:00,一日游套餐,315.01,0,0,自然
6954,4068,2026-06-05 20:24:00,酒店预订,459.44,0,0,小红书
6955,4068,2026-07-04 13:34:00,酒店预订,409.23,0,0,小红书
6956,4069,2026-07-18 20:41:00,景点门票,54.48,0,0,地推
6957,4069,2026-07-18 17:21:00,景点门票,120.74,1,0,地推
6958,4070,2026-08-01 13:44:00,景点门票,147.4,1,0,自然
6959,4070,2026-08-01 21:16:00,景点门票,134.79,1,0,自然
6960,4070,2026-08-06 17:54:00,一日游套餐,331.06,1,0,自然
6961,4070,2026-08-06 07:15:00,景点门票,56.2,1,0,自然
6962,4072,2026-07-24 21:18:00,景点门票,44.83,1,0,小红书
6963,4074,2026-07-17 11:05:00,景点门票,130.6,0,0,自然
6964,4075,2026-07-12 21:12:00,一日游套餐,303.98,1,0,自然
6965,4075,2026-08-11 11:37:00,景点门票,98.52,1,0,自然
6966,4077,2026-06-25 11:02:00,一日游套餐,378.94,0,0,小红书
6967,4077,2026-07-09 12:27:00,一日游套餐,396.87,1,0,小红书
6968,4078,2026-06-17 11:55:00,酒店预订,445.53,1,0,抖音
6969,4079,2026-06-20 16:01:00,一日游套餐,258.42,1,1,自然
6970,4079,2026-06-20 19:34:00,一日游套餐,319.21,0,0,自然
6971,4079,2026-08-12 15:49:00,景点门票,82.62,1,0,自然
6972,4080,2026-08-09 14:08:00,酒店预订,584.43,0,0,抖音
6973,4080,2026-08-28 13:57:00,酒店预订,500.68,1,0,抖音
6974,4082,2026-08-07 20:11:00,酒店预订,571.89,0,0,自然
6975,4082,2026-08-21 23:04:00,景点门票,166.03,1,0,自然
6976,4083,2026-07-14 09:44:00,酒店预订,554.17,1,1,小红书
6977,4084,2026-08-02 08:53:00,酒店预订,328.49,1,0,抖音
6978,4085,2026-08-23 13:19:00,一日游套餐,447.88,0,0,抖音
6979,4085,2026-08-26 19:40:00,酒店预订,210.44,0,0,抖音
6980,4087,2026-06-24 16:13:00,酒店预订,544.27,0,0,抖音
6981,4087,2026-07-03 21:56:00,景点门票,171.43,1,0,抖音
6982,4087,2026-08-02 17:44:00,酒店预订,299.74,1,0,抖音
6983,4089,2026-07-02 09:33:00,景点门票,171.29,1,0,自然
6984,4089,2026-07-04 19:23:00,景点门票,49.76,1,0,自然
6985,4090,2026-06-16 17:02:00,酒店预订,445.4,1,0,自然
6986,4090,2026-06-18 14:13:00,景点门票,164.46,0,0,自然
6987,4090,2026-07-22 12:49:00,酒店预订,407.25,1,0,自然
6988,4092,2026-07-04 10:20:00,景点门票,69.7,1,0,微信
6989,4092,2026-07-06 20:44:00,景点门票,105.19,1,0,微信
6990,4092,2026-07-16 13:26:00,一日游套餐,404.75,1,0,微信
6991,4092,2026-08-08 18:21:00,景点门票,147.38,0,0,微信
6992,4093,2026-07-11 11:13:00,景点门票,156.56,1,0,微信
6993,4093,2026-07-15 15:49:00,景点门票,157.39,1,0,微信
6994,4093,2026-07-22 14:07:00,酒店预订,264.14,1,0,微信
6995,4093,2026-08-06 21:35:00,酒店预订,569.14,1,0,微信
6996,4094,2026-08-20 18:01:00,景点门票,162.04,1,0,自然
6997,4094,2026-08-21 18:49:00,酒店预订,254.31,0,0,自然
6998,4094,2026-08-23 09:22:00,一日游套餐,214.81,1,0,自然
6999,4095,2026-07-05 11:52:00,一日游套餐,394.3,0,0,自然
7000,4095,2026-07-08 07:22:00,酒店预订,227.84,1,0,自然
7001,4095,2026-07-20 15:37:00,景点门票,136.45,0,0,自然
7002,4095,2026-07-23 15:22:00,酒店预订,522.13,1,0,自然
7003,4095,2026-08-08 20:37:00,酒店预订,474.69,0,0,自然
7004,4097,2026-06-30 12:08:00,酒店预订,258.16,1,0,小红书
7005,4097,2026-06-30 13:23:00,景点门票,98.32,0,0,小红书
7006,4097,2026-08-12 20:06:00,景点门票,144.32,1,0,小红书
7007,4098,2026-06-28 07:47:00,景点门票,159.47,1,0,小红书
7008,4098,2026-07-09 09:05:00,景点门票,62.19,0,0,小红书
7009,4098,2026-08-02 21:08:00,酒店预订,590.31,0,0,小红书
7010,4100,2026-07-12 19:14:00,景点门票,93.76,1,0,地推
7011,4101,2026-08-23 08:13:00,酒店预订,591.69,1,0,自然
7012,4102,2026-07-22 13:59:00,酒店预订,302.37,1,0,小红书
7013,4102,2026-07-25 08:04:00,酒店预订,245.31,0,0,小红书
7014,4103,2026-07-06 18:08:00,景点门票,123.45,0,0,抖音
7015,4104,2026-08-06 22:31:00,一日游套餐,279.17,1,0,抖音
7016,4106,2026-07-09 09:58:00,酒店预订,257.06,1,0,自然
7017,4107,2026-06-01 14:38:00,景点门票,179.16,1,1,小红书
7018,4107,2026-07-06 13:20:00,景点门票,90.47,0,0,小红书
7019,4112,2026-06-15 18:48:00,景点门票,82.4,1,0,微信
7020,4113,2026-08-12 08:57:00,酒店预订,495.82,1,0,微信
7021,4113,2026-08-13 11:03:00,景点门票,98.5,1,0,微信
7022,4113,2026-08-23 09:51:00,酒店预订,548.23,1,1,微信
7023,4114,2026-08-30 22:52:00,景点门票,153.43,0,0,抖音
7024,4115,2026-06-24 07:27:00,景点门票,42.54,0,0,微信
7025,4115,2026-06-27 12:08:00,景点门票,100.76,1,0,微信
7026,4115,2026-07-25 21:41:00,景点门票,139.05,1,0,微信
7027,4116,2026-07-09 15:42:00,一日游套餐,205.08,0,0,自然
7028,4116,2026-07-12 10:39:00,酒店预订,340.01,0,0,自然
7029,4116,2026-08-03 12:46:00,景点门票,52.76,1,0,自然
7030,4116,2026-08-23 12:41:00,景点门票,44.94,1,0,自然
7031,4116,2026-08-30 19:39:00,酒店预订,507.77,1,0,自然
7032,4116,2026-08-31 19:46:00,景点门票,165.95,1,0,自然
7033,4118,2026-06-28 20:41:00,景点门票,133.74,1,0,微信
7034,4118,2026-06-28 16:41:00,一日游套餐,442.6,1,0,微信
7035,4118,2026-06-29 08:58:00,景点门票,73.36,1,0,微信
7036,4119,2026-07-30 18:54:00,酒店预订,193.42,1,0,抖音
7037,4120,2026-06-19 14:30:00,景点门票,75.12,1,1,抖音
7038,4121,2026-08-08 11:45:00,酒店预订,591.43,0,0,地推
7039,4121,2026-08-08 17:24:00,酒店预订,547.75,1,1,地推
7040,4121,2026-08-14 10:14:00,景点门票,86.32,0,0,地推
7041,4122,2026-07-10 20:21:00,酒店预订,490.47,1,0,微信
7042,4123,2026-06-16 18:03:00,景点门票,50.84,1,0,微信
7043,4124,2026-08-01 18:53:00,一日游套餐,272.46,1,1,抖音
7044,4125,2026-06-30 15:25:00,酒店预订,416.9,0,0,地推
7045,4135,2026-08-05 09:25:00,一日游套餐,346.37,0,0,抖音
7046,4136,2026-07-11 20:19:00,酒店预订,326.48,1,0,自然
7047,4136,2026-07-23 15:22:00,景点门票,130.9,1,0,自然
7048,4136,2026-08-18 14:14:00,景点门票,72.77,0,0,自然
7049,4138,2026-06-30 22:07:00,景点门票,135.65,1,0,微信
7050,4138,2026-07-20 09:18:00,一日游套餐,416.01,1,0,微信
7051,4138,2026-08-11 11:07:00,酒店预订,541.36,1,0,微信
7052,4138,2026-08-11 12:59:00,酒店预订,326.22,1,0,微信
7053,4138,2026-08-13 22:58:00,酒店预订,383.77,1,0,微信
7054,4139,2026-07-08 10:31:00,景点门票,141.35,1,0,小红书
7055,4139,2026-08-06 12:00:00,酒店预订,217.95,0,0,小红书
7056,4139,2026-08-15 10:02:00,酒店预订,552.48,1,0,小红书
7057,4140,2026-07-07 21:16:00,酒店预订,253.07,1,0,微信
7058,4140,2026-07-12 14:34:00,景点门票,174.45,1,0,微信
7059,4140,2026-07-12 19:21:00,一日游套餐,243.54,1,0,微信
7060,4140,2026-08-04 09:55:00,景点门票,167.44,1,0,微信
7061,4146,2026-07-08 22:25:00,景点门票,128.53,0,0,自然
7062,4146,2026-08-01 22:25:00,景点门票,72.14,1,0,自然
7063,4147,2026-07-17 09:46:00,酒店预订,514.26,1,0,自然
7064,4148,2026-08-01 16:18:00,一日游套餐,314.64,0,0,小红书
7065,4148,2026-08-16 12:25:00,景点门票,144.98,1,0,小红书
7066,4149,2026-07-11 18:54:00,一日游套餐,268.87,1,0,抖音
7067,4151,2026-07-02 22:43:00,景点门票,71.14,0,0,自然
7068,4151,2026-07-02 18:41:00,景点门票,163.62,1,0,自然
7069,4151,2026-07-10 22:28:00,景点门票,73.18,0,0,自然
7070,4151,2026-07-17 16:56:00,酒店预订,476.47,1,0,自然
7071,4151,2026-08-01 15:10:00,酒店预订,363.31,1,0,自然
7072,4151,2026-08-01 13:34:00,景点门票,150.73,1,0,自然
7073,4153,2026-08-02 08:43:00,景点门票,59.25,0,0,抖音
7074,4153,2026-08-04 11:31:00,景点门票,69.35,1,0,抖音
7075,4155,2026-08-14 13:43:00,景点门票,127.24,1,0,小红书
7076,4156,2026-08-03 21:29:00,一日游套餐,245.4,1,0,自然
7077,4156,2026-08-15 22:43:00,酒店预订,421.4,1,0,自然
7078,4157,2026-08-12 13:44:00,酒店预订,380.01,0,0,地推
7079,4158,2026-08-02 09:29:00,景点门票,123.75,1,0,自然
7080,4159,2026-07-20 14:32:00,景点门票,108.16,1,0,抖音
7081,4160,2026-07-09 19:25:00,景点门票,168.13,1,0,自然
7082,4160,2026-07-13 10:58:00,景点门票,161.8,1,0,自然
7083,4162,2026-08-07 07:48:00,一日游套餐,338.16,1,1,自然
7084,4162,2026-08-26 20:51:00,景点门票,126.73,0,0,自然
7085,4163,2026-07-10 07:55:00,酒店预订,457.63,1,0,微信
7086,4163,2026-07-23 20:14:00,景点门票,55.57,1,0,微信
7087,4163,2026-08-06 07:32:00,酒店预订,385.95,0,0,微信
7088,4163,2026-08-06 19:09:00,酒店预订,431.77,0,0,微信
7089,4163,2026-08-09 13:26:00,景点门票,98.84,1,0,微信
7090,4165,2026-08-01 18:45:00,酒店预订,203.06,1,0,小红书
7091,4166,2026-07-24 12:02:00,酒店预订,274.31,1,0,自然
7092,4167,2026-08-10 11:33:00,酒店预订,525.48,1,0,自然
7093,4172,2026-08-29 09:35:00,一日游套餐,362.76,1,0,小红书
7094,4172,2026-08-30 23:00:00,一日游套餐,283.77,1,0,小红书
7095,4173,2026-06-17 14:17:00,景点门票,77.65,1,0,地推
7096,4173,2026-07-06 17:00:00,一日游套餐,223.99,1,0,地推
7097,4174,2026-08-23 14:34:00,一日游套餐,247.91,1,1,自然
7098,4175,2026-07-20 11:12:00,景点门票,140.21,0,0,微信
7099,4175,2026-07-29 09:45:00,景点门票,64.74,1,0,微信
7100,4176,2026-08-11 15:28:00,一日游套餐,266.86,0,0,抖音
7101,4178,2026-08-12 15:44:00,景点门票,118.26,1,0,地推
7102,4179,2026-07-17 17:55:00,一日游套餐,249.43,1,0,小红书
7103,4180,2026-08-09 10:10:00,景点门票,129.85,0,0,微信
7104,4181,2026-08-24 16:48:00,一日游套餐,349.45,1,0,小红书
7105,4182,2026-07-05 14:41:00,酒店预订,370.21,0,0,自然
7106,4182,2026-08-14 08:36:00,一日游套餐,207.22,1,0,自然
7107,4184,2026-07-19 21:04:00,一日游套餐,239.08,0,0,抖音
7108,4185,2026-06-12 09:49:00,景点门票,140.99,1,0,地推
7109,4185,2026-06-28 14:10:00,一日游套餐,283.39,1,0,地推
7110,4185,2026-07-06 15:37:00,一日游套餐,312.01,0,0,地推
7111,4186,2026-08-06 16:59:00,酒店预订,542.85,1,0,微信
7112,4186,2026-08-10 13:58:00,酒店预订,235.11,1,0,微信
7113,4186,2026-08-23 22:42:00,景点门票,54.48,0,0,微信
7114,4186,2026-08-30 11:43:00,景点门票,125.13,1,0,微信
7115,4186,2026-08-30 14:36:00,景点门票,157.08,1,0,微信
7116,4187,2026-07-30 19:08:00,酒店预订,417.16,1,0,自然
7117,4188,2026-08-15 13:06:00,景点门票,176.12,1,0,自然
7118,4188,2026-08-25 09:23:00,酒店预订,524.24,1,0,自然
7119,4189,2026-07-06 11:50:00,酒店预订,230.64,1,0,自然
7120,4189,2026-07-29 21:57:00,一日游套餐,416.77,1,0,自然
7121,4189,2026-08-02 13:27:00,一日游套餐,252.24,0,0,自然
7122,4189,2026-08-23 08:31:00,景点门票,162.08,0,0,自然
7123,4190,2026-07-12 17:30:00,一日游套餐,279.23,0,0,抖音
7124,4191,2026-06-30 13:35:00,景点门票,123.93,1,0,自然
7125,4191,2026-07-04 23:07:00,酒店预订,381.85,1,0,自然
7126,4191,2026-07-15 16:40:00,景点门票,77.12,1,1,自然
7127,4191,2026-08-01 19:45:00,景点门票,68.87,1,0,自然
7128,4192,2026-07-07 16:46:00,一日游套餐,285.35,1,0,小红书
7129,4193,2026-07-10 10:33:00,景点门票,135.75,1,0,抖音
7130,4194,2026-07-01 22:56:00,景点门票,165.5,1,0,微信
7131,4194,2026-07-02 11:35:00,景点门票,178.56,1,0,微信
7132,4194,2026-07-06 23:01:00,景点门票,129.12,1,0,微信
7133,4194,2026-07-09 14:08:00,景点门票,102.58,1,0,微信
7134,4194,2026-07-16 07:34:00,景点门票,137.5,0,0,微信
7135,4194,2026-08-01 08:55:00,酒店预订,432.36,1,0,微信
7136,4195,2026-08-20 19:58:00,景点门票,99.32,1,0,自然
7137,4196,2026-08-25 11:55:00,酒店预订,249.15,1,0,抖音
7138,4197,2026-06-27 16:14:00,一日游套餐,370.07,1,0,自然
7139,4197,2026-06-27 18:06:00,景点门票,144.98,0,0,自然
7140,4197,2026-08-12 10:02:00,景点门票,47.04,0,0,自然
7141,4200,2026-08-11 09:30:00,酒店预订,291.01,1,0,自然
7142,4202,2026-07-19 13:42:00,酒店预订,235.53,1,0,微信
7143,4202,2026-07-23 14:39:00,景点门票,57.38,0,0,微信
7144,4202,2026-07-24 15:01:00,酒店预订,222.31,1,0,微信
7145,4203,2026-07-01 19:34:00,景点门票,48.05,0,0,自然
7146,4203,2026-07-02 22:14:00,景点门票,59.36,1,0,自然
7147,4203,2026-07-09 11:24:00,一日游套餐,224.58,0,0,自然
7148,4203,2026-07-11 19:05:00,酒店预订,484.34,0,0,自然
7149,4203,2026-07-31 15:59:00,酒店预订,204.09,0,0,自然
7150,4204,2026-06-15 13:52:00,酒店预订,279.58,1,0,小红书
7151,4204,2026-06-20 11:52:00,景点门票,69.99,1,0,小红书
7152,4204,2026-06-23 16:20:00,景点门票,71.16,1,1,小红书
7153,4204,2026-07-14 17:59:00,酒店预订,568.17,0,0,小红书
7154,4205,2026-07-10 07:19:00,一日游套餐,218.39,1,0,小红书
7155,4208,2026-07-11 15:52:00,景点门票,160.03,1,0,自然
7156,4210,2026-08-07 22:51:00,一日游套餐,215.0,1,1,自然
7157,4210,2026-08-09 12:38:00,酒店预订,563.32,1,0,自然
7158,4210,2026-08-13 21:35:00,景点门票,162.6,1,0,自然
7159,4212,2026-08-02 20:08:00,酒店预订,234.29,0,0,抖音
7160,4213,2026-07-12 16:01:00,酒店预订,589.85,0,0,抖音
7161,4216,2026-08-03 07:18:00,酒店预订,576.03,0,0,自然
7162,4218,2026-06-19 10:27:00,景点门票,144.49,0,0,自然
7163,4218,2026-06-19 13:50:00,景点门票,90.01,1,0,自然
7164,4218,2026-07-06 14:58:00,景点门票,69.98,0,0,自然
7165,4220,2026-08-16 15:03:00,景点门票,93.35,0,0,小红书
7166,4221,2026-07-03 11:13:00,景点门票,165.19,0,0,自然
7167,4221,2026-07-19 22:24:00,酒店预订,197.1,1,0,自然
7168,4221,2026-08-06 22:29:00,景点门票,74.48,1,0,自然
7169,4222,2026-07-05 09:23:00,酒店预订,420.93,1,0,自然
7170,4222,2026-08-04 13:32:00,景点门票,102.6,1,0,自然
7171,4224,2026-06-05 14:08:00,一日游套餐,410.6,1,0,自然
7172,4224,2026-06-06 08:44:00,一日游套餐,253.22,0,0,自然
7173,4224,2026-06-14 17:52:00,酒店预订,316.53,0,0,自然
7174,4225,2026-07-13 09:29:00,景点门票,173.58,1,0,自然
7175,4225,2026-07-19 16:23:00,酒店预订,477.05,1,0,自然
7176,4225,2026-08-07 18:50:00,酒店预订,321.59,1,0,自然
7177,4226,2026-07-25 10:49:00,景点门票,147.17,0,0,微信
7178,4226,2026-07-31 17:55:00,景点门票,99.31,1,0,微信
7179,4226,2026-07-31 19:37:00,景点门票,160.67,0,0,微信
7180,4226,2026-08-09 09:36:00,酒店预订,378.86,1,0,微信
7181,4226,2026-08-09 14:57:00,一日游套餐,357.44,1,0,微信
7182,4227,2026-07-19 11:32:00,一日游套餐,325.39,0,0,小红书
7183,4227,2026-07-21 22:15:00,酒店预订,378.69,1,0,小红书
7184,4227,2026-07-23 14:26:00,酒店预订,447.15,1,0,小红书
7185,4227,2026-07-28 07:16:00,酒店预订,424.12,0,0,小红书
7186,4227,2026-08-24 07:48:00,景点门票,175.17,1,0,小红书
7187,4228,2026-06-12 19:02:00,景点门票,123.47,1,0,自然
7188,4228,2026-06-14 09:55:00,一日游套餐,375.64,1,0,自然
7189,4228,2026-06-17 13:19:00,一日游套餐,218.26,1,0,自然
7190,4228,2026-08-08 20:12:00,酒店预订,361.99,0,0,自然
7191,4230,2026-06-30 08:09:00,酒店预订,584.49,1,1,自然
7192,4230,2026-08-03 19:45:00,景点门票,72.94,1,0,自然
7193,4231,2026-07-11 09:53:00,酒店预订,552.08,1,0,地推
7194,4233,2026-07-19 20:29:00,一日游套餐,334.42,1,0,小红书
7195,4234,2026-07-12 11:39:00,景点门票,121.87,1,0,微信
7196,4235,2026-06-28 11:19:00,景点门票,115.87,0,0,自然
7197,4236,2026-07-05 13:40:00,景点门票,142.54,1,0,自然
7198,4236,2026-08-11 22:53:00,一日游套餐,214.98,0,0,自然
7199,4237,2026-06-20 13:41:00,景点门票,68.52,1,0,抖音
7200,4237,2026-06-25 08:04:00,酒店预订,564.4,1,0,抖音
7201,4238,2026-06-06 14:20:00,景点门票,175.8,1,0,微信
7202,4238,2026-06-14 14:59:00,酒店预订,249.48,0,0,微信
7203,4238,2026-06-19 07:19:00,景点门票,74.08,1,0,微信
7204,4238,2026-07-01 17:28:00,景点门票,172.33,1,0,微信
7205,4238,2026-07-19 18:52:00,一日游套餐,299.96,0,0,微信
7206,4238,2026-07-26 09:32:00,景点门票,72.73,1,0,微信
7207,4238,2026-08-01 08:43:00,酒店预订,433.96,1,0,微信
7208,4238,2026-08-01 19:44:00,景点门票,88.7,1,0,微信
7209,4239,2026-06-25 17:08:00,酒店预订,416.69,1,0,抖音
7210,4240,2026-07-12 14:11:00,景点门票,92.93,1,0,小红书
7211,4240,2026-07-12 14:51:00,酒店预订,269.14,0,0,小红书
7212,4242,2026-07-16 10:31:00,一日游套餐,339.61,1,0,微信
7213,4242,2026-07-21 07:55:00,酒店预订,564.91,1,0,微信
7214,4242,2026-07-29 17:37:00,景点门票,145.47,1,0,微信
7215,4242,2026-08-02 22:55:00,一日游套餐,431.1,1,0,微信
7216,4243,2026-08-04 08:20:00,酒店预订,325.59,0,0,抖音
7217,4246,2026-08-01 18:21:00,酒店预订,412.75,1,0,自然
7218,4246,2026-08-18 09:24:00,景点门票,86.6,0,0,自然
7219,4247,2026-07-30 10:07:00,景点门票,103.31,1,1,微信
7220,4248,2026-06-24 14:12:00,一日游套餐,244.08,1,0,自然
7221,4249,2026-07-05 18:00:00,一日游套餐,238.15,0,0,自然
7222,4249,2026-08-31 09:45:00,一日游套餐,306.45,1,1,自然
7223,4250,2026-08-09 21:33:00,酒店预订,218.59,1,0,微信
7224,4250,2026-08-09 21:24:00,酒店预订,403.62,1,0,微信
7225,4251,2026-06-14 20:20:00,酒店预订,230.64,0,0,抖音
7226,4251,2026-06-28 10:58:00,景点门票,122.23,1,0,抖音
7227,4251,2026-08-09 19:02:00,景点门票,87.25,0,0,抖音
7228,4252,2026-08-22 10:02:00,酒店预订,264.8,0,0,自然
7229,4252,2026-08-22 18:59:00,一日游套餐,210.75,1,0,自然
7230,4253,2026-07-12 14:05:00,一日游套餐,206.08,1,0,自然
7231,4253,2026-07-20 13:30:00,酒店预订,213.05,1,0,自然
7232,4254,2026-06-28 08:40:00,酒店预订,187.33,0,0,抖音
7233,4254,2026-06-28 07:17:00,一日游套餐,441.27,1,0,抖音
7234,4255,2026-06-19 13:02:00,景点门票,63.96,0,0,微信
7235,4255,2026-07-02 18:16:00,景点门票,120.35,1,0,微信
7236,4255,2026-07-05 09:01:00,景点门票,179.42,1,1,微信
7237,4255,2026-07-23 07:55:00,酒店预订,488.52,1,0,微信
7238,4256,2026-08-10 07:21:00,酒店预订,501.49,1,0,自然
7239,4257,2026-06-16 07:52:00,酒店预订,194.75,1,0,自然
7240,4257,2026-06-26 21:13:00,一日游套餐,250.89,1,1,自然
7241,4258,2026-07-10 21:18:00,一日游套餐,332.76,1,0,抖音
7242,4258,2026-08-29 14:10:00,酒店预订,235.47,1,0,抖音
7243,4259,2026-08-23 18:57:00,景点门票,127.35,1,0,地推
7244,4260,2026-07-02 13:33:00,景点门票,101.57,0,0,自然
7245,4260,2026-07-28 13:20:00,一日游套餐,303.37,1,0,自然
7246,4261,2026-07-15 22:10:00,酒店预订,221.76,0,0,地推
7247,4262,2026-06-19 22:47:00,一日游套餐,263.2,1,0,微信
7248,4262,2026-07-16 07:41:00,景点门票,88.76,1,0,微信
7249,4262,2026-07-21 19:42:00,景点门票,104.33,0,0,微信
7250,4262,2026-07-21 15:36:00,酒店预订,547.45,1,0,微信
7251,4263,2026-06-30 09:45:00,酒店预订,439.6,1,0,自然
7252,4263,2026-07-27 07:24:00,酒店预订,465.8,1,0,自然
7253,4264,2026-07-03 10:01:00,景点门票,156.31,0,0,微信
7254,4264,2026-07-12 20:06:00,景点门票,52.16,1,0,微信
7255,4264,2026-08-08 11:33:00,酒店预订,292.3,1,0,微信
7256,4266,2026-07-11 18:54:00,景点门票,67.14,0,0,抖音
7257,4266,2026-07-13 10:34:00,酒店预订,449.8,0,0,抖音
7258,4267,2026-08-01 20:03:00,景点门票,158.93,1,0,抖音
7259,4268,2026-07-24 08:28:00,酒店预订,290.89,1,0,微信
7260,4268,2026-07-29 08:35:00,景点门票,130.51,1,0,微信
7261,4268,2026-07-29 11:21:00,景点门票,93.41,0,0,微信
7262,4268,2026-08-09 16:18:00,酒店预订,266.48,1,0,微信
7263,4268,2026-08-10 12:33:00,酒店预订,257.78,1,0,微信
7264,4268,2026-08-22 10:06:00,景点门票,59.71,0,0,微信
7265,4270,2026-07-27 20:20:00,酒店预订,427.13,1,0,小红书
7266,4273,2026-06-21 17:30:00,酒店预订,560.55,1,0,微信
7267,4273,2026-06-23 09:32:00,酒店预订,424.29,1,0,微信
7268,4273,2026-06-23 18:45:00,景点门票,121.49,1,0,微信
7269,4273,2026-06-24 17:40:00,景点门票,60.68,0,0,微信
7270,4273,2026-07-11 20:36:00,酒店预订,185.94,1,1,微信
7271,4273,2026-07-22 15:00:00,酒店预订,527.56,0,0,微信
7272,4273,2026-07-24 17:03:00,一日游套餐,314.72,0,0,微信
7273,4273,2026-07-26 11:22:00,酒店预订,494.72,1,0,微信
7274,4274,2026-07-16 17:30:00,景点门票,114.67,1,0,微信
7275,4274,2026-07-21 20:52:00,景点门票,157.29,0,0,微信
7276,4274,2026-08-17 08:14:00,景点门票,72.72,1,1,微信
7277,4276,2026-08-05 21:34:00,景点门票,60.2,0,0,自然
7278,4276,2026-08-07 22:03:00,一日游套餐,427.09,1,0,自然
7279,4276,2026-08-10 07:34:00,景点门票,137.31,1,0,自然
7280,4278,2026-06-19 13:16:00,景点门票,155.89,1,0,微信
7281,4278,2026-06-21 14:10:00,景点门票,121.69,0,0,微信
7282,4278,2026-06-23 07:57:00,酒店预订,190.15,1,0,微信
7283,4278,2026-06-24 11:20:00,景点门票,61.17,1,0,微信
7284,4278,2026-07-19 20:50:00,酒店预订,363.81,1,0,微信
7285,4278,2026-07-30 20:27:00,景点门票,143.58,1,1,微信
7286,4279,2026-07-12 15:37:00,一日游套餐,349.85,0,0,自然
7287,4279,2026-07-22 18:33:00,酒店预订,475.78,1,0,自然
7288,4279,2026-08-05 18:04:00,酒店预订,269.38,0,0,自然
7289,4280,2026-08-23 17:36:00,景点门票,42.25,1,0,小红书
7290,4281,2026-07-21 22:08:00,景点门票,135.94,0,0,自然
7291,4281,2026-08-30 22:41:00,酒店预订,519.16,1,1,自然
7292,4282,2026-07-10 14:07:00,酒店预订,290.85,1,0,抖音
7293,4283,2026-07-09 14:29:00,酒店预订,393.27,0,0,小红书
7294,4283,2026-07-25 16:13:00,一日游套餐,401.1,1,0,小红书
7295,4283,2026-07-26 18:26:00,一日游套餐,293.26,1,1,小红书
7296,4283,2026-08-16 21:34:00,景点门票,80.82,1,0,小红书
7297,4284,2026-07-17 10:44:00,景点门票,64.28,1,0,自然
7298,4284,2026-08-02 20:34:00,景点门票,127.08,1,0,自然
7299,4285,2026-08-18 13:07:00,一日游套餐,307.94,1,0,微信
7300,4286,2026-08-13 08:17:00,景点门票,132.75,1,0,自然
7301,4286,2026-08-14 14:00:00,景点门票,177.42,1,0,自然
7302,4288,2026-07-11 19:26:00,景点门票,167.94,1,0,自然
7303,4289,2026-06-27 12:14:00,酒店预订,477.87,0,0,地推
7304,4289,2026-07-17 11:26:00,酒店预订,274.07,1,1,地推
7305,4290,2026-08-09 09:30:00,景点门票,108.28,1,0,小红书
7306,4291,2026-08-09 11:06:00,景点门票,154.61,1,0,自然
7307,4291,2026-08-25 18:58:00,景点门票,65.78,1,0,自然
7308,4293,2026-07-26 18:02:00,景点门票,149.09,1,0,自然
7309,4294,2026-08-04 19:42:00,景点门票,111.47,1,0,小红书
7310,4295,2026-08-05 20:14:00,景点门票,85.88,1,0,微信
7311,4295,2026-08-09 16:33:00,景点门票,147.69,1,0,微信
7312,4295,2026-08-12 08:20:00,一日游套餐,387.58,0,0,微信
7313,4295,2026-08-23 23:02:00,景点门票,102.4,1,0,微信
7314,4296,2026-06-20 07:37:00,景点门票,80.26,1,0,抖音
7315,4297,2026-08-09 10:43:00,一日游套餐,338.65,0,0,抖音
7316,4298,2026-06-25 07:52:00,景点门票,77.6,1,0,小红书
7317,4298,2026-06-26 17:12:00,景点门票,119.76,1,0,小红书
7318,4298,2026-07-14 07:54:00,景点门票,66.1,0,0,小红书
7319,4298,2026-08-19 13:09:00,酒店预订,319.77,0,0,小红书
7320,4299,2026-07-01 19:14:00,景点门票,66.64,1,1,抖音
7321,4299,2026-07-24 17:59:00,酒店预订,266.26,1,0,抖音
7322,4300,2026-08-02 20:11:00,酒店预订,449.02,1,0,小红书
7323,4303,2026-07-10 12:27:00,酒店预订,262.6,1,0,地推
7324,4304,2026-07-24 12:28:00,景点门票,118.98,0,0,抖音
7325,4305,2026-07-30 13:28:00,酒店预订,311.49,1,0,自然
7326,4306,2026-08-09 10:39:00,酒店预订,437.06,1,0,自然
7327,4307,2026-08-02 22:46:00,景点门票,129.29,0,0,抖音
7328,4307,2026-08-02 07:24:00,酒店预订,534.05,0,0,抖音
7329,4308,2026-06-19 14:15:00,一日游套餐,254.11,0,0,抖音
7330,4308,2026-06-21 20:31:00,酒店预订,449.4,0,0,抖音
7331,4309,2026-06-25 22:19:00,景点门票,150.8,1,0,地推
7332,4310,2026-08-09 10:19:00,景点门票,91.9,1,0,小红书
7333,4310,2026-08-09 13:00:00,酒店预订,302.39,0,0,小红书
7334,4310,2026-08-11 21:53:00,景点门票,73.65,1,0,小红书
7335,4310,2026-08-11 10:36:00,景点门票,58.26,1,0,小红书
7336,4310,2026-08-12 21:23:00,酒店预订,387.43,1,1,小红书
7337,4310,2026-08-20 19:40:00,一日游套餐,244.13,1,0,小红书
7338,4312,2026-07-21 14:33:00,景点门票,97.31,1,0,微信
7339,4312,2026-07-24 18:47:00,酒店预订,557.94,0,0,微信
7340,4312,2026-08-13 15:32:00,酒店预订,497.9,1,0,微信
7341,4312,2026-08-24 07:28:00,一日游套餐,349.77,1,0,微信
7342,4312,2026-08-26 17:40:00,景点门票,49.2,1,0,微信
7343,4313,2026-07-05 12:44:00,酒店预订,496.28,1,0,自然
7344,4313,2026-07-22 14:18:00,酒店预订,554.18,0,0,自然
7345,4313,2026-08-29 13:03:00,一日游套餐,397.1,1,0,自然
7346,4314,2026-06-09 10:11:00,酒店预订,566.19,1,0,微信
7347,4314,2026-06-16 22:38:00,酒店预订,567.39,0,0,微信
7348,4314,2026-07-05 12:36:00,一日游套餐,438.96,1,0,微信
7349,4314,2026-08-03 16:17:00,酒店预订,458.59,1,0,微信
7350,4315,2026-07-18 10:09:00,酒店预订,253.35,0,0,自然
7351,4315,2026-08-07 09:55:00,酒店预订,193.5,1,0,自然
7352,4316,2026-07-21 07:48:00,酒店预订,457.74,1,0,小红书
7353,4316,2026-08-15 18:58:00,景点门票,96.83,0,0,小红书
7354,4316,2026-08-31 10:49:00,景点门票,55.79,1,0,小红书
7355,4317,2026-06-28 13:35:00,酒店预订,578.29,1,0,地推
7356,4318,2026-07-05 11:25:00,景点门票,117.78,0,0,微信
7357,4318,2026-07-11 20:33:00,酒店预订,194.11,1,0,微信
7358,4318,2026-07-12 22:21:00,酒店预订,482.1,0,0,微信
7359,4318,2026-07-25 20:11:00,景点门票,55.1,1,0,微信
7360,4318,2026-07-28 20:02:00,景点门票,80.63,1,0,微信
7361,4318,2026-08-09 18:13:00,一日游套餐,343.63,1,0,微信
7362,4319,2026-06-27 12:40:00,酒店预订,302.01,1,0,微信
7363,4319,2026-08-15 12:51:00,一日游套餐,219.09,1,0,微信
7364,4320,2026-08-14 16:20:00,一日游套餐,424.16,1,0,抖音
7365,4321,2026-07-18 16:13:00,酒店预订,508.35,1,0,微信
7366,4321,2026-08-14 18:50:00,酒店预订,586.29,1,0,微信
7367,4321,2026-08-23 08:02:00,景点门票,154.55,0,0,微信
7368,4322,2026-07-26 16:40:00,一日游套餐,396.5,1,0,抖音
7369,4322,2026-08-22 14:06:00,景点门票,163.26,1,0,抖音
7370,4323,2026-07-18 19:30:00,酒店预订,501.79,1,0,小红书
7371,4324,2026-06-19 15:51:00,一日游套餐,262.13,0,0,自然
7372,4324,2026-06-25 18:48:00,景点门票,143.34,0,0,自然
7373,4324,2026-06-25 08:07:00,酒店预订,284.45,1,0,自然
7374,4324,2026-07-02 08:59:00,景点门票,58.6,0,0,自然
7375,4324,2026-08-02 15:03:00,一日游套餐,312.35,0,0,自然
7376,4325,2026-06-11 10:12:00,酒店预订,479.68,1,1,自然
7377,4325,2026-06-14 09:33:00,景点门票,157.34,0,0,自然
7378,4325,2026-06-21 10:52:00,景点门票,100.62,1,0,自然
7379,4325,2026-06-21 18:42:00,酒店预订,304.45,1,0,自然
7380,4325,2026-07-01 09:53:00,酒店预订,378.25,1,0,自然
7381,4325,2026-07-03 09:54:00,一日游套餐,347.71,0,0,自然
7382,4326,2026-06-20 12:26:00,酒店预订,466.3,0,0,抖音
7383,4328,2026-08-15 08:40:00,一日游套餐,368.4,1,0,小红书
7384,4328,2026-08-15 11:03:00,酒店预订,529.65,1,0,小红书
7385,4328,2026-08-20 11:18:00,酒店预订,497.29,1,0,小红书
7386,4329,2026-07-21 11:55:00,酒店预订,329.21,1,0,微信
7387,4329,2026-08-30 09:14:00,景点门票,43.43,1,0,微信
7388,4330,2026-06-26 07:26:00,景点门票,49.7,1,0,地推
7389,4331,2026-07-18 19:47:00,一日游套餐,205.61,1,0,自然
7390,4332,2026-06-21 11:01:00,景点门票,115.03,0,0,地推
7391,4333,2026-07-03 12:38:00,酒店预订,387.9,0,0,自然
7392,4335,2026-07-10 17:45:00,一日游套餐,202.18,1,0,微信
7393,4335,2026-08-23 16:41:00,一日游套餐,268.25,1,0,微信
7394,4336,2026-07-19 20:08:00,景点门票,161.52,1,1,自然
7395,4337,2026-08-19 07:17:00,酒店预订,243.36,1,0,自然
7396,4337,2026-08-24 08:26:00,酒店预订,323.57,1,0,自然
7397,4337,2026-08-25 09:21:00,酒店预订,452.76,1,0,自然
7398,4337,2026-08-29 20:48:00,景点门票,97.18,0,0,自然
7399,4338,2026-06-24 13:40:00,景点门票,67.83,1,0,自然
7400,4338,2026-07-01 18:16:00,一日游套餐,446.37,0,0,自然
7401,4338,2026-07-22 20:23:00,景点门票,145.18,0,0,自然
7402,4339,2026-08-05 17:20:00,酒店预订,270.88,0,0,抖音
7403,4340,2026-08-30 10:30:00,一日游套餐,294.96,1,0,微信
7404,4341,2026-07-18 20:46:00,酒店预订,329.61,0,0,自然
7405,4341,2026-07-18 21:29:00,景点门票,129.09,0,0,自然
7406,4341,2026-08-08 17:22:00,景点门票,111.01,1,0,自然
7407,4342,2026-06-18 22:25:00,酒店预订,238.16,0,0,自然
7408,4342,2026-06-26 11:06:00,酒店预订,231.74,1,0,自然
7409,4342,2026-07-06 09:01:00,酒店预订,208.45,1,1,自然
7410,4342,2026-07-06 12:21:00,景点门票,154.14,1,0,自然
7411,4342,2026-07-28 17:50:00,一日游套餐,364.89,0,0,自然
7412,4343,2026-07-28 15:03:00,景点门票,88.89,0,0,抖音
7413,4344,2026-06-14 11:04:00,景点门票,60.37,1,0,自然
7414,4344,2026-07-14 22:17:00,景点门票,154.23,0,0,自然
7415,4344,2026-07-30 17:15:00,景点门票,69.84,0,0,自然
7416,4345,2026-06-20 14:21:00,酒店预订,196.58,1,0,小红书
7417,4347,2026-07-25 11:16:00,酒店预订,296.98,1,0,微信
7418,4347,2026-07-30 17:05:00,酒店预订,319.24,1,0,微信
7419,4347,2026-07-30 22:44:00,景点门票,49.18,1,0,微信
7420,4348,2026-06-28 14:33:00,一日游套餐,264.45,1,0,微信
7421,4348,2026-07-06 19:34:00,酒店预订,257.55,0,0,微信
7422,4348,2026-07-10 08:44:00,景点门票,76.97,0,0,微信
7423,4348,2026-08-01 13:15:00,一日游套餐,226.3,0,0,微信
7424,4349,2026-07-16 22:58:00,景点门票,150.44,1,1,抖音
7425,4351,2026-06-26 14:39:00,一日游套餐,361.35,1,0,自然
7426,4351,2026-07-07 12:49:00,一日游套餐,318.04,1,0,自然
7427,4352,2026-08-05 08:45:00,酒店预订,415.56,0,0,自然
7428,4352,2026-08-09 18:23:00,景点门票,92.33,1,0,自然
7429,4353,2026-07-06 20:52:00,一日游套餐,202.39,1,0,小红书
7430,4353,2026-08-13 18:26:00,一日游套餐,425.84,1,0,小红书
7431,4354,2026-06-29 22:01:00,一日游套餐,285.22,0,0,自然
7432,4355,2026-06-18 21:02:00,一日游套餐,316.08,1,0,微信
7433,4355,2026-07-05 15:09:00,一日游套餐,377.98,1,0,微信
7434,4355,2026-07-14 21:25:00,一日游套餐,353.85,1,0,微信
7435,4355,2026-07-21 12:47:00,酒店预订,320.7,0,0,微信
7436,4356,2026-07-15 15:26:00,景点门票,41.74,0,0,小红书
7437,4356,2026-07-20 10:16:00,景点门票,56.49,1,0,小红书
7438,4356,2026-07-21 20:58:00,一日游套餐,309.22,1,0,小红书
7439,4358,2026-08-06 22:49:00,景点门票,170.82,0,0,抖音
7440,4359,2026-07-17 18:19:00,酒店预订,260.62,0,0,抖音
7441,4359,2026-08-05 15:27:00,景点门票,152.04,1,0,抖音
7442,4359,2026-08-14 07:26:00,景点门票,155.51,1,0,抖音
7443,4360,2026-08-08 14:12:00,景点门票,112.48,0,0,小红书
7444,4361,2026-06-23 09:49:00,酒店预订,459.48,0,0,自然
7445,4362,2026-06-12 18:58:00,景点门票,104.01,1,0,抖音
7446,4362,2026-06-17 14:12:00,景点门票,162.58,0,0,抖音
7447,4362,2026-06-17 21:34:00,一日游套餐,441.21,0,0,抖音
7448,4363,2026-06-23 21:04:00,景点门票,104.73,0,0,小红书
7449,4365,2026-07-23 12:57:00,一日游套餐,200.81,1,0,小红书
7450,4365,2026-08-01 19:40:00,酒店预订,599.49,0,0,小红书
7451,4365,2026-08-08 20:43:00,一日游套餐,256.41,0,0,小红书
7452,4366,2026-07-08 08:49:00,一日游套餐,241.55,0,0,自然
7453,4366,2026-07-10 22:55:00,酒店预订,530.68,1,0,自然
7454,4370,2026-07-09 10:20:00,酒店预订,247.46,1,0,抖音
7455,4371,2026-07-18 12:58:00,景点门票,155.26,1,0,自然
7456,4372,2026-08-05 19:32:00,酒店预订,290.17,1,0,自然
7457,4372,2026-08-18 09:25:00,酒店预订,490.19,1,0,自然
7458,4373,2026-07-15 14:56:00,一日游套餐,436.83,0,0,抖音
7459,4374,2026-08-07 10:37:00,一日游套餐,329.84,0,0,自然
7460,4376,2026-07-04 11:24:00,酒店预订,344.92,1,1,自然
7461,4376,2026-07-13 15:35:00,酒店预订,274.25,1,1,自然
7462,4376,2026-07-25 19:57:00,景点门票,53.19,1,0,自然
7463,4377,2026-07-30 13:38:00,一日游套餐,398.23,0,0,小红书
7464,4377,2026-07-31 17:52:00,酒店预订,383.12,1,0,小红书
7465,4378,2026-07-05 15:19:00,酒店预订,447.83,1,0,自然
7466,4379,2026-08-01 17:36:00,一日游套餐,253.36,1,1,微信
7467,4379,2026-08-26 15:43:00,一日游套餐,346.15,1,0,微信
7468,4380,2026-08-03 15:18:00,景点门票,53.53,0,0,自然
7469,4382,2026-07-08 11:18:00,景点门票,144.48,0,0,抖音
7470,4385,2026-06-24 21:02:00,酒店预订,506.61,1,0,微信
7471,4386,2026-07-20 08:47:00,景点门票,110.56,0,0,地推
7472,4387,2026-08-21 16:27:00,酒店预订,510.53,0,0,抖音
7473,4389,2026-06-26 10:49:00,景点门票,106.11,1,0,小红书
7474,4389,2026-06-27 12:46:00,景点门票,61.13,1,0,小红书
7475,4389,2026-06-28 14:17:00,酒店预订,369.87,1,0,小红书
7476,4389,2026-08-16 20:09:00,景点门票,133.08,1,1,小红书
7477,4390,2026-07-19 22:43:00,景点门票,48.24,0,0,小红书
7478,4391,2026-08-21 18:42:00,一日游套餐,442.19,1,0,自然
7479,4391,2026-08-29 17:42:00,景点门票,120.8,0,0,自然
7480,4391,2026-08-31 17:30:00,景点门票,120.48,1,0,自然
7481,4392,2026-07-21 10:03:00,一日游套餐,221.7,1,0,微信
7482,4392,2026-07-29 14:06:00,一日游套餐,308.76,0,0,微信
7483,4392,2026-08-09 16:28:00,景点门票,115.63,1,0,微信
7484,4392,2026-08-30 13:41:00,一日游套餐,327.04,0,0,微信
7485,4393,2026-07-01 15:46:00,酒店预订,520.04,0,0,抖音
7486,4393,2026-07-02 17:53:00,酒店预订,302.39,1,0,抖音
7487,4393,2026-07-18 18:45:00,景点门票,112.0,0,0,抖音
7488,4393,2026-08-01 20:31:00,景点门票,91.07,1,0,抖音
7489,4395,2026-07-13 10:44:00,酒店预订,504.05,0,0,抖音
7490,4396,2026-07-16 13:19:00,酒店预订,256.2,0,0,抖音
7491,4396,2026-08-06 10:49:00,酒店预订,351.93,0,0,抖音
7492,4397,2026-07-02 20:46:00,景点门票,134.03,0,0,自然
7493,4397,2026-07-07 08:00:00,酒店预订,216.13,0,0,自然
7494,4397,2026-07-07 09:18:00,酒店预订,374.3,1,0,自然
7495,4397,2026-07-08 11:59:00,酒店预订,263.3,1,0,自然
7496,4397,2026-08-08 13:49:00,酒店预订,403.21,1,0,自然
7497,4398,2026-08-27 11:34:00,一日游套餐,235.43,0,0,小红书
7498,4399,2026-07-23 10:29:00,景点门票,127.07,0,0,自然
7499,4399,2026-07-27 14:11:00,景点门票,92.08,0,0,自然
7500,4400,2026-06-12 13:12:00,一日游套餐,214.82,1,0,微信
7501,4400,2026-06-13 19:53:00,酒店预订,430.73,0,0,微信
7502,4400,2026-06-21 19:26:00,酒店预订,212.49,1,0,微信
7503,4400,2026-08-03 09:29:00,一日游套餐,319.38,0,0,微信
7504,4400,2026-08-03 20:04:00,景点门票,100.41,1,0,微信
7505,4401,2026-06-20 12:23:00,酒店预订,593.61,1,0,微信
7506,4401,2026-06-24 14:45:00,一日游套餐,379.39,1,0,微信
7507,4401,2026-07-09 22:09:00,景点门票,69.15,0,0,微信
7508,4401,2026-07-24 10:13:00,景点门票,132.88,1,0,微信
7509,4401,2026-08-08 12:34:00,酒店预订,357.09,1,0,微信
7510,4403,2026-06-15 22:45:00,一日游套餐,270.54,1,0,自然
7511,4403,2026-06-17 14:46:00,景点门票,146.56,0,0,自然
7512,4403,2026-06-25 09:20:00,酒店预订,431.89,1,0,自然
7513,4403,2026-07-04 19:52:00,一日游套餐,257.38,0,0,自然
7514,4403,2026-07-17 12:28:00,一日游套餐,323.81,1,0,自然
7515,4403,2026-07-25 14:04:00,酒店预订,348.06,1,0,自然
7516,4404,2026-08-18 19:57:00,景点门票,66.07,1,0,自然
7517,4404,2026-08-20 15:22:00,景点门票,68.85,1,0,自然
7518,4405,2026-08-09 21:35:00,酒店预订,221.9,0,0,抖音
7519,4405,2026-08-11 09:59:00,酒店预订,593.68,1,0,抖音
7520,4405,2026-08-12 11:34:00,景点门票,43.56,0,0,抖音
7521,4406,2026-07-27 17:37:00,景点门票,127.09,1,0,小红书
7522,4406,2026-08-14 20:39:00,景点门票,161.33,1,0,小红书
7523,4407,2026-06-12 22:47:00,景点门票,97.1,1,0,地推
7524,4407,2026-07-12 21:57:00,酒店预订,518.2,1,0,地推
7525,4408,2026-06-22 09:37:00,酒店预订,249.15,1,0,抖音
7526,4408,2026-08-16 13:52:00,一日游套餐,307.49,0,0,抖音
7527,4409,2026-07-27 19:42:00,酒店预订,409.39,1,0,微信
7528,4409,2026-08-02 11:43:00,一日游套餐,390.66,1,0,微信
7529,4409,2026-08-06 17:57:00,景点门票,142.48,1,1,微信
7530,4410,2026-08-12 10:17:00,一日游套餐,213.98,0,0,自然
7531,4413,2026-06-07 13:51:00,一日游套餐,202.97,1,0,小红书
7532,4413,2026-06-07 21:51:00,酒店预订,287.3,0,0,小红书
7533,4414,2026-06-14 12:41:00,景点门票,128.13,1,0,自然
7534,4414,2026-07-26 09:28:00,景点门票,106.88,1,0,自然
7535,4414,2026-07-26 09:12:00,酒店预订,318.0,1,0,自然
7536,4415,2026-07-24 14:00:00,景点门票,132.0,1,0,自然
7537,4415,2026-08-26 09:43:00,酒店预订,269.51,1,0,自然
7538,4416,2026-08-13 15:41:00,酒店预订,268.11,1,0,微信
7539,4418,2026-08-04 13:13:00,一日游套餐,206.98,1,0,自然
7540,4418,2026-08-28 23:08:00,酒店预订,391.72,1,1,自然
7541,4419,2026-07-11 21:28:00,酒店预订,503.53,0,0,自然
7542,4419,2026-08-03 18:42:00,景点门票,113.58,1,0,自然
7543,4422,2026-08-06 11:46:00,一日游套餐,430.93,0,0,自然
7544,4422,2026-08-26 07:24:00,景点门票,177.8,1,0,自然
7545,4423,2026-06-22 08:09:00,一日游套餐,282.4,1,0,小红书
7546,4423,2026-06-23 13:57:00,景点门票,138.63,0,0,小红书
7547,4423,2026-07-05 11:27:00,景点门票,87.57,1,0,小红书
7548,4424,2026-07-25 16:55:00,酒店预订,525.83,1,0,自然
7549,4424,2026-08-04 15:55:00,一日游套餐,311.25,0,0,自然
7550,4425,2026-06-22 20:42:00,景点门票,57.03,1,0,小红书
7551,4425,2026-06-29 13:26:00,景点门票,72.76,1,0,小红书
7552,4425,2026-07-26 14:54:00,一日游套餐,354.63,1,0,小红书
7553,4427,2026-07-07 20:17:00,景点门票,145.13,1,0,自然
7554,4427,2026-08-13 22:01:00,一日游套餐,346.84,1,0,自然
7555,4428,2026-08-14 12:08:00,酒店预订,259.11,0,0,自然
7556,4429,2026-07-02 10:43:00,酒店预订,524.67,1,0,自然
7557,4430,2026-07-12 22:56:00,酒店预订,276.31,1,0,自然
7558,4430,2026-08-01 19:59:00,一日游套餐,249.7,0,0,自然
7559,4432,2026-06-23 17:42:00,景点门票,158.72,0,0,地推
7560,4432,2026-07-17 20:19:00,酒店预订,326.51,0,0,地推
7561,4432,2026-07-17 17:05:00,景点门票,144.58,0,0,地推
7562,4433,2026-08-05 14:37:00,景点门票,179.98,1,0,微信
7563,4433,2026-08-05 12:19:00,一日游套餐,391.55,1,1,微信
7564,4433,2026-08-15 16:34:00,酒店预订,279.8,1,0,微信
7565,4437,2026-06-25 14:53:00,一日游套餐,311.35,1,0,微信
7566,4437,2026-07-01 09:23:00,景点门票,61.15,1,0,微信
7567,4438,2026-07-15 10:17:00,景点门票,121.88,1,0,自然
7568,4438,2026-07-22 19:04:00,一日游套餐,255.4,1,0,自然
7569,4438,2026-07-23 13:10:00,一日游套餐,291.58,0,0,自然
7570,4438,2026-07-27 09:43:00,景点门票,142.99,1,0,自然
7571,4439,2026-07-31 20:05:00,景点门票,115.71,1,0,自然
7572,4439,2026-08-08 21:48:00,一日游套餐,287.9,1,0,自然
7573,4440,2026-07-21 12:42:00,一日游套餐,235.77,1,1,抖音
7574,4441,2026-07-14 13:44:00,一日游套餐,430.29,1,0,自然
7575,4443,2026-07-05 10:55:00,一日游套餐,376.76,1,0,微信
7576,4443,2026-07-06 18:35:00,酒店预订,527.27,1,0,微信
7577,4443,2026-07-06 19:16:00,景点门票,73.63,0,0,微信
7578,4443,2026-07-14 21:02:00,景点门票,61.68,1,0,微信
7579,4444,2026-07-25 07:26:00,景点门票,43.96,1,0,地推
7580,4445,2026-07-02 22:24:00,酒店预订,306.16,0,0,自然
7581,4448,2026-06-17 14:05:00,景点门票,61.5,1,0,抖音
7582,4448,2026-07-09 11:59:00,酒店预订,308.77,1,0,抖音
7583,4449,2026-08-19 08:03:00,景点门票,148.12,1,0,抖音
7584,4450,2026-07-23 10:34:00,酒店预订,328.24,1,0,自然
7585,4450,2026-07-23 15:54:00,景点门票,175.84,1,0,自然
7586,4450,2026-07-26 20:41:00,景点门票,178.12,1,0,自然
7587,4450,2026-08-18 18:25:00,景点门票,164.78,1,0,自然
7588,4451,2026-07-12 22:29:00,景点门票,157.92,0,0,微信
7589,4451,2026-07-23 09:23:00,酒店预订,557.2,0,0,微信
7590,4451,2026-08-09 11:53:00,景点门票,86.47,1,0,微信
7591,4451,2026-08-14 09:07:00,一日游套餐,321.51,1,0,微信
7592,4453,2026-08-06 07:22:00,酒店预订,357.38,1,0,小红书
7593,4453,2026-08-10 19:06:00,酒店预订,325.87,0,0,小红书
7594,4454,2026-07-06 21:42:00,景点门票,121.7,1,0,小红书
7595,4454,2026-07-08 21:53:00,酒店预订,302.92,0,0,小红书
7596,4454,2026-08-19 11:07:00,景点门票,141.27,0,0,小红书
7597,4456,2026-08-08 16:50:00,景点门票,148.47,0,0,抖音
7598,4457,2026-07-01 12:17:00,景点门票,168.94,1,0,自然
7599,4457,2026-07-04 10:28:00,景点门票,45.15,0,0,自然
7600,4458,2026-07-29 10:42:00,景点门票,171.2,1,0,小红书
7601,4458,2026-07-31 11:50:00,景点门票,79.1,0,0,小红书
7602,4459,2026-07-15 17:31:00,酒店预订,329.88,0,0,自然
7603,4459,2026-07-21 13:20:00,一日游套餐,207.99,1,0,自然
7604,4460,2026-07-13 16:09:00,景点门票,74.7,1,0,微信
7605,4460,2026-07-17 20:14:00,景点门票,93.82,1,0,微信
7606,4460,2026-07-22 15:26:00,一日游套餐,224.17,1,0,微信
7607,4460,2026-08-06 14:51:00,景点门票,102.54,1,0,微信
7608,4460,2026-08-22 11:35:00,景点门票,86.11,1,0,微信
7609,4460,2026-08-22 21:51:00,一日游套餐,209.66,1,0,微信
7610,4462,2026-07-18 17:22:00,一日游套餐,328.04,1,0,抖音
7611,4466,2026-07-09 14:08:00,一日游套餐,305.78,0,0,自然
7612,4466,2026-07-10 17:30:00,景点门票,85.84,1,0,自然
7613,4466,2026-07-12 17:44:00,景点门票,57.98,1,0,自然
7614,4466,2026-07-17 14:41:00,酒店预订,597.55,0,0,自然
7615,4468,2026-07-26 16:25:00,一日游套餐,353.71,0,0,小红书
7616,4471,2026-07-02 08:08:00,景点门票,86.62,1,0,地推
7617,4472,2026-06-24 20:50:00,酒店预订,192.41,1,0,自然
7618,4472,2026-07-10 17:50:00,景点门票,53.44,0,0,自然
7619,4472,2026-07-20 11:14:00,酒店预订,298.84,1,0,自然
7620,4472,2026-08-22 17:17:00,酒店预订,392.03,0,0,自然
7621,4473,2026-07-11 08:28:00,景点门票,96.36,1,1,小红书
7622,4473,2026-07-12 18:41:00,景点门票,68.07,1,0,小红书
7623,4473,2026-07-18 21:16:00,一日游套餐,371.38,1,0,小红书
7624,4473,2026-08-02 11:31:00,酒店预订,246.29,1,0,小红书
7625,4474,2026-07-10 21:44:00,景点门票,61.42,1,0,自然
7626,4474,2026-07-14 11:15:00,一日游套餐,332.77,1,0,自然
7627,4474,2026-08-16 19:47:00,酒店预订,248.74,0,0,自然
7628,4474,2026-08-27 19:29:00,一日游套餐,255.44,0,0,自然
7629,4476,2026-07-26 07:12:00,一日游套餐,293.08,1,0,小红书
7630,4476,2026-08-02 10:23:00,酒店预订,295.9,1,0,小红书
7631,4477,2026-06-20 19:57:00,一日游套餐,239.93,1,0,抖音
7632,4477,2026-06-20 13:48:00,酒店预订,276.33,0,0,抖音
7633,4477,2026-07-02 21:55:00,景点门票,119.89,1,0,抖音
7634,4478,2026-07-21 12:45:00,景点门票,166.06,1,0,自然
7635,4478,2026-07-22 17:30:00,景点门票,101.05,0,0,自然
7636,4478,2026-07-24 10:13:00,酒店预订,436.53,1,0,自然
7637,4478,2026-07-24 10:31:00,酒店预订,380.22,1,0,自然
7638,4479,2026-07-15 08:41:00,景点门票,132.62,1,0,微信
7639,4479,2026-07-16 12:33:00,酒店预订,531.41,1,0,微信
7640,4479,2026-07-17 08:36:00,景点门票,59.15,0,0,微信
7641,4479,2026-07-18 10:38:00,酒店预订,548.13,1,0,微信
7642,4479,2026-08-14 12:00:00,景点门票,72.87,0,0,微信
7643,4480,2026-08-11 17:46:00,酒店预订,568.89,0,0,地推
7644,4481,2026-06-16 17:01:00,景点门票,75.75,1,0,抖音
7645,4483,2026-07-25 18:19:00,景点门票,174.36,1,0,微信
7646,4483,2026-07-27 07:52:00,景点门票,107.07,0,0,微信
7647,4483,2026-08-04 12:38:00,景点门票,169.08,1,0,微信
7648,4484,2026-06-22 16:52:00,酒店预订,189.48,1,0,自然
7649,4485,2026-07-10 15:20:00,一日游套餐,286.65,0,0,微信
7650,4485,2026-07-25 20:31:00,酒店预订,404.17,0,0,微信
7651,4485,2026-08-02 14:17:00,酒店预订,442.35,1,0,微信
7652,4485,2026-08-12 08:10:00,酒店预订,365.99,1,0,微信
7653,4485,2026-08-30 11:29:00,一日游套餐,260.99,1,0,微信
7654,4486,2026-06-30 20:08:00,一日游套餐,349.61,0,0,自然
7655,4487,2026-08-25 18:29:00,一日游套餐,226.96,1,1,微信
7656,4487,2026-08-25 16:29:00,一日游套餐,208.87,1,0,微信
7657,4487,2026-08-27 21:34:00,景点门票,151.32,1,0,微信
7658,4487,2026-08-30 15:17:00,酒店预订,416.63,1,0,微信
7659,4488,2026-06-29 21:49:00,酒店预订,293.94,1,0,自然
7660,4488,2026-06-29 10:50:00,酒店预订,577.64,0,0,自然
7661,4489,2026-07-11 08:05:00,景点门票,113.81,0,0,自然
7662,4489,2026-07-27 18:09:00,酒店预订,478.95,1,0,自然
7663,4489,2026-08-12 07:30:00,酒店预订,590.01,1,0,自然
7664,4490,2026-08-21 12:40:00,景点门票,159.03,1,0,抖音
7665,4490,2026-08-23 09:14:00,一日游套餐,206.86,0,0,抖音
7666,4492,2026-07-10 15:40:00,景点门票,123.84,1,0,微信
7667,4492,2026-07-13 18:43:00,景点门票,93.8,0,0,微信
7668,4492,2026-08-02 08:13:00,一日游套餐,306.72,1,0,微信
7669,4495,2026-07-07 14:44:00,一日游套餐,427.02,1,0,自然
7670,4497,2026-07-19 15:53:00,酒店预订,411.55,0,0,抖音
7671,4499,2026-06-16 11:48:00,酒店预订,307.98,0,0,微信
7672,4499,2026-07-08 19:39:00,酒店预订,363.8,0,0,微信
7673,4499,2026-07-21 10:54:00,景点门票,82.21,1,0,微信
7674,4499,2026-07-24 13:37:00,景点门票,133.06,1,0,微信
7675,4500,2026-08-14 11:16:00,景点门票,163.41,1,0,微信
7676,4500,2026-08-18 16:05:00,景点门票,52.35,1,0,微信
7677,4501,2026-07-14 21:34:00,一日游套餐,364.29,1,0,自然
7678,4501,2026-07-18 11:46:00,酒店预订,331.17,1,0,自然
7679,4501,2026-08-11 22:30:00,景点门票,123.19,1,0,自然
7680,4502,2026-08-10 18:00:00,景点门票,130.1,1,0,抖音
7681,4503,2026-08-21 13:05:00,一日游套餐,444.66,1,0,小红书
7682,4505,2026-07-04 19:40:00,一日游套餐,314.11,1,0,自然
7683,4506,2026-06-28 12:53:00,一日游套餐,438.76,0,0,抖音
7684,4508,2026-07-24 11:27:00,景点门票,46.41,1,0,自然
7685,4508,2026-08-12 11:24:00,景点门票,165.55,1,0,自然
7686,4511,2026-07-07 17:50:00,景点门票,164.25,1,0,小红书
7687,4511,2026-07-11 21:05:00,一日游套餐,421.07,1,0,小红书
7688,4512,2026-08-01 07:12:00,景点门票,103.63,1,0,抖音
7689,4513,2026-07-05 11:26:00,景点门票,164.04,1,0,微信
7690,4513,2026-07-06 12:22:00,景点门票,165.48,1,1,微信
7691,4513,2026-07-31 19:38:00,景点门票,148.91,1,0,微信
7692,4513,2026-07-31 16:05:00,一日游套餐,346.83,1,0,微信
7693,4513,2026-08-08 20:15:00,景点门票,156.13,0,0,微信
7694,4514,2026-06-23 16:43:00,酒店预订,412.19,0,0,自然
7695,4514,2026-07-10 16:44:00,景点门票,166.71,1,0,自然
7696,4516,2026-07-06 18:55:00,酒店预订,265.76,0,0,抖音
7697,4516,2026-07-12 16:54:00,景点门票,161.42,0,0,抖音
7698,4517,2026-07-01 19:07:00,酒店预订,382.81,1,0,抖音
7699,4517,2026-07-26 21:31:00,一日游套餐,274.32,1,0,抖音
7700,4518,2026-07-19 15:54:00,景点门票,68.73,1,0,自然
7701,4518,2026-08-06 16:08:00,酒店预订,193.39,0,0,自然
7702,4518,2026-08-24 08:44:00,一日游套餐,323.62,0,0,自然
7703,4519,2026-08-16 15:50:00,酒店预订,331.96,0,0,微信
7704,4519,2026-08-20 09:25:00,酒店预订,493.37,1,0,微信
7705,4520,2026-07-07 09:17:00,一日游套餐,355.63,0,0,自然
7706,4520,2026-07-17 20:53:00,一日游套餐,431.05,0,0,自然
7707,4520,2026-08-27 10:03:00,景点门票,109.65,0,0,自然
7708,4521,2026-07-22 11:06:00,酒店预订,304.42,0,0,自然
7709,4522,2026-06-19 10:59:00,酒店预订,449.48,1,0,抖音
7710,4523,2026-06-19 17:15:00,酒店预订,252.55,0,0,微信
7711,4523,2026-06-24 19:12:00,景点门票,51.43,1,0,微信
7712,4523,2026-07-05 21:33:00,景点门票,155.44,1,0,微信
7713,4523,2026-07-24 14:32:00,酒店预订,240.62,0,0,微信
7714,4523,2026-08-09 15:23:00,景点门票,51.15,1,0,微信
7715,4523,2026-08-19 13:20:00,景点门票,104.81,1,0,微信
7716,4524,2026-08-02 09:16:00,景点门票,131.1,1,0,微信
7717,4524,2026-08-25 16:43:00,景点门票,59.37,1,0,微信
7718,4524,2026-08-25 17:27:00,景点门票,76.3,0,0,微信
7719,4525,2026-06-27 08:50:00,景点门票,167.4,1,0,小红书
7720,4527,2026-08-05 17:19:00,景点门票,73.58,0,0,小红书
7721,4527,2026-08-26 10:37:00,一日游套餐,307.1,1,0,小红书
7722,4528,2026-06-21 09:58:00,景点门票,159.27,1,0,小红书
7723,4529,2026-08-29 11:54:00,一日游套餐,368.24,1,0,自然
7724,4531,2026-07-21 12:01:00,一日游套餐,358.84,1,0,微信
7725,4531,2026-07-21 13:55:00,景点门票,170.99,1,0,微信
7726,4531,2026-07-23 09:12:00,酒店预订,338.14,0,0,微信
7727,4536,2026-07-21 13:57:00,酒店预订,387.69,0,0,自然
7728,4536,2026-08-18 08:08:00,一日游套餐,371.01,1,0,自然
7729,4536,2026-08-23 17:37:00,一日游套餐,246.72,0,0,自然
7730,4537,2026-06-27 18:09:00,景点门票,70.34,0,0,小红书
7731,4538,2026-07-24 10:38:00,景点门票,113.73,0,0,微信
7732,4538,2026-07-25 16:06:00,酒店预订,500.22,1,0,微信
7733,4538,2026-08-03 10:34:00,酒店预订,267.31,1,1,微信
7734,4539,2026-08-11 13:22:00,景点门票,64.48,1,0,自然
7735,4539,2026-08-15 12:29:00,一日游套餐,247.04,1,0,自然
7736,4539,2026-08-23 07:18:00,景点门票,98.99,1,0,自然
7737,4540,2026-07-13 22:33:00,酒店预订,255.38,0,0,抖音
7738,4541,2026-07-01 16:32:00,酒店预订,237.65,1,0,自然
7739,4541,2026-07-04 16:24:00,景点门票,87.87,0,0,自然
7740,4542,2026-08-27 08:28:00,景点门票,43.53,1,0,自然
7741,4543,2026-08-05 07:30:00,景点门票,44.16,1,0,地推
7742,4545,2026-07-01 13:07:00,酒店预订,511.8,1,0,抖音
7743,4545,2026-08-22 22:29:00,景点门票,108.34,1,0,抖音
7744,4546,2026-08-05 19:04:00,景点门票,107.43,1,0,自然
7745,4546,2026-08-11 08:16:00,景点门票,151.26,1,0,自然
7746,4546,2026-08-14 22:02:00,景点门票,46.06,1,0,自然
7747,4547,2026-06-16 18:27:00,一日游套餐,363.42,1,1,地推
7748,4548,2026-07-25 22:57:00,酒店预订,533.4,1,0,自然
7749,4548,2026-07-27 14:42:00,景点门票,66.07,0,0,自然
7750,4548,2026-08-03 09:03:00,景点门票,161.07,1,0,自然
7751,4549,2026-07-19 22:35:00,景点门票,67.67,0,0,小红书
7752,4549,2026-08-02 20:07:00,酒店预订,375.26,1,0,小红书
7753,4549,2026-08-05 13:26:00,酒店预订,398.24,0,0,小红书
7754,4550,2026-06-26 11:46:00,景点门票,69.63,0,0,自然
7755,4550,2026-08-07 17:42:00,酒店预订,378.87,1,0,自然
7756,4551,2026-07-23 12:14:00,景点门票,156.51,1,0,自然
7757,4552,2026-06-12 16:42:00,酒店预订,364.71,0,0,小红书
7758,4552,2026-07-27 14:05:00,酒店预订,475.17,1,0,小红书
7759,4553,2026-06-24 18:54:00,酒店预订,246.25,0,0,自然
7760,4553,2026-08-16 11:47:00,景点门票,60.08,1,0,自然
7761,4554,2026-06-19 14:10:00,景点门票,137.65,1,1,小红书
7762,4555,2026-06-17 20:02:00,景点门票,50.55,1,0,自然
7763,4555,2026-06-23 20:20:00,酒店预订,519.26,0,0,自然
7764,4556,2026-07-10 18:45:00,酒店预订,260.83,0,0,小红书
7765,4556,2026-07-18 20:18:00,酒店预订,377.3,1,0,小红书
7766,4556,2026-08-14 23:01:00,景点门票,129.46,1,0,小红书
7767,4556,2026-08-28 07:22:00,酒店预订,464.21,0,0,小红书
7768,4557,2026-07-03 12:34:00,一日游套餐,356.4,1,0,微信
7769,4557,2026-07-12 20:04:00,景点门票,83.62,0,0,微信
7770,4557,2026-07-18 07:17:00,酒店预订,207.28,1,0,微信
7771,4557,2026-07-18 14:38:00,景点门票,122.57,1,0,微信
7772,4558,2026-08-05 20:01:00,景点门票,65.95,1,0,小红书
7773,4558,2026-08-24 22:20:00,酒店预订,412.73,0,0,小红书
7774,4559,2026-07-25 15:51:00,景点门票,74.43,0,0,自然
7775,4560,2026-07-24 09:27:00,酒店预订,373.3,0,0,小红书
7776,4560,2026-08-08 19:43:00,景点门票,169.28,1,0,小红书
7777,4562,2026-08-01 09:42:00,景点门票,130.08,1,0,自然
7778,4562,2026-08-02 07:27:00,景点门票,165.93,0,0,自然
7779,4562,2026-08-07 17:23:00,酒店预订,467.11,0,0,自然
7780,4563,2026-07-17 17:36:00,景点门票,144.23,1,0,自然
7781,4563,2026-07-19 20:20:00,一日游套餐,318.8,1,0,自然
7782,4564,2026-06-28 17:45:00,酒店预订,195.92,1,0,微信
7783,4564,2026-07-18 17:53:00,景点门票,178.32,1,0,微信
7784,4564,2026-07-27 22:22:00,景点门票,117.23,1,0,微信
7785,4564,2026-08-04 15:21:00,一日游套餐,278.38,1,0,微信
7786,4564,2026-08-04 20:12:00,景点门票,44.24,1,0,微信
7787,4564,2026-08-20 19:53:00,景点门票,133.68,1,0,微信
7788,4565,2026-07-18 20:00:00,酒店预订,260.44,1,0,自然
7789,4565,2026-07-25 10:24:00,景点门票,173.06,0,0,自然
7790,4565,2026-08-02 14:21:00,一日游套餐,212.62,1,0,自然
7791,4565,2026-08-08 11:54:00,酒店预订,211.61,1,0,自然
7792,4565,2026-08-31 10:46:00,景点门票,153.44,0,0,自然
7793,4566,2026-06-27 19:58:00,酒店预订,533.69,0,0,小红书
7794,4566,2026-07-12 10:44:00,酒店预订,395.64,0,0,小红书
7795,4566,2026-08-08 11:55:00,景点门票,62.92,0,0,小红书
7796,4566,2026-08-20 19:31:00,景点门票,154.52,1,0,小红书
7797,4566,2026-08-20 21:49:00,一日游套餐,225.45,0,0,小红书
7798,4567,2026-06-16 10:48:00,酒店预订,371.92,0,0,小红书
7799,4567,2026-07-01 14:28:00,景点门票,47.4,0,0,小红书
7800,4567,2026-07-29 09:41:00,一日游套餐,233.86,1,0,小红书
7801,4567,2026-08-06 09:21:00,酒店预订,484.91,0,0,小红书
7802,4568,2026-06-22 15:00:00,景点门票,101.42,1,0,自然
7803,4569,2026-08-03 12:01:00,一日游套餐,246.4,0,0,抖音
7804,4571,2026-07-03 18:55:00,一日游套餐,213.27,0,0,抖音
7805,4571,2026-07-06 13:05:00,景点门票,66.97,0,0,抖音
7806,4571,2026-07-28 23:07:00,景点门票,96.16,0,0,抖音
7807,4572,2026-07-28 10:00:00,酒店预订,218.2,1,0,微信
7808,4572,2026-07-30 11:21:00,景点门票,160.18,1,0,微信
7809,4572,2026-08-07 10:03:00,景点门票,83.97,1,0,微信
7810,4572,2026-08-07 15:06:00,酒店预订,510.37,0,0,微信
7811,4572,2026-08-30 22:45:00,景点门票,137.4,1,0,微信
7812,4573,2026-07-21 16:16:00,酒店预订,316.41,1,0,自然
7813,4573,2026-08-21 07:30:00,景点门票,95.19,1,0,自然
7814,4574,2026-07-27 08:00:00,酒店预订,566.59,1,1,抖音
7815,4575,2026-07-04 19:45:00,景点门票,89.45,1,0,微信
7816,4575,2026-07-07 18:28:00,景点门票,176.47,0,0,微信
7817,4575,2026-07-27 07:10:00,酒店预订,497.53,1,0,微信
7818,4576,2026-08-25 14:19:00,景点门票,108.6,0,0,自然
7819,4577,2026-07-08 21:25:00,景点门票,135.33,1,0,微信
7820,4577,2026-07-15 17:11:00,酒店预订,360.66,1,0,微信
7821,4577,2026-07-15 16:29:00,景点门票,166.15,1,0,微信
7822,4577,2026-08-16 14:02:00,酒店预订,507.93,1,0,微信
7823,4577,2026-08-18 13:10:00,一日游套餐,443.66,0,0,微信
7824,4577,2026-08-24 09:07:00,一日游套餐,333.37,0,0,微信
7825,4578,2026-08-10 21:43:00,景点门票,41.48,1,0,自然
7826,4579,2026-08-21 17:52:00,景点门票,59.31,0,0,抖音
7827,4579,2026-08-26 19:44:00,酒店预订,294.53,1,0,抖音
7828,4580,2026-06-27 18:13:00,酒店预订,543.7,0,0,自然
7829,4580,2026-06-29 11:38:00,景点门票,151.63,1,0,自然
7830,4581,2026-08-04 16:30:00,一日游套餐,430.59,1,0,小红书
7831,4582,2026-07-21 19:08:00,一日游套餐,241.45,1,0,微信
7832,4583,2026-06-27 19:04:00,景点门票,66.79,1,0,微信
7833,4583,2026-08-11 14:00:00,酒店预订,308.05,1,0,微信
7834,4583,2026-08-11 17:13:00,景点门票,164.34,1,0,微信
7835,4584,2026-08-03 16:04:00,酒店预订,599.3,0,0,地推
7836,4586,2026-07-03 18:09:00,酒店预订,550.62,0,0,微信
7837,4586,2026-07-30 09:05:00,酒店预订,265.08,1,0,微信
7838,4586,2026-08-02 09:32:00,酒店预订,344.87,1,1,微信
7839,4586,2026-08-02 17:25:00,一日游套餐,378.14,0,0,微信
7840,4586,2026-08-03 08:40:00,一日游套餐,431.94,1,0,微信
7841,4589,2026-08-22 17:52:00,景点门票,164.71,0,0,小红书
7842,4590,2026-07-14 14:12:00,酒店预订,488.31,1,0,微信
7843,4590,2026-07-16 21:18:00,景点门票,131.59,1,1,微信
7844,4590,2026-07-17 14:01:00,酒店预订,487.67,1,0,微信
7845,4590,2026-07-23 14:22:00,酒店预订,352.6,1,0,微信
7846,4590,2026-07-25 13:38:00,景点门票,52.31,1,0,微信
7847,4590,2026-08-21 08:00:00,酒店预订,313.83,0,0,微信
7848,4590,2026-08-21 17:13:00,景点门票,95.21,0,0,微信
7849,4590,2026-08-22 15:08:00,一日游套餐,214.72,1,0,微信
7850,4591,2026-06-13 18:48:00,酒店预订,526.34,1,0,自然
7851,4591,2026-06-19 07:19:00,酒店预订,486.76,0,0,自然
7852,4591,2026-08-01 08:33:00,景点门票,148.84,1,0,自然
7853,4593,2026-07-06 12:57:00,景点门票,141.41,1,1,小红书
7854,4593,2026-07-08 19:28:00,景点门票,60.64,1,0,小红书
7855,4594,2026-07-06 21:22:00,酒店预订,568.84,0,0,自然
7856,4594,2026-07-06 13:44:00,酒店预订,476.86,1,0,自然
7857,4594,2026-07-13 22:51:00,景点门票,159.74,1,0,自然
7858,4594,2026-07-15 10:24:00,景点门票,127.16,1,0,自然
7859,4595,2026-07-06 14:00:00,景点门票,40.87,1,0,自然
7860,4596,2026-06-17 13:19:00,景点门票,138.91,0,0,地推
7861,4596,2026-06-17 19:15:00,景点门票,144.68,1,0,地推
7862,4596,2026-07-18 15:44:00,景点门票,129.41,0,0,地推
7863,4597,2026-07-09 18:15:00,酒店预订,559.14,1,1,抖音
7864,4598,2026-07-09 13:57:00,酒店预订,460.06,0,0,自然
7865,4598,2026-07-30 15:35:00,酒店预订,348.47,1,0,自然
7866,4602,2026-06-29 12:19:00,景点门票,130.43,1,0,地推
7867,4604,2026-06-11 08:07:00,酒店预订,423.11,0,0,小红书
7868,4606,2026-08-06 17:07:00,景点门票,93.09,0,0,抖音
7869,4608,2026-06-23 14:23:00,景点门票,62.61,1,0,自然
7870,4608,2026-06-27 22:03:00,景点门票,157.32,1,0,自然
7871,4608,2026-07-05 17:21:00,一日游套餐,232.48,0,0,自然
7872,4608,2026-07-05 15:25:00,酒店预订,494.24,0,0,自然
7873,4609,2026-06-26 18:09:00,一日游套餐,379.62,0,0,自然
7874,4609,2026-06-29 19:20:00,一日游套餐,233.08,0,0,自然
7875,4610,2026-06-26 07:24:00,一日游套餐,365.71,0,0,地推
7876,4611,2026-08-06 15:13:00,酒店预订,599.76,0,0,微信
7877,4611,2026-08-11 22:24:00,景点门票,139.39,0,0,微信
7878,4611,2026-08-24 17:17:00,酒店预订,313.24,1,0,微信
7879,4611,2026-08-26 09:18:00,景点门票,131.68,0,0,微信
7880,4611,2026-08-30 08:42:00,景点门票,127.97,1,0,微信
7881,4612,2026-07-12 08:07:00,景点门票,155.19,0,0,抖音
7882,4613,2026-08-13 18:43:00,酒店预订,514.68,1,0,小红书
7883,4615,2026-07-20 14:04:00,一日游套餐,289.69,0,0,抖音
7884,4616,2026-08-15 14:49:00,一日游套餐,210.48,0,0,自然
7885,4616,2026-08-28 08:22:00,酒店预订,534.68,1,0,自然
7886,4617,2026-07-23 18:57:00,酒店预订,485.17,0,0,自然
7887,4618,2026-08-04 22:40:00,景点门票,66.99,0,0,抖音
7888,4618,2026-08-05 12:25:00,酒店预订,528.69,0,0,抖音
7889,4619,2026-06-30 17:50:00,景点门票,78.94,0,0,抖音
7890,4619,2026-07-21 17:37:00,景点门票,143.56,1,0,抖音
7891,4622,2026-08-26 10:33:00,一日游套餐,258.35,0,0,地推
7892,4623,2026-08-26 14:48:00,一日游套餐,205.86,1,0,小红书
7893,4623,2026-08-30 07:46:00,一日游套餐,371.95,0,0,小红书
7894,4623,2026-08-30 19:01:00,景点门票,66.57,1,0,小红书
7895,4624,2026-07-31 12:41:00,景点门票,127.18,0,0,微信
7896,4624,2026-08-07 16:59:00,一日游套餐,279.76,0,0,微信
7897,4624,2026-08-12 13:33:00,景点门票,103.66,0,0,微信
7898,4624,2026-08-20 10:50:00,一日游套餐,404.27,1,0,微信
7899,4625,2026-08-03 07:37:00,景点门票,153.98,1,0,自然
7900,4625,2026-08-23 21:29:00,一日游套餐,358.56,1,0,自然
7901,4626,2026-07-23 21:11:00,景点门票,124.02,1,0,小红书
7902,4626,2026-08-24 14:11:00,景点门票,69.15,1,0,小红书
7903,4627,2026-06-29 15:40:00,景点门票,51.14,1,0,微信
7904,4627,2026-07-08 07:27:00,一日游套餐,364.78,1,0,微信
7905,4627,2026-07-20 19:12:00,酒店预订,549.38,1,0,微信
7906,4627,2026-07-29 08:58:00,景点门票,66.68,1,0,微信
7907,4629,2026-07-21 18:26:00,一日游套餐,267.13,1,0,自然
7908,4629,2026-07-22 13:44:00,景点门票,130.45,0,0,自然
7909,4629,2026-08-12 20:03:00,景点门票,110.78,1,0,自然
7910,4629,2026-08-12 16:58:00,酒店预订,352.45,1,0,自然
7911,4630,2026-06-22 16:28:00,景点门票,61.02,1,0,自然
7912,4630,2026-07-09 10:40:00,酒店预订,249.55,1,0,自然
7913,4630,2026-07-10 18:23:00,一日游套餐,282.84,0,0,自然
7914,4631,2026-07-08 09:29:00,景点门票,157.99,1,0,自然
7915,4631,2026-07-18 08:32:00,景点门票,82.48,0,0,自然
7916,4633,2026-07-01 11:45:00,一日游套餐,278.57,0,0,抖音
7917,4634,2026-07-14 08:12:00,景点门票,146.85,1,0,自然
7918,4634,2026-07-15 15:54:00,酒店预订,432.71,1,0,自然
7919,4635,2026-06-22 15:34:00,酒店预订,420.91,1,0,小红书
7920,4635,2026-07-31 16:26:00,一日游套餐,222.2,0,0,小红书
7921,4636,2026-07-12 21:36:00,酒店预订,334.81,1,0,自然
7922,4636,2026-07-27 16:47:00,酒店预订,475.85,1,0,自然
7923,4638,2026-07-25 19:28:00,一日游套餐,233.57,0,0,小红书
7924,4638,2026-08-08 15:19:00,酒店预订,320.47,0,0,小红书
7925,4639,2026-07-17 16:36:00,景点门票,122.49,1,0,自然
7926,4639,2026-07-22 14:40:00,酒店预订,260.15,1,0,自然
7927,4639,2026-08-07 13:51:00,景点门票,139.26,1,0,自然
7928,4640,2026-06-21 14:01:00,酒店预订,392.19,1,0,自然
7929,4640,2026-06-23 18:56:00,一日游套餐,362.79,1,0,自然
7930,4640,2026-06-25 17:21:00,景点门票,66.12,1,0,自然
7931,4640,2026-06-26 18:26:00,景点门票,121.5,0,0,自然
7932,4640,2026-08-01 15:42:00,酒店预订,360.9,0,0,自然
7933,4641,2026-07-18 08:04:00,酒店预订,553.97,1,0,自然
7934,4641,2026-07-18 19:20:00,酒店预订,233.87,1,0,自然
7935,4641,2026-07-20 17:02:00,酒店预订,460.53,1,0,自然
7936,4641,2026-07-25 18:18:00,景点门票,117.79,1,0,自然
7937,4641,2026-08-07 16:48:00,景点门票,115.41,1,0,自然
7938,4641,2026-08-26 17:13:00,一日游套餐,399.72,1,0,自然
7939,4641,2026-08-26 12:35:00,景点门票,125.89,0,0,自然
7940,4642,2026-08-13 14:00:00,一日游套餐,259.84,1,0,自然
7941,4642,2026-08-13 19:27:00,景点门票,136.47,1,0,自然
7942,4643,2026-06-29 16:11:00,酒店预订,394.32,0,0,抖音
7943,4644,2026-07-07 15:45:00,一日游套餐,289.79,1,0,自然
7944,4644,2026-07-09 19:03:00,一日游套餐,436.58,1,0,自然
7945,4644,2026-07-19 18:32:00,景点门票,85.82,1,0,自然
7946,4644,2026-07-22 13:18:00,一日游套餐,330.13,0,0,自然
7947,4647,2026-07-24 16:19:00,酒店预订,553.24,1,0,地推
7948,4647,2026-08-01 20:24:00,一日游套餐,273.32,0,0,地推
7949,4648,2026-06-25 12:50:00,景点门票,84.57,1,0,自然
7950,4648,2026-07-07 08:06:00,景点门票,73.42,1,0,自然
7951,4648,2026-08-20 15:55:00,景点门票,45.77,1,0,自然
7952,4650,2026-08-10 13:03:00,酒店预订,584.12,0,0,抖音
7953,4651,2026-07-15 22:52:00,酒店预订,447.49,0,0,微信
7954,4651,2026-07-25 16:05:00,酒店预订,280.18,1,0,微信
7955,4652,2026-07-06 14:30:00,景点门票,159.31,1,0,微信
7956,4652,2026-07-06 07:53:00,酒店预订,349.15,1,0,微信
7957,4652,2026-07-24 16:47:00,一日游套餐,237.83,1,0,微信
7958,4652,2026-07-30 17:12:00,景点门票,133.92,1,0,微信
7959,4652,2026-08-05 07:47:00,酒店预订,388.93,1,0,微信
7960,4652,2026-08-11 16:25:00,酒店预订,403.21,1,0,微信
7961,4652,2026-08-12 13:24:00,景点门票,156.47,0,0,微信
7962,4653,2026-08-14 18:27:00,景点门票,159.51,1,0,自然
7963,4654,2026-06-13 14:39:00,酒店预订,457.98,1,0,自然
7964,4654,2026-07-12 13:06:00,景点门票,94.01,1,0,自然
7965,4655,2026-06-14 07:51:00,景点门票,172.76,0,0,抖音
7966,4656,2026-07-18 11:57:00,酒店预订,210.93,1,0,微信
7967,4656,2026-07-19 11:28:00,酒店预订,360.53,0,0,微信
7968,4656,2026-07-24 10:25:00,景点门票,138.06,1,0,微信
7969,4656,2026-08-13 22:02:00,景点门票,78.0,1,0,微信
7970,4658,2026-08-12 19:16:00,一日游套餐,378.14,1,0,自然
7971,4658,2026-08-21 18:05:00,酒店预订,242.85,0,0,自然
7972,4660,2026-07-12 17:45:00,一日游套餐,231.51,0,0,自然
7973,4661,2026-08-29 08:03:00,景点门票,156.36,1,0,小红书
7974,4662,2026-07-11 21:40:00,景点门票,93.48,1,0,地推
7975,4664,2026-07-17 11:37:00,景点门票,156.44,1,0,自然
7976,4664,2026-07-19 08:38:00,一日游套餐,327.37,0,0,自然
7977,4664,2026-07-24 19:37:00,景点门票,164.43,1,0,自然
7978,4664,2026-08-28 13:56:00,一日游套餐,344.42,1,0,自然
7979,4666,2026-08-27 12:49:00,一日游套餐,379.59,1,0,抖音
7980,4666,2026-08-27 18:44:00,酒店预订,250.22,1,0,抖音
7981,4667,2026-08-03 09:46:00,景点门票,131.97,1,0,微信
7982,4667,2026-08-09 14:32:00,酒店预订,323.26,0,0,微信
7983,4667,2026-08-11 12:20:00,景点门票,132.95,1,0,微信
7984,4667,2026-08-21 11:56:00,酒店预订,391.6,1,1,微信
7985,4668,2026-07-14 17:08:00,酒店预订,452.87,0,0,抖音
7986,4669,2026-07-05 17:43:00,一日游套餐,229.77,1,0,微信
7987,4669,2026-07-07 15:39:00,酒店预订,595.54,1,0,微信
7988,4669,2026-07-12 15:08:00,景点门票,165.97,0,0,微信
7989,4669,2026-07-19 10:28:00,景点门票,90.01,1,0,微信
7990,4669,2026-07-27 10:09:00,景点门票,107.34,1,0,微信
7991,4669,2026-08-18 18:11:00,一日游套餐,255.47,1,0,微信
7992,4670,2026-07-05 10:29:00,景点门票,156.85,1,0,自然
7993,4670,2026-07-06 14:43:00,酒店预订,468.05,0,0,自然
7994,4670,2026-07-15 17:51:00,酒店预订,370.78,1,0,自然
7995,4670,2026-07-20 13:10:00,一日游套餐,413.56,0,0,自然
7996,4671,2026-07-23 21:13:00,一日游套餐,375.26,1,0,自然
7997,4671,2026-08-02 22:03:00,景点门票,93.76,1,0,自然
7998,4674,2026-07-11 18:45:00,酒店预订,448.46,0,0,自然
7999,4675,2026-08-03 13:19:00,酒店预订,367.11,1,0,小红书
8000,4676,2026-07-01 17:13:00,酒店预订,229.43,1,0,自然
8001,4676,2026-07-30 08:55:00,景点门票,153.24,1,0,自然
8002,4678,2026-07-20 13:35:00,景点门票,108.92,1,0,自然
8003,4678,2026-08-13 08:38:00,一日游套餐,380.97,1,0,自然
8004,4679,2026-07-18 20:20:00,景点门票,147.79,1,0,自然
8005,4680,2026-07-01 20:16:00,景点门票,104.91,1,0,微信
8006,4682,2026-07-04 10:36:00,景点门票,147.99,1,0,自然
8007,4682,2026-07-08 13:23:00,酒店预订,294.59,1,0,自然
8008,4682,2026-07-30 15:30:00,景点门票,129.45,1,0,自然
8009,4683,2026-07-05 12:03:00,景点门票,155.18,1,0,微信
8010,4683,2026-07-06 22:17:00,酒店预订,198.43,1,0,微信
8011,4683,2026-07-07 15:52:00,景点门票,136.56,1,0,微信
8012,4683,2026-07-10 22:34:00,景点门票,119.72,1,0,微信
8013,4683,2026-07-17 09:11:00,一日游套餐,354.28,1,0,微信
8014,4684,2026-06-13 11:35:00,景点门票,66.82,0,0,小红书
8015,4684,2026-07-18 18:13:00,酒店预订,264.84,0,0,小红书
8016,4685,2026-07-20 09:10:00,景点门票,97.29,1,0,地推
8017,4686,2026-06-10 11:43:00,景点门票,179.44,0,0,抖音
8018,4687,2026-06-12 11:15:00,酒店预订,478.56,1,0,自然
8019,4687,2026-07-11 17:34:00,酒店预订,298.22,1,0,自然
8020,4688,2026-07-02 11:15:00,酒店预订,367.21,0,0,抖音
8021,4688,2026-07-04 09:36:00,酒店预订,290.09,0,0,抖音
8022,4689,2026-06-09 17:48:00,景点门票,168.26,1,0,微信
8023,4689,2026-06-14 21:51:00,酒店预订,281.16,1,0,微信
8024,4689,2026-07-12 17:07:00,酒店预订,329.6,1,0,微信
8025,4689,2026-07-12 10:57:00,景点门票,116.12,1,0,微信
8026,4689,2026-07-25 15:34:00,景点门票,53.82,1,0,微信
8027,4689,2026-07-25 22:51:00,景点门票,95.89,1,0,微信
8028,4690,2026-07-13 19:51:00,酒店预订,200.1,0,0,小红书
8029,4690,2026-08-05 13:17:00,酒店预订,541.79,0,0,小红书
8030,4691,2026-08-26 09:06:00,景点门票,163.35,1,0,抖音
8031,4692,2026-06-10 22:01:00,景点门票,70.57,1,0,自然
8032,4692,2026-07-29 07:34:00,酒店预订,350.89,1,0,自然
8033,4693,2026-08-19 07:26:00,景点门票,90.48,1,0,小红书
8034,4694,2026-06-15 15:50:00,酒店预订,471.58,1,0,微信
8035,4694,2026-06-21 07:45:00,酒店预订,508.07,1,0,微信
8036,4694,2026-06-29 12:05:00,景点门票,156.57,1,0,微信
8037,4695,2026-06-30 16:55:00,酒店预订,581.53,0,0,抖音
8038,4696,2026-08-15 17:04:00,酒店预订,254.08,1,0,小红书
8039,4696,2026-08-16 09:07:00,景点门票,93.94,0,0,小红书
8040,4696,2026-08-19 22:43:00,景点门票,143.67,1,0,小红书
8041,4697,2026-07-04 12:26:00,酒店预订,261.46,1,0,抖音
8042,4697,2026-07-08 20:04:00,一日游套餐,202.47,0,0,抖音
8043,4698,2026-07-08 15:38:00,一日游套餐,443.88,1,0,抖音
8044,4700,2026-07-20 20:56:00,景点门票,159.29,0,0,微信
8045,4700,2026-08-30 20:23:00,酒店预订,466.88,1,0,微信
8046,4704,2026-08-08 08:50:00,酒店预订,339.99,0,0,抖音
8047,4705,2026-08-02 17:47:00,景点门票,88.26,1,0,自然
8048,4705,2026-08-20 16:47:00,景点门票,133.65,1,0,自然
8049,4705,2026-08-20 19:33:00,酒店预订,226.23,0,0,自然
8050,4706,2026-07-29 08:13:00,景点门票,125.31,1,0,自然
8051,4706,2026-08-01 11:01:00,景点门票,172.92,0,0,自然
8052,4706,2026-08-05 14:10:00,酒店预订,465.87,1,0,自然
8053,4706,2026-08-11 16:20:00,酒店预订,258.35,1,0,自然
8054,4707,2026-07-11 13:26:00,一日游套餐,217.84,1,0,自然
8055,4707,2026-07-19 14:13:00,酒店预订,523.16,1,1,自然
8056,4707,2026-08-23 08:11:00,一日游套餐,281.57,1,0,自然
8057,4708,2026-07-20 14:28:00,一日游套餐,226.63,1,0,抖音
8058,4709,2026-07-07 20:08:00,景点门票,40.74,0,0,自然
8059,4709,2026-07-18 20:01:00,景点门票,142.33,0,0,自然
8060,4709,2026-08-11 22:44:00,景点门票,167.02,0,0,自然
8061,4709,2026-08-31 13:18:00,一日游套餐,305.23,0,0,自然
8062,4711,2026-07-03 23:05:00,景点门票,164.97,1,0,微信
8063,4711,2026-07-06 18:25:00,景点门票,136.48,1,0,微信
8064,4711,2026-07-07 09:28:00,景点门票,102.29,0,0,微信
8065,4711,2026-08-28 09:56:00,酒店预订,211.89,1,0,微信
8066,4712,2026-06-20 14:54:00,景点门票,122.4,0,0,自然
8067,4712,2026-06-24 18:01:00,酒店预订,216.31,0,0,自然
8068,4712,2026-06-27 09:07:00,酒店预订,358.35,1,0,自然
8069,4712,2026-06-30 20:24:00,景点门票,120.95,0,0,自然
8070,4712,2026-08-07 19:03:00,酒店预订,520.96,0,0,自然
8071,4713,2026-07-29 13:45:00,景点门票,54.78,1,0,小红书
8072,4714,2026-06-14 13:26:00,酒店预订,294.68,1,0,地推
8073,4714,2026-07-19 17:01:00,景点门票,142.13,1,0,地推
8074,4715,2026-07-26 15:08:00,景点门票,87.4,1,0,抖音
8075,4715,2026-08-03 14:45:00,景点门票,62.96,0,0,抖音
8076,4715,2026-08-28 08:19:00,一日游套餐,261.48,1,1,抖音
8077,4716,2026-07-28 20:45:00,景点门票,138.38,1,0,自然
8078,4716,2026-07-28 07:21:00,景点门票,174.88,0,0,自然
8079,4716,2026-07-30 07:28:00,酒店预订,270.06,0,0,自然
8080,4716,2026-07-31 07:12:00,景点门票,158.21,1,0,自然
8081,4717,2026-06-28 10:37:00,景点门票,105.75,1,0,抖音
8082,4720,2026-06-05 11:15:00,酒店预订,573.2,1,0,自然
8083,4720,2026-06-07 11:17:00,酒店预订,247.29,1,0,自然
8084,4720,2026-06-07 22:16:00,景点门票,62.28,1,0,自然
8085,4720,2026-07-15 11:30:00,酒店预订,588.16,1,0,自然
8086,4722,2026-06-16 18:29:00,景点门票,140.85,1,1,抖音
8087,4723,2026-06-14 08:42:00,酒店预订,519.5,1,0,自然
8088,4724,2026-06-29 18:49:00,酒店预订,546.71,1,0,小红书
8089,4725,2026-08-10 12:49:00,酒店预订,466.51,1,0,自然
8090,4725,2026-08-12 08:43:00,一日游套餐,418.94,1,0,自然
8091,4726,2026-07-21 10:03:00,一日游套餐,326.36,0,0,抖音
8092,4726,2026-07-31 07:51:00,景点门票,151.35,1,0,抖音
8093,4727,2026-07-04 21:21:00,景点门票,94.89,1,0,微信
8094,4727,2026-07-14 21:53:00,一日游套餐,209.62,0,0,微信
8095,4727,2026-07-14 09:33:00,一日游套餐,320.95,1,0,微信
8096,4727,2026-07-18 21:31:00,景点门票,119.18,1,0,微信
8097,4727,2026-07-26 18:27:00,景点门票,52.27,1,0,微信
8098,4727,2026-07-26 11:50:00,酒店预订,295.4,1,0,微信
8099,4727,2026-08-04 08:52:00,酒店预订,396.09,1,0,微信
8100,4727,2026-08-23 11:32:00,景点门票,103.84,1,0,微信
8101,4728,2026-07-02 17:05:00,景点门票,141.77,0,0,自然
8102,4729,2026-08-12 17:09:00,景点门票,118.72,1,0,小红书
8103,4729,2026-08-24 11:57:00,酒店预订,548.84,0,0,小红书
8104,4729,2026-08-24 12:57:00,酒店预订,410.19,0,0,小红书
8105,4730,2026-06-04 22:57:00,酒店预订,323.93,1,0,抖音
8106,4730,2026-06-08 14:05:00,景点门票,71.75,0,0,抖音
8107,4730,2026-07-23 13:42:00,酒店预订,561.57,0,0,抖音
8108,4734,2026-07-15 16:54:00,景点门票,46.65,1,0,自然
8109,4735,2026-06-11 14:44:00,酒店预订,351.88,0,0,地推
8110,4735,2026-06-11 12:19:00,一日游套餐,322.69,1,0,地推
8111,4736,2026-07-25 10:31:00,一日游套餐,404.07,1,0,小红书
8112,4737,2026-08-12 18:03:00,景点门票,174.61,1,0,小红书
8113,4738,2026-06-10 07:19:00,酒店预订,389.73,0,0,自然
8114,4738,2026-06-11 08:41:00,景点门票,100.95,0,0,自然
8115,4738,2026-06-13 07:28:00,景点门票,167.05,1,0,自然
8116,4738,2026-06-20 20:33:00,景点门票,175.3,1,0,自然
8117,4738,2026-06-25 19:51:00,酒店预订,400.17,1,0,自然
8118,4739,2026-06-29 09:51:00,一日游套餐,299.56,1,0,自然
8119,4741,2026-06-26 18:12:00,景点门票,174.05,0,0,自然
8120,4741,2026-07-07 13:11:00,一日游套餐,364.47,1,0,自然
8121,4743,2026-08-04 19:54:00,景点门票,142.4,1,0,微信
8122,4743,2026-08-11 19:37:00,酒店预订,596.1,1,0,微信
8123,4743,2026-08-24 12:05:00,景点门票,144.68,1,0,微信
8124,4743,2026-08-30 12:49:00,一日游套餐,333.66,1,1,微信
8125,4743,2026-08-30 15:32:00,一日游套餐,325.1,1,0,微信
8126,4744,2026-07-30 10:44:00,景点门票,113.24,1,0,自然
8127,4744,2026-07-31 17:20:00,景点门票,45.45,0,0,自然
8128,4745,2026-07-31 10:36:00,酒店预订,521.26,1,0,自然
8129,4745,2026-08-27 22:25:00,景点门票,46.76,1,0,自然
8130,4746,2026-08-15 07:38:00,景点门票,136.42,0,0,自然
8131,4747,2026-08-12 10:13:00,景点门票,45.08,1,0,抖音
8132,4748,2026-07-10 10:35:00,景点门票,86.6,1,0,小红书
8133,4748,2026-07-13 19:18:00,景点门票,171.06,1,0,小红书
8134,4748,2026-07-27 15:23:00,景点门票,123.81,0,0,小红书
8135,4749,2026-08-23 15:57:00,景点门票,110.12,1,0,微信
8136,4750,2026-08-24 13:25:00,景点门票,147.45,1,0,自然
8137,4750,2026-08-29 18:43:00,景点门票,160.8,1,0,自然
8138,4753,2026-07-25 13:32:00,景点门票,60.22,0,0,抖音
8139,4753,2026-07-25 16:50:00,一日游套餐,389.78,0,0,抖音
8140,4753,2026-08-02 14:03:00,景点门票,147.71,0,0,抖音
8141,4754,2026-07-05 22:55:00,酒店预订,244.89,1,1,抖音
8142,4754,2026-07-22 21:21:00,景点门票,63.67,1,0,抖音
8143,4757,2026-07-05 12:20:00,景点门票,174.99,0,0,抖音
8144,4758,2026-08-01 16:54:00,酒店预订,588.56,1,0,地推
8145,4759,2026-08-20 17:18:00,酒店预订,383.92,1,0,自然
8146,4761,2026-08-16 07:16:00,一日游套餐,257.41,1,0,抖音
8147,4761,2026-08-16 21:18:00,酒店预订,476.43,0,0,抖音
8148,4764,2026-07-24 09:15:00,酒店预订,331.49,0,0,抖音
8149,4767,2026-07-05 11:45:00,一日游套餐,271.4,0,0,小红书
8150,4767,2026-07-25 15:28:00,景点门票,94.09,0,0,小红书
8151,4767,2026-08-14 15:24:00,景点门票,171.6,1,0,小红书
8152,4769,2026-06-24 10:32:00,酒店预订,180.14,1,0,自然
8153,4769,2026-07-02 16:44:00,景点门票,155.47,1,0,自然
8154,4770,2026-07-22 18:52:00,酒店预订,326.58,1,0,小红书
8155,4770,2026-08-02 13:06:00,景点门票,120.16,0,0,小红书
8156,4772,2026-08-22 10:39:00,酒店预订,371.56,1,0,抖音
8157,4772,2026-08-27 09:24:00,景点门票,62.42,1,0,抖音
8158,4773,2026-07-06 09:24:00,酒店预订,396.55,0,0,自然
8159,4773,2026-07-11 17:48:00,景点门票,117.21,1,0,自然
8160,4773,2026-07-14 15:36:00,酒店预订,587.46,1,0,自然
8161,4773,2026-08-15 12:06:00,酒店预订,333.31,1,0,自然
8162,4774,2026-08-29 20:06:00,酒店预订,400.46,0,0,抖音
8163,4775,2026-07-25 17:08:00,酒店预订,585.82,1,0,自然
8164,4775,2026-08-14 12:43:00,酒店预订,358.63,1,0,自然
8165,4776,2026-07-02 16:39:00,景点门票,165.88,1,0,自然
8166,4776,2026-07-02 19:20:00,酒店预订,510.88,1,0,自然
8167,4776,2026-07-04 16:10:00,景点门票,92.11,1,0,自然
8168,4776,2026-07-19 19:58:00,酒店预订,224.51,0,0,自然
8169,4776,2026-08-12 18:14:00,酒店预订,539.23,1,0,自然
8170,4778,2026-07-04 18:47:00,景点门票,68.7,0,0,自然
8171,4781,2026-07-25 20:53:00,一日游套餐,270.88,0,0,抖音
8172,4784,2026-08-08 09:20:00,酒店预订,420.81,0,0,小红书
8173,4785,2026-07-24 11:22:00,一日游套餐,276.57,1,0,地推
8174,4786,2026-08-08 22:18:00,一日游套餐,436.08,1,0,微信
8175,4786,2026-08-09 08:41:00,景点门票,83.46,1,0,微信
8176,4787,2026-06-28 11:30:00,景点门票,98.55,1,0,抖音
8177,4787,2026-08-12 18:54:00,景点门票,164.81,0,0,抖音
8178,4788,2026-07-01 17:53:00,景点门票,62.85,1,0,小红书
8179,4788,2026-07-13 08:15:00,酒店预订,478.15,0,0,小红书
8180,4788,2026-08-03 21:21:00,景点门票,75.25,0,0,小红书
8181,4789,2026-06-25 18:08:00,酒店预订,392.03,0,0,自然
8182,4789,2026-06-30 12:46:00,酒店预订,398.23,1,0,自然
8183,4790,2026-08-12 16:24:00,一日游套餐,378.05,1,1,小红书
8184,4790,2026-08-19 15:43:00,景点门票,117.19,0,0,小红书
8185,4792,2026-08-16 17:29:00,景点门票,52.35,0,0,自然
8186,4793,2026-07-13 14:59:00,景点门票,139.58,0,0,自然
8187,4793,2026-07-14 11:52:00,景点门票,154.6,1,0,自然
8188,4793,2026-07-16 08:57:00,景点门票,75.39,0,0,自然
8189,4793,2026-07-25 16:55:00,酒店预订,418.87,1,0,自然
8190,4795,2026-06-25 14:57:00,酒店预订,520.86,1,1,抖音
8191,4796,2026-08-09 12:07:00,一日游套餐,274.64,1,0,自然
8192,4796,2026-08-30 20:10:00,酒店预订,395.3,1,0,自然
8193,4799,2026-07-19 22:02:00,景点门票,126.7,1,0,微信
8194,4799,2026-07-25 22:28:00,一日游套餐,253.8,1,0,微信
8195,4799,2026-07-29 14:57:00,酒店预订,542.08,0,0,微信
8196,4802,2026-07-09 13:32:00,景点门票,143.91,0,0,自然
8197,4802,2026-07-11 23:00:00,景点门票,88.94,0,0,自然
8198,4802,2026-07-15 21:09:00,酒店预订,277.25,0,0,自然
8199,4803,2026-07-29 12:19:00,景点门票,73.47,0,0,自然
8200,4804,2026-07-20 19:46:00,酒店预订,401.48,0,0,抖音
8201,4805,2026-07-11 11:09:00,景点门票,66.72,1,0,微信
8202,4805,2026-07-12 21:53:00,景点门票,138.82,1,0,微信
8203,4805,2026-07-19 18:02:00,景点门票,49.22,1,0,微信
8204,4805,2026-07-30 17:14:00,景点门票,121.07,0,0,微信
8205,4805,2026-08-01 14:37:00,景点门票,127.29,1,0,微信
8206,4805,2026-08-07 20:17:00,酒店预订,221.72,1,0,微信
8207,4806,2026-07-12 16:26:00,景点门票,55.57,0,0,小红书
8208,4806,2026-08-01 19:59:00,景点门票,79.17,1,0,小红书
8209,4806,2026-08-02 19:44:00,景点门票,112.44,1,0,小红书
8210,4807,2026-06-14 07:53:00,一日游套餐,205.3,1,0,抖音
8211,4809,2026-08-25 21:58:00,景点门票,168.81,0,0,抖音
8212,4810,2026-06-09 20:13:00,景点门票,79.64,1,0,抖音
8213,4810,2026-08-07 20:14:00,酒店预订,548.99,1,1,抖音
8214,4811,2026-06-15 13:50:00,景点门票,174.43,0,0,抖音
8215,4811,2026-06-17 13:37:00,景点门票,56.5,1,0,抖音
8216,4812,2026-07-09 09:17:00,一日游套餐,319.78,0,0,小红书
8217,4816,2026-06-21 19:39:00,景点门票,92.28,0,0,自然
8218,4816,2026-06-21 14:42:00,一日游套餐,338.03,1,0,自然
8219,4816,2026-06-21 09:18:00,景点门票,136.28,1,0,自然
8220,4816,2026-07-05 19:40:00,景点门票,85.08,0,0,自然
8221,4816,2026-07-27 11:59:00,景点门票,67.74,0,0,自然
8222,4817,2026-06-20 15:46:00,景点门票,174.13,0,0,自然
8223,4817,2026-06-26 19:53:00,景点门票,48.75,0,0,自然
8224,4817,2026-06-26 13:24:00,一日游套餐,287.17,1,0,自然
8225,4817,2026-07-10 18:04:00,景点门票,143.0,0,0,自然
8226,4818,2026-08-01 20:11:00,酒店预订,566.98,1,0,抖音
8227,4820,2026-07-28 11:41:00,景点门票,138.95,0,0,抖音
8228,4821,2026-06-14 15:16:00,一日游套餐,247.07,0,0,小红书
8229,4822,2026-08-13 20:31:00,酒店预订,473.23,0,0,自然
8230,4823,2026-08-07 15:22:00,景点门票,161.51,1,0,小红书
8231,4824,2026-08-29 21:00:00,景点门票,174.61,0,0,小红书
8232,4825,2026-07-28 15:03:00,酒店预订,427.87,0,0,抖音
8233,4826,2026-08-30 09:59:00,一日游套餐,238.3,1,0,抖音
8234,4827,2026-07-06 08:04:00,酒店预订,212.99,1,0,自然
8235,4828,2026-07-02 22:32:00,景点门票,172.25,0,0,抖音
8236,4829,2026-07-15 18:03:00,酒店预订,229.76,1,0,微信
8237,4829,2026-08-12 14:51:00,景点门票,160.58,1,0,微信
8238,4829,2026-08-22 20:47:00,酒店预订,209.04,1,0,微信
8239,4830,2026-07-19 10:34:00,酒店预订,528.65,1,0,地推
8240,4831,2026-08-08 20:49:00,酒店预订,299.69,1,0,小红书
8241,4832,2026-06-26 10:30:00,景点门票,177.11,1,0,自然
8242,4832,2026-07-20 19:07:00,景点门票,41.66,1,0,自然
8243,4832,2026-07-20 15:17:00,酒店预订,473.92,1,0,自然
8244,4832,2026-08-01 15:18:00,酒店预订,320.4,1,0,自然
8245,4832,2026-08-17 18:32:00,景点门票,135.69,1,0,自然
8246,4834,2026-08-23 13:59:00,景点门票,128.64,1,0,小红书
8247,4835,2026-07-27 18:46:00,酒店预订,435.81,0,0,抖音
8248,4835,2026-08-09 17:31:00,一日游套餐,426.47,1,0,抖音
8249,4835,2026-08-22 07:21:00,酒店预订,593.94,0,0,抖音
8250,4836,2026-08-02 16:20:00,景点门票,97.82,1,0,微信
8251,4837,2026-07-19 09:20:00,酒店预订,530.71,1,0,自然
8252,4837,2026-08-24 22:17:00,一日游套餐,200.31,0,0,自然
8253,4839,2026-07-26 21:45:00,一日游套餐,203.77,1,0,自然
8254,4839,2026-08-09 21:35:00,酒店预订,346.77,1,0,自然
8255,4840,2026-06-19 21:03:00,一日游套餐,410.58,1,0,自然
8256,4840,2026-06-22 10:12:00,景点门票,128.22,1,0,自然
8257,4840,2026-07-02 18:39:00,酒店预订,441.72,0,0,自然
8258,4841,2026-07-02 13:56:00,景点门票,158.17,1,0,微信
8259,4841,2026-07-05 12:24:00,景点门票,162.21,1,0,微信
8260,4841,2026-07-05 11:20:00,一日游套餐,290.79,1,0,微信
8261,4841,2026-07-12 16:58:00,酒店预订,562.92,1,0,微信
8262,4841,2026-07-14 13:49:00,一日游套餐,404.48,1,0,微信
8263,4841,2026-07-26 10:07:00,一日游套餐,240.76,1,0,微信
8264,4841,2026-08-14 14:50:00,酒店预订,556.49,1,0,微信
8265,4842,2026-07-19 12:31:00,景点门票,167.81,0,0,抖音
8266,4842,2026-07-24 22:19:00,酒店预订,357.18,1,0,抖音
8267,4843,2026-06-18 18:14:00,景点门票,78.52,0,0,自然
8268,4843,2026-06-20 14:44:00,酒店预订,409.13,1,0,自然
8269,4843,2026-06-21 18:50:00,酒店预订,591.67,1,0,自然
8270,4843,2026-07-12 16:01:00,景点门票,162.15,1,0,自然
8271,4843,2026-08-05 12:50:00,景点门票,131.58,1,0,自然
8272,4844,2026-07-29 14:19:00,景点门票,83.84,0,0,抖音
8273,4845,2026-08-09 18:22:00,酒店预订,482.26,1,0,抖音
8274,4846,2026-08-29 16:27:00,一日游套餐,412.45,1,0,抖音
8275,4847,2026-06-18 23:08:00,景点门票,170.11,0,0,自然
8276,4847,2026-06-21 09:21:00,一日游套餐,255.3,1,0,自然
8277,4847,2026-07-21 21:06:00,景点门票,85.91,1,0,自然
8278,4848,2026-06-21 17:12:00,一日游套餐,299.37,1,0,小红书
8279,4848,2026-06-25 13:18:00,酒店预订,258.45,1,0,小红书
8280,4849,2026-07-15 22:17:00,景点门票,176.84,1,0,自然
8281,4849,2026-07-16 22:40:00,酒店预订,491.97,1,0,自然
8282,4849,2026-08-01 08:45:00,酒店预订,569.44,0,0,自然
8283,4849,2026-08-27 20:27:00,景点门票,52.89,1,1,自然
8284,4850,2026-08-02 16:21:00,一日游套餐,444.12,1,0,微信
8285,4850,2026-08-10 16:34:00,景点门票,102.98,1,0,微信
8286,4850,2026-08-17 10:37:00,一日游套餐,231.18,0,0,微信
8287,4851,2026-07-25 16:34:00,景点门票,74.71,1,1,自然
8288,4851,2026-08-16 19:22:00,景点门票,142.44,1,0,自然
8289,4852,2026-08-03 08:44:00,一日游套餐,426.02,1,0,小红书
8290,4852,2026-08-04 17:58:00,酒店预订,311.03,1,0,小红书
8291,4853,2026-07-26 15:50:00,酒店预订,565.54,0,0,微信
8292,4853,2026-07-26 22:32:00,一日游套餐,346.43,0,0,微信
8293,4853,2026-07-27 09:41:00,酒店预订,499.05,1,0,微信
8294,4853,2026-08-06 11:59:00,一日游套餐,421.65,0,0,微信
8295,4853,2026-08-16 12:46:00,酒店预订,231.4,1,0,微信
8296,4853,2026-08-29 14:21:00,景点门票,46.0,1,0,微信
8297,4854,2026-08-21 10:08:00,景点门票,153.32,1,0,自然
8298,4855,2026-07-29 14:18:00,景点门票,83.44,1,1,自然
8299,4856,2026-08-04 19:30:00,酒店预订,193.98,1,0,地推
8300,4858,2026-07-08 08:07:00,一日游套餐,277.36,0,0,小红书
8301,4858,2026-07-12 19:24:00,酒店预订,219.74,1,0,小红书
8302,4858,2026-07-24 10:16:00,酒店预订,482.65,0,0,小红书
8303,4859,2026-06-27 07:26:00,景点门票,113.98,1,0,自然
8304,4859,2026-07-21 22:38:00,酒店预订,334.36,0,0,自然
8305,4860,2026-08-06 13:47:00,景点门票,176.56,1,0,自然
8306,4860,2026-08-13 13:41:00,酒店预订,542.39,1,0,自然
8307,4862,2026-07-24 12:49:00,一日游套餐,399.45,1,0,微信
8308,4862,2026-07-26 15:05:00,一日游套餐,261.96,1,0,微信
8309,4862,2026-07-28 16:20:00,一日游套餐,396.48,1,0,微信
8310,4862,2026-08-02 16:55:00,景点门票,153.45,1,0,微信
8311,4862,2026-08-09 19:34:00,景点门票,51.06,1,0,微信
8312,4863,2026-06-28 16:38:00,酒店预订,514.49,0,0,自然
8313,4864,2026-07-14 09:24:00,一日游套餐,248.96,0,0,微信
8314,4864,2026-07-25 18:57:00,景点门票,101.45,1,0,微信
8315,4864,2026-07-27 16:53:00,一日游套餐,448.83,1,0,微信
8316,4864,2026-07-27 23:02:00,景点门票,99.73,1,0,微信
8317,4864,2026-08-10 21:37:00,景点门票,149.72,1,0,微信
8318,4865,2026-07-09 10:45:00,景点门票,86.03,0,0,小红书
8319,4867,2026-07-26 07:28:00,酒店预订,319.69,1,0,自然
8320,4867,2026-08-22 21:09:00,酒店预订,206.9,1,0,自然
8321,4870,2026-07-24 18:28:00,景点门票,79.63,1,0,小红书
8322,4870,2026-07-25 08:10:00,景点门票,127.81,0,0,小红书
8323,4870,2026-08-05 15:01:00,景点门票,84.77,0,0,小红书
8324,4870,2026-08-26 16:07:00,酒店预订,432.69,1,0,小红书
8325,4872,2026-07-05 11:44:00,景点门票,58.96,1,0,自然
8326,4872,2026-08-01 13:21:00,景点门票,52.39,0,0,自然
8327,4872,2026-08-22 15:05:00,酒店预订,416.44,1,0,自然
8328,4873,2026-07-17 21:32:00,酒店预订,388.76,0,0,小红书
8329,4874,2026-07-29 16:35:00,景点门票,139.63,0,0,小红书
8330,4874,2026-08-04 20:33:00,酒店预订,369.49,0,0,小红书
8331,4874,2026-08-08 13:51:00,景点门票,120.33,1,0,小红书
8332,4875,2026-08-19 15:07:00,景点门票,65.56,1,0,抖音
8333,4877,2026-07-25 22:20:00,酒店预订,247.52,1,0,自然
8334,4877,2026-07-28 07:13:00,酒店预订,196.91,0,0,自然
8335,4877,2026-07-29 19:16:00,一日游套餐,422.6,1,0,自然
8336,4877,2026-08-01 21:44:00,酒店预订,508.34,1,0,自然
8337,4877,2026-08-04 19:07:00,一日游套餐,278.44,0,0,自然
8338,4877,2026-08-07 13:30:00,酒店预订,585.54,1,1,自然
8339,4877,2026-08-09 17:44:00,酒店预订,579.47,1,0,自然
8340,4878,2026-07-24 19:49:00,酒店预订,252.71,1,0,小红书
8341,4878,2026-07-29 18:04:00,酒店预订,360.07,1,0,小红书
8342,4878,2026-08-20 14:20:00,酒店预订,318.67,1,0,小红书
8343,4879,2026-07-19 09:17:00,酒店预订,580.01,0,0,抖音
8344,4880,2026-08-18 16:48:00,景点门票,124.54,1,0,抖音
8345,4882,2026-07-10 14:02:00,酒店预订,326.88,1,0,小红书
8346,4882,2026-08-08 22:07:00,酒店预订,421.27,0,0,小红书
8347,4883,2026-06-29 18:32:00,酒店预订,408.95,0,0,小红书
8348,4883,2026-07-16 10:17:00,酒店预订,585.87,1,0,小红书
8349,4883,2026-08-08 17:23:00,一日游套餐,395.17,1,0,小红书
8350,4884,2026-07-06 15:27:00,酒店预订,323.01,1,0,抖音
8351,4885,2026-07-30 16:59:00,景点门票,46.89,1,1,微信
8352,4885,2026-08-01 21:47:00,景点门票,112.91,0,0,微信
8353,4885,2026-08-04 09:54:00,酒店预订,451.2,1,0,微信
8354,4886,2026-06-15 22:07:00,景点门票,104.37,1,1,微信
8355,4886,2026-06-17 16:29:00,一日游套餐,449.46,0,0,微信
8356,4886,2026-07-05 14:16:00,景点门票,54.5,1,0,微信
8357,4887,2026-07-10 09:04:00,酒店预订,407.14,0,0,自然
8358,4887,2026-08-18 20:23:00,景点门票,43.27,1,0,自然
8359,4888,2026-07-26 21:23:00,一日游套餐,337.15,0,0,小红书
8360,4890,2026-07-05 18:28:00,酒店预订,452.54,0,0,地推
8361,4890,2026-07-06 17:22:00,景点门票,77.39,1,0,地推
8362,4891,2026-08-12 15:17:00,景点门票,162.45,0,0,自然
8363,4892,2026-07-02 08:51:00,酒店预订,594.78,1,0,自然
8364,4892,2026-08-04 15:42:00,景点门票,121.28,0,0,自然
8365,4895,2026-06-15 14:11:00,景点门票,58.62,1,0,小红书
8366,4895,2026-08-15 12:24:00,景点门票,99.43,1,1,小红书
8367,4896,2026-07-16 12:16:00,酒店预订,401.9,1,0,抖音
8368,4898,2026-06-20 10:30:00,酒店预订,307.84,1,0,抖音
8369,4899,2026-06-17 22:22:00,酒店预订,390.7,1,1,微信
8370,4899,2026-06-19 11:56:00,一日游套餐,273.95,1,0,微信
8371,4899,2026-07-06 17:01:00,景点门票,120.67,1,0,微信
8372,4900,2026-08-01 23:06:00,景点门票,94.71,1,0,微信
8373,4900,2026-08-01 08:41:00,景点门票,68.39,1,0,微信
8374,4900,2026-08-21 10:00:00,景点门票,76.78,1,0,微信
8375,4900,2026-08-22 22:07:00,景点门票,56.1,0,0,微信
8376,4900,2026-08-25 08:52:00,酒店预订,444.98,1,0,微信
8377,4903,2026-07-08 22:18:00,一日游套餐,221.76,1,0,自然
8378,4903,2026-07-28 12:15:00,一日游套餐,237.66,1,0,自然
8379,4903,2026-08-15 11:37:00,酒店预订,290.41,1,0,自然
8380,4904,2026-06-06 14:52:00,一日游套餐,227.41,1,0,微信
8381,4904,2026-06-14 10:30:00,一日游套餐,386.76,0,0,微信
8382,4905,2026-06-30 13:35:00,酒店预订,246.02,1,1,小红书
8383,4905,2026-06-30 09:52:00,一日游套餐,284.18,1,0,小红书
8384,4905,2026-07-21 23:05:00,景点门票,87.19,1,0,小红书
8385,4908,2026-06-19 09:23:00,景点门票,142.52,1,0,自然
8386,4908,2026-06-21 20:14:00,酒店预订,221.7,0,0,自然
8387,4908,2026-08-09 14:23:00,酒店预订,238.13,1,0,自然
8388,4909,2026-06-25 21:21:00,一日游套餐,397.06,0,0,小红书
8389,4909,2026-08-01 19:04:00,酒店预订,459.17,0,0,小红书
8390,4909,2026-08-24 11:29:00,酒店预订,471.02,1,1,小红书
8391,4910,2026-07-20 18:00:00,一日游套餐,362.17,1,0,自然
8392,4910,2026-07-25 13:41:00,景点门票,152.62,0,0,自然
8393,4911,2026-07-27 09:44:00,一日游套餐,295.33,1,0,自然
8394,4911,2026-08-01 12:35:00,一日游套餐,220.87,0,0,自然
8395,4911,2026-08-17 13:42:00,一日游套餐,408.08,1,0,自然
8396,4911,2026-08-30 12:06:00,景点门票,65.46,1,0,自然
8397,4912,2026-07-06 18:18:00,一日游套餐,284.8,1,0,抖音
8398,4912,2026-07-18 10:48:00,景点门票,63.76,0,0,抖音
8399,4914,2026-07-25 13:58:00,酒店预订,264.24,1,1,地推
8400,4914,2026-08-10 22:54:00,景点门票,48.39,0,0,地推
8401,4915,2026-08-19 14:01:00,景点门票,73.63,0,0,抖音
8402,4916,2026-07-07 16:35:00,酒店预订,244.76,1,1,微信
8403,4916,2026-08-04 19:32:00,酒店预订,262.02,0,0,微信
8404,4916,2026-08-28 11:16:00,酒店预订,188.99,1,0,微信
8405,4916,2026-08-28 09:51:00,酒店预订,285.21,1,0,微信
8406,4917,2026-06-22 20:21:00,一日游套餐,246.6,1,0,小红书
8407,4919,2026-08-16 10:06:00,一日游套餐,224.26,0,0,地推
8408,4919,2026-08-21 08:44:00,景点门票,113.17,0,0,地推
8409,4922,2026-07-10 10:50:00,景点门票,110.46,1,0,自然
8410,4923,2026-06-19 22:37:00,一日游套餐,224.3,0,0,自然
8411,4923,2026-06-29 18:38:00,景点门票,136.41,0,0,自然
8412,4924,2026-07-21 08:44:00,酒店预订,286.51,1,0,微信
8413,4924,2026-07-24 16:54:00,酒店预订,232.41,1,0,微信
8414,4927,2026-08-03 11:37:00,景点门票,58.78,1,0,自然
8415,4928,2026-07-11 08:29:00,景点门票,46.41,1,0,抖音
8416,4928,2026-07-16 09:50:00,一日游套餐,345.1,1,0,抖音
8417,4929,2026-08-09 11:36:00,酒店预订,252.31,1,0,小红书
8418,4930,2026-06-21 08:04:00,酒店预订,410.23,1,0,自然
8419,4931,2026-07-05 14:18:00,景点门票,50.63,1,0,小红书
8420,4931,2026-07-08 18:46:00,景点门票,58.0,1,0,小红书
8421,4931,2026-07-24 20:22:00,景点门票,99.88,0,0,小红书
8422,4931,2026-08-09 20:34:00,酒店预订,200.05,1,0,小红书
8423,4932,2026-07-11 22:11:00,景点门票,156.07,0,0,小红书
8424,4932,2026-08-23 10:31:00,酒店预订,274.33,1,0,小红书
8425,4932,2026-08-27 19:06:00,酒店预订,488.98,0,0,小红书
8426,4933,2026-08-28 17:16:00,景点门票,138.96,1,1,微信
8427,4934,2026-08-01 08:56:00,一日游套餐,300.47,1,0,自然
8428,4935,2026-07-25 16:49:00,景点门票,154.02,1,0,小红书
8429,4936,2026-08-03 17:34:00,景点门票,80.82,1,0,自然
8430,4936,2026-08-05 11:30:00,一日游套餐,284.3,1,0,自然
8431,4937,2026-07-05 13:36:00,酒店预订,372.98,1,0,抖音
8432,4938,2026-07-23 13:45:00,景点门票,57.68,1,0,小红书
8433,4938,2026-07-23 13:17:00,酒店预订,568.84,1,1,小红书
8434,4938,2026-08-02 19:18:00,酒店预订,282.51,1,0,小红书
8435,4939,2026-07-13 19:20:00,一日游套餐,272.74,1,0,小红书
8436,4939,2026-08-21 09:06:00,一日游套餐,268.41,0,0,小红书
8437,4940,2026-07-19 22:11:00,一日游套餐,297.41,1,0,自然
8438,4940,2026-07-25 08:27:00,景点门票,104.03,1,1,自然
8439,4941,2026-06-04 16:44:00,一日游套餐,339.77,1,0,微信
8440,4941,2026-06-06 17:56:00,酒店预订,200.01,1,0,微信
8441,4941,2026-06-20 08:22:00,一日游套餐,342.48,0,0,微信
8442,4941,2026-07-18 15:46:00,景点门票,77.32,0,0,微信
8443,4941,2026-07-25 17:06:00,景点门票,43.71,0,0,微信
8444,4943,2026-06-22 08:38:00,一日游套餐,437.28,1,0,小红书
8445,4946,2026-08-14 12:46:00,酒店预订,564.29,1,0,微信
8446,4946,2026-08-14 16:19:00,酒店预订,511.24,1,0,微信
8447,4946,2026-08-23 18:42:00,一日游套餐,214.05,0,0,微信
8448,4946,2026-08-24 14:09:00,景点门票,51.4,1,0,微信
8449,4947,2026-07-13 11:47:00,酒店预订,240.11,1,0,小红书
8450,4947,2026-08-05 11:08:00,景点门票,96.74,1,0,小红书
8451,4948,2026-07-20 18:52:00,酒店预订,203.0,1,0,微信
8452,4948,2026-08-23 17:35:00,景点门票,129.23,1,0,微信
8453,4948,2026-08-30 12:14:00,酒店预订,371.19,1,0,微信
8454,4949,2026-07-20 09:05:00,一日游套餐,415.51,1,0,小红书
8455,4950,2026-07-02 08:47:00,景点门票,55.34,1,0,小红书
8456,4952,2026-06-28 10:47:00,酒店预订,493.64,1,0,小红书
8457,4952,2026-08-07 19:33:00,景点门票,175.54,0,0,小红书
8458,4953,2026-08-12 09:44:00,景点门票,174.76,0,0,自然
8459,4954,2026-08-02 14:16:00,酒店预订,411.19,1,0,地推
8460,4955,2026-08-01 09:09:00,景点门票,88.67,0,0,自然
8461,4955,2026-08-09 10:36:00,一日游套餐,279.97,1,0,自然
8462,4957,2026-07-18 23:09:00,景点门票,133.25,0,0,微信
8463,4957,2026-08-01 14:50:00,景点门票,90.97,1,0,微信
8464,4958,2026-06-13 17:02:00,景点门票,119.65,1,0,自然
8465,4958,2026-06-13 07:45:00,酒店预订,200.15,0,0,自然
8466,4959,2026-07-19 15:48:00,酒店预订,490.84,1,0,抖音
8467,4960,2026-06-21 08:57:00,景点门票,65.61,0,0,小红书
8468,4960,2026-06-25 20:49:00,一日游套餐,352.43,0,0,小红书
8469,4960,2026-07-28 21:15:00,景点门票,103.27,0,0,小红书
8470,4961,2026-07-01 13:46:00,景点门票,115.35,1,0,自然
8471,4962,2026-07-04 14:42:00,酒店预订,476.08,1,0,自然
8472,4962,2026-08-31 07:48:00,景点门票,122.9,0,0,自然
8473,4963,2026-07-04 09:59:00,景点门票,72.73,1,0,抖音
8474,4964,2026-08-03 21:44:00,酒店预订,398.38,1,0,自然
8475,4965,2026-06-09 20:24:00,一日游套餐,382.54,0,0,自然
8476,4965,2026-06-09 16:53:00,一日游套餐,438.13,0,0,自然
8477,4965,2026-06-17 22:06:00,景点门票,141.06,1,0,自然
8478,4965,2026-06-27 10:58:00,酒店预订,200.42,1,0,自然
8479,4965,2026-06-29 17:31:00,景点门票,81.83,1,0,自然
8480,4965,2026-07-16 19:33:00,一日游套餐,319.81,1,0,自然
8481,4965,2026-08-07 16:44:00,酒店预订,245.15,0,0,自然
8482,4966,2026-06-15 09:31:00,酒店预订,239.53,0,0,自然
8483,4966,2026-06-24 13:05:00,酒店预订,284.95,0,0,自然
8484,4966,2026-07-25 11:43:00,一日游套餐,217.42,1,0,自然
8485,4966,2026-08-08 11:48:00,酒店预订,181.88,1,0,自然
8486,4966,2026-08-15 15:33:00,景点门票,128.81,0,0,自然
8487,4967,2026-06-25 13:54:00,景点门票,102.58,1,0,抖音
8488,4967,2026-07-28 12:40:00,酒店预订,324.96,1,0,抖音
8489,4970,2026-07-16 13:17:00,景点门票,145.82,0,0,小红书
8490,4970,2026-07-30 18:19:00,一日游套餐,316.06,0,0,小红书
8491,4970,2026-08-15 11:27:00,酒店预订,512.56,0,0,小红书
8492,4970,2026-08-15 11:53:00,酒店预订,448.39,0,0,小红书
8493,4970,2026-08-27 17:50:00,酒店预订,551.65,0,0,小红书
8494,4971,2026-07-06 09:46:00,一日游套餐,262.37,1,0,小红书
8495,4972,2026-06-15 14:27:00,酒店预订,180.55,1,1,自然
8496,4972,2026-06-27 22:15:00,景点门票,128.41,1,0,自然
8497,4972,2026-07-14 18:53:00,酒店预订,588.92,0,0,自然
8498,4973,2026-08-02 09:13:00,一日游套餐,209.55,0,0,抖音
8499,4974,2026-06-16 22:19:00,一日游套餐,344.23,0,0,微信
8500,4974,2026-06-17 11:15:00,酒店预订,476.89,0,0,微信
8501,4974,2026-06-22 18:03:00,景点门票,152.13,1,0,微信
8502,4974,2026-06-22 16:08:00,景点门票,73.36,1,0,微信
8503,4974,2026-07-01 09:19:00,景点门票,154.67,1,1,微信
8504,4974,2026-07-03 07:37:00,酒店预订,373.48,1,0,微信
8505,4975,2026-08-23 09:41:00,酒店预订,361.24,0,0,小红书
8506,4976,2026-08-11 17:45:00,景点门票,107.7,0,0,抖音
8507,4979,2026-06-03 09:52:00,酒店预订,305.76,0,0,微信
8508,4979,2026-06-13 11:38:00,酒店预订,459.27,1,0,微信
8509,4979,2026-06-20 14:41:00,酒店预订,342.34,1,0,微信
8510,4980,2026-07-24 21:26:00,景点门票,62.12,0,0,地推
8511,4981,2026-07-01 16:20:00,景点门票,40.07,1,0,地推
8512,4981,2026-07-03 19:16:00,景点门票,104.05,1,0,地推
8513,4981,2026-07-08 17:36:00,景点门票,86.95,0,0,地推
8514,4982,2026-06-30 11:44:00,酒店预订,232.22,0,0,自然
8515,4983,2026-08-01 20:38:00,酒店预订,335.06,0,0,抖音
8516,4983,2026-08-01 21:46:00,景点门票,142.77,0,0,抖音
8517,4983,2026-08-11 13:24:00,景点门票,91.24,1,0,抖音
8518,4984,2026-07-15 16:01:00,酒店预订,223.51,0,0,自然
8519,4984,2026-07-27 18:08:00,景点门票,140.31,0,0,自然
8520,4987,2026-08-08 23:06:00,景点门票,176.84,1,0,小红书
8521,4987,2026-08-15 20:49:00,景点门票,109.94,1,0,小红书
8522,4988,2026-06-20 23:09:00,景点门票,82.09,0,0,自然
8523,4988,2026-06-25 07:25:00,景点门票,151.57,0,0,自然
8524,4988,2026-07-13 15:40:00,一日游套餐,398.57,1,0,自然
8525,4989,2026-07-10 16:53:00,一日游套餐,238.46,1,0,地推
8526,4990,2026-07-20 17:52:00,景点门票,98.32,1,0,自然
8527,4990,2026-08-26 22:57:00,一日游套餐,280.66,1,0,自然
8528,4991,2026-07-15 07:49:00,酒店预订,193.77,0,0,自然
8529,4991,2026-07-15 17:33:00,一日游套餐,202.21,0,0,自然
8530,4991,2026-08-12 21:28:00,景点门票,96.87,1,0,自然
8531,4992,2026-06-26 15:21:00,一日游套餐,417.53,1,0,微信
8532,4992,2026-06-30 19:15:00,酒店预订,242.63,0,0,微信
8533,4992,2026-07-02 14:14:00,景点门票,61.32,1,1,微信
8534,4992,2026-07-04 19:38:00,酒店预订,537.17,0,0,微信
8535,4992,2026-07-16 23:00:00,一日游套餐,425.47,0,0,微信
8536,4992,2026-08-15 16:52:00,酒店预订,426.9,1,0,微信
8537,4993,2026-07-05 07:29:00,一日游套餐,290.81,1,0,小红书
8538,4995,2026-07-26 10:18:00,景点门票,105.76,0,0,小红书
8539,4995,2026-08-06 15:02:00,一日游套餐,351.21,1,0,小红书
8540,4996,2026-07-18 09:25:00,酒店预订,223.25,1,0,自然
8541,4997,2026-07-02 16:06:00,酒店预订,360.83,1,0,自然
8542,4997,2026-07-06 13:57:00,酒店预订,252.68,1,0,自然
8543,4998,2026-07-09 22:48:00,景点门票,175.25,1,1,抖音
8544,4999,2026-06-19 20:56:00,酒店预订,475.77,0,0,抖音
8545,4999,2026-06-29 10:36:00,景点门票,141.25,0,0,抖音
8546,4999,2026-07-09 14:28:00,酒店预订,438.13,0,0,抖音
8547,5000,2026-07-15 15:24:00,酒店预订,262.67,0,0,小红书
8548,5000,2026-07-30 09:43:00,酒店预订,249.59,1,0,小红书
8549,5000,2026-08-16 22:23:00,一日游套餐,380.06,1,0,小红书
8550,5000,2026-08-16 15:19:00,景点门票,171.47,1,0,小红书
8551,5000,2026-08-23 17:04:00,酒店预订,260.24,1,0,小红书
8552,5001,2026-07-06 20:31:00,景点门票,96.46,0,0,自然
8553,5002,2026-07-30 09:01:00,酒店预订,213.81,0,0,小红书
8554,5002,2026-07-30 11:42:00,一日游套餐,333.61,1,0,小红书
8555,5002,2026-08-22 16:44:00,景点门票,139.92,0,0,小红书
8556,5003,2026-06-09 19:48:00,酒店预订,292.91,1,0,微信
8557,5003,2026-06-14 08:44:00,一日游套餐,289.35,1,0,微信
8558,5003,2026-06-15 21:27:00,景点门票,69.29,1,0,微信
8559,5003,2026-06-21 18:05:00,景点门票,68.28,1,0,微信
8560,5003,2026-07-04 09:13:00,景点门票,162.55,1,0,微信
8561,5003,2026-07-05 12:10:00,酒店预订,338.14,1,0,微信
8562,5003,2026-07-12 22:43:00,酒店预订,364.69,1,0,微信
8563,5004,2026-06-29 21:37:00,一日游套餐,269.35,1,0,自然
8564,5004,2026-07-06 17:26:00,景点门票,176.51,1,0,自然
8565,5005,2026-06-15 10:09:00,景点门票,172.89,0,0,自然
8566,5005,2026-06-17 14:29:00,景点门票,153.1,0,0,自然
8567,5005,2026-06-23 09:03:00,景点门票,68.04,1,0,自然
8568,5005,2026-07-30 07:45:00,酒店预订,292.78,1,0,自然
8569,5005,2026-08-04 08:39:00,一日游套餐,338.03,0,0,自然
8570,5006,2026-07-06 11:43:00,景点门票,103.01,0,0,抖音
8571,5007,2026-07-21 22:25:00,酒店预订,531.97,1,0,微信
8572,5007,2026-07-23 08:14:00,酒店预订,287.43,0,0,微信
8573,5007,2026-07-26 10:51:00,酒店预订,239.11,1,0,微信
8574,5007,2026-08-02 22:58:00,景点门票,154.81,0,0,微信
8575,5007,2026-08-13 09:05:00,景点门票,71.28,1,0,微信
8576,5007,2026-08-26 14:31:00,景点门票,79.7,1,0,微信
8577,5007,2026-08-26 07:28:00,景点门票,41.03,1,0,微信
8578,5008,2026-06-27 13:02:00,景点门票,108.35,1,0,小红书
8579,5009,2026-08-26 09:15:00,景点门票,148.01,0,0,小红书
8580,5010,2026-07-26 11:36:00,一日游套餐,248.79,0,0,抖音
8581,5013,2026-07-06 17:28:00,一日游套餐,338.16,0,0,自然
8582,5013,2026-07-16 13:11:00,景点门票,50.26,1,1,自然
8583,5014,2026-07-26 22:26:00,酒店预订,359.67,1,0,小红书
8584,5015,2026-07-13 16:11:00,酒店预订,496.49,1,0,自然
8585,5016,2026-07-14 22:37:00,景点门票,95.48,1,0,自然
8586,5016,2026-07-16 16:49:00,一日游套餐,214.92,1,0,自然
8587,5016,2026-08-20 11:38:00,酒店预订,524.58,1,0,自然
8588,5016,2026-08-30 15:21:00,一日游套餐,203.25,0,0,自然
8589,5019,2026-08-29 20:19:00,酒店预订,397.88,0,0,小红书
8590,5020,2026-08-05 17:07:00,酒店预订,537.93,0,0,抖音
8591,5020,2026-08-22 13:51:00,景点门票,129.01,1,0,抖音
8592,5021,2026-07-04 19:11:00,一日游套餐,269.43,0,0,地推
8593,5021,2026-07-05 13:26:00,景点门票,59.74,0,0,地推
8594,5022,2026-08-05 20:50:00,酒店预订,321.6,0,0,微信
8595,5022,2026-08-09 20:45:00,景点门票,148.34,1,0,微信
8596,5022,2026-08-17 22:22:00,景点门票,117.77,1,0,微信
8597,5022,2026-08-30 15:00:00,一日游套餐,312.9,1,0,微信
8598,5023,2026-06-10 14:24:00,景点门票,175.5,0,0,微信
8599,5023,2026-06-22 10:32:00,一日游套餐,271.33,1,0,微信
8600,5024,2026-07-04 14:18:00,酒店预订,464.11,0,0,小红书
8601,5025,2026-07-21 10:41:00,一日游套餐,222.5,0,0,小红书
8602,5025,2026-08-15 10:28:00,景点门票,134.46,1,0,小红书
8603,5026,2026-06-24 14:27:00,景点门票,171.89,1,0,小红书
8604,5026,2026-07-18 18:51:00,酒店预订,386.96,0,0,小红书
8605,5027,2026-07-17 13:56:00,一日游套餐,245.1,0,0,抖音
8606,5028,2026-08-17 13:25:00,景点门票,72.31,1,0,抖音
8607,5029,2026-07-12 21:06:00,酒店预订,260.04,0,0,小红书
8608,5029,2026-07-21 21:44:00,一日游套餐,229.59,1,0,小红书
8609,5029,2026-07-25 22:24:00,景点门票,178.16,0,0,小红书
8610,5029,2026-08-23 19:59:00,景点门票,40.04,1,0,小红书
8611,5029,2026-08-23 14:11:00,酒店预订,423.96,1,0,小红书
8612,5030,2026-07-11 12:32:00,酒店预订,409.88,0,0,自然
8613,5030,2026-07-25 08:49:00,酒店预订,565.41,1,0,自然
8614,5031,2026-07-21 12:07:00,酒店预订,542.99,0,0,自然
8615,5032,2026-07-14 17:01:00,景点门票,82.1,0,0,微信
8616,5032,2026-07-23 18:03:00,景点门票,153.89,1,0,微信
8617,5033,2026-07-15 14:46:00,酒店预订,224.3,1,0,自然
8618,5033,2026-08-07 18:13:00,景点门票,163.85,1,0,自然
8619,5034,2026-07-31 21:39:00,酒店预订,254.59,1,0,抖音
8620,5034,2026-08-05 14:04:00,酒店预订,240.34,0,0,抖音
8621,5035,2026-08-05 16:09:00,景点门票,141.05,1,0,小红书
8622,5036,2026-06-13 07:34:00,酒店预订,414.47,1,0,自然
8623,5036,2026-06-17 23:03:00,一日游套餐,265.08,0,0,自然
8624,5036,2026-06-26 12:18:00,一日游套餐,307.0,1,0,自然
8625,5036,2026-07-25 18:50:00,景点门票,90.44,1,0,自然
8626,5037,2026-06-17 22:08:00,一日游套餐,277.8,0,0,微信
8627,5037,2026-06-19 11:28:00,酒店预订,511.66,1,0,微信
8628,5037,2026-06-20 17:22:00,酒店预订,418.19,1,0,微信
8629,5037,2026-06-27 17:02:00,景点门票,57.84,1,0,微信
8630,5037,2026-07-09 14:02:00,酒店预订,423.88,1,0,微信
8631,5038,2026-07-12 18:16:00,景点门票,73.57,0,0,自然
8632,5038,2026-07-13 16:06:00,景点门票,93.88,0,0,自然
8633,5038,2026-07-13 09:05:00,景点门票,66.14,0,0,自然
8634,5038,2026-07-16 12:08:00,一日游套餐,428.68,0,0,自然
8635,5039,2026-06-29 12:22:00,酒店预订,530.31,0,0,微信
8636,5039,2026-07-07 07:33:00,景点门票,44.05,1,1,微信
8637,5039,2026-07-11 14:08:00,酒店预订,246.16,1,0,微信
8638,5039,2026-08-08 13:13:00,景点门票,142.6,0,0,微信
8639,5040,2026-08-17 14:36:00,景点门票,74.32,1,0,微信
8640,5040,2026-08-21 14:30:00,酒店预订,340.56,1,0,微信
8641,5041,2026-08-10 13:47:00,景点门票,120.39,0,0,自然
8642,5041,2026-08-18 17:46:00,一日游套餐,440.48,1,0,自然
8643,5041,2026-08-19 21:04:00,景点门票,93.38,0,0,自然
8644,5042,2026-07-06 18:31:00,一日游套餐,332.75,0,0,自然
8645,5042,2026-07-09 17:00:00,酒店预订,257.27,1,0,自然
8646,5042,2026-07-11 15:23:00,一日游套餐,448.95,1,0,自然
8647,5043,2026-06-21 17:56:00,景点门票,89.23,1,0,抖音
8648,5044,2026-07-11 15:36:00,景点门票,155.3,1,0,抖音
8649,5044,2026-08-01 22:39:00,景点门票,70.39,0,0,抖音
8650,5045,2026-06-07 11:00:00,景点门票,108.09,1,0,自然
8651,5045,2026-06-07 17:14:00,酒店预订,537.85,1,1,自然
8652,5045,2026-06-14 18:16:00,景点门票,76.14,1,0,自然
8653,5045,2026-06-26 23:09:00,景点门票,136.07,1,0,自然
8654,5045,2026-06-27 07:53:00,景点门票,110.81,0,0,自然
8655,5045,2026-07-04 19:15:00,景点门票,124.4,1,0,自然
8656,5048,2026-06-25 22:50:00,酒店预订,400.86,1,0,微信
8657,5048,2026-07-25 15:04:00,景点门票,51.88,1,0,微信
8658,5048,2026-08-08 19:40:00,景点门票,109.08,1,0,微信
8659,5049,2026-07-10 16:05:00,酒店预订,488.5,1,0,自然
8660,5050,2026-07-22 23:02:00,景点门票,84.25,1,0,地推
8661,5051,2026-07-21 21:14:00,景点门票,74.27,1,0,自然
8662,5055,2026-08-16 20:31:00,景点门票,166.2,1,0,微信
8663,5055,2026-08-30 17:50:00,景点门票,68.91,0,0,微信
8664,5056,2026-07-25 16:14:00,景点门票,150.66,1,0,自然
8665,5058,2026-07-08 16:55:00,景点门票,176.78,1,0,抖音
8666,5058,2026-08-02 17:56:00,一日游套餐,363.04,0,0,抖音
8667,5059,2026-06-30 09:19:00,酒店预订,537.33,1,0,小红书
8668,5059,2026-07-08 10:10:00,景点门票,121.21,1,0,小红书
8669,5060,2026-06-18 21:57:00,一日游套餐,259.46,1,0,自然
8670,5060,2026-07-19 10:32:00,酒店预订,247.18,1,0,自然
8671,5060,2026-07-19 07:20:00,景点门票,97.07,1,0,自然
8672,5060,2026-08-02 14:54:00,一日游套餐,329.9,1,0,自然
8673,5060,2026-08-06 15:25:00,一日游套餐,249.36,1,0,自然
8674,5061,2026-08-08 15:12:00,景点门票,161.95,0,0,自然
8675,5061,2026-08-28 19:16:00,酒店预订,393.34,1,1,自然
8676,5062,2026-07-11 08:39:00,景点门票,171.28,1,0,自然
8677,5062,2026-07-12 10:26:00,酒店预订,513.38,1,0,自然
8678,5062,2026-08-06 20:43:00,一日游套餐,213.58,1,0,自然
8679,5062,2026-08-15 20:42:00,一日游套餐,431.64,1,0,自然
8680,5064,2026-07-05 17:38:00,酒店预订,378.62,1,0,自然
8681,5064,2026-08-12 16:58:00,景点门票,134.6,0,0,自然
8682,5065,2026-07-16 17:39:00,景点门票,94.62,0,0,地推
8683,5066,2026-08-27 09:21:00,景点门票,63.62,0,0,抖音
8684,5066,2026-08-29 16:42:00,景点门票,81.43,0,0,抖音
8685,5067,2026-06-27 07:33:00,景点门票,50.46,1,1,小红书
8686,5068,2026-07-26 22:45:00,景点门票,76.64,0,0,抖音
8687,5069,2026-08-01 08:03:00,一日游套餐,331.38,0,0,自然
8688,5070,2026-07-30 19:10:00,酒店预订,594.98,0,0,抖音
8689,5070,2026-08-14 21:19:00,酒店预订,434.47,0,0,抖音
8690,5071,2026-06-19 10:56:00,景点门票,143.7,0,0,自然
8691,5071,2026-06-24 19:37:00,酒店预订,429.74,0,0,自然
8692,5071,2026-06-27 11:49:00,景点门票,133.1,1,0,自然
8693,5071,2026-06-30 20:52:00,酒店预订,210.35,0,0,自然
8694,5071,2026-07-04 15:13:00,酒店预订,440.64,0,0,自然
8695,5073,2026-07-11 18:47:00,酒店预订,466.57,1,0,抖音
8696,5073,2026-07-22 19:08:00,景点门票,73.29,1,0,抖音
8697,5074,2026-06-14 14:53:00,景点门票,95.12,1,0,抖音
8698,5078,2026-06-10 16:05:00,景点门票,162.17,0,0,自然
8699,5078,2026-06-12 15:12:00,景点门票,51.69,1,0,自然
8700,5078,2026-06-12 16:33:00,景点门票,85.85,0,0,自然
8701,5078,2026-06-20 15:44:00,一日游套餐,358.06,1,0,自然
8702,5078,2026-07-22 08:03:00,景点门票,152.72,1,0,自然
8703,5078,2026-07-25 14:25:00,一日游套餐,224.68,1,0,自然
8704,5078,2026-07-31 14:02:00,景点门票,60.88,0,0,自然
8705,5080,2026-07-19 19:04:00,一日游套餐,228.38,1,1,小红书
8706,5081,2026-07-02 22:12:00,景点门票,43.0,1,1,自然
8707,5081,2026-07-31 22:41:00,景点门票,68.71,1,0,自然
8708,5081,2026-08-07 13:06:00,一日游套餐,302.72,1,0,自然
8709,5082,2026-07-14 17:22:00,酒店预订,571.43,1,0,小红书
8710,5082,2026-08-22 15:34:00,酒店预订,323.79,1,0,小红书
8711,5083,2026-07-23 18:49:00,酒店预订,331.57,1,0,抖音
8712,5084,2026-08-21 20:12:00,景点门票,89.41,1,1,自然
8713,5085,2026-06-27 18:15:00,景点门票,135.63,1,0,地推
8714,5086,2026-08-20 07:18:00,酒店预订,534.95,1,0,抖音
8715,5086,2026-08-21 17:24:00,酒店预订,246.0,0,0,抖音
8716,5087,2026-06-17 22:40:00,景点门票,45.01,1,0,微信
8717,5087,2026-06-28 07:20:00,景点门票,70.33,1,0,微信
8718,5090,2026-07-26 10:59:00,酒店预订,425.04,1,0,自然
8719,5090,2026-07-26 11:48:00,一日游套餐,280.29,0,0,自然
8720,5090,2026-08-04 08:45:00,酒店预订,580.41,1,0,自然
8721,5090,2026-08-17 11:02:00,景点门票,138.28,1,0,自然
8722,5092,2026-08-18 10:04:00,景点门票,116.97,1,0,小红书
8723,5094,2026-08-07 12:57:00,景点门票,89.9,1,0,抖音
8724,5094,2026-08-14 09:33:00,景点门票,101.55,0,0,抖音
8725,5095,2026-08-17 19:30:00,酒店预订,214.56,0,0,地推
8726,5096,2026-07-28 10:14:00,酒店预订,354.35,0,0,抖音
8727,5096,2026-08-17 15:47:00,一日游套餐,360.82,0,0,抖音
8728,5097,2026-06-14 19:31:00,酒店预订,198.8,1,0,小红书
8729,5098,2026-06-07 13:34:00,景点门票,105.61,0,0,小红书
8730,5098,2026-06-08 15:48:00,一日游套餐,274.67,1,0,小红书
8731,5098,2026-06-09 18:40:00,景点门票,118.23,1,0,小红书
8732,5098,2026-06-20 16:01:00,景点门票,151.75,1,0,小红书
8733,5099,2026-07-21 10:52:00,一日游套餐,354.53,1,0,微信
8734,5099,2026-08-17 20:46:00,酒店预订,243.08,1,0,微信
8735,5100,2026-06-20 13:23:00,一日游套餐,389.82,1,0,微信
8736,5100,2026-06-20 11:36:00,酒店预订,434.44,1,0,微信
8737,5100,2026-06-24 12:01:00,一日游套餐,349.26,1,1,微信
8738,5100,2026-08-12 10:17:00,酒店预订,475.86,0,0,微信
8739,5100,2026-08-12 09:14:00,景点门票,145.52,0,0,微信
8740,5102,2026-07-26 12:43:00,一日游套餐,332.14,1,0,自然
8741,5103,2026-06-17 15:39:00,酒店预订,474.89,0,0,自然
8742,5103,2026-06-20 07:58:00,一日游套餐,399.56,1,0,自然
8743,5103,2026-07-16 07:23:00,景点门票,140.75,1,0,自然
8744,5103,2026-08-01 12:47:00,景点门票,48.2,0,0,自然
8745,5103,2026-08-03 11:16:00,酒店预订,232.54,0,0,自然
8746,5105,2026-06-27 22:01:00,酒店预订,366.89,1,0,微信
8747,5105,2026-07-22 13:57:00,景点门票,116.52,1,0,微信
8748,5105,2026-08-08 21:10:00,景点门票,84.98,1,0,微信
8749,5107,2026-07-09 12:05:00,酒店预订,215.22,1,0,自然
8750,5107,2026-08-07 11:38:00,景点门票,112.76,1,0,自然
8751,5107,2026-08-07 15:29:00,酒店预订,524.49,0,0,自然
8752,5108,2026-06-29 14:16:00,酒店预订,340.64,1,1,自然
8753,5110,2026-07-25 12:05:00,景点门票,114.41,1,0,微信
8754,5111,2026-06-03 14:56:00,景点门票,127.83,0,0,自然
8755,5111,2026-06-12 18:46:00,酒店预订,368.45,1,0,自然
8756,5111,2026-07-01 09:31:00,景点门票,44.61,0,0,自然
8757,5112,2026-06-19 07:40:00,酒店预订,249.75,1,0,小红书
8758,5112,2026-06-21 17:06:00,景点门票,142.83,0,0,小红书
8759,5112,2026-07-03 12:30:00,景点门票,66.53,0,0,小红书
8760,5112,2026-07-07 19:21:00,景点门票,85.61,1,0,小红书
8761,5112,2026-08-04 12:33:00,酒店预订,184.54,0,0,小红书
8762,5113,2026-08-30 20:37:00,酒店预订,194.0,1,0,小红书
8763,5115,2026-07-04 17:26:00,酒店预订,377.83,1,0,自然
8764,5117,2026-06-06 18:56:00,景点门票,86.43,1,0,小红书
8765,5117,2026-06-11 15:30:00,酒店预订,234.47,0,0,小红书
8766,5117,2026-06-13 21:13:00,酒店预订,239.84,1,0,小红书
8767,5117,2026-08-02 19:06:00,景点门票,92.42,0,0,小红书
8768,5118,2026-07-11 21:36:00,一日游套餐,241.97,0,0,微信
8769,5118,2026-07-24 17:07:00,一日游套餐,408.37,1,0,微信
8770,5118,2026-08-17 12:45:00,景点门票,111.97,0,0,微信
8771,5118,2026-08-28 17:03:00,一日游套餐,249.16,1,0,微信
8772,5119,2026-06-27 12:06:00,景点门票,74.5,1,0,自然
8773,5119,2026-08-14 18:40:00,酒店预订,312.93,1,0,自然
8774,5119,2026-08-21 18:31:00,一日游套餐,342.63,1,0,自然
8775,5120,2026-07-02 07:35:00,酒店预订,469.49,0,0,抖音
8776,5123,2026-07-08 10:28:00,一日游套餐,401.69,1,0,抖音
8777,5123,2026-08-16 18:45:00,景点门票,130.16,1,0,抖音
8778,5125,2026-07-15 19:21:00,景点门票,94.12,0,0,抖音
8779,5125,2026-07-16 19:17:00,酒店预订,457.0,1,0,抖音
8780,5126,2026-08-20 17:08:00,景点门票,137.24,0,0,自然
8781,5127,2026-07-15 11:09:00,景点门票,46.07,0,0,抖音
8782,5128,2026-07-25 07:12:00,景点门票,171.39,1,0,自然
8783,5128,2026-08-12 09:14:00,景点门票,102.07,1,0,自然
8784,5130,2026-06-24 18:46:00,景点门票,122.73,1,0,地推
8785,5131,2026-08-11 18:38:00,酒店预订,397.56,1,0,自然
8786,5131,2026-08-11 16:30:00,景点门票,86.04,1,1,自然
8787,5131,2026-08-24 15:12:00,景点门票,141.05,1,1,自然
8788,5132,2026-08-03 11:42:00,酒店预订,528.92,1,0,自然
8789,5132,2026-08-04 08:27:00,一日游套餐,345.07,0,0,自然
8790,5132,2026-08-04 10:31:00,酒店预订,400.82,1,0,自然
8791,5133,2026-07-06 07:27:00,景点门票,177.59,0,0,自然
8792,5133,2026-07-08 21:59:00,酒店预订,342.66,0,0,自然
8793,5133,2026-07-29 16:54:00,一日游套餐,207.95,1,0,自然
8794,5135,2026-06-24 15:51:00,酒店预订,261.85,0,0,微信
8795,5135,2026-06-25 13:32:00,酒店预订,316.46,1,0,微信
8796,5135,2026-06-26 10:41:00,景点门票,97.65,0,0,微信
8797,5135,2026-07-02 17:45:00,景点门票,152.16,1,0,微信
8798,5136,2026-08-03 12:13:00,一日游套餐,431.16,0,0,抖音
8799,5137,2026-07-17 10:06:00,景点门票,60.88,1,1,自然
8800,5137,2026-07-18 20:59:00,酒店预订,526.68,1,0,自然
8801,5138,2026-08-18 11:27:00,一日游套餐,306.63,0,0,自然
8802,5138,2026-08-23 07:50:00,酒店预订,458.5,0,0,自然
8803,5139,2026-07-13 12:10:00,酒店预订,257.42,1,0,自然
8804,5139,2026-07-22 15:54:00,景点门票,49.71,1,0,自然
8805,5139,2026-08-17 18:29:00,景点门票,173.39,1,0,自然
8806,5140,2026-07-25 09:25:00,酒店预订,415.91,0,0,微信
8807,5140,2026-07-26 22:12:00,酒店预订,240.92,1,0,微信
8808,5140,2026-07-30 19:05:00,景点门票,140.76,1,0,微信
8809,5140,2026-08-02 15:50:00,景点门票,52.47,1,0,微信
8810,5140,2026-08-03 22:02:00,景点门票,129.46,1,0,微信
8811,5140,2026-08-04 19:38:00,酒店预订,202.55,1,0,微信
8812,5142,2026-06-22 19:05:00,景点门票,159.28,1,0,抖音
8813,5142,2026-07-14 20:46:00,一日游套餐,438.84,1,0,抖音
8814,5145,2026-08-25 15:53:00,景点门票,70.69,0,0,抖音
8815,5146,2026-07-10 17:57:00,一日游套餐,296.14,0,0,微信
8816,5146,2026-07-11 16:41:00,酒店预订,298.98,1,0,微信
8817,5146,2026-07-18 15:41:00,酒店预订,271.3,1,0,微信
8818,5146,2026-07-25 16:21:00,酒店预订,508.67,1,0,微信
8819,5146,2026-08-16 10:14:00,酒店预订,435.83,1,0,微信
8820,5147,2026-06-17 22:41:00,景点门票,47.05,1,0,微信
8821,5147,2026-06-17 19:02:00,景点门票,41.83,1,0,微信
8822,5147,2026-06-20 10:48:00,酒店预订,198.76,1,0,微信
8823,5147,2026-06-22 12:47:00,景点门票,128.52,1,0,微信
8824,5147,2026-06-23 18:24:00,酒店预订,403.49,1,1,微信
8825,5147,2026-06-29 10:31:00,景点门票,155.4,1,0,微信
8826,5147,2026-07-03 19:32:00,酒店预订,550.45,1,0,微信
8827,5147,2026-08-11 19:22:00,酒店预订,501.11,0,0,微信
8828,5149,2026-06-23 21:54:00,景点门票,58.04,1,0,微信
8829,5149,2026-06-23 21:10:00,景点门票,95.43,0,0,微信
8830,5149,2026-07-31 11:17:00,景点门票,84.82,1,0,微信
8831,5150,2026-07-15 22:19:00,景点门票,113.16,1,0,自然
8832,5150,2026-07-15 11:56:00,酒店预订,446.96,1,0,自然
8833,5150,2026-08-29 15:55:00,景点门票,93.21,1,0,自然
8834,5151,2026-08-16 18:57:00,景点门票,143.78,0,0,小红书
8835,5151,2026-08-26 21:44:00,一日游套餐,444.84,1,0,小红书
8836,5152,2026-07-06 20:54:00,景点门票,148.83,1,0,自然
8837,5153,2026-08-13 17:48:00,一日游套餐,246.49,1,0,抖音
8838,5153,2026-08-14 17:37:00,酒店预订,596.44,0,0,抖音
8839,5154,2026-08-22 11:30:00,酒店预订,187.25,0,0,自然
8840,5155,2026-07-14 19:58:00,一日游套餐,334.82,1,0,自然
8841,5156,2026-08-10 14:24:00,一日游套餐,320.75,1,0,自然
8842,5158,2026-06-22 09:21:00,景点门票,45.1,0,0,小红书
8843,5158,2026-06-27 22:59:00,景点门票,78.63,1,0,小红书
8844,5163,2026-08-02 10:45:00,一日游套餐,434.49,1,1,自然
8845,5163,2026-08-12 22:51:00,酒店预订,388.61,1,0,自然
8846,5164,2026-07-11 10:37:00,景点门票,104.48,1,1,抖音
8847,5164,2026-07-18 09:41:00,一日游套餐,242.47,1,0,抖音
8848,5164,2026-08-19 20:30:00,景点门票,54.23,1,0,抖音
8849,5165,2026-07-23 17:39:00,景点门票,122.71,0,0,小红书
8850,5165,2026-07-24 08:14:00,酒店预订,219.11,1,0,小红书
8851,5165,2026-08-25 12:58:00,景点门票,62.84,1,0,小红书
8852,5166,2026-07-11 08:17:00,景点门票,112.07,0,0,小红书
8853,5166,2026-07-15 09:31:00,酒店预订,350.8,1,0,小红书
8854,5166,2026-08-01 21:08:00,酒店预订,222.99,1,0,小红书
8855,5168,2026-07-16 09:31:00,酒店预订,330.62,1,0,小红书
8856,5169,2026-08-23 09:42:00,酒店预订,298.45,0,0,自然
8857,5170,2026-08-27 22:03:00,景点门票,169.41,1,1,抖音
8858,5170,2026-08-30 11:28:00,酒店预订,338.12,1,0,抖音
8859,5170,2026-08-31 21:00:00,酒店预订,577.26,0,0,抖音
8860,5172,2026-07-08 16:47:00,景点门票,45.8,0,0,小红书
8861,5172,2026-08-11 15:00:00,酒店预订,209.52,0,0,小红书
8862,5173,2026-07-21 07:56:00,酒店预订,386.52,1,0,微信
8863,5173,2026-07-23 09:54:00,一日游套餐,441.44,0,0,微信
8864,5174,2026-08-06 18:32:00,酒店预订,436.49,0,0,自然
8865,5175,2026-07-20 14:50:00,景点门票,100.77,1,0,自然
8866,5175,2026-07-23 07:32:00,一日游套餐,309.03,0,0,自然
8867,5175,2026-08-22 17:15:00,景点门票,138.67,0,0,自然
8868,5175,2026-08-24 09:46:00,景点门票,89.8,1,0,自然
8869,5176,2026-06-27 22:28:00,酒店预订,207.46,1,0,自然
8870,5177,2026-08-08 13:40:00,一日游套餐,225.11,1,0,自然
8871,5178,2026-08-22 14:37:00,一日游套餐,226.82,1,0,自然
8872,5178,2026-08-27 19:54:00,景点门票,75.54,1,0,自然
8873,5179,2026-06-04 10:01:00,景点门票,46.32,1,0,抖音
8874,5179,2026-06-06 20:50:00,景点门票,133.13,1,0,抖音
8875,5180,2026-07-04 17:36:00,酒店预订,374.19,1,0,抖音
8876,5181,2026-08-03 19:58:00,一日游套餐,232.74,1,0,小红书
8877,5182,2026-06-17 10:29:00,景点门票,160.58,0,0,抖音
8878,5185,2026-07-04 16:55:00,酒店预订,393.12,1,0,自然
8879,5185,2026-08-13 20:35:00,景点门票,108.4,1,0,自然
8880,5185,2026-08-13 17:52:00,景点门票,74.39,1,0,自然
8881,5185,2026-08-24 16:37:00,景点门票,101.46,1,0,自然
8882,5186,2026-06-22 19:16:00,酒店预订,250.56,0,0,微信
8883,5186,2026-06-29 07:21:00,景点门票,159.38,0,0,微信
8884,5186,2026-07-18 19:11:00,景点门票,148.33,0,0,微信
8885,5186,2026-07-18 09:27:00,景点门票,115.28,1,0,微信
8886,5186,2026-08-12 11:44:00,景点门票,174.32,1,0,微信
8887,5187,2026-07-04 07:14:00,景点门票,175.36,1,0,自然
8888,5187,2026-07-12 16:25:00,景点门票,114.82,0,0,自然
8889,5189,2026-06-30 12:46:00,景点门票,111.44,0,0,微信
8890,5189,2026-07-21 17:34:00,一日游套餐,227.37,0,0,微信
8891,5189,2026-07-26 08:06:00,酒店预订,255.34,1,0,微信
8892,5191,2026-07-08 14:57:00,一日游套餐,425.16,1,0,小红书
8893,5191,2026-08-07 10:20:00,酒店预订,530.09,1,0,小红书
8894,5191,2026-08-07 12:36:00,景点门票,47.05,1,0,小红书
8895,5193,2026-07-28 10:34:00,景点门票,177.7,1,0,自然
8896,5193,2026-08-08 22:32:00,酒店预订,495.45,1,0,自然
8897,5193,2026-08-29 07:47:00,景点门票,164.56,1,0,自然
8898,5194,2026-07-31 15:49:00,景点门票,55.42,0,0,小红书
8899,5195,2026-08-17 22:17:00,景点门票,65.54,0,0,微信
8900,5197,2026-07-04 14:35:00,景点门票,174.94,0,0,抖音
8901,5197,2026-07-20 20:06:00,景点门票,174.74,1,0,抖音
8902,5198,2026-08-01 20:00:00,景点门票,150.49,1,0,抖音
8903,5199,2026-07-05 21:27:00,景点门票,54.75,1,0,小红书
8904,5199,2026-07-18 22:23:00,一日游套餐,352.28,1,0,小红书
8905,5199,2026-07-28 11:29:00,酒店预订,370.76,1,0,小红书
8906,5200,2026-07-06 14:51:00,酒店预订,409.81,1,0,抖音
8907,5201,2026-08-08 20:10:00,酒店预订,346.29,0,0,自然
8908,5201,2026-08-11 19:37:00,酒店预订,242.08,1,0,自然
8909,5201,2026-08-21 15:49:00,酒店预订,564.13,1,0,自然
8910,5202,2026-08-19 20:59:00,酒店预订,486.03,0,0,自然
8911,5203,2026-07-26 16:38:00,景点门票,153.12,1,0,自然
8912,5203,2026-07-28 13:17:00,一日游套餐,247.34,1,0,自然
8913,5203,2026-08-16 07:41:00,景点门票,163.93,0,0,自然
8914,5204,2026-07-15 17:33:00,景点门票,49.16,0,0,抖音
8915,5205,2026-07-27 14:39:00,一日游套餐,421.89,0,0,自然
8916,5205,2026-07-31 21:24:00,景点门票,170.63,1,1,自然
8917,5206,2026-07-27 07:43:00,景点门票,159.88,1,0,自然
8918,5206,2026-07-27 13:54:00,酒店预订,208.74,1,1,自然
8919,5207,2026-06-19 14:35:00,景点门票,88.65,0,0,自然
8920,5207,2026-06-26 08:59:00,景点门票,109.23,1,0,自然
8921,5210,2026-07-09 22:43:00,酒店预订,339.05,0,0,自然
8922,5212,2026-07-05 19:06:00,景点门票,80.85,0,0,自然
8923,5212,2026-07-06 20:53:00,景点门票,136.64,0,0,自然
8924,5212,2026-08-16 21:57:00,景点门票,110.58,1,0,自然
8925,5212,2026-08-22 08:43:00,景点门票,138.66,1,0,自然
8926,5214,2026-06-15 13:34:00,酒店预订,299.53,1,0,地推
8927,5215,2026-06-27 16:10:00,酒店预订,508.18,1,0,抖音
8928,5216,2026-07-17 15:10:00,酒店预订,189.2,1,0,抖音
8929,5216,2026-07-27 13:09:00,酒店预订,302.4,0,0,抖音
8930,5216,2026-07-30 21:18:00,景点门票,69.33,1,0,抖音
8931,5218,2026-06-26 15:16:00,景点门票,91.67,1,0,自然
8932,5218,2026-06-28 07:12:00,酒店预订,537.57,1,0,自然
8933,5218,2026-07-24 16:58:00,景点门票,82.46,0,0,自然
8934,5219,2026-07-15 17:19:00,景点门票,71.22,0,0,自然
8935,5219,2026-07-31 17:08:00,景点门票,158.33,1,0,自然
8936,5221,2026-07-17 08:55:00,景点门票,79.91,0,0,自然
8937,5221,2026-08-21 09:38:00,景点门票,117.99,0,0,自然
8938,5223,2026-08-09 13:25:00,酒店预订,523.81,1,0,自然
8939,5223,2026-08-21 20:54:00,景点门票,110.38,0,0,自然
8940,5223,2026-08-30 13:47:00,酒店预订,237.26,1,0,自然
8941,5224,2026-08-03 08:09:00,酒店预订,554.14,1,0,自然
8942,5225,2026-07-13 20:26:00,酒店预订,390.91,1,0,抖音
8943,5225,2026-08-11 18:43:00,酒店预订,512.59,0,0,抖音
8944,5226,2026-06-20 17:36:00,景点门票,87.55,1,0,抖音
8945,5226,2026-06-20 21:28:00,一日游套餐,279.2,1,0,抖音
8946,5227,2026-06-29 21:43:00,景点门票,171.55,0,0,自然
8947,5227,2026-07-09 13:11:00,酒店预订,183.8,0,0,自然
8948,5227,2026-07-15 09:33:00,景点门票,69.4,0,0,自然
8949,5229,2026-07-27 07:19:00,酒店预订,536.65,1,0,自然
8950,5229,2026-08-08 12:33:00,景点门票,129.65,1,0,自然
8951,5230,2026-06-25 07:35:00,酒店预订,332.13,1,0,自然
8952,5230,2026-07-08 10:09:00,一日游套餐,311.21,1,0,自然
8953,5230,2026-08-18 07:52:00,一日游套餐,416.24,1,0,自然
8954,5231,2026-07-30 13:14:00,酒店预订,482.46,1,0,微信
8955,5231,2026-07-31 18:55:00,酒店预订,285.63,0,0,微信
8956,5231,2026-08-11 16:56:00,景点门票,143.27,1,0,微信
8957,5232,2026-07-30 14:03:00,景点门票,91.86,1,0,地推
8958,5232,2026-08-06 14:53:00,一日游套餐,236.06,1,0,地推
8959,5232,2026-08-06 18:18:00,酒店预订,186.17,0,0,地推
8960,5233,2026-08-08 16:46:00,景点门票,59.17,0,0,抖音
8961,5234,2026-07-01 18:35:00,酒店预订,206.69,0,0,抖音
8962,5235,2026-08-26 12:35:00,一日游套餐,303.28,1,0,小红书
8963,5236,2026-07-03 13:05:00,景点门票,117.85,1,0,小红书
8964,5236,2026-07-04 15:26:00,景点门票,169.9,1,0,小红书
8965,5236,2026-07-08 11:15:00,景点门票,168.16,1,0,小红书
8966,5236,2026-08-26 08:09:00,酒店预订,258.58,1,0,小红书
8967,5237,2026-08-19 22:42:00,酒店预订,258.81,0,0,自然
8968,5238,2026-07-17 09:45:00,一日游套餐,296.17,0,0,自然
8969,5238,2026-07-25 19:51:00,景点门票,129.72,1,0,自然
8970,5240,2026-07-30 18:38:00,景点门票,144.46,1,0,抖音
8971,5241,2026-07-26 10:28:00,景点门票,116.23,1,0,自然
8972,5242,2026-06-27 13:04:00,景点门票,79.62,1,0,自然
8973,5242,2026-08-02 19:08:00,景点门票,143.48,0,0,自然
8974,5243,2026-07-25 15:53:00,酒店预订,195.89,1,0,抖音
8975,5244,2026-07-02 10:40:00,酒店预订,370.78,0,0,自然
8976,5244,2026-07-07 11:56:00,酒店预订,271.14,1,0,自然
8977,5244,2026-08-27 15:12:00,景点门票,46.39,1,0,自然
8978,5245,2026-07-13 14:48:00,酒店预订,299.49,0,0,抖音
8979,5248,2026-06-11 11:37:00,酒店预订,332.2,1,0,自然
8980,5249,2026-07-11 22:48:00,酒店预订,232.59,1,0,自然
8981,5249,2026-07-18 11:34:00,酒店预订,260.62,1,0,自然
8982,5249,2026-08-16 07:47:00,酒店预订,450.17,1,0,自然
8983,5250,2026-07-18 19:15:00,一日游套餐,275.26,1,0,微信
8984,5250,2026-07-20 20:49:00,景点门票,129.57,0,0,微信
8985,5250,2026-07-28 18:26:00,景点门票,117.81,1,0,微信
8986,5250,2026-07-28 13:10:00,景点门票,133.56,1,0,微信
8987,5250,2026-07-31 10:07:00,酒店预订,367.56,0,0,微信
8988,5250,2026-07-31 20:32:00,景点门票,157.93,1,0,微信
8989,5250,2026-08-15 20:40:00,酒店预订,591.3,0,0,微信
8990,5251,2026-08-20 20:49:00,景点门票,72.97,0,0,抖音
8991,5251,2026-08-21 10:29:00,一日游套餐,335.45,1,0,抖音
8992,5252,2026-06-30 18:09:00,一日游套餐,259.63,1,0,自然
8993,5252,2026-07-02 16:44:00,景点门票,77.53,0,0,自然
8994,5252,2026-07-15 11:15:00,酒店预订,525.8,1,0,自然
8995,5253,2026-07-05 18:48:00,酒店预订,575.91,1,0,自然
8996,5253,2026-07-29 07:45:00,酒店预订,259.83,1,0,自然
8997,5254,2026-08-23 10:52:00,景点门票,47.46,1,0,微信
8998,5255,2026-07-17 11:19:00,一日游套餐,300.41,1,0,小红书
8999,5256,2026-06-16 13:59:00,景点门票,109.22,0,0,微信
9000,5256,2026-06-17 13:14:00,景点门票,106.49,0,0,微信
9001,5256,2026-06-20 17:22:00,景点门票,105.26,1,0,微信
9002,5256,2026-06-20 12:04:00,景点门票,48.17,0,0,微信
9003,5256,2026-07-11 18:38:00,景点门票,61.2,1,0,微信
9004,5256,2026-08-05 22:48:00,一日游套餐,323.19,1,0,微信
9005,5257,2026-07-03 13:53:00,景点门票,46.51,1,0,小红书
9006,5261,2026-08-02 09:18:00,景点门票,116.17,0,0,小红书
9007,5262,2026-07-05 10:22:00,景点门票,59.57,1,0,小红书
9008,5262,2026-07-26 18:08:00,酒店预订,366.07,1,0,小红书
9009,5264,2026-07-03 22:46:00,酒店预订,439.86,1,0,微信
9010,5264,2026-08-24 10:41:00,景点门票,45.09,0,0,微信
9011,5266,2026-08-18 20:55:00,酒店预订,421.44,1,0,自然
9012,5267,2026-06-25 07:13:00,酒店预订,412.69,0,0,抖音
9013,5267,2026-07-18 11:20:00,酒店预订,328.51,1,1,抖音
9014,5268,2026-06-25 20:34:00,景点门票,119.95,1,0,微信
9015,5268,2026-07-25 13:59:00,酒店预订,219.45,1,0,微信
9016,5268,2026-08-03 15:40:00,景点门票,127.99,0,0,微信
9017,5269,2026-08-06 22:55:00,酒店预订,358.36,0,0,地推
9018,5270,2026-08-10 16:28:00,酒店预订,208.12,0,0,抖音
9019,5271,2026-07-08 21:23:00,景点门票,150.92,0,0,地推
9020,5272,2026-06-26 07:26:00,景点门票,59.34,1,0,微信
9021,5272,2026-08-10 08:52:00,景点门票,162.92,0,0,微信
9022,5273,2026-06-21 18:19:00,酒店预订,281.48,1,0,微信
9023,5273,2026-06-30 11:13:00,酒店预订,435.65,0,0,微信
9024,5273,2026-07-10 21:26:00,酒店预订,189.17,1,1,微信
9025,5273,2026-07-11 14:31:00,酒店预订,280.68,1,0,微信
9026,5273,2026-07-25 20:08:00,酒店预订,484.86,0,0,微信
9027,5273,2026-08-16 09:50:00,酒店预订,471.38,1,0,微信
9028,5278,2026-08-01 20:59:00,景点门票,89.65,1,0,小红书
9029,5278,2026-08-31 22:35:00,一日游套餐,247.95,0,0,小红书
9030,5279,2026-07-05 15:57:00,景点门票,153.97,1,0,自然
9031,5279,2026-07-17 12:30:00,酒店预订,321.58,1,0,自然
9032,5279,2026-07-24 17:26:00,一日游套餐,330.2,1,0,自然
9033,5279,2026-08-07 07:58:00,景点门票,123.53,1,0,自然
9034,5280,2026-06-07 20:40:00,景点门票,153.16,0,0,小红书
9035,5282,2026-08-09 12:16:00,一日游套餐,401.6,1,0,抖音
9036,5285,2026-07-31 09:26:00,酒店预订,311.03,1,0,自然
9037,5285,2026-08-27 12:12:00,一日游套餐,371.51,0,0,自然
9038,5285,2026-08-31 21:25:00,景点门票,80.63,1,0,自然
9039,5286,2026-06-13 14:37:00,景点门票,159.16,1,0,自然
9040,5286,2026-06-25 12:16:00,酒店预订,342.34,1,0,自然
9041,5286,2026-06-25 13:32:00,一日游套餐,233.21,1,0,自然
9042,5287,2026-08-01 10:59:00,一日游套餐,259.4,1,0,微信
9043,5287,2026-08-02 17:52:00,景点门票,50.49,1,0,微信
9044,5287,2026-08-04 13:25:00,景点门票,75.42,1,0,微信
9045,5287,2026-08-08 19:59:00,景点门票,107.83,1,0,微信
9046,5287,2026-08-22 21:54:00,一日游套餐,253.62,1,0,微信
9047,5292,2026-06-26 14:22:00,景点门票,108.7,1,0,抖音
9048,5293,2026-06-29 14:32:00,景点门票,169.73,0,0,微信
9049,5293,2026-06-29 14:39:00,酒店预订,530.93,0,0,微信
9050,5293,2026-07-05 20:31:00,景点门票,70.29,0,0,微信
9051,5293,2026-07-06 18:43:00,景点门票,41.63,1,0,微信
9052,5293,2026-07-06 22:06:00,一日游套餐,329.47,0,0,微信
9053,5293,2026-07-08 09:43:00,景点门票,178.96,0,0,微信
9054,5294,2026-08-14 17:29:00,一日游套餐,278.77,1,0,小红书
9055,5294,2026-08-24 10:16:00,酒店预订,583.98,0,0,小红书
9056,5295,2026-06-14 13:27:00,景点门票,162.99,0,0,微信
9057,5295,2026-06-17 15:08:00,酒店预订,405.94,1,0,微信
9058,5295,2026-07-28 09:13:00,景点门票,86.78,0,0,微信
9059,5296,2026-07-01 15:53:00,景点门票,169.66,1,0,小红书
9060,5296,2026-07-05 12:20:00,一日游套餐,398.02,0,0,小红书
9061,5296,2026-07-10 12:39:00,酒店预订,590.2,1,0,小红书
9062,5296,2026-07-15 19:30:00,景点门票,139.73,1,0,小红书
9063,5296,2026-07-23 19:57:00,景点门票,148.3,1,0,小红书
9064,5296,2026-07-30 11:19:00,酒店预订,568.09,1,0,小红书
9065,5296,2026-08-14 13:12:00,景点门票,162.72,1,0,小红书
9066,5297,2026-08-01 19:21:00,酒店预订,443.52,1,0,地推
9067,5298,2026-08-04 19:58:00,景点门票,78.18,1,0,自然
9068,5298,2026-08-06 09:23:00,景点门票,40.49,1,0,自然
9069,5298,2026-08-08 20:03:00,酒店预订,478.48,1,0,自然
9070,5300,2026-07-11 17:15:00,景点门票,179.84,1,0,自然
9071,5300,2026-07-14 14:58:00,景点门票,67.36,1,0,自然
9072,5301,2026-08-10 10:16:00,景点门票,59.68,0,0,抖音
9073,5302,2026-08-14 17:48:00,景点门票,166.58,0,0,小红书
9074,5303,2026-08-04 19:32:00,酒店预订,459.44,1,0,小红书
9075,5305,2026-06-29 09:50:00,景点门票,104.54,1,0,自然
9076,5305,2026-07-02 15:47:00,酒店预订,471.38,1,0,自然
9077,5305,2026-07-03 12:33:00,酒店预订,289.57,1,0,自然
9078,5307,2026-07-02 18:09:00,景点门票,146.88,0,0,地推
9079,5308,2026-07-09 13:41:00,景点门票,50.78,0,0,自然
9080,5308,2026-07-12 16:45:00,景点门票,43.09,0,0,自然
9081,5308,2026-07-15 13:26:00,酒店预订,189.27,0,0,自然
9082,5309,2026-06-29 13:48:00,景点门票,72.59,1,0,自然
9083,5309,2026-07-30 13:32:00,一日游套餐,303.54,0,0,自然
9084,5309,2026-08-08 07:40:00,一日游套餐,306.39,1,0,自然
9085,5310,2026-07-25 09:16:00,一日游套餐,284.25,1,0,自然
9086,5310,2026-07-26 13:26:00,一日游套餐,267.08,0,0,自然
9087,5310,2026-07-26 17:52:00,一日游套餐,359.65,1,0,自然
9088,5310,2026-08-06 22:07:00,酒店预订,395.18,1,0,自然
9089,5310,2026-08-13 17:51:00,景点门票,64.87,1,0,自然
9090,5312,2026-06-09 10:36:00,景点门票,123.23,1,0,自然
9091,5312,2026-06-28 15:50:00,景点门票,110.24,1,0,自然
9092,5313,2026-07-15 21:14:00,酒店预订,529.1,1,0,抖音
9093,5314,2026-07-21 17:44:00,景点门票,112.34,1,0,小红书
9094,5314,2026-08-09 22:22:00,景点门票,143.68,1,0,小红书
9095,5315,2026-07-12 14:31:00,一日游套餐,289.99,1,0,抖音
9096,5322,2026-07-20 13:32:00,景点门票,113.54,1,0,小红书
9097,5322,2026-07-30 13:25:00,景点门票,107.18,1,0,小红书
9098,5322,2026-08-11 13:37:00,一日游套餐,428.22,1,0,小红书
9099,5322,2026-08-15 17:16:00,酒店预订,383.28,1,0,小红书
9100,5322,2026-08-30 11:15:00,酒店预订,509.0,1,0,小红书
9101,5325,2026-06-12 16:27:00,酒店预订,471.0,0,0,自然
9102,5326,2026-07-05 10:57:00,景点门票,153.09,1,0,自然
9103,5326,2026-07-12 17:53:00,酒店预订,587.63,1,0,自然
9104,5327,2026-06-27 21:14:00,酒店预订,417.29,1,0,小红书
9105,5329,2026-08-08 12:37:00,一日游套餐,414.76,1,0,抖音
9106,5331,2026-06-11 14:22:00,景点门票,158.82,1,0,微信
9107,5331,2026-07-05 13:17:00,一日游套餐,286.81,1,0,微信
9108,5331,2026-07-31 16:46:00,景点门票,66.37,0,0,微信
9109,5333,2026-07-04 10:33:00,景点门票,70.12,1,0,自然
9110,5333,2026-07-08 13:13:00,酒店预订,558.2,1,0,自然
9111,5334,2026-06-13 12:21:00,酒店预订,449.74,1,0,自然
9112,5334,2026-07-08 10:38:00,景点门票,107.01,0,0,自然
9113,5336,2026-07-17 14:43:00,一日游套餐,356.32,0,0,微信
9114,5336,2026-08-08 19:07:00,景点门票,79.89,0,0,微信
9115,5337,2026-07-15 16:58:00,一日游套餐,279.91,1,0,小红书
9116,5337,2026-08-06 17:19:00,景点门票,149.46,1,1,小红书
9117,5339,2026-07-21 19:46:00,景点门票,95.86,1,0,微信
9118,5339,2026-08-04 12:03:00,酒店预订,376.27,1,0,微信
9119,5339,2026-08-29 09:38:00,一日游套餐,246.25,1,0,微信
9120,5339,2026-08-31 17:36:00,酒店预订,536.69,1,0,微信
9121,5340,2026-07-04 09:11:00,景点门票,58.4,1,0,自然
9122,5340,2026-07-28 09:58:00,酒店预订,314.24,1,0,自然
9123,5340,2026-07-30 11:51:00,酒店预订,528.7,0,0,自然
9124,5341,2026-06-17 12:24:00,景点门票,76.6,0,0,抖音
9125,5342,2026-08-21 13:59:00,酒店预订,284.82,1,0,自然
9126,5343,2026-06-17 14:39:00,一日游套餐,258.67,0,0,微信
9127,5343,2026-06-25 18:08:00,酒店预订,279.23,1,0,微信
9128,5343,2026-07-01 07:23:00,一日游套餐,326.07,1,0,微信
9129,5343,2026-08-02 22:02:00,景点门票,170.84,1,0,微信
9130,5343,2026-08-08 14:06:00,景点门票,165.27,1,0,微信
9131,5343,2026-08-08 17:54:00,一日游套餐,426.52,0,0,微信
9132,5344,2026-07-26 09:32:00,酒店预订,593.96,1,0,小红书
9133,5345,2026-08-09 07:35:00,酒店预订,238.7,1,0,自然
9134,5345,2026-08-30 17:04:00,景点门票,49.66,1,0,自然
9135,5346,2026-08-03 11:38:00,景点门票,121.24,1,0,自然
9136,5346,2026-08-20 19:38:00,酒店预订,191.03,0,0,自然
9137,5346,2026-08-24 20:14:00,酒店预订,475.77,1,0,自然
9138,5347,2026-07-23 18:08:00,酒店预订,551.22,0,0,小红书
9139,5347,2026-07-27 10:53:00,景点门票,172.2,1,0,小红书
9140,5348,2026-07-16 20:52:00,一日游套餐,378.65,1,0,小红书
9141,5348,2026-07-16 07:54:00,一日游套餐,277.27,0,0,小红书
9142,5348,2026-07-19 13:51:00,酒店预订,245.4,1,0,小红书
9143,5348,2026-07-22 20:10:00,景点门票,67.74,1,0,小红书
9144,5350,2026-06-25 22:16:00,一日游套餐,232.67,1,0,自然
9145,5350,2026-07-04 22:00:00,酒店预订,413.96,1,0,自然
9146,5350,2026-07-16 18:54:00,一日游套餐,404.49,1,1,自然
9147,5350,2026-07-17 10:03:00,景点门票,166.34,0,0,自然
9148,5350,2026-07-26 15:18:00,酒店预订,511.8,0,0,自然
9149,5350,2026-07-29 10:41:00,景点门票,116.29,1,1,自然
9150,5351,2026-06-30 10:59:00,景点门票,113.76,1,0,地推
9151,5351,2026-07-05 08:23:00,景点门票,52.44,1,1,地推
9152,5351,2026-08-24 15:17:00,一日游套餐,388.51,1,0,地推
9153,5352,2026-06-14 16:38:00,酒店预订,359.27,1,0,小红书
9154,5352,2026-07-01 11:20:00,景点门票,178.99,1,0,小红书
9155,5353,2026-08-21 18:07:00,景点门票,45.73,1,0,小红书
9156,5354,2026-07-22 20:51:00,酒店预订,231.49,0,0,小红书
9157,5354,2026-07-26 08:01:00,一日游套餐,262.28,1,0,小红书
9158,5355,2026-06-15 21:28:00,景点门票,107.58,0,0,地推
9159,5355,2026-06-29 12:07:00,景点门票,120.52,0,0,地推
9160,5356,2026-07-30 08:32:00,酒店预订,236.29,1,0,地推
9161,5356,2026-08-22 17:30:00,景点门票,74.16,1,0,地推
9162,5359,2026-07-27 12:03:00,一日游套餐,257.91,1,0,抖音
9163,5360,2026-07-05 16:22:00,景点门票,68.23,0,0,微信
9164,5360,2026-07-05 20:28:00,酒店预订,548.48,1,0,微信
9165,5360,2026-07-08 09:03:00,景点门票,158.39,1,0,微信
9166,5360,2026-07-13 15:22:00,酒店预订,197.21,1,1,微信
9167,5360,2026-07-17 10:09:00,酒店预订,434.36,1,0,微信
9168,5360,2026-07-31 19:15:00,酒店预订,326.2,1,0,微信
9169,5361,2026-06-13 14:38:00,景点门票,133.26,0,0,小红书
9170,5361,2026-08-02 11:42:00,一日游套餐,369.89,1,0,小红书
9171,5362,2026-07-27 17:39:00,景点门票,70.29,1,0,自然
9172,5362,2026-08-24 18:48:00,景点门票,147.1,1,0,自然
9173,5362,2026-08-25 17:32:00,酒店预订,221.08,1,0,自然
9174,5363,2026-07-12 19:41:00,景点门票,118.64,1,0,自然
9175,5364,2026-08-15 18:05:00,酒店预订,285.8,1,0,地推
9176,5364,2026-08-20 08:05:00,景点门票,177.95,1,0,地推
9177,5365,2026-07-08 15:33:00,景点门票,75.63,0,0,微信
9178,5365,2026-07-08 20:54:00,景点门票,176.15,1,0,微信
9179,5365,2026-07-25 19:29:00,景点门票,90.81,0,0,微信
9180,5365,2026-08-25 19:54:00,景点门票,145.85,1,0,微信
9181,5368,2026-08-24 21:06:00,景点门票,176.4,1,0,微信
9182,5369,2026-08-11 16:04:00,一日游套餐,206.06,1,0,微信
9183,5369,2026-08-12 11:20:00,一日游套餐,378.06,1,0,微信
9184,5369,2026-08-22 20:12:00,酒店预订,435.39,0,0,微信
9185,5369,2026-08-27 11:05:00,一日游套餐,269.31,0,0,微信
9186,5371,2026-08-22 20:35:00,景点门票,165.13,1,0,自然
9187,5371,2026-08-27 13:43:00,酒店预订,564.87,1,0,自然
9188,5372,2026-06-06 12:14:00,景点门票,166.34,0,0,地推
9189,5372,2026-06-07 09:14:00,景点门票,69.89,1,0,地推
9190,5372,2026-06-08 19:36:00,酒店预订,355.71,1,0,地推
9191,5373,2026-07-09 21:51:00,酒店预订,529.97,0,0,自然
9192,5373,2026-07-13 13:24:00,景点门票,126.26,1,0,自然
9193,5373,2026-07-13 07:10:00,景点门票,68.77,0,0,自然
9194,5374,2026-06-30 08:39:00,酒店预订,407.81,1,0,小红书
9195,5374,2026-07-12 22:43:00,酒店预订,404.95,1,0,小红书
9196,5374,2026-07-26 08:08:00,景点门票,108.88,0,0,小红书
9197,5374,2026-08-13 14:56:00,景点门票,66.58,0,0,小红书
9198,5374,2026-08-13 11:25:00,景点门票,120.84,0,0,小红书
9199,5375,2026-07-17 10:50:00,酒店预订,308.46,1,0,小红书
9200,5375,2026-08-17 12:54:00,一日游套餐,315.32,1,0,小红书
9201,5375,2026-08-21 17:44:00,酒店预订,369.77,0,0,小红书
9202,5376,2026-06-28 07:46:00,酒店预订,380.06,1,0,小红书
9203,5376,2026-07-06 15:43:00,酒店预订,228.71,0,0,小红书
9204,5376,2026-07-08 09:41:00,景点门票,179.71,1,0,小红书
9205,5376,2026-07-15 14:46:00,景点门票,155.48,1,0,小红书
9206,5377,2026-07-22 10:41:00,酒店预订,463.69,1,0,自然
9207,5378,2026-06-17 08:58:00,一日游套餐,387.43,1,0,小红书
9208,5378,2026-06-24 19:37:00,一日游套餐,405.73,1,0,小红书
9209,5378,2026-07-11 18:18:00,景点门票,128.93,0,0,小红书
9210,5378,2026-07-16 17:23:00,景点门票,146.86,0,0,小红书
9211,5380,2026-08-02 18:59:00,酒店预订,325.11,1,0,微信
9212,5380,2026-08-06 10:04:00,一日游套餐,242.4,1,0,微信
9213,5382,2026-06-18 09:41:00,景点门票,134.32,1,0,小红书
9214,5382,2026-06-20 19:43:00,一日游套餐,222.88,1,0,小红书
9215,5382,2026-06-22 07:14:00,酒店预订,471.48,0,0,小红书
9216,5383,2026-08-05 15:39:00,景点门票,179.95,1,1,微信
9217,5383,2026-08-08 15:12:00,景点门票,70.14,0,0,微信
9218,5383,2026-08-12 15:47:00,景点门票,131.14,1,0,微信
9219,5383,2026-08-17 12:23:00,酒店预订,496.54,1,0,微信
9220,5383,2026-08-18 13:03:00,酒店预订,470.3,1,1,微信
9221,5383,2026-08-18 14:22:00,景点门票,140.79,1,0,微信
9222,5384,2026-08-01 22:11:00,一日游套餐,424.02,1,0,自然
9223,5384,2026-08-08 18:21:00,景点门票,79.55,1,0,自然
9224,5385,2026-06-25 10:27:00,一日游套餐,227.19,0,0,自然
9225,5386,2026-07-03 10:41:00,景点门票,145.15,1,0,微信
9226,5386,2026-07-06 07:53:00,酒店预订,545.6,0,0,微信
9227,5386,2026-07-26 13:27:00,酒店预订,337.08,1,0,微信
9228,5386,2026-08-20 13:37:00,景点门票,108.54,0,0,微信
9229,5386,2026-08-31 19:17:00,景点门票,49.69,1,0,微信
9230,5387,2026-07-04 07:55:00,酒店预订,223.71,1,0,自然
9231,5388,2026-07-19 07:27:00,酒店预订,407.55,1,0,自然
9232,5391,2026-07-12 16:05:00,一日游套餐,317.26,1,0,抖音
9233,5391,2026-07-14 22:56:00,酒店预订,244.97,0,0,抖音
9234,5392,2026-07-02 14:41:00,景点门票,70.25,1,0,抖音
9235,5397,2026-06-26 14:11:00,景点门票,178.05,0,0,抖音
9236,5399,2026-07-02 10:09:00,酒店预订,432.36,0,0,小红书
9237,5399,2026-07-03 17:59:00,酒店预订,540.71,1,0,小红书
9238,5399,2026-07-07 17:58:00,景点门票,109.39,1,1,小红书
9239,5399,2026-07-09 22:57:00,景点门票,61.86,1,0,小红书
9240,5400,2026-07-10 16:28:00,一日游套餐,351.09,1,0,自然
9241,5400,2026-07-24 12:41:00,酒店预订,371.08,1,0,自然
9242,5401,2026-06-26 22:48:00,酒店预订,367.66,1,0,小红书
9243,5401,2026-08-06 22:44:00,景点门票,174.46,1,0,小红书
9244,5402,2026-06-27 14:42:00,景点门票,176.71,1,0,自然
9245,5402,2026-07-29 18:24:00,景点门票,154.52,0,0,自然
9246,5403,2026-07-19 19:14:00,一日游套餐,436.89,1,0,抖音
9247,5403,2026-07-30 07:17:00,一日游套餐,277.42,0,0,抖音
9248,5406,2026-06-27 12:43:00,景点门票,101.93,1,0,小红书
9249,5406,2026-07-01 13:18:00,一日游套餐,237.54,1,0,小红书
9250,5406,2026-07-18 21:39:00,景点门票,108.74,0,0,小红书
9251,5406,2026-08-06 16:32:00,酒店预订,505.81,1,0,小红书
9252,5407,2026-07-11 21:00:00,一日游套餐,293.3,1,1,抖音
9253,5408,2026-06-16 11:43:00,酒店预订,599.68,1,0,自然
9254,5408,2026-07-18 14:29:00,景点门票,66.78,1,0,自然
9255,5408,2026-07-21 07:48:00,景点门票,178.74,1,0,自然
9256,5408,2026-08-15 19:13:00,景点门票,93.5,0,0,自然
9257,5409,2026-07-25 10:24:00,一日游套餐,277.83,1,0,自然
9258,5409,2026-08-09 18:08:00,酒店预订,211.34,1,0,自然
9259,5409,2026-08-10 21:22:00,景点门票,176.11,0,0,自然
9260,5409,2026-08-17 22:49:00,酒店预订,374.63,1,0,自然
9261,5410,2026-06-09 10:10:00,景点门票,143.0,1,0,微信
9262,5410,2026-06-13 11:46:00,景点门票,114.33,0,0,微信
9263,5410,2026-06-14 10:59:00,酒店预订,274.82,0,0,微信
9264,5410,2026-06-15 14:43:00,酒店预订,338.66,0,0,微信
9265,5410,2026-07-14 13:38:00,一日游套餐,364.66,0,0,微信
9266,5410,2026-07-14 07:29:00,酒店预订,256.72,1,0,微信
9267,5411,2026-07-30 12:41:00,酒店预订,478.1,1,0,自然
9268,5411,2026-07-31 10:43:00,景点门票,41.89,0,0,自然
9269,5411,2026-08-02 09:51:00,酒店预订,258.48,1,0,自然
9270,5411,2026-08-08 21:26:00,景点门票,89.33,1,0,自然
9271,5412,2026-07-12 09:08:00,景点门票,80.59,0,0,微信
9272,5412,2026-07-13 09:15:00,景点门票,133.81,1,0,微信
9273,5413,2026-08-03 10:09:00,一日游套餐,394.55,1,0,抖音
9274,5414,2026-07-26 19:03:00,酒店预订,444.97,1,0,自然
9275,5414,2026-07-29 13:40:00,景点门票,43.35,1,0,自然
9276,5415,2026-07-25 08:38:00,一日游套餐,225.57,0,0,小红书
9277,5415,2026-08-13 22:52:00,酒店预订,564.1,0,0,小红书
9278,5417,2026-07-05 16:38:00,酒店预订,343.02,1,0,自然
9279,5417,2026-07-15 12:29:00,景点门票,81.27,1,0,自然
9280,5417,2026-07-17 13:55:00,一日游套餐,373.34,1,0,自然
9281,5417,2026-07-21 12:56:00,景点门票,129.09,1,0,自然
9282,5418,2026-08-13 14:02:00,景点门票,101.42,1,0,地推
9283,5419,2026-07-04 14:33:00,景点门票,118.03,1,0,自然
9284,5419,2026-07-04 14:44:00,景点门票,173.46,1,0,自然
9285,5419,2026-08-05 16:53:00,景点门票,82.63,1,0,自然
9286,5419,2026-08-16 23:09:00,酒店预订,449.67,1,0,自然
9287,5420,2026-08-21 21:19:00,景点门票,139.92,1,0,抖音
9288,5421,2026-08-02 10:28:00,景点门票,48.54,0,0,抖音
9289,5422,2026-07-12 10:52:00,景点门票,138.83,1,0,抖音
9290,5423,2026-06-26 23:02:00,一日游套餐,204.41,1,0,微信
9291,5423,2026-06-28 17:59:00,景点门票,47.23,0,0,微信
9292,5423,2026-07-06 13:48:00,酒店预订,379.83,1,0,微信
9293,5423,2026-07-28 16:24:00,景点门票,117.72,1,0,微信
9294,5424,2026-07-06 16:02:00,酒店预订,231.75,0,0,自然
9295,5425,2026-07-07 20:46:00,一日游套餐,260.27,0,0,地推
9296,5428,2026-06-27 22:02:00,景点门票,102.11,0,0,微信
9297,5429,2026-06-27 15:34:00,景点门票,85.55,0,0,地推
9298,5429,2026-07-01 15:52:00,酒店预订,206.92,0,0,地推
9299,5430,2026-08-26 07:41:00,酒店预订,474.51,1,0,小红书
9300,5431,2026-07-27 13:20:00,一日游套餐,424.98,1,1,抖音
9301,5433,2026-08-22 07:22:00,景点门票,145.59,0,0,小红书
9302,5435,2026-06-28 08:33:00,景点门票,159.53,0,0,小红书
9303,5437,2026-07-09 11:00:00,景点门票,96.26,0,0,微信
9304,5437,2026-07-14 22:31:00,景点门票,92.24,1,0,微信
9305,5437,2026-08-08 14:22:00,景点门票,177.36,0,0,微信
9306,5437,2026-08-27 15:00:00,景点门票,166.45,0,0,微信
9307,5438,2026-07-16 17:08:00,景点门票,90.01,1,0,自然
9308,5438,2026-08-25 20:48:00,酒店预订,410.39,1,1,自然
9309,5440,2026-07-25 20:45:00,景点门票,159.87,1,0,自然
9310,5440,2026-08-11 09:49:00,景点门票,158.52,1,0,自然
9311,5440,2026-08-15 10:02:00,酒店预订,353.65,0,0,自然
9312,5441,2026-06-28 15:02:00,景点门票,95.59,1,0,自然
9313,5441,2026-06-28 11:23:00,一日游套餐,214.83,1,0,自然
9314,5441,2026-07-09 10:03:00,酒店预订,453.03,1,0,自然
9315,5442,2026-06-20 21:21:00,景点门票,45.47,0,0,微信
9316,5442,2026-06-20 14:58:00,一日游套餐,288.3,0,0,微信
9317,5442,2026-06-22 09:03:00,景点门票,117.99,1,0,微信
9318,5442,2026-06-27 15:59:00,一日游套餐,237.86,0,0,微信
9319,5442,2026-07-03 21:33:00,一日游套餐,306.07,1,0,微信
9320,5442,2026-07-27 10:53:00,景点门票,167.87,1,0,微信
9321,5445,2026-06-20 09:56:00,景点门票,152.98,0,0,地推
9322,5445,2026-07-25 10:33:00,酒店预订,508.25,1,0,地推
9323,5445,2026-08-01 11:08:00,景点门票,138.83,1,0,地推
9324,5446,2026-08-15 15:07:00,酒店预订,449.12,1,0,自然
9325,5446,2026-08-19 23:06:00,景点门票,77.5,0,0,自然
9326,5447,2026-07-08 14:07:00,酒店预订,193.99,1,0,微信
9327,5447,2026-07-12 12:58:00,一日游套餐,413.65,1,0,微信
9328,5447,2026-08-10 16:28:00,景点门票,136.09,1,0,微信
9329,5447,2026-08-15 09:37:00,景点门票,48.52,1,0,微信
9330,5449,2026-07-17 08:19:00,一日游套餐,390.23,0,0,抖音
9331,5450,2026-08-19 12:50:00,景点门票,86.45,0,0,抖音
9332,5451,2026-08-06 08:29:00,景点门票,72.61,1,0,自然
9333,5451,2026-08-15 15:02:00,景点门票,139.76,1,0,自然
9334,5451,2026-08-19 22:02:00,酒店预订,512.13,0,0,自然
9335,5451,2026-08-24 12:23:00,景点门票,64.43,1,0,自然
9336,5453,2026-07-25 10:19:00,酒店预订,394.53,0,0,小红书
9337,5454,2026-08-01 18:37:00,景点门票,58.98,1,0,自然
9338,5456,2026-06-18 08:33:00,酒店预订,528.79,1,0,抖音
9339,5457,2026-08-05 18:39:00,景点门票,123.25,1,0,自然
9340,5457,2026-08-07 20:31:00,景点门票,59.19,0,0,自然
9341,5458,2026-07-13 20:34:00,酒店预订,231.95,1,0,小红书
9342,5459,2026-07-16 11:01:00,酒店预订,239.41,1,0,自然
9343,5460,2026-07-10 17:53:00,一日游套餐,308.32,1,0,自然
9344,5461,2026-07-06 20:04:00,景点门票,141.44,1,0,小红书
9345,5464,2026-07-18 17:46:00,景点门票,117.61,0,0,小红书
9346,5465,2026-06-24 19:52:00,一日游套餐,404.72,0,0,自然
9347,5465,2026-07-12 09:03:00,一日游套餐,430.86,1,0,自然
9348,5466,2026-07-11 10:17:00,一日游套餐,361.67,0,0,微信
9349,5466,2026-07-25 23:09:00,景点门票,40.05,1,0,微信
9350,5467,2026-07-15 20:03:00,景点门票,109.18,1,0,微信
9351,5467,2026-07-22 22:23:00,酒店预订,423.44,0,0,微信
9352,5467,2026-08-15 11:24:00,景点门票,115.23,1,0,微信
9353,5467,2026-08-21 17:55:00,景点门票,146.57,1,0,微信
9354,5468,2026-07-04 18:47:00,一日游套餐,276.06,1,0,自然
9355,5468,2026-07-05 12:26:00,景点门票,74.98,1,0,自然
9356,5468,2026-07-05 19:24:00,一日游套餐,397.04,0,0,自然
9357,5468,2026-07-26 07:18:00,一日游套餐,387.71,1,0,自然
9358,5470,2026-08-20 21:47:00,景点门票,91.42,1,0,自然
9359,5471,2026-06-15 17:26:00,酒店预订,386.63,1,0,小红书
9360,5471,2026-06-28 07:58:00,酒店预订,438.11,0,0,小红书
9361,5471,2026-07-05 14:36:00,景点门票,151.12,1,0,小红书
9362,5471,2026-07-05 17:01:00,一日游套餐,308.92,0,0,小红书
9363,5471,2026-08-10 14:39:00,酒店预订,414.24,0,0,小红书
9364,5472,2026-07-17 23:02:00,景点门票,115.29,0,0,自然
9365,5472,2026-08-18 16:07:00,酒店预订,284.03,0,0,自然
9366,5473,2026-06-13 12:28:00,景点门票,92.68,1,0,地推
9367,5473,2026-07-01 16:03:00,一日游套餐,226.51,0,0,地推
9368,5473,2026-07-15 07:35:00,酒店预订,530.2,1,0,地推
9369,5474,2026-08-14 20:37:00,酒店预订,574.86,1,0,自然
9370,5474,2026-08-16 11:07:00,景点门票,84.87,1,0,自然
9371,5474,2026-08-20 11:36:00,酒店预订,578.94,1,0,自然
9372,5475,2026-07-06 16:53:00,酒店预订,503.74,1,1,小红书
9373,5475,2026-08-04 19:17:00,一日游套餐,356.56,1,0,小红书
9374,5476,2026-07-05 20:39:00,酒店预订,574.95,1,0,自然
9375,5478,2026-07-23 16:14:00,景点门票,58.47,1,0,抖音
9376,5478,2026-07-29 08:44:00,一日游套餐,210.58,0,0,抖音
9377,5481,2026-08-21 14:06:00,景点门票,123.14,0,0,自然
9378,5482,2026-08-09 11:29:00,酒店预订,510.35,1,0,自然
9379,5482,2026-08-16 09:12:00,酒店预订,391.26,0,0,自然
9380,5482,2026-08-18 23:05:00,一日游套餐,232.72,1,0,自然
9381,5482,2026-08-25 23:02:00,景点门票,152.45,1,0,自然
9382,5483,2026-06-06 07:48:00,酒店预订,532.04,1,0,抖音
9383,5485,2026-08-23 18:34:00,景点门票,72.52,1,0,微信
9384,5487,2026-06-30 14:53:00,景点门票,94.56,0,0,微信
9385,5487,2026-07-29 14:19:00,景点门票,173.17,1,0,微信
9386,5487,2026-08-21 20:16:00,酒店预订,418.35,0,0,微信
9387,5487,2026-08-21 09:05:00,景点门票,134.62,1,0,微信
9388,5488,2026-07-03 15:21:00,景点门票,97.5,1,0,自然
9389,5488,2026-07-11 20:21:00,景点门票,79.47,1,0,自然
9390,5490,2026-06-05 18:50:00,酒店预订,433.62,1,0,小红书
9391,5490,2026-06-13 14:23:00,酒店预订,433.38,0,0,小红书
9392,5490,2026-06-30 10:45:00,景点门票,40.91,0,0,小红书
9393,5491,2026-06-24 08:49:00,一日游套餐,254.33,0,0,抖音
9394,5491,2026-07-23 13:13:00,景点门票,119.33,0,0,抖音
9395,5492,2026-07-12 10:15:00,酒店预订,224.31,1,0,小红书
9396,5493,2026-07-06 11:12:00,酒店预订,553.85,1,0,自然
9397,5493,2026-07-07 21:25:00,酒店预订,440.02,1,0,自然
9398,5493,2026-07-19 09:42:00,景点门票,67.31,0,0,自然
9399,5493,2026-07-29 17:09:00,酒店预订,572.89,1,0,自然
9400,5493,2026-08-22 13:32:00,景点门票,147.16,0,0,自然
9401,5495,2026-06-28 08:59:00,景点门票,57.76,1,0,微信
9402,5495,2026-07-07 07:38:00,景点门票,122.26,1,0,微信
9403,5495,2026-08-16 13:43:00,景点门票,146.94,1,0,微信
9404,5496,2026-06-04 10:49:00,酒店预订,447.12,1,0,自然
9405,5496,2026-06-24 15:59:00,景点门票,157.43,0,0,自然
9406,5496,2026-06-27 20:14:00,景点门票,109.9,0,0,自然
9407,5499,2026-07-17 11:19:00,景点门票,41.18,1,0,自然
9408,5499,2026-07-18 08:00:00,景点门票,171.17,1,0,自然
9409,5499,2026-07-22 07:16:00,酒店预订,334.71,1,0,自然
9410,5499,2026-08-07 22:53:00,酒店预订,240.31,1,0,自然
9411,5500,2026-08-15 15:59:00,酒店预订,222.47,1,0,自然
9412,5500,2026-08-27 21:04:00,酒店预订,181.1,0,0,自然
9413,5503,2026-06-16 14:14:00,酒店预订,533.73,0,0,自然
9414,5504,2026-06-20 18:51:00,景点门票,77.76,1,0,小红书
9415,5504,2026-07-14 09:47:00,酒店预订,576.29,0,0,小红书
9416,5504,2026-08-08 14:53:00,景点门票,42.71,1,0,小红书
9417,5505,2026-06-06 08:06:00,景点门票,135.16,1,0,微信
9418,5505,2026-06-14 22:14:00,景点门票,41.28,1,0,微信
9419,5505,2026-06-20 22:28:00,景点门票,142.91,1,0,微信
9420,5509,2026-06-18 18:36:00,景点门票,106.24,1,0,微信
9421,5509,2026-07-05 15:55:00,酒店预订,420.57,1,0,微信
9422,5509,2026-07-22 15:18:00,景点门票,162.32,1,0,微信
9423,5511,2026-07-30 22:29:00,景点门票,60.69,1,0,自然
9424,5511,2026-08-24 13:38:00,酒店预订,198.01,0,0,自然
9425,5511,2026-08-25 19:47:00,景点门票,55.59,0,0,自然
9426,5512,2026-08-07 16:37:00,景点门票,46.28,1,0,抖音
9427,5513,2026-08-30 19:39:00,景点门票,167.7,1,0,抖音
9428,5515,2026-06-17 13:57:00,景点门票,87.13,0,0,自然
9429,5515,2026-08-01 17:32:00,景点门票,90.96,1,0,自然
9430,5515,2026-08-05 17:50:00,一日游套餐,290.94,1,0,自然
9431,5516,2026-08-21 18:04:00,景点门票,144.86,1,0,地推
9432,5517,2026-07-01 12:21:00,一日游套餐,375.47,1,0,自然
9433,5517,2026-07-04 12:47:00,景点门票,176.36,1,0,自然
9434,5517,2026-08-13 22:47:00,景点门票,74.34,1,0,自然
9435,5517,2026-08-25 09:24:00,酒店预订,456.49,1,0,自然
9436,5518,2026-06-22 10:57:00,酒店预订,207.19,1,0,自然
9437,5518,2026-07-12 11:38:00,酒店预订,599.15,1,0,自然
9438,5519,2026-07-05 12:27:00,一日游套餐,279.01,1,0,自然
9439,5519,2026-07-12 10:10:00,景点门票,129.43,1,0,自然
9440,5519,2026-07-23 19:36:00,一日游套餐,325.47,1,0,自然
9441,5519,2026-08-03 07:43:00,景点门票,115.28,1,0,自然
9442,5521,2026-06-26 13:08:00,酒店预订,302.78,1,1,抖音
9443,5521,2026-07-07 07:12:00,酒店预订,336.06,1,0,抖音
9444,5522,2026-07-14 20:28:00,酒店预订,584.78,0,0,自然
9445,5522,2026-07-21 16:23:00,酒店预订,313.03,1,0,自然
9446,5522,2026-07-28 10:43:00,酒店预订,514.98,1,0,自然
9447,5522,2026-08-10 07:19:00,一日游套餐,359.72,0,0,自然
9448,5522,2026-08-12 22:05:00,酒店预订,567.86,1,0,自然
9449,5524,2026-08-22 17:22:00,酒店预订,261.28,1,0,小红书
9450,5525,2026-07-05 12:59:00,景点门票,64.31,1,0,自然
9451,5525,2026-07-09 19:23:00,景点门票,47.63,0,0,自然
9452,5525,2026-07-17 23:00:00,酒店预订,475.37,1,0,自然
9453,5526,2026-07-12 17:06:00,景点门票,177.67,0,0,地推
9454,5527,2026-07-20 11:11:00,景点门票,168.89,0,0,抖音
9455,5528,2026-07-01 18:17:00,一日游套餐,212.21,1,0,自然
9456,5528,2026-07-04 22:00:00,酒店预订,464.76,1,0,自然
9457,5528,2026-07-11 07:58:00,景点门票,157.36,0,0,自然
9458,5528,2026-07-31 11:39:00,一日游套餐,420.18,1,1,自然
9459,5529,2026-06-14 15:14:00,酒店预订,537.85,1,0,地推
9460,5529,2026-07-13 22:08:00,景点门票,80.05,1,0,地推
9461,5530,2026-08-07 11:34:00,酒店预订,281.99,0,0,微信
9462,5530,2026-08-07 16:59:00,景点门票,170.88,1,0,微信
9463,5530,2026-08-20 18:13:00,景点门票,87.45,0,0,微信
9464,5531,2026-07-19 20:09:00,酒店预订,247.99,0,0,抖音
9465,5532,2026-06-21 20:26:00,景点门票,131.31,0,0,微信
9466,5532,2026-06-27 10:34:00,景点门票,99.33,1,0,微信
9467,5532,2026-07-01 21:49:00,一日游套餐,351.65,1,0,微信
9468,5532,2026-07-03 12:08:00,酒店预订,390.16,0,0,微信
9469,5532,2026-07-04 10:58:00,景点门票,47.43,1,0,微信
9470,5533,2026-07-12 12:54:00,景点门票,146.48,0,0,抖音
9471,5535,2026-06-06 17:07:00,一日游套餐,354.21,1,0,微信
9472,5535,2026-06-09 20:17:00,一日游套餐,403.82,1,0,微信
9473,5535,2026-07-11 22:43:00,景点门票,122.8,1,0,微信
9474,5535,2026-07-11 19:34:00,酒店预订,534.57,1,0,微信
9475,5535,2026-07-16 07:25:00,酒店预订,257.81,1,0,微信
9476,5536,2026-07-11 18:35:00,景点门票,74.18,0,0,小红书
9477,5537,2026-07-30 11:52:00,景点门票,96.16,1,0,自然
9478,5537,2026-08-02 12:51:00,景点门票,117.66,1,0,自然
9479,5537,2026-08-10 22:42:00,景点门票,55.42,0,0,自然
9480,5537,2026-08-10 13:51:00,景点门票,113.83,0,0,自然
9481,5540,2026-06-27 22:45:00,一日游套餐,428.56,0,0,自然
9482,5540,2026-07-06 11:40:00,景点门票,69.91,1,0,自然
9483,5540,2026-08-17 18:29:00,一日游套餐,346.21,1,0,自然
9484,5541,2026-07-18 22:19:00,酒店预订,391.91,0,0,地推
9485,5542,2026-07-17 15:00:00,一日游套餐,225.62,0,0,抖音
9486,5543,2026-07-13 22:10:00,酒店预订,259.25,1,0,小红书
9487,5543,2026-07-27 17:27:00,酒店预订,591.15,1,0,小红书
9488,5544,2026-07-18 14:35:00,酒店预订,252.18,1,0,小红书
9489,5544,2026-08-07 16:42:00,一日游套餐,249.94,1,0,小红书
9490,5547,2026-08-02 20:13:00,酒店预订,414.99,1,0,地推
9491,5547,2026-08-08 16:42:00,景点门票,66.23,1,0,地推
9492,5548,2026-07-24 19:12:00,景点门票,46.05,0,0,小红书
9493,5548,2026-08-15 16:10:00,一日游套餐,280.87,1,0,小红书
9494,5549,2026-08-09 18:34:00,一日游套餐,394.44,1,0,小红书
9495,5549,2026-08-22 22:34:00,酒店预订,372.19,1,0,小红书
9496,5549,2026-08-23 18:20:00,酒店预订,218.85,1,0,小红书
9497,5551,2026-07-28 19:54:00,一日游套餐,289.03,1,0,自然
9498,5551,2026-07-29 19:34:00,酒店预订,549.64,1,0,自然
9499,5551,2026-08-14 18:48:00,酒店预订,495.69,1,0,自然
9500,5552,2026-07-30 10:33:00,一日游套餐,413.51,1,0,自然
9501,5553,2026-07-19 11:50:00,景点门票,163.93,1,0,抖音
9502,5553,2026-07-19 11:19:00,景点门票,169.68,0,0,抖音
9503,5554,2026-08-06 12:29:00,一日游套餐,360.01,0,0,自然
9504,5554,2026-08-11 07:45:00,一日游套餐,325.61,1,0,自然
9505,5554,2026-08-20 21:34:00,酒店预订,184.09,0,0,自然
9506,5556,2026-06-26 21:15:00,景点门票,62.65,1,0,微信
9507,5556,2026-07-25 16:18:00,一日游套餐,319.72,1,0,微信
9508,5556,2026-08-10 08:44:00,酒店预订,502.6,1,0,微信
9509,5559,2026-07-02 22:16:00,酒店预订,407.27,0,0,小红书
9510,5559,2026-07-02 22:40:00,景点门票,156.96,1,0,小红书
9511,5559,2026-07-15 20:50:00,酒店预订,506.96,1,0,小红书
9512,5560,2026-07-01 15:08:00,酒店预订,387.95,0,0,自然
9513,5561,2026-07-25 10:44:00,景点门票,117.58,1,0,地推
9514,5561,2026-08-10 20:01:00,景点门票,145.53,1,0,地推
9515,5561,2026-08-22 18:03:00,景点门票,80.67,1,0,地推
9516,5563,2026-07-26 13:47:00,景点门票,87.84,1,0,自然
9517,5563,2026-07-28 15:48:00,酒店预订,289.06,1,0,自然
9518,5563,2026-08-21 16:32:00,景点门票,122.95,1,0,自然
9519,5563,2026-08-25 08:32:00,酒店预订,299.9,0,0,自然
9520,5564,2026-07-19 17:07:00,景点门票,133.79,0,0,自然
9521,5566,2026-07-16 19:47:00,酒店预订,239.11,1,0,自然
9522,5566,2026-07-17 22:11:00,一日游套餐,369.92,0,0,自然
9523,5566,2026-07-17 17:31:00,景点门票,126.44,1,0,自然
9524,5567,2026-07-13 22:33:00,酒店预订,377.65,0,0,小红书
9525,5567,2026-07-25 15:45:00,一日游套餐,445.24,1,0,小红书
9526,5568,2026-07-13 07:56:00,景点门票,141.6,0,0,自然
9527,5568,2026-08-23 23:04:00,景点门票,171.02,1,0,自然
9528,5570,2026-07-13 10:47:00,酒店预订,581.77,1,0,微信
9529,5570,2026-07-14 21:16:00,景点门票,151.75,1,0,微信
9530,5570,2026-07-15 22:15:00,酒店预订,591.83,1,0,微信
9531,5570,2026-07-25 19:16:00,酒店预订,430.68,1,0,微信
9532,5570,2026-08-27 13:06:00,酒店预订,388.72,0,0,微信
9533,5571,2026-07-31 21:14:00,景点门票,158.61,1,0,自然
9534,5573,2026-07-21 18:05:00,酒店预订,404.78,1,0,抖音
9535,5574,2026-08-03 23:06:00,景点门票,49.65,1,0,微信
9536,5574,2026-08-13 21:54:00,酒店预订,547.59,1,0,微信
9537,5574,2026-08-22 20:05:00,酒店预订,392.45,0,0,微信
9538,5576,2026-07-18 09:38:00,酒店预订,196.09,0,0,自然
9539,5576,2026-08-06 13:02:00,景点门票,126.35,1,0,自然
9540,5576,2026-08-22 18:50:00,景点门票,101.96,1,0,自然
9541,5577,2026-08-23 21:10:00,一日游套餐,304.24,0,0,地推
9542,5577,2026-08-30 18:35:00,景点门票,158.99,0,0,地推
9543,5578,2026-07-18 16:50:00,景点门票,97.67,0,0,小红书
9544,5578,2026-08-01 21:15:00,景点门票,56.48,0,0,小红书
9545,5579,2026-07-18 07:59:00,景点门票,59.03,1,0,微信
9546,5579,2026-07-23 14:58:00,一日游套餐,407.86,1,0,微信
9547,5579,2026-07-23 08:10:00,酒店预订,425.06,0,0,微信
9548,5579,2026-07-25 15:50:00,酒店预订,529.28,1,0,微信
9549,5579,2026-07-26 17:37:00,景点门票,51.06,1,0,微信
9550,5579,2026-08-25 08:28:00,景点门票,42.59,1,0,微信
9551,5580,2026-07-27 14:36:00,景点门票,56.78,0,0,小红书
9552,5580,2026-08-05 16:15:00,景点门票,126.41,1,0,小红书
9553,5581,2026-06-25 13:49:00,景点门票,119.86,1,0,小红书
9554,5581,2026-07-04 21:50:00,景点门票,165.62,0,0,小红书
9555,5581,2026-07-15 10:03:00,景点门票,86.81,1,0,小红书
9556,5581,2026-08-01 09:13:00,景点门票,178.38,1,0,小红书
9557,5582,2026-08-07 19:42:00,酒店预订,269.84,0,0,抖音
9558,5584,2026-07-14 21:59:00,景点门票,162.74,1,0,小红书
9559,5584,2026-07-16 12:14:00,景点门票,103.13,1,0,小红书
9560,5584,2026-07-26 11:03:00,一日游套餐,289.73,0,0,小红书
9561,5585,2026-06-08 21:04:00,景点门票,56.17,1,0,小红书
9562,5585,2026-06-28 12:45:00,酒店预订,284.44,1,0,小红书
9563,5585,2026-07-18 10:41:00,景点门票,96.97,0,0,小红书
9564,5585,2026-07-24 07:22:00,景点门票,66.8,1,0,小红书
9565,5590,2026-07-13 17:18:00,景点门票,138.95,1,0,小红书
9566,5590,2026-07-19 10:13:00,景点门票,128.42,1,0,小红书
9567,5590,2026-08-14 19:51:00,酒店预订,423.21,1,0,小红书
9568,5592,2026-08-15 16:19:00,一日游套餐,238.99,1,0,微信
9569,5593,2026-06-07 13:38:00,酒店预订,513.9,1,0,小红书
9570,5594,2026-06-14 17:20:00,酒店预订,502.1,1,0,自然
9571,5596,2026-07-22 09:53:00,酒店预订,597.26,1,0,小红书
9572,5596,2026-08-02 08:52:00,酒店预订,322.25,0,0,小红书
9573,5596,2026-08-28 10:04:00,一日游套餐,247.12,1,0,小红书
9574,5597,2026-08-07 15:26:00,景点门票,52.71,1,0,地推
9575,5598,2026-08-19 08:06:00,酒店预订,537.01,0,0,抖音
9576,5601,2026-08-01 13:56:00,酒店预订,365.49,0,0,抖音
9577,5602,2026-08-27 10:50:00,景点门票,80.56,1,0,自然
9578,5604,2026-07-13 15:59:00,一日游套餐,432.56,1,0,地推
9579,5604,2026-07-31 19:42:00,景点门票,130.34,0,0,地推
9580,5606,2026-07-09 14:04:00,景点门票,172.41,1,0,抖音
9581,5606,2026-08-07 09:16:00,景点门票,84.2,0,0,抖音
9582,5607,2026-07-19 16:35:00,景点门票,163.03,0,0,自然
9583,5608,2026-06-15 15:32:00,酒店预订,567.32,1,0,小红书
9584,5608,2026-07-21 11:59:00,一日游套餐,426.06,1,0,小红书
9585,5611,2026-07-29 08:43:00,酒店预订,339.51,0,0,自然
9586,5613,2026-07-19 11:03:00,一日游套餐,388.33,1,0,自然
9587,5613,2026-07-24 10:05:00,景点门票,119.9,1,0,自然
9588,5614,2026-07-29 20:21:00,酒店预订,195.08,1,0,小红书
9589,5615,2026-07-31 12:41:00,酒店预订,517.71,1,0,小红书
9590,5615,2026-08-08 21:45:00,景点门票,134.72,1,0,小红书
9591,5620,2026-07-14 12:48:00,景点门票,85.43,1,0,自然
9592,5622,2026-07-02 21:32:00,景点门票,174.8,1,0,抖音
9593,5622,2026-08-22 13:27:00,酒店预订,486.06,0,0,抖音
9594,5623,2026-08-26 23:00:00,一日游套餐,224.03,0,0,小红书
9595,5624,2026-07-27 10:45:00,酒店预订,305.48,1,0,小红书
9596,5624,2026-08-13 15:45:00,酒店预订,285.47,1,1,小红书
9597,5625,2026-07-15 20:22:00,景点门票,47.43,1,0,自然
9598,5625,2026-07-25 09:44:00,一日游套餐,274.88,1,0,自然
9599,5626,2026-06-23 19:16:00,一日游套餐,420.26,1,1,小红书
9600,5626,2026-08-05 11:36:00,酒店预订,548.45,1,0,小红书
9601,5627,2026-07-24 08:24:00,一日游套餐,407.1,0,0,小红书
9602,5628,2026-07-18 17:46:00,酒店预订,191.92,0,0,微信
9603,5628,2026-07-24 08:20:00,景点门票,118.87,1,0,微信
9604,5628,2026-07-30 22:28:00,酒店预订,529.75,0,0,微信
9605,5628,2026-08-02 17:12:00,酒店预订,511.65,1,0,微信
9606,5628,2026-08-25 09:43:00,酒店预订,504.01,1,0,微信
9607,5629,2026-07-26 18:52:00,景点门票,131.13,1,0,自然
9608,5630,2026-07-08 15:45:00,景点门票,40.06,1,0,抖音
9609,5630,2026-07-26 18:18:00,景点门票,123.14,1,0,抖音
9610,5632,2026-06-22 16:56:00,景点门票,113.35,0,0,自然
9611,5632,2026-06-28 16:54:00,一日游套餐,385.73,1,0,自然
9612,5632,2026-07-12 14:43:00,景点门票,125.76,1,0,自然
9613,5634,2026-07-24 10:37:00,一日游套餐,315.8,0,0,自然
9614,5634,2026-07-26 21:18:00,一日游套餐,326.66,0,0,自然
9615,5634,2026-08-06 10:51:00,酒店预订,573.91,0,0,自然
9616,5635,2026-06-03 08:04:00,景点门票,148.34,0,0,自然
9617,5635,2026-06-04 08:24:00,酒店预订,330.52,1,0,自然
9618,5635,2026-07-02 13:59:00,景点门票,125.78,0,0,自然
9619,5637,2026-08-26 15:50:00,景点门票,155.44,1,0,自然
9620,5638,2026-07-25 14:23:00,一日游套餐,402.56,0,0,小红书
9621,5639,2026-07-25 12:29:00,景点门票,145.93,0,0,自然
9622,5639,2026-08-29 20:48:00,景点门票,138.74,1,0,自然
9623,5640,2026-08-05 12:13:00,酒店预订,287.93,1,0,抖音
9624,5640,2026-08-20 09:05:00,景点门票,174.08,0,0,抖音
9625,5640,2026-08-25 23:05:00,酒店预订,220.52,0,0,抖音
9626,5642,2026-07-28 22:02:00,酒店预订,408.38,0,0,微信
9627,5642,2026-08-05 18:36:00,景点门票,152.05,1,0,微信
9628,5643,2026-07-20 08:41:00,酒店预订,186.6,1,0,微信
9629,5643,2026-07-31 21:22:00,景点门票,67.11,1,0,微信
9630,5643,2026-08-15 13:32:00,景点门票,42.0,0,0,微信
9631,5646,2026-07-09 15:14:00,景点门票,140.15,1,0,自然
9632,5646,2026-08-16 07:32:00,酒店预订,467.8,0,0,自然
9633,5647,2026-08-03 11:10:00,景点门票,100.76,0,0,小红书
9634,5647,2026-08-06 10:57:00,景点门票,163.08,1,0,小红书
9635,5648,2026-07-25 18:37:00,酒店预订,372.19,1,0,自然
9636,5649,2026-08-06 08:56:00,一日游套餐,324.35,1,0,抖音
9637,5651,2026-06-24 13:04:00,酒店预订,419.22,1,0,微信
9638,5651,2026-06-28 14:01:00,景点门票,144.76,0,0,微信
9639,5653,2026-08-21 19:51:00,酒店预订,195.7,1,0,小红书
9640,5654,2026-07-27 20:03:00,酒店预订,300.77,1,0,抖音
9641,5654,2026-07-30 18:01:00,酒店预订,390.19,1,0,抖音
9642,5655,2026-07-05 22:03:00,景点门票,76.84,1,0,自然
9643,5655,2026-07-24 08:53:00,景点门票,127.77,1,0,自然
9644,5655,2026-08-01 07:10:00,酒店预订,564.81,1,0,自然
9645,5656,2026-07-10 08:15:00,酒店预订,311.04,1,0,自然
9646,5656,2026-07-12 19:17:00,酒店预订,296.47,1,0,自然
9647,5656,2026-07-20 21:21:00,一日游套餐,265.58,0,0,自然
9648,5656,2026-08-06 16:44:00,酒店预订,415.89,1,0,自然
9649,5656,2026-08-18 19:29:00,酒店预订,598.78,0,0,自然
9650,5657,2026-07-02 16:21:00,酒店预订,421.19,0,0,地推
9651,5657,2026-07-29 09:38:00,酒店预订,492.96,0,0,地推
9652,5658,2026-08-10 19:08:00,景点门票,109.65,1,0,微信
9653,5658,2026-08-12 13:31:00,景点门票,83.57,1,0,微信
9654,5659,2026-07-05 12:30:00,酒店预订,271.97,0,0,自然
9655,5659,2026-08-07 19:50:00,酒店预订,539.23,0,0,自然
9656,5660,2026-08-09 16:48:00,一日游套餐,252.13,1,0,小红书
9657,5660,2026-08-16 09:53:00,景点门票,73.45,1,0,小红书
9658,5660,2026-08-29 19:01:00,一日游套餐,280.37,0,0,小红书
9659,5662,2026-07-27 22:05:00,景点门票,82.46,1,0,自然
9660,5662,2026-08-11 07:34:00,景点门票,173.42,0,0,自然
9661,5662,2026-08-17 16:35:00,酒店预订,347.56,0,0,自然
9662,5664,2026-07-10 20:06:00,酒店预订,572.05,1,0,自然
9663,5664,2026-07-17 16:36:00,一日游套餐,300.95,1,0,自然
9664,5664,2026-08-04 11:15:00,一日游套餐,414.98,1,0,自然
9665,5666,2026-07-05 13:10:00,景点门票,140.46,1,0,小红书
9666,5666,2026-07-12 09:42:00,一日游套餐,338.67,1,0,小红书
9667,5666,2026-08-02 13:18:00,酒店预订,511.14,1,0,小红书
9668,5668,2026-06-27 21:07:00,一日游套餐,362.94,1,0,微信
9669,5668,2026-07-23 11:23:00,一日游套餐,301.37,1,0,微信
9670,5668,2026-07-24 07:44:00,酒店预订,590.82,0,0,微信
9671,5669,2026-07-10 14:41:00,一日游套餐,301.81,0,0,小红书
9672,5669,2026-07-17 08:56:00,一日游套餐,384.26,1,0,小红书
9673,5671,2026-08-09 15:01:00,景点门票,104.99,0,0,小红书
9674,5671,2026-08-09 21:08:00,酒店预订,595.18,1,0,小红书
9675,5672,2026-06-11 18:08:00,酒店预订,222.62,1,0,微信
9676,5672,2026-06-21 11:08:00,景点门票,154.48,1,0,微信
9677,5672,2026-06-27 07:58:00,一日游套餐,365.87,0,0,微信
9678,5672,2026-07-04 15:50:00,酒店预订,245.89,1,0,微信
9679,5672,2026-07-14 14:59:00,景点门票,118.83,0,0,微信
9680,5672,2026-08-02 09:16:00,景点门票,59.19,0,0,微信
9681,5672,2026-08-09 17:17:00,酒店预订,185.35,0,0,微信
9682,5673,2026-06-23 16:21:00,酒店预订,251.66,1,0,抖音
9683,5673,2026-06-24 13:18:00,景点门票,41.57,1,1,抖音
9684,5674,2026-07-19 10:37:00,酒店预订,350.96,0,0,抖音
9685,5676,2026-08-26 16:37:00,酒店预订,448.2,1,0,地推
9686,5677,2026-08-20 07:54:00,景点门票,123.97,1,0,自然
9687,5677,2026-08-21 14:37:00,酒店预订,517.3,1,0,自然
9688,5680,2026-07-17 22:57:00,酒店预订,290.04,0,0,抖音
9689,5680,2026-07-20 13:15:00,一日游套餐,412.54,1,0,抖音
9690,5680,2026-07-28 09:35:00,景点门票,172.09,0,0,抖音
9691,5682,2026-08-08 13:54:00,一日游套餐,290.9,1,0,抖音
9692,5684,2026-06-12 21:34:00,景点门票,177.98,1,0,小红书
9693,5684,2026-06-14 13:21:00,景点门票,123.97,1,0,小红书
9694,5684,2026-07-09 18:48:00,景点门票,106.2,1,1,小红书
9695,5684,2026-07-17 14:12:00,景点门票,96.38,1,0,小红书
9696,5686,2026-08-05 10:57:00,一日游套餐,432.19,1,0,自然
9697,5687,2026-08-05 21:26:00,酒店预订,498.63,0,0,自然
9698,5688,2026-06-28 12:06:00,景点门票,174.13,1,0,自然
9699,5688,2026-07-30 22:53:00,景点门票,41.6,1,0,自然
9700,5688,2026-08-08 20:03:00,景点门票,169.86,1,0,自然
9701,5689,2026-06-29 20:26:00,景点门票,125.0,0,0,微信
9702,5689,2026-07-11 10:30:00,一日游套餐,265.46,1,0,微信
9703,5689,2026-08-09 08:18:00,一日游套餐,379.85,1,0,微信
9704,5690,2026-08-07 14:09:00,景点门票,110.7,1,0,微信
9705,5690,2026-08-20 13:18:00,一日游套餐,356.96,0,0,微信
9706,5691,2026-06-28 13:43:00,一日游套餐,216.88,0,0,抖音
9707,5692,2026-07-10 10:44:00,酒店预订,516.95,0,0,自然
9708,5692,2026-07-10 20:40:00,景点门票,127.02,1,0,自然
9709,5692,2026-07-16 08:50:00,酒店预订,240.46,1,0,自然
9710,5692,2026-08-04 17:39:00,一日游套餐,214.41,1,1,自然
9711,5692,2026-08-20 08:36:00,一日游套餐,373.06,0,0,自然
9712,5694,2026-06-08 12:43:00,景点门票,118.42,1,0,微信
9713,5694,2026-06-09 19:38:00,一日游套餐,299.89,1,0,微信
9714,5694,2026-06-09 13:37:00,景点门票,139.31,1,0,微信
9715,5694,2026-06-16 14:28:00,景点门票,157.48,1,0,微信
9716,5694,2026-06-28 18:41:00,酒店预订,509.62,1,0,微信
9717,5695,2026-07-02 07:53:00,一日游套餐,384.69,1,1,小红书
9718,5695,2026-07-19 11:20:00,景点门票,70.93,1,0,小红书
9719,5696,2026-07-22 21:49:00,景点门票,90.61,0,0,自然
9720,5697,2026-07-07 11:25:00,酒店预订,190.35,1,0,自然
9721,5698,2026-07-01 12:11:00,酒店预订,262.41,1,0,地推
9722,5699,2026-07-18 08:46:00,景点门票,78.42,0,0,微信
9723,5699,2026-07-23 08:32:00,一日游套餐,254.61,0,0,微信
9724,5699,2026-08-10 10:05:00,一日游套餐,354.9,1,0,微信
9725,5700,2026-06-25 14:08:00,一日游套餐,276.18,1,0,自然
9726,5701,2026-08-08 09:33:00,景点门票,45.37,1,0,微信
9727,5701,2026-08-08 10:04:00,景点门票,141.12,1,0,微信
9728,5701,2026-08-10 12:47:00,一日游套餐,413.57,1,0,微信
9729,5702,2026-08-09 08:24:00,酒店预订,223.35,0,0,自然
9730,5704,2026-06-08 12:05:00,一日游套餐,318.45,1,0,小红书
9731,5704,2026-06-08 11:44:00,景点门票,57.41,1,0,小红书
9732,5707,2026-08-06 18:04:00,酒店预订,254.32,0,0,地推
9733,5708,2026-06-10 17:13:00,景点门票,163.19,1,0,微信
9734,5708,2026-06-12 10:12:00,景点门票,110.24,1,0,微信
9735,5708,2026-06-15 08:39:00,酒店预订,453.55,1,0,微信
9736,5708,2026-06-17 21:18:00,酒店预订,574.44,0,0,微信
9737,5708,2026-06-17 09:14:00,酒店预订,544.79,1,0,微信
9738,5708,2026-06-25 07:57:00,酒店预订,369.59,1,0,微信
9739,5708,2026-07-09 10:52:00,酒店预订,367.58,1,0,微信
9740,5710,2026-06-21 22:08:00,酒店预订,454.06,0,0,小红书
9741,5710,2026-07-05 20:30:00,景点门票,178.78,1,0,小红书
9742,5710,2026-07-06 14:34:00,酒店预订,441.9,1,0,小红书
9743,5710,2026-07-25 15:34:00,酒店预订,408.14,0,0,小红书
9744,5710,2026-08-09 15:12:00,一日游套餐,298.71,0,0,小红书
9745,5711,2026-06-11 11:10:00,酒店预订,222.58,0,0,微信
9746,5711,2026-06-15 17:08:00,一日游套餐,394.58,1,1,微信
9747,5711,2026-07-22 18:15:00,景点门票,130.13,1,0,微信
9748,5713,2026-07-23 09:38:00,景点门票,171.47,0,0,地推
9749,5713,2026-08-22 17:03:00,景点门票,151.58,1,0,地推
9750,5716,2026-07-25 11:56:00,酒店预订,553.22,0,0,自然
9751,5716,2026-07-27 10:11:00,酒店预订,368.74,1,0,自然
9752,5716,2026-07-28 08:23:00,酒店预订,215.25,0,0,自然
9753,5716,2026-07-30 19:13:00,一日游套餐,267.39,0,0,自然
9754,5716,2026-08-01 10:52:00,景点门票,80.95,1,0,自然
9755,5717,2026-07-20 21:34:00,景点门票,133.95,1,0,微信
9756,5719,2026-07-20 20:17:00,酒店预订,263.45,1,0,自然
9757,5719,2026-08-10 14:57:00,酒店预订,480.48,0,0,自然
9758,5720,2026-07-01 08:42:00,景点门票,55.49,1,0,自然
9759,5720,2026-07-02 20:14:00,一日游套餐,221.3,0,0,自然
9760,5720,2026-07-03 17:13:00,景点门票,127.19,1,0,自然
9761,5721,2026-06-19 22:30:00,一日游套餐,420.14,1,0,微信
9762,5721,2026-06-20 13:49:00,酒店预订,488.58,1,0,微信
9763,5721,2026-07-14 09:08:00,景点门票,42.26,1,0,微信
9764,5722,2026-06-05 14:28:00,一日游套餐,349.1,1,0,自然
9765,5722,2026-06-14 08:41:00,景点门票,76.01,1,0,自然
9766,5722,2026-06-16 19:36:00,景点门票,105.94,1,0,自然
9767,5722,2026-08-03 11:05:00,一日游套餐,217.66,1,0,自然
9768,5723,2026-08-09 18:48:00,一日游套餐,219.16,1,0,自然
9769,5723,2026-08-10 21:02:00,酒店预订,551.38,1,0,自然
9770,5724,2026-07-04 16:32:00,景点门票,72.63,1,0,微信
9771,5724,2026-07-21 19:42:00,景点门票,53.37,0,0,微信
9772,5724,2026-07-21 07:11:00,酒店预订,400.95,1,0,微信
9773,5724,2026-07-28 10:24:00,一日游套餐,349.55,1,0,微信
9774,5725,2026-07-07 19:10:00,景点门票,154.69,1,0,微信
9775,5725,2026-07-07 15:19:00,景点门票,143.74,1,0,微信
9776,5725,2026-07-08 20:10:00,一日游套餐,415.55,1,0,微信
9777,5725,2026-07-10 12:01:00,景点门票,61.53,0,0,微信
9778,5725,2026-07-13 15:37:00,一日游套餐,290.83,1,0,微信
9779,5726,2026-07-07 15:06:00,酒店预订,206.2,1,0,微信
9780,5726,2026-07-11 09:19:00,酒店预订,481.82,1,0,微信
9781,5726,2026-07-13 13:04:00,景点门票,119.48,1,0,微信
9782,5727,2026-07-09 18:59:00,一日游套餐,285.3,1,0,小红书
9783,5727,2026-08-31 18:33:00,景点门票,68.19,1,0,小红书
9784,5728,2026-07-05 17:43:00,酒店预订,299.85,0,0,抖音
9785,5728,2026-07-25 22:04:00,景点门票,107.28,1,0,抖音
9786,5729,2026-07-26 10:18:00,一日游套餐,245.69,0,0,地推
9787,5730,2026-08-07 13:16:00,景点门票,112.17,1,0,自然
9788,5731,2026-08-29 18:13:00,酒店预订,498.71,1,0,自然
9789,5732,2026-07-20 07:52:00,酒店预订,473.15,1,0,微信
9790,5732,2026-07-26 17:48:00,酒店预订,580.72,1,0,微信
9791,5732,2026-07-28 18:55:00,景点门票,157.96,1,0,微信
9792,5732,2026-08-01 15:59:00,一日游套餐,269.55,1,0,微信
9793,5732,2026-08-04 08:44:00,景点门票,135.57,1,0,微信
9794,5732,2026-08-11 11:46:00,酒店预订,555.3,1,0,微信
9795,5732,2026-08-22 09:16:00,景点门票,79.63,1,0,微信
9796,5734,2026-08-16 09:54:00,酒店预订,200.35,0,0,微信
9797,5735,2026-07-15 12:22:00,酒店预订,560.76,0,0,自然
9798,5735,2026-07-15 21:35:00,一日游套餐,261.4,0,0,自然
9799,5735,2026-07-22 16:29:00,景点门票,152.2,0,0,自然
9800,5737,2026-07-20 18:28:00,景点门票,156.37,1,0,小红书
9801,5737,2026-08-08 15:44:00,酒店预订,544.29,1,0,小红书
9802,5738,2026-08-25 14:45:00,景点门票,129.37,1,0,小红书
9803,5738,2026-08-26 19:03:00,酒店预订,495.73,1,0,小红书
9804,5738,2026-08-30 09:48:00,景点门票,106.79,0,0,小红书
9805,5739,2026-07-14 13:14:00,景点门票,106.99,1,0,地推
9806,5740,2026-06-20 09:25:00,酒店预订,484.88,0,0,抖音
9807,5740,2026-07-02 12:52:00,景点门票,140.6,1,0,抖音
9808,5740,2026-07-16 11:37:00,景点门票,134.22,0,0,抖音
9809,5741,2026-06-14 22:21:00,景点门票,152.35,1,0,小红书
9810,5741,2026-06-14 20:36:00,景点门票,110.93,0,0,小红书
9811,5741,2026-07-16 07:33:00,景点门票,179.95,0,0,小红书
9812,5741,2026-07-24 14:14:00,酒店预订,432.77,0,0,小红书
9813,5743,2026-07-23 17:57:00,酒店预订,589.21,0,0,微信
9814,5743,2026-08-06 13:22:00,景点门票,52.81,1,1,微信
9815,5744,2026-07-01 10:50:00,景点门票,84.43,0,0,微信
9816,5744,2026-07-06 19:00:00,一日游套餐,345.05,1,0,微信
9817,5744,2026-07-26 11:29:00,酒店预订,208.47,0,0,微信
9818,5744,2026-08-02 22:51:00,景点门票,53.17,1,0,微信
9819,5746,2026-08-01 15:23:00,酒店预订,486.46,0,0,自然
9820,5746,2026-08-12 10:37:00,酒店预订,306.44,0,0,自然
9821,5746,2026-08-26 13:04:00,酒店预订,596.91,1,0,自然
9822,5746,2026-08-26 18:05:00,景点门票,44.55,1,0,自然
9823,5746,2026-08-31 22:44:00,景点门票,117.97,1,0,自然
9824,5747,2026-07-19 08:54:00,景点门票,162.8,1,0,自然
9825,5750,2026-06-29 17:20:00,酒店预订,296.0,0,0,地推
9826,5750,2026-07-28 18:43:00,酒店预订,560.94,0,0,地推
9827,5752,2026-08-02 09:52:00,景点门票,137.27,0,0,抖音
9828,5753,2026-06-12 21:16:00,景点门票,77.6,1,0,小红书
9829,5753,2026-07-08 07:15:00,酒店预订,187.0,0,0,小红书
9830,5754,2026-07-12 18:08:00,酒店预订,247.53,0,0,小红书
9831,5755,2026-07-06 17:50:00,景点门票,58.0,1,0,自然
9832,5755,2026-07-06 12:24:00,景点门票,93.64,1,0,自然
9833,5756,2026-07-12 11:18:00,景点门票,87.92,1,0,小红书
9834,5757,2026-06-20 09:21:00,酒店预订,575.62,1,0,自然
9835,5757,2026-06-22 17:19:00,酒店预订,524.31,1,0,自然
9836,5758,2026-07-23 23:04:00,景点门票,44.69,0,0,抖音
9837,5759,2026-08-29 17:13:00,景点门票,164.55,1,0,自然
9838,5760,2026-08-21 19:03:00,一日游套餐,384.69,1,0,自然
9839,5760,2026-08-21 13:47:00,酒店预订,553.11,0,0,自然
9840,5761,2026-07-09 19:17:00,景点门票,94.23,1,0,自然
9841,5761,2026-07-19 20:05:00,景点门票,159.28,1,0,自然
9842,5762,2026-07-19 22:20:00,酒店预订,578.41,0,0,地推
9843,5762,2026-08-09 20:52:00,酒店预订,181.52,1,0,地推
9844,5763,2026-06-28 19:23:00,景点门票,96.19,1,0,小红书
9845,5763,2026-06-28 08:25:00,酒店预订,540.85,1,0,小红书
9846,5763,2026-07-10 22:19:00,酒店预订,378.53,1,0,小红书
9847,5764,2026-08-15 22:01:00,酒店预订,595.36,0,0,地推
9848,5764,2026-08-16 17:08:00,酒店预订,332.08,1,0,地推
9849,5766,2026-07-06 17:24:00,酒店预订,336.9,0,0,抖音
9850,5767,2026-08-02 08:31:00,酒店预订,287.57,0,0,抖音
9851,5768,2026-06-28 09:14:00,景点门票,63.15,0,0,小红书
9852,5768,2026-07-17 20:56:00,景点门票,143.37,1,0,小红书
9853,5768,2026-07-26 16:47:00,酒店预订,451.28,1,0,小红书
9854,5768,2026-07-31 08:03:00,酒店预订,521.56,1,0,小红书
9855,5768,2026-08-23 15:57:00,一日游套餐,326.1,1,0,小红书
9856,5769,2026-08-16 12:58:00,酒店预订,517.57,0,0,抖音
9857,5770,2026-07-30 15:02:00,景点门票,111.48,1,0,小红书
9858,5771,2026-08-31 07:43:00,景点门票,156.04,0,0,微信
9859,5772,2026-08-09 16:37:00,景点门票,72.85,1,0,微信
9860,5772,2026-08-13 12:45:00,景点门票,81.76,1,0,微信
9861,5772,2026-08-18 15:32:00,景点门票,66.21,0,0,微信
9862,5773,2026-07-10 10:45:00,景点门票,136.23,0,0,自然
9863,5773,2026-07-14 13:52:00,景点门票,169.34,1,0,自然
9864,5773,2026-07-21 14:13:00,一日游套餐,240.91,1,0,自然
9865,5774,2026-07-19 19:42:00,一日游套餐,360.54,1,0,抖音
9866,5775,2026-08-08 16:28:00,一日游套餐,227.32,1,0,自然
9867,5776,2026-07-18 12:26:00,景点门票,72.64,1,0,自然
9868,5776,2026-08-08 22:59:00,景点门票,145.3,1,0,自然
9869,5777,2026-07-05 22:20:00,一日游套餐,384.86,1,0,小红书
9870,5777,2026-08-12 21:29:00,景点门票,55.04,0,0,小红书
9871,5778,2026-07-23 14:55:00,景点门票,144.94,0,0,抖音
9872,5779,2026-06-29 18:44:00,景点门票,62.3,1,0,小红书
9873,5779,2026-07-11 14:34:00,景点门票,41.68,1,0,小红书
9874,5779,2026-08-22 19:56:00,景点门票,77.56,0,0,小红书
9875,5780,2026-07-04 22:59:00,酒店预订,510.17,1,0,自然
9876,5780,2026-07-18 13:26:00,酒店预订,559.53,1,0,自然
9877,5780,2026-07-24 21:54:00,景点门票,44.47,0,0,自然
9878,5780,2026-08-09 09:40:00,酒店预订,209.5,0,0,自然
9879,5783,2026-07-02 20:03:00,酒店预订,209.33,1,0,抖音
9880,5783,2026-07-05 20:35:00,景点门票,69.13,1,0,抖音
9881,5784,2026-06-18 12:26:00,景点门票,89.71,0,0,微信
9882,5784,2026-06-20 15:28:00,景点门票,98.55,0,0,微信
9883,5784,2026-07-04 23:00:00,一日游套餐,295.1,1,0,微信
9884,5784,2026-07-15 17:15:00,一日游套餐,448.36,1,0,微信
9885,5784,2026-08-06 19:07:00,景点门票,57.77,1,0,微信
9886,5785,2026-07-08 20:02:00,酒店预订,409.23,0,0,自然
9887,5785,2026-07-12 21:16:00,酒店预订,366.23,1,0,自然
9888,5785,2026-07-27 17:45:00,景点门票,104.54,1,0,自然
9889,5786,2026-08-07 22:07:00,一日游套餐,411.61,1,0,小红书
9890,5786,2026-08-08 22:03:00,景点门票,173.67,0,0,小红书
9891,5787,2026-06-28 07:36:00,酒店预订,442.27,1,0,微信
9892,5787,2026-07-04 17:09:00,酒店预订,346.18,1,0,微信
9893,5787,2026-07-18 20:54:00,一日游套餐,385.49,1,0,微信
9894,5787,2026-07-31 12:17:00,一日游套餐,371.57,1,0,微信
9895,5787,2026-08-15 21:13:00,酒店预订,226.23,1,0,微信
9896,5788,2026-07-13 19:37:00,酒店预订,307.89,1,0,微信
9897,5788,2026-07-16 13:30:00,景点门票,103.85,1,0,微信
9898,5788,2026-08-14 20:22:00,景点门票,103.45,1,0,微信
9899,5788,2026-08-30 17:50:00,酒店预订,290.02,0,0,微信
9900,5789,2026-07-02 17:17:00,景点门票,97.52,1,0,微信
9901,5789,2026-07-14 08:52:00,景点门票,51.46,1,0,微信
9902,5789,2026-07-14 09:55:00,景点门票,145.49,1,0,微信
9903,5789,2026-08-15 13:00:00,酒店预订,385.71,0,0,微信
9904,5789,2026-08-22 14:02:00,景点门票,170.86,1,0,微信
9905,5792,2026-06-28 09:48:00,酒店预订,221.2,1,0,小红书
9906,5792,2026-07-04 20:22:00,酒店预订,302.07,0,0,小红书
9907,5792,2026-07-26 13:59:00,酒店预订,215.84,1,0,小红书
9908,5793,2026-08-01 14:47:00,一日游套餐,424.95,1,0,自然
9909,5793,2026-08-01 09:36:00,酒店预订,489.04,0,0,自然
9910,5794,2026-06-19 22:25:00,一日游套餐,390.64,1,0,自然
9911,5794,2026-06-25 13:13:00,景点门票,133.95,1,0,自然
9912,5794,2026-06-30 15:45:00,酒店预订,497.17,0,0,自然
9913,5794,2026-06-30 12:17:00,酒店预订,202.27,1,0,自然
9914,5795,2026-07-12 10:21:00,景点门票,178.22,1,0,微信
9915,5795,2026-07-14 18:08:00,酒店预订,539.09,1,0,微信
9916,5795,2026-07-25 09:08:00,酒店预订,437.62,0,0,微信
9917,5795,2026-07-29 21:52:00,酒店预订,510.85,1,0,微信
9918,5795,2026-08-28 12:30:00,景点门票,91.93,0,0,微信
9919,5799,2026-07-03 08:02:00,酒店预订,474.35,1,0,小红书
9920,5799,2026-07-03 18:28:00,景点门票,86.63,1,0,小红书
9921,5799,2026-07-05 14:37:00,酒店预订,403.45,1,0,小红书
9922,5799,2026-07-05 19:31:00,景点门票,113.81,1,0,小红书
9923,5799,2026-07-24 07:22:00,景点门票,177.39,0,0,小红书
9924,5799,2026-08-01 10:29:00,景点门票,123.78,1,0,小红书
9925,5800,2026-07-19 17:42:00,景点门票,78.49,0,0,抖音
9926,5800,2026-08-26 13:09:00,景点门票,177.06,0,0,抖音
9927,5801,2026-08-16 13:57:00,酒店预订,491.26,1,0,抖音
9928,5802,2026-07-13 19:30:00,景点门票,122.71,1,0,小红书
9929,5804,2026-07-31 19:16:00,一日游套餐,278.71,0,0,抖音
9930,5805,2026-07-27 21:35:00,景点门票,68.84,0,0,抖音
9931,5805,2026-08-13 08:28:00,酒店预订,309.98,1,0,抖音
9932,5806,2026-07-05 17:00:00,酒店预订,249.56,1,0,小红书
9933,5806,2026-07-06 14:36:00,景点门票,92.74,1,0,小红书
9934,5806,2026-07-26 21:24:00,酒店预订,385.18,0,0,小红书
9935,5807,2026-06-28 18:44:00,酒店预订,356.63,1,0,小红书
9936,5807,2026-08-01 20:16:00,一日游套餐,346.63,1,0,小红书
9937,5807,2026-08-19 15:32:00,酒店预订,414.54,1,0,小红书
9938,5808,2026-06-20 17:13:00,酒店预订,221.32,1,0,微信
9939,5808,2026-06-22 10:45:00,酒店预订,409.94,1,0,微信
9940,5808,2026-07-15 09:43:00,酒店预订,392.19,0,0,微信
9941,5810,2026-07-16 17:45:00,景点门票,77.26,1,0,小红书
9942,5810,2026-07-24 19:54:00,一日游套餐,391.08,1,0,小红书
9943,5811,2026-07-04 19:35:00,景点门票,97.75,1,0,抖音
9944,5811,2026-08-15 10:03:00,景点门票,70.83,1,0,抖音
9945,5812,2026-07-12 10:15:00,景点门票,142.09,1,0,自然
9946,5812,2026-08-09 10:35:00,景点门票,118.58,0,0,自然
9947,5813,2026-07-17 19:49:00,酒店预订,276.99,1,0,小红书
9948,5813,2026-07-26 14:30:00,一日游套餐,275.29,1,0,小红书
9949,5814,2026-07-04 09:39:00,酒店预订,471.54,0,0,小红书
9950,5814,2026-07-26 12:23:00,景点门票,148.17,1,0,小红书
9951,5814,2026-08-25 13:02:00,景点门票,76.16,1,0,小红书
9952,5816,2026-06-17 13:08:00,景点门票,124.59,0,0,微信
9953,5816,2026-06-18 09:59:00,景点门票,134.99,1,0,微信
9954,5816,2026-06-18 12:16:00,酒店预订,453.02,0,0,微信
9955,5816,2026-06-19 09:11:00,酒店预订,379.04,0,0,微信
9956,5816,2026-07-08 10:32:00,酒店预订,186.62,1,0,微信
9957,5816,2026-08-07 15:55:00,酒店预订,539.0,1,0,微信
9958,5817,2026-08-13 13:42:00,一日游套餐,389.4,0,0,抖音
9959,5818,2026-06-27 19:10:00,景点门票,115.12,1,0,自然
9960,5818,2026-07-01 17:22:00,景点门票,81.42,0,0,自然
9961,5818,2026-07-27 18:03:00,酒店预订,539.59,1,0,自然
9962,5821,2026-08-13 22:23:00,酒店预订,321.23,0,0,小红书
9963,5821,2026-08-22 17:48:00,景点门票,64.65,1,0,小红书
9964,5822,2026-07-25 11:50:00,酒店预订,541.62,1,0,微信
9965,5822,2026-07-30 19:18:00,景点门票,79.1,0,0,微信
9966,5822,2026-07-31 22:49:00,一日游套餐,293.99,1,0,微信
9967,5822,2026-08-08 17:35:00,一日游套餐,229.06,1,1,微信
9968,5822,2026-08-08 12:38:00,一日游套餐,266.53,1,0,微信
9969,5823,2026-06-24 16:54:00,酒店预订,227.73,0,0,小红书
9970,5823,2026-07-09 20:33:00,景点门票,154.95,0,0,小红书
9971,5825,2026-08-02 08:03:00,酒店预订,519.95,1,0,抖音
9972,5826,2026-07-19 19:33:00,一日游套餐,216.46,1,0,自然
9973,5826,2026-07-27 07:42:00,一日游套餐,412.22,1,0,自然
9974,5828,2026-07-28 13:31:00,一日游套餐,252.29,1,0,自然
9975,5829,2026-06-20 22:13:00,景点门票,119.48,1,0,抖音
9976,5830,2026-06-12 10:04:00,酒店预订,385.26,1,0,微信
9977,5830,2026-06-22 16:12:00,景点门票,159.47,1,0,微信
9978,5830,2026-07-25 11:52:00,酒店预订,342.79,1,0,微信
9979,5830,2026-07-25 09:11:00,景点门票,147.81,1,0,微信
9980,5830,2026-07-30 14:03:00,一日游套餐,320.04,1,0,微信
9981,5831,2026-06-27 22:15:00,景点门票,134.9,1,0,小红书
9982,5831,2026-06-28 18:43:00,一日游套餐,383.64,1,0,小红书
9983,5831,2026-07-03 14:16:00,酒店预订,348.66,0,0,小红书
9984,5831,2026-08-07 15:26:00,酒店预订,368.97,1,0,小红书
9985,5832,2026-06-28 16:59:00,景点门票,55.42,1,0,自然
9986,5832,2026-08-02 19:51:00,景点门票,90.67,1,0,自然
9987,5834,2026-06-22 12:47:00,一日游套餐,434.74,0,0,小红书
9988,5834,2026-07-28 08:24:00,景点门票,68.52,0,0,小红书
9989,5836,2026-06-05 19:36:00,景点门票,115.8,1,0,自然
9990,5836,2026-06-10 14:04:00,景点门票,55.57,0,0,自然
9991,5836,2026-06-21 11:39:00,景点门票,117.21,0,0,自然
9992,5837,2026-07-18 07:50:00,景点门票,132.19,1,0,微信
9993,5837,2026-07-28 13:48:00,一日游套餐,249.46,1,0,微信
9994,5838,2026-06-25 09:25:00,酒店预订,455.6,0,0,抖音
9995,5839,2026-06-30 14:34:00,酒店预订,239.14,0,0,抖音
9996,5841,2026-08-05 19:47:00,酒店预订,294.63,1,0,抖音
9997,5842,2026-07-25 11:26:00,景点门票,109.87,1,0,抖音
9998,5842,2026-08-26 19:52:00,酒店预订,272.72,0,0,抖音
9999,5843,2026-06-14 15:39:00,景点门票,103.17,1,0,自然
10000,5843,2026-06-16 10:08:00,一日游套餐,422.7,0,0,自然
10001,5843,2026-06-23 21:40:00,景点门票,104.09,0,0,自然
10002,5843,2026-07-05 08:01:00,一日游套餐,276.35,1,0,自然
10003,5843,2026-07-18 17:35:00,景点门票,107.34,0,0,自然
10004,5843,2026-07-24 13:18:00,景点门票,52.97,1,0,自然
10005,5845,2026-08-29 17:22:00,景点门票,103.93,1,1,抖音
10006,5846,2026-06-14 23:02:00,景点门票,174.6,1,1,微信
10007,5846,2026-06-28 17:57:00,景点门票,173.04,1,0,微信
10008,5848,2026-07-22 10:41:00,酒店预订,566.34,0,0,自然
10009,5849,2026-08-27 12:18:00,酒店预订,589.27,0,0,自然
10010,5849,2026-08-27 15:47:00,景点门票,89.92,1,0,自然
10011,5850,2026-08-21 10:45:00,酒店预订,182.25,1,0,微信
10012,5852,2026-08-15 16:23:00,景点门票,143.07,1,0,微信
10013,5852,2026-08-18 14:23:00,酒店预订,516.71,1,0,微信
10014,5853,2026-07-05 13:22:00,景点门票,140.57,1,0,自然
10015,5853,2026-07-09 07:51:00,一日游套餐,279.35,1,0,自然
10016,5853,2026-08-28 09:56:00,景点门票,96.17,1,0,自然
10017,5854,2026-07-09 10:10:00,景点门票,100.3,1,0,自然
10018,5856,2026-07-31 19:38:00,酒店预订,494.93,1,0,微信
10019,5859,2026-07-18 14:34:00,酒店预订,442.77,1,0,抖音
10020,5860,2026-08-15 23:03:00,景点门票,92.61,0,0,自然
10021,5861,2026-07-21 08:45:00,一日游套餐,405.56,1,0,小红书
10022,5861,2026-07-23 21:01:00,酒店预订,223.89,0,0,小红书
10023,5862,2026-07-05 12:49:00,酒店预订,420.87,0,0,自然
10024,5862,2026-08-09 18:42:00,酒店预订,537.48,1,0,自然
10025,5863,2026-07-04 08:19:00,景点门票,141.01,1,0,小红书
10026,5864,2026-08-08 19:40:00,景点门票,62.62,0,0,小红书
10027,5865,2026-06-11 18:06:00,一日游套餐,276.97,0,0,小红书
10028,5865,2026-06-24 07:23:00,景点门票,101.72,0,0,小红书
10029,5865,2026-07-04 13:55:00,一日游套餐,312.01,1,0,小红书
10030,5865,2026-07-04 17:56:00,景点门票,144.75,0,0,小红书
10031,5867,2026-07-17 16:02:00,景点门票,156.88,1,0,微信
10032,5868,2026-07-26 20:42:00,景点门票,131.39,0,0,小红书
10033,5870,2026-07-11 09:23:00,酒店预订,256.4,1,0,自然
10034,5870,2026-07-12 19:25:00,景点门票,142.94,1,0,自然
10035,5870,2026-07-29 22:17:00,景点门票,123.24,1,1,自然
10036,5870,2026-07-29 21:00:00,酒店预订,341.29,1,0,自然
10037,5871,2026-07-03 10:16:00,景点门票,98.45,1,0,小红书
10038,5871,2026-07-04 07:20:00,景点门票,48.89,0,0,小红书
10039,5872,2026-08-08 07:16:00,酒店预订,264.48,1,0,自然
10040,5872,2026-08-16 10:09:00,酒店预订,233.87,0,0,自然
10041,5873,2026-07-17 11:14:00,景点门票,67.5,1,1,自然
10042,5874,2026-08-13 09:33:00,酒店预订,437.15,1,0,自然
10043,5874,2026-08-14 11:23:00,景点门票,148.03,0,0,自然
10044,5874,2026-08-19 09:28:00,一日游套餐,432.31,0,0,自然
10045,5874,2026-08-19 09:10:00,酒店预订,431.34,0,0,自然
10046,5875,2026-07-11 10:45:00,景点门票,120.85,0,0,自然
10047,5875,2026-07-11 18:14:00,景点门票,105.64,1,0,自然
10048,5875,2026-07-11 12:47:00,酒店预订,462.29,1,0,自然
10049,5875,2026-07-25 20:54:00,一日游套餐,444.16,0,0,自然
10050,5876,2026-07-10 16:18:00,景点门票,48.26,1,1,抖音
10051,5877,2026-07-26 08:35:00,酒店预订,580.39,0,0,小红书
10052,5878,2026-08-03 12:34:00,景点门票,106.71,1,0,自然
10053,5879,2026-07-15 17:34:00,酒店预订,546.75,1,0,小红书
10054,5882,2026-08-08 21:07:00,景点门票,92.2,1,0,自然
10055,5882,2026-08-12 14:25:00,景点门票,81.1,1,0,自然
10056,5883,2026-07-29 14:47:00,酒店预订,468.0,1,0,微信
10057,5883,2026-07-30 22:24:00,一日游套餐,273.31,1,0,微信
10058,5883,2026-08-05 17:17:00,酒店预订,320.04,1,0,微信
10059,5884,2026-07-26 19:27:00,酒店预订,215.55,0,0,地推
10060,5885,2026-07-24 11:02:00,酒店预订,531.69,1,0,抖音
10061,5886,2026-08-20 17:45:00,酒店预订,404.92,0,0,自然
10062,5887,2026-06-21 13:42:00,酒店预订,367.13,1,0,自然
10063,5888,2026-08-09 11:25:00,景点门票,141.2,0,0,自然
10064,5889,2026-06-18 16:15:00,景点门票,132.03,1,0,微信
10065,5889,2026-06-20 22:24:00,酒店预订,302.28,0,0,微信
10066,5889,2026-06-27 16:38:00,酒店预订,348.93,1,0,微信
10067,5889,2026-08-11 15:43:00,景点门票,108.29,1,0,微信
10068,5890,2026-07-05 10:25:00,景点门票,66.63,0,0,自然
10069,5890,2026-07-18 08:35:00,一日游套餐,250.62,1,0,自然
10070,5890,2026-07-19 21:45:00,一日游套餐,216.69,0,0,自然
10071,5890,2026-08-29 19:54:00,景点门票,137.02,1,0,自然
10072,5891,2026-07-29 23:07:00,一日游套餐,334.84,1,0,地推
10073,5891,2026-08-16 19:28:00,景点门票,124.05,1,0,地推
10074,5892,2026-08-23 21:18:00,酒店预订,206.21,1,0,小红书
10075,5893,2026-08-06 12:52:00,酒店预订,340.29,1,0,抖音
10076,5893,2026-08-09 08:10:00,一日游套餐,367.04,1,0,抖音
10077,5894,2026-07-18 20:36:00,景点门票,56.96,1,0,微信
10078,5894,2026-08-21 22:38:00,酒店预订,229.77,1,0,微信
10079,5895,2026-08-05 15:16:00,景点门票,127.32,1,0,自然
10080,5895,2026-08-08 20:05:00,酒店预订,437.23,1,0,自然
10081,5896,2026-07-01 17:53:00,酒店预订,449.99,0,0,微信
10082,5896,2026-07-25 14:04:00,景点门票,145.18,1,0,微信
10083,5896,2026-07-31 11:40:00,酒店预订,339.27,1,0,微信
10084,5896,2026-08-05 10:12:00,酒店预订,341.55,0,0,微信
10085,5896,2026-08-06 20:25:00,景点门票,82.4,1,0,微信
10086,5896,2026-08-26 14:14:00,景点门票,47.53,1,0,微信
10087,5897,2026-08-10 22:20:00,酒店预订,336.61,1,0,自然
10088,5898,2026-07-03 12:56:00,景点门票,108.41,1,0,微信
10089,5899,2026-07-27 20:39:00,酒店预订,465.29,1,0,抖音
10090,5901,2026-07-03 18:23:00,景点门票,79.02,1,0,微信
10091,5901,2026-08-05 20:07:00,景点门票,77.11,1,0,微信
10092,5901,2026-08-05 20:04:00,一日游套餐,334.55,1,0,微信
10093,5902,2026-08-05 15:52:00,酒店预订,222.66,1,0,自然
10094,5903,2026-07-10 14:12:00,酒店预订,589.34,1,0,自然
10095,5903,2026-07-12 20:38:00,一日游套餐,214.37,1,0,自然
10096,5903,2026-07-19 16:25:00,景点门票,43.26,1,0,自然
10097,5903,2026-08-13 11:03:00,酒店预订,272.98,1,0,自然
10098,5903,2026-08-25 08:06:00,酒店预订,443.54,1,0,自然
10099,5904,2026-07-11 16:58:00,一日游套餐,319.59,1,0,微信
10100,5904,2026-07-22 20:54:00,景点门票,147.25,1,0,微信
10101,5904,2026-08-23 14:28:00,景点门票,128.02,1,0,微信
10102,5904,2026-08-29 09:26:00,酒店预订,351.54,1,0,微信
10103,5906,2026-06-26 16:25:00,景点门票,74.94,1,0,微信
10104,5906,2026-07-03 08:56:00,景点门票,45.97,1,0,微信
10105,5906,2026-07-03 20:48:00,酒店预订,520.59,1,0,微信
10106,5906,2026-08-15 15:27:00,景点门票,59.8,0,0,微信
10107,5906,2026-08-15 17:39:00,景点门票,126.89,1,0,微信
10108,5907,2026-06-26 17:19:00,景点门票,158.02,1,0,小红书
10109,5907,2026-06-27 07:47:00,酒店预订,516.72,1,0,小红书
10110,5907,2026-07-04 07:59:00,酒店预订,293.61,1,1,小红书
10111,5907,2026-07-18 16:00:00,一日游套餐,429.22,1,0,小红书
10112,5907,2026-08-06 20:49:00,酒店预订,203.89,1,0,小红书
10113,5907,2026-08-19 19:07:00,酒店预订,406.59,0,0,小红书
10114,5909,2026-07-11 17:23:00,一日游套餐,341.87,0,0,自然
10115,5909,2026-07-25 07:34:00,酒店预订,461.72,1,0,自然
10116,5909,2026-08-04 17:00:00,景点门票,120.58,1,0,自然
10117,5910,2026-07-10 11:40:00,景点门票,47.29,1,0,自然
10118,5910,2026-07-11 14:46:00,景点门票,109.03,0,0,自然
10119,5910,2026-08-05 17:40:00,景点门票,176.73,0,0,自然
10120,5912,2026-06-25 19:35:00,景点门票,108.93,1,0,自然
10121,5912,2026-06-29 12:11:00,酒店预订,243.37,1,0,自然
10122,5912,2026-07-01 15:22:00,景点门票,81.69,0,0,自然
10123,5912,2026-07-14 07:47:00,酒店预订,197.12,0,0,自然
10124,5914,2026-07-13 21:13:00,一日游套餐,444.21,1,0,自然
10125,5914,2026-07-16 18:18:00,酒店预订,340.36,1,0,自然
10126,5914,2026-07-18 07:13:00,一日游套餐,313.12,0,0,自然
10127,5914,2026-07-31 22:33:00,景点门票,134.17,1,0,自然
10128,5915,2026-06-20 19:41:00,酒店预订,484.18,1,0,自然
10129,5915,2026-07-30 09:12:00,一日游套餐,236.1,1,0,自然
10130,5916,2026-07-27 11:26:00,景点门票,101.47,1,0,小红书
10131,5917,2026-07-15 17:37:00,景点门票,97.06,0,0,微信
10132,5917,2026-08-03 11:30:00,酒店预订,389.17,0,0,微信
10133,5918,2026-07-04 22:41:00,景点门票,147.64,1,0,微信
10134,5918,2026-07-10 20:10:00,景点门票,117.83,1,1,微信
10135,5918,2026-07-10 20:38:00,酒店预订,576.52,0,0,微信
10136,5918,2026-08-08 11:51:00,景点门票,148.69,0,0,微信
10137,5918,2026-08-27 21:42:00,一日游套餐,414.9,1,0,微信
10138,5919,2026-08-09 07:18:00,一日游套餐,203.63,1,0,微信
10139,5919,2026-08-19 15:34:00,酒店预订,279.6,1,0,微信
10140,5919,2026-08-30 13:51:00,一日游套餐,207.96,0,0,微信
10141,5919,2026-08-31 19:30:00,一日游套餐,357.33,1,0,微信
10142,5920,2026-08-06 11:48:00,一日游套餐,359.44,0,0,自然
10143,5920,2026-08-10 22:27:00,景点门票,92.91,0,0,自然
10144,5921,2026-06-30 09:45:00,景点门票,94.89,1,0,抖音
10145,5922,2026-08-10 22:40:00,景点门票,67.34,1,0,自然
10146,5922,2026-08-10 11:17:00,一日游套餐,223.26,0,0,自然
10147,5923,2026-06-23 21:36:00,景点门票,113.89,1,0,小红书
10148,5923,2026-06-24 14:23:00,一日游套餐,382.33,1,0,小红书
10149,5923,2026-07-01 09:55:00,一日游套餐,348.3,1,0,小红书
10150,5923,2026-07-18 15:40:00,景点门票,85.02,1,0,小红书
10151,5923,2026-07-25 22:14:00,景点门票,175.66,1,0,小红书
10152,5924,2026-07-19 23:02:00,酒店预订,184.31,1,0,抖音
10153,5924,2026-08-22 13:34:00,景点门票,144.38,1,0,抖音
10154,5926,2026-07-21 19:14:00,景点门票,43.84,0,0,自然
10155,5927,2026-07-22 15:20:00,酒店预订,394.74,1,0,微信
10156,5927,2026-07-22 22:17:00,景点门票,43.34,0,0,微信
10157,5927,2026-07-30 07:38:00,一日游套餐,250.8,1,0,微信
10158,5927,2026-08-04 09:18:00,酒店预订,288.9,1,0,微信
10159,5927,2026-08-15 15:58:00,景点门票,52.24,0,0,微信
10160,5928,2026-08-13 12:46:00,景点门票,66.83,0,0,微信
10161,5929,2026-07-08 20:47:00,一日游套餐,275.77,1,0,微信
10162,5929,2026-08-09 07:55:00,酒店预订,321.04,0,0,微信
10163,5930,2026-06-20 07:30:00,酒店预订,378.79,0,0,自然
10164,5931,2026-08-14 20:57:00,一日游套餐,305.71,1,0,地推
10165,5932,2026-08-24 19:31:00,酒店预订,201.92,0,0,自然
10166,5932,2026-08-26 13:24:00,酒店预订,405.49,1,0,自然
10167,5932,2026-08-29 14:56:00,酒店预订,276.68,1,0,自然
10168,5933,2026-07-14 16:26:00,景点门票,76.22,0,0,抖音
10169,5933,2026-08-23 21:36:00,酒店预订,424.01,0,0,抖音
10170,5934,2026-07-19 21:14:00,景点门票,53.74,1,0,自然
10171,5935,2026-07-29 16:07:00,酒店预订,466.33,0,0,自然
10172,5935,2026-07-29 11:31:00,景点门票,172.84,0,0,自然
10173,5936,2026-07-21 16:04:00,酒店预订,430.24,1,0,抖音
10174,5937,2026-08-18 12:54:00,酒店预订,427.75,1,0,自然
10175,5937,2026-08-23 14:52:00,景点门票,178.48,1,0,自然
10176,5937,2026-08-25 08:07:00,酒店预订,456.72,1,0,自然
10177,5938,2026-07-01 22:20:00,酒店预订,246.25,1,0,抖音
10178,5939,2026-06-29 13:05:00,景点门票,174.29,0,0,小红书
10179,5939,2026-07-17 13:42:00,景点门票,95.1,0,0,小红书
10180,5939,2026-07-21 11:49:00,景点门票,166.38,0,0,小红书
10181,5940,2026-07-08 08:57:00,酒店预订,398.68,1,0,微信
10182,5940,2026-07-10 13:12:00,景点门票,137.04,1,0,微信
10183,5941,2026-07-27 17:36:00,一日游套餐,372.61,1,0,小红书
10184,5942,2026-07-17 18:59:00,景点门票,63.86,1,0,小红书
10185,5942,2026-07-19 21:37:00,一日游套餐,425.97,1,0,小红书
10186,5942,2026-07-21 14:32:00,景点门票,113.44,0,0,小红书
10187,5942,2026-08-01 21:55:00,景点门票,76.48,1,0,小红书
10188,5943,2026-08-14 18:38:00,酒店预订,422.18,1,0,自然
10189,5943,2026-08-30 19:00:00,酒店预订,596.89,1,0,自然
10190,5944,2026-08-04 18:30:00,景点门票,128.26,0,0,微信
10191,5944,2026-08-17 12:51:00,一日游套餐,234.26,1,0,微信
10192,5944,2026-08-24 16:17:00,酒店预订,197.75,0,0,微信
10193,5944,2026-08-24 20:25:00,一日游套餐,364.51,1,0,微信
10194,5944,2026-08-24 10:59:00,景点门票,170.93,1,0,微信
10195,5945,2026-07-20 17:24:00,一日游套餐,336.95,0,0,自然
10196,5946,2026-07-18 12:14:00,景点门票,60.19,1,0,自然
10197,5946,2026-08-31 08:12:00,一日游套餐,414.79,1,0,自然
10198,5947,2026-08-10 15:08:00,酒店预订,547.69,1,0,自然
10199,5947,2026-08-18 17:14:00,酒店预订,248.03,0,0,自然
10200,5947,2026-08-18 11:39:00,景点门票,88.61,1,0,自然
10201,5947,2026-08-20 15:47:00,酒店预订,204.31,0,0,自然
10202,5948,2026-07-23 07:58:00,酒店预订,323.09,1,0,小红书
10203,5948,2026-08-08 13:49:00,景点门票,80.15,0,0,小红书
10204,5950,2026-06-22 08:21:00,酒店预订,462.11,1,0,小红书
10205,5950,2026-07-29 21:06:00,酒店预订,500.76,0,0,小红书
10206,5951,2026-07-11 08:50:00,酒店预订,315.08,0,0,抖音
10207,5953,2026-07-07 14:35:00,一日游套餐,346.63,0,0,抖音
10208,5953,2026-07-28 22:47:00,景点门票,117.04,0,0,抖音
10209,5953,2026-08-09 08:34:00,景点门票,48.28,1,0,抖音
10210,5954,2026-08-23 14:38:00,一日游套餐,305.25,1,0,自然
10211,5955,2026-08-14 15:30:00,酒店预订,428.96,0,0,抖音
10212,5957,2026-06-24 12:53:00,景点门票,136.51,1,0,抖音
10213,5957,2026-08-10 15:27:00,酒店预订,189.76,0,0,抖音
10214,5958,2026-06-26 21:15:00,酒店预订,180.12,0,0,自然
10215,5958,2026-08-12 19:33:00,一日游套餐,203.51,0,0,自然
10216,5958,2026-08-22 15:20:00,景点门票,127.54,1,0,自然
10217,5959,2026-08-13 15:20:00,酒店预订,308.96,0,0,小红书
10218,5961,2026-07-01 09:27:00,一日游套餐,205.68,0,0,自然
10219,5961,2026-08-03 07:38:00,一日游套餐,235.28,0,0,自然
10220,5961,2026-08-08 07:22:00,景点门票,126.18,1,1,自然
10221,5962,2026-06-28 19:16:00,景点门票,129.37,1,0,自然
10222,5965,2026-08-20 14:26:00,景点门票,104.14,1,0,小红书
10223,5967,2026-08-02 12:37:00,酒店预订,366.63,1,0,微信
10224,5967,2026-08-09 22:02:00,景点门票,165.52,1,0,微信
10225,5969,2026-07-11 20:40:00,酒店预订,478.12,1,0,小红书
10226,5969,2026-07-13 15:39:00,酒店预订,455.25,1,0,小红书
10227,5970,2026-07-22 22:35:00,景点门票,156.46,1,0,微信
10228,5970,2026-07-25 09:39:00,酒店预订,247.95,1,0,微信
10229,5970,2026-07-25 15:41:00,一日游套餐,296.35,1,0,微信
10230,5970,2026-08-05 14:22:00,一日游套餐,272.06,0,0,微信
10231,5970,2026-08-05 12:23:00,酒店预订,490.38,1,0,微信
10232,5972,2026-07-21 09:23:00,景点门票,57.62,1,0,自然
10233,5972,2026-08-09 15:52:00,一日游套餐,238.83,1,0,自然
10234,5973,2026-06-23 12:26:00,一日游套餐,278.3,1,0,抖音
10235,5974,2026-08-08 11:44:00,酒店预订,504.44,1,0,地推
10236,5976,2026-08-10 14:26:00,一日游套餐,225.98,1,0,自然
10237,5977,2026-08-31 22:22:00,一日游套餐,366.48,0,0,小红书
10238,5978,2026-06-24 13:04:00,景点门票,165.78,1,0,抖音
10239,5978,2026-06-25 13:37:00,酒店预订,388.17,0,0,抖音
10240,5978,2026-07-05 13:18:00,酒店预订,229.15,0,0,抖音
10241,5982,2026-07-15 17:32:00,酒店预订,512.12,0,0,抖音
10242,5982,2026-07-17 20:00:00,一日游套餐,304.7,0,0,抖音
10243,5983,2026-08-19 20:26:00,酒店预订,421.37,0,0,微信
10244,5987,2026-08-20 12:25:00,一日游套餐,300.92,0,0,自然
10245,5987,2026-08-21 07:55:00,一日游套餐,338.42,0,0,自然
10246,5987,2026-08-25 22:59:00,一日游套餐,335.06,0,0,自然
10247,5989,2026-08-24 23:08:00,一日游套餐,278.31,1,0,地推
10248,5990,2026-07-08 13:41:00,景点门票,122.02,1,0,抖音
10249,5990,2026-07-10 14:20:00,酒店预订,567.32,0,0,抖音
10250,5991,2026-08-01 16:42:00,酒店预订,543.81,0,0,自然
10251,5991,2026-08-29 08:25:00,酒店预订,566.68,1,0,自然
10252,5992,2026-07-05 14:01:00,一日游套餐,378.43,1,0,小红书
10253,5992,2026-07-28 19:17:00,酒店预订,505.7,0,0,小红书
10254,5993,2026-06-27 16:36:00,景点门票,59.03,0,0,地推
10255,5996,2026-08-14 17:31:00,一日游套餐,428.48,0,0,抖音
10256,5997,2026-07-18 21:51:00,景点门票,133.09,0,0,小红书
10257,5997,2026-08-11 09:06:00,景点门票,98.08,1,0,小红书
10258,5997,2026-08-15 22:47:00,景点门票,173.94,1,0,小红书
10259,5999,2026-07-09 17:54:00,一日游套餐,435.92,1,0,微信
10260,5999,2026-07-19 16:22:00,景点门票,63.89,0,0,微信
10261,6000,2026-07-25 08:05:00,一日游套餐,315.72,0,0,微信
10262,6000,2026-08-05 16:02:00,酒店预订,397.77,1,0,微信
10263,6000,2026-08-05 13:13:00,景点门票,122.11,1,0,微信
10264,6002,2026-07-02 22:03:00,酒店预订,420.34,0,0,自然
10265,6002,2026-07-06 10:17:00,一日游套餐,357.81,1,0,自然
10266,6002,2026-07-14 13:20:00,景点门票,105.99,1,0,自然
10267,6002,2026-08-03 18:35:00,酒店预订,361.42,1,0,自然
10268,6004,2026-07-22 14:09:00,酒店预订,252.25,0,0,自然
10269,6004,2026-08-28 18:11:00,酒店预订,240.27,1,0,自然
10270,6005,2026-07-16 09:09:00,景点门票,84.56,0,0,自然
10271,6005,2026-08-02 09:45:00,酒店预订,475.15,1,0,自然
10272,6006,2026-08-13 18:28:00,景点门票,103.32,1,0,抖音
10273,6007,2026-07-21 09:56:00,一日游套餐,231.47,1,0,小红书
10274,6008,2026-07-03 19:48:00,酒店预订,400.71,0,0,微信
10275,6008,2026-07-05 15:39:00,景点门票,110.57,1,0,微信
10276,6008,2026-07-07 09:30:00,一日游套餐,296.49,1,0,微信
10277,6008,2026-07-19 22:31:00,景点门票,106.87,0,0,微信
10278,6008,2026-07-19 18:16:00,景点门票,89.93,0,0,微信
10279,6008,2026-07-27 22:30:00,酒店预订,233.04,1,0,微信
10280,6008,2026-08-15 17:47:00,景点门票,179.94,1,0,微信
10281,6009,2026-06-27 09:56:00,景点门票,77.51,1,0,微信
10282,6009,2026-06-29 09:08:00,酒店预订,587.59,1,0,微信
10283,6009,2026-07-03 23:07:00,景点门票,49.5,0,0,微信
10284,6009,2026-08-05 11:15:00,景点门票,154.3,1,0,微信
10285,6009,2026-08-10 11:38:00,景点门票,45.0,1,0,微信
10286,6010,2026-07-01 11:50:00,景点门票,46.97,1,0,微信
10287,6010,2026-07-14 13:00:00,酒店预订,332.85,1,0,微信
10288,6010,2026-08-08 10:23:00,景点门票,158.4,1,0,微信
10289,6011,2026-07-31 17:21:00,酒店预订,225.34,0,0,微信
10290,6011,2026-08-10 11:51:00,酒店预订,185.11,1,0,微信
10291,6012,2026-06-23 10:44:00,景点门票,163.31,1,0,小红书
10292,6012,2026-08-15 14:04:00,景点门票,52.46,0,0,小红书
10293,6013,2026-07-24 12:01:00,景点门票,137.86,1,0,自然
10294,6014,2026-06-07 12:36:00,景点门票,56.73,1,0,小红书
10295,6014,2026-06-08 17:42:00,一日游套餐,396.85,0,0,小红书
10296,6015,2026-06-30 15:35:00,酒店预订,562.35,0,0,自然
10297,6016,2026-07-17 14:57:00,景点门票,147.73,1,1,自然
10298,6016,2026-08-10 14:23:00,景点门票,121.34,1,0,自然
10299,6017,2026-07-20 17:09:00,一日游套餐,445.19,0,0,自然
10300,6018,2026-06-14 09:16:00,景点门票,118.31,1,0,微信
10301,6018,2026-06-21 20:55:00,酒店预订,288.35,1,0,微信
10302,6018,2026-06-21 14:15:00,一日游套餐,403.91,1,0,微信
10303,6018,2026-06-26 09:17:00,景点门票,95.45,0,0,微信
10304,6018,2026-07-24 08:22:00,景点门票,99.72,1,0,微信
10305,6018,2026-07-31 16:48:00,景点门票,112.99,1,0,微信
10306,6018,2026-08-13 10:29:00,酒店预订,330.24,1,0,微信
10307,6019,2026-06-30 20:21:00,一日游套餐,282.99,0,0,小红书
10308,6019,2026-07-08 13:55:00,酒店预订,525.75,1,1,小红书
10309,6019,2026-08-14 08:20:00,一日游套餐,388.8,0,0,小红书
10310,6021,2026-07-18 10:04:00,一日游套餐,239.44,1,0,地推
10311,6021,2026-08-11 09:34:00,景点门票,133.19,0,0,地推
10312,6023,2026-07-04 08:31:00,景点门票,79.57,0,0,自然
10313,6023,2026-08-04 12:41:00,酒店预订,540.79,1,0,自然
10314,6024,2026-08-20 19:48:00,一日游套餐,237.7,1,0,微信
10315,6025,2026-07-12 09:42:00,酒店预订,290.48,1,0,微信
10316,6025,2026-07-13 11:30:00,景点门票,66.56,1,0,微信
10317,6025,2026-07-14 14:20:00,景点门票,151.83,0,0,微信
10318,6025,2026-07-21 18:24:00,一日游套餐,284.15,1,0,微信
10319,6025,2026-08-01 15:14:00,景点门票,58.23,1,0,微信
10320,6026,2026-07-19 16:45:00,景点门票,178.51,1,0,微信
10321,6026,2026-07-19 09:07:00,一日游套餐,253.18,1,0,微信
10322,6026,2026-07-25 12:42:00,一日游套餐,314.97,0,0,微信
10323,6026,2026-07-31 10:49:00,酒店预订,275.29,0,0,微信
10324,6026,2026-08-12 17:55:00,一日游套餐,437.75,1,1,微信
10325,6027,2026-06-18 17:28:00,酒店预订,215.29,1,0,自然
10326,6027,2026-07-05 10:44:00,景点门票,108.14,1,0,自然
10327,6027,2026-07-17 12:55:00,景点门票,87.19,0,0,自然
10328,6028,2026-06-10 12:31:00,景点门票,155.05,1,0,自然
10329,6028,2026-06-20 08:49:00,酒店预订,283.96,1,0,自然
10330,6028,2026-06-20 10:49:00,景点门票,142.38,1,0,自然
10331,6029,2026-08-10 11:21:00,一日游套餐,229.48,1,0,地推
10332,6029,2026-08-15 10:54:00,景点门票,121.78,1,0,地推
10333,6029,2026-08-16 14:39:00,酒店预订,430.73,0,0,地推
10334,6030,2026-07-20 17:09:00,酒店预订,384.3,1,0,自然
10335,6031,2026-07-01 18:10:00,景点门票,158.9,0,0,抖音
10336,6031,2026-07-18 10:41:00,景点门票,79.99,1,0,抖音
10337,6031,2026-07-19 12:24:00,酒店预订,205.09,1,1,抖音
10338,6034,2026-07-29 17:44:00,景点门票,131.35,1,0,自然
10339,6034,2026-08-15 21:15:00,景点门票,40.02,1,0,自然
10340,6034,2026-08-19 22:41:00,景点门票,59.83,1,0,自然
10341,6035,2026-07-29 08:02:00,一日游套餐,226.02,0,0,地推
10342,6035,2026-07-31 20:17:00,景点门票,98.85,1,0,地推
10343,6035,2026-08-06 17:45:00,酒店预订,414.72,1,0,地推
10344,6036,2026-06-20 10:00:00,酒店预订,509.89,1,0,微信
10345,6036,2026-06-28 14:36:00,酒店预订,424.3,1,0,微信
10346,6036,2026-07-08 17:43:00,酒店预订,246.87,0,0,微信
10347,6036,2026-07-16 21:25:00,景点门票,46.57,1,0,微信
10348,6036,2026-07-20 18:08:00,一日游套餐,300.85,1,0,微信
10349,6037,2026-08-08 09:01:00,景点门票,120.41,1,0,地推
10350,6037,2026-08-15 21:41:00,酒店预订,431.11,0,0,地推
10351,6038,2026-07-14 19:04:00,景点门票,157.74,1,0,自然
10352,6039,2026-06-13 16:45:00,一日游套餐,394.1,0,0,自然
10353,6039,2026-06-21 18:27:00,景点门票,79.98,1,0,自然
10354,6039,2026-06-26 14:34:00,景点门票,105.78,1,0,自然
10355,6039,2026-07-23 10:05:00,景点门票,78.82,1,1,自然
10356,6040,2026-07-14 09:58:00,景点门票,145.89,0,0,抖音
10357,6042,2026-08-11 07:55:00,酒店预订,313.0,1,0,自然
10358,6043,2026-06-15 13:37:00,酒店预订,371.86,1,0,微信
10359,6043,2026-07-07 22:44:00,景点门票,108.35,1,0,微信
10360,6043,2026-07-10 08:44:00,酒店预订,518.72,1,0,微信
10361,6043,2026-07-15 09:54:00,酒店预订,432.13,1,0,微信
10362,6046,2026-08-15 09:47:00,景点门票,134.99,1,0,抖音
10363,6046,2026-08-15 19:06:00,景点门票,96.93,0,0,抖音
10364,6047,2026-06-14 11:12:00,酒店预订,482.53,1,0,抖音
10365,6047,2026-06-14 22:52:00,酒店预订,380.63,1,0,抖音
10366,6048,2026-08-06 08:52:00,一日游套餐,369.16,0,0,自然
10367,6049,2026-08-08 20:40:00,景点门票,146.01,1,0,自然
10368,6049,2026-08-18 21:21:00,景点门票,172.6,0,0,自然
10369,6052,2026-07-01 20:52:00,酒店预订,434.1,0,0,抖音
10370,6053,2026-06-15 14:56:00,酒店预订,549.25,1,0,微信
10371,6053,2026-06-27 15:16:00,景点门票,92.15,1,0,微信
10372,6053,2026-07-09 22:48:00,酒店预订,332.34,1,0,微信
10373,6053,2026-07-17 21:55:00,景点门票,168.07,1,0,微信
10374,6054,2026-07-21 10:15:00,景点门票,42.16,1,0,自然
10375,6054,2026-07-21 20:01:00,酒店预订,361.25,1,0,自然
10376,6054,2026-07-21 11:58:00,一日游套餐,212.28,0,0,自然
10377,6054,2026-08-06 12:19:00,景点门票,110.09,1,1,自然
10378,6055,2026-06-14 12:03:00,景点门票,55.09,1,0,自然
10379,6055,2026-06-14 22:09:00,景点门票,89.47,0,0,自然
10380,6055,2026-06-27 22:32:00,酒店预订,497.59,1,0,自然
10381,6055,2026-07-09 19:30:00,酒店预订,268.49,1,1,自然
10382,6055,2026-07-10 16:29:00,景点门票,132.01,1,0,自然
10383,6056,2026-08-02 12:43:00,景点门票,77.51,0,0,自然
10384,6056,2026-08-21 18:57:00,酒店预订,296.08,1,0,自然
10385,6057,2026-06-11 10:58:00,景点门票,178.44,1,0,自然
10386,6057,2026-06-15 18:28:00,一日游套餐,244.69,0,0,自然
10387,6058,2026-08-01 17:31:00,景点门票,115.55,1,0,抖音
10388,6059,2026-06-21 16:47:00,景点门票,137.48,1,0,微信
10389,6059,2026-08-08 07:43:00,景点门票,92.98,0,0,微信
10390,6060,2026-08-05 18:44:00,景点门票,161.13,1,0,微信
10391,6061,2026-08-31 11:28:00,景点门票,122.64,0,0,小红书
10392,6063,2026-06-27 09:03:00,景点门票,119.44,1,0,自然
10393,6063,2026-06-27 20:45:00,酒店预订,518.1,1,0,自然
10394,6063,2026-08-05 15:00:00,景点门票,125.46,1,1,自然
10395,6063,2026-08-16 12:17:00,景点门票,152.28,1,0,自然
10396,6063,2026-08-18 20:26:00,景点门票,131.82,1,0,自然
10397,6065,2026-07-05 21:48:00,酒店预订,536.71,0,0,抖音
10398,6065,2026-07-09 09:28:00,景点门票,148.79,0,0,抖音
10399,6066,2026-06-25 21:31:00,一日游套餐,290.52,0,0,微信
10400,6066,2026-07-03 08:43:00,酒店预订,479.15,0,0,微信
10401,6066,2026-07-14 09:10:00,景点门票,48.75,1,0,微信
10402,6068,2026-06-10 10:28:00,景点门票,111.24,0,0,自然
10403,6068,2026-06-19 07:36:00,景点门票,69.14,0,0,自然
10404,6068,2026-06-26 08:59:00,景点门票,46.08,1,0,自然
10405,6068,2026-06-28 14:07:00,景点门票,54.08,1,0,自然
10406,6069,2026-06-18 11:53:00,一日游套餐,383.92,1,1,自然
10407,6070,2026-06-29 11:47:00,一日游套餐,334.28,0,0,自然
10408,6071,2026-06-22 23:02:00,景点门票,74.9,1,0,地推
10409,6071,2026-06-29 21:38:00,一日游套餐,224.52,1,0,地推
10410,6072,2026-06-25 11:32:00,景点门票,140.97,0,0,自然
10411,6073,2026-07-06 07:33:00,酒店预订,230.52,1,0,自然
10412,6073,2026-07-12 10:46:00,酒店预订,192.15,0,0,自然
10413,6073,2026-07-19 13:31:00,景点门票,85.65,1,1,自然
10414,6073,2026-08-19 21:32:00,景点门票,160.47,1,0,自然
10415,6075,2026-07-10 09:15:00,酒店预订,337.81,1,0,微信
10416,6075,2026-07-26 17:24:00,酒店预订,497.41,0,0,微信
10417,6075,2026-08-02 20:18:00,酒店预订,306.75,0,0,微信
10418,6077,2026-07-05 08:04:00,景点门票,175.73,1,1,小红书
10419,6077,2026-08-09 08:47:00,一日游套餐,363.12,1,0,小红书
10420,6077,2026-08-24 20:36:00,酒店预订,495.86,1,0,小红书
10421,6079,2026-06-19 19:04:00,景点门票,46.51,1,0,自然
10422,6079,2026-07-28 22:21:00,酒店预订,529.07,1,0,自然
10423,6080,2026-08-05 13:21:00,酒店预订,380.52,0,0,微信
10424,6080,2026-08-11 13:10:00,景点门票,134.81,1,0,微信
10425,6081,2026-08-01 09:23:00,酒店预订,533.01,1,0,自然
10426,6081,2026-08-13 21:36:00,一日游套餐,340.78,0,0,自然
10427,6081,2026-08-17 17:07:00,酒店预订,350.29,1,1,自然
10428,6081,2026-08-20 11:51:00,一日游套餐,277.16,1,0,自然
10429,6082,2026-08-26 09:29:00,景点门票,159.14,1,1,自然
10430,6082,2026-08-28 19:06:00,酒店预订,588.24,1,0,自然
10431,6083,2026-07-02 07:15:00,酒店预订,558.13,0,0,抖音
10432,6083,2026-07-10 20:22:00,景点门票,130.95,1,0,抖音
10433,6084,2026-06-21 18:24:00,酒店预订,267.93,1,0,自然
10434,6084,2026-06-22 07:53:00,景点门票,68.99,0,0,自然
10435,6084,2026-07-14 08:54:00,酒店预订,204.22,0,0,自然
10436,6085,2026-06-23 21:37:00,景点门票,168.7,1,0,自然
10437,6085,2026-07-16 07:44:00,酒店预订,264.72,0,0,自然
10438,6087,2026-08-22 15:00:00,酒店预订,540.59,1,0,抖音
10439,6090,2026-08-03 15:54:00,一日游套餐,295.86,0,0,小红书
10440,6090,2026-08-03 17:51:00,景点门票,138.97,1,0,小红书
10441,6090,2026-08-26 13:12:00,一日游套餐,210.83,1,0,小红书
10442,6091,2026-07-11 18:21:00,一日游套餐,223.38,0,0,自然
10443,6092,2026-07-06 21:54:00,景点门票,79.04,1,0,自然
10444,6092,2026-07-07 19:16:00,一日游套餐,201.15,1,0,自然
10445,6092,2026-07-29 10:34:00,景点门票,154.9,1,0,自然
10446,6092,2026-08-04 16:01:00,酒店预订,317.78,0,0,自然
10447,6092,2026-08-10 11:29:00,一日游套餐,293.18,0,0,自然
10448,6092,2026-08-10 11:25:00,景点门票,178.22,1,0,自然
10449,6093,2026-06-14 20:29:00,酒店预订,242.3,1,0,小红书
10450,6093,2026-06-25 16:59:00,一日游套餐,243.49,0,0,小红书
10451,6094,2026-08-19 08:36:00,酒店预订,384.45,0,0,小红书
10452,6095,2026-06-25 11:51:00,酒店预订,549.34,1,0,地推
10453,6095,2026-07-12 21:19:00,酒店预订,292.64,1,0,地推
10454,6095,2026-08-08 10:13:00,景点门票,88.1,1,0,地推
10455,6097,2026-07-11 15:24:00,酒店预订,412.54,1,0,自然
10456,6098,2026-07-09 14:11:00,酒店预订,258.47,1,0,抖音
10457,6099,2026-07-13 21:26:00,景点门票,129.53,0,0,小红书
10458,6099,2026-08-07 13:01:00,景点门票,119.2,0,0,小红书
10459,6100,2026-08-15 07:30:00,景点门票,177.71,1,0,自然
10460,6100,2026-08-30 10:53:00,一日游套餐,223.48,0,0,自然
10461,6100,2026-08-30 22:06:00,一日游套餐,315.11,0,0,自然
10462,6101,2026-08-30 14:08:00,酒店预订,236.97,0,0,抖音
10463,6102,2026-07-30 11:27:00,酒店预订,313.08,1,0,自然
10464,6102,2026-08-24 10:43:00,景点门票,108.47,1,0,自然
10465,6103,2026-08-09 22:52:00,景点门票,62.78,1,0,微信
10466,6103,2026-08-17 21:18:00,景点门票,98.73,1,1,微信
10467,6103,2026-08-25 11:29:00,景点门票,177.85,0,0,微信
10468,6104,2026-07-07 08:19:00,一日游套餐,431.51,1,0,微信
10469,6104,2026-07-07 21:54:00,酒店预订,474.87,1,0,微信
10470,6104,2026-07-21 11:34:00,酒店预订,448.39,1,1,微信
10471,6104,2026-07-22 11:33:00,酒店预订,286.54,1,0,微信
10472,6104,2026-07-26 14:18:00,酒店预订,276.32,1,0,微信
10473,6104,2026-08-09 18:22:00,酒店预订,238.23,1,0,微信
10474,6104,2026-08-09 16:37:00,景点门票,91.88,1,0,微信
10475,6106,2026-08-18 09:35:00,酒店预订,455.62,1,0,地推
10476,6107,2026-07-04 16:46:00,酒店预订,273.68,1,0,地推
10477,6108,2026-08-22 12:39:00,酒店预订,244.76,1,0,自然
10478,6109,2026-07-22 13:13:00,酒店预订,340.02,0,0,抖音
10479,6110,2026-08-11 22:51:00,酒店预订,432.54,1,0,小红书
10480,6110,2026-08-19 10:45:00,一日游套餐,417.13,0,0,小红书
10481,6111,2026-06-27 17:32:00,景点门票,150.73,0,0,自然
10482,6111,2026-07-14 15:18:00,酒店预订,253.3,0,0,自然
10483,6111,2026-07-20 16:54:00,景点门票,91.15,0,0,自然
10484,6111,2026-08-08 15:17:00,景点门票,49.58,1,0,自然
10485,6113,2026-07-17 13:16:00,一日游套餐,332.93,1,0,自然
10486,6113,2026-07-21 15:50:00,景点门票,133.51,0,0,自然
10487,6113,2026-08-12 12:20:00,酒店预订,466.97,1,0,自然
10488,6114,2026-06-07 07:28:00,景点门票,100.21,0,0,地推
10489,6114,2026-08-03 14:31:00,景点门票,112.26,1,0,地推
10490,6115,2026-08-01 10:39:00,一日游套餐,414.68,0,0,抖音
10491,6116,2026-07-05 22:11:00,酒店预订,231.02,1,0,微信
10492,6119,2026-07-09 14:40:00,景点门票,173.31,1,0,微信
10493,6119,2026-07-10 19:47:00,酒店预订,357.14,1,0,微信
10494,6119,2026-07-13 12:48:00,酒店预订,367.07,0,0,微信
10495,6119,2026-07-13 09:52:00,酒店预订,364.07,1,0,微信
10496,6119,2026-07-19 19:26:00,酒店预订,594.81,0,0,微信
10497,6122,2026-07-05 13:54:00,景点门票,154.98,0,0,抖音
10498,6123,2026-07-31 09:26:00,景点门票,138.85,0,0,小红书
10499,6124,2026-08-30 10:21:00,景点门票,76.5,0,0,抖音
10500,6125,2026-06-19 15:31:00,酒店预订,534.18,1,0,自然
10501,6125,2026-07-07 22:42:00,景点门票,56.9,0,0,自然
10502,6127,2026-07-26 12:53:00,酒店预订,372.55,1,0,自然
10503,6128,2026-08-03 14:44:00,景点门票,64.22,0,0,自然
10504,6128,2026-08-03 16:58:00,景点门票,126.8,1,0,自然
10505,6129,2026-06-29 07:41:00,景点门票,55.86,0,0,抖音
10506,6129,2026-07-19 12:32:00,景点门票,177.76,0,0,抖音
10507,6130,2026-06-19 16:35:00,景点门票,114.04,0,0,自然
10508,6130,2026-06-20 23:04:00,景点门票,62.66,1,0,自然
10509,6130,2026-06-28 08:22:00,景点门票,103.12,1,0,自然
10510,6131,2026-07-28 16:07:00,一日游套餐,424.89,1,0,自然
10511,6134,2026-07-26 18:51:00,酒店预订,427.84,1,0,自然
10512,6136,2026-06-24 07:50:00,一日游套餐,264.41,1,1,自然
10513,6136,2026-07-02 09:41:00,一日游套餐,406.08,1,0,自然
10514,6136,2026-08-06 19:58:00,酒店预订,599.83,1,0,自然
10515,6138,2026-07-30 10:32:00,一日游套餐,300.22,1,0,自然
10516,6139,2026-08-02 14:30:00,景点门票,93.16,1,0,自然
10517,6139,2026-08-06 14:00:00,景点门票,143.21,1,0,自然
10518,6139,2026-08-10 18:07:00,景点门票,77.29,1,0,自然
10519,6139,2026-08-10 19:56:00,景点门票,75.57,0,0,自然
10520,6139,2026-08-13 11:37:00,酒店预订,208.95,0,0,自然
10521,6139,2026-08-17 15:42:00,景点门票,136.64,1,0,自然
10522,6140,2026-07-20 16:14:00,景点门票,158.65,1,0,抖音
10523,6141,2026-08-04 14:05:00,一日游套餐,438.4,1,0,自然
10524,6142,2026-07-29 09:51:00,酒店预订,219.16,0,0,自然
10525,6142,2026-08-07 11:25:00,酒店预订,187.73,0,0,自然
10526,6143,2026-08-08 09:00:00,酒店预订,378.27,1,0,自然
10527,6144,2026-08-03 20:13:00,景点门票,132.64,0,0,小红书
10528,6145,2026-07-02 09:17:00,酒店预订,208.57,1,0,小红书
10529,6145,2026-07-04 12:38:00,酒店预订,377.49,1,1,小红书
10530,6146,2026-07-11 22:55:00,一日游套餐,358.3,1,0,小红书
10531,6146,2026-07-17 11:16:00,景点门票,40.84,0,0,小红书
10532,6146,2026-07-30 19:21:00,景点门票,123.45,0,0,小红书
10533,6146,2026-08-15 14:55:00,酒店预订,307.6,0,0,小红书
10534,6146,2026-08-15 15:02:00,景点门票,44.68,1,0,小红书
10535,6147,2026-07-14 16:34:00,酒店预订,243.78,1,0,微信
10536,6147,2026-07-16 07:51:00,景点门票,56.26,0,0,微信
10537,6147,2026-07-23 21:30:00,景点门票,107.66,1,0,微信
10538,6147,2026-08-27 10:15:00,酒店预订,442.25,0,0,微信
10539,6149,2026-07-17 09:41:00,酒店预订,479.53,0,0,地推
10540,6150,2026-08-02 07:59:00,酒店预订,234.49,0,0,小红书
10541,6151,2026-07-21 09:38:00,酒店预订,259.1,0,0,微信
10542,6152,2026-06-17 16:16:00,酒店预订,354.73,1,0,小红书
10543,6152,2026-06-28 12:04:00,景点门票,59.4,1,0,小红书
10544,6152,2026-08-05 18:32:00,景点门票,118.81,1,0,小红书
10545,6153,2026-07-19 19:21:00,酒店预订,545.4,1,0,抖音
10546,6153,2026-08-15 21:02:00,一日游套餐,289.43,0,0,抖音
10547,6154,2026-07-19 08:00:00,景点门票,43.79,1,0,自然
10548,6155,2026-07-11 21:53:00,一日游套餐,420.58,1,1,抖音
10549,6155,2026-07-20 17:03:00,酒店预订,292.93,1,1,抖音
10550,6155,2026-08-06 11:38:00,酒店预订,224.38,0,0,抖音
10551,6156,2026-07-19 16:23:00,酒店预订,482.12,1,0,自然
10552,6157,2026-08-22 08:13:00,景点门票,41.86,1,0,抖音
10553,6159,2026-07-02 12:52:00,景点门票,134.57,1,0,自然
10554,6159,2026-07-02 21:43:00,一日游套餐,301.75,1,0,自然
10555,6159,2026-07-03 08:10:00,一日游套餐,415.97,1,0,自然
10556,6159,2026-07-03 09:56:00,景点门票,82.9,0,0,自然
10557,6159,2026-07-09 15:58:00,酒店预订,301.66,1,0,自然
10558,6159,2026-07-11 22:13:00,酒店预订,494.53,1,0,自然
10559,6159,2026-07-11 15:47:00,酒店预订,387.45,1,0,自然
10560,6159,2026-07-24 14:40:00,景点门票,174.33,1,0,自然
10561,6159,2026-08-19 07:45:00,一日游套餐,401.42,1,0,自然
10562,6159,2026-08-26 10:12:00,景点门票,133.38,1,0,自然
10563,6160,2026-07-25 12:11:00,一日游套餐,260.62,1,0,地推
10564,6160,2026-08-28 16:46:00,一日游套餐,246.17,1,0,地推
10565,6162,2026-07-17 11:31:00,一日游套餐,344.07,1,0,抖音
10566,6165,2026-07-12 21:20:00,景点门票,66.05,1,0,微信
10567,6165,2026-08-22 17:50:00,一日游套餐,275.33,1,1,微信
10568,6165,2026-08-30 10:48:00,景点门票,134.67,1,0,微信
10569,6166,2026-08-02 21:45:00,酒店预订,493.63,1,0,小红书
10570,6167,2026-07-07 08:10:00,景点门票,67.11,1,0,小红书
10571,6167,2026-07-27 10:11:00,景点门票,157.23,0,0,小红书
10572,6167,2026-08-18 13:55:00,景点门票,66.68,0,0,小红书
10573,6169,2026-06-28 12:46:00,酒店预订,297.57,1,0,抖音
10574,6173,2026-08-22 17:16:00,酒店预订,487.77,0,0,抖音
10575,6173,2026-08-29 22:30:00,景点门票,103.53,0,0,抖音
10576,6175,2026-07-22 08:09:00,景点门票,49.78,0,0,抖音
10577,6178,2026-07-24 18:25:00,景点门票,169.02,1,0,抖音
10578,6180,2026-07-14 09:24:00,景点门票,59.07,0,0,抖音
10579,6180,2026-07-17 20:32:00,酒店预订,454.99,1,0,抖音
10580,6180,2026-08-09 15:43:00,景点门票,86.46,1,0,抖音
10581,6181,2026-07-31 16:26:00,酒店预订,515.56,0,0,自然
10582,6181,2026-08-01 20:59:00,酒店预订,435.89,1,0,自然
10583,6181,2026-08-27 19:54:00,景点门票,137.14,0,0,自然
10584,6181,2026-08-29 21:20:00,景点门票,175.15,1,0,自然
10585,6182,2026-08-27 09:15:00,景点门票,170.04,1,0,抖音
10586,6183,2026-06-30 10:46:00,景点门票,97.9,0,0,微信
10587,6183,2026-06-30 10:11:00,酒店预订,530.79,1,0,微信
10588,6183,2026-07-05 20:23:00,酒店预订,551.47,1,0,微信
10589,6183,2026-07-11 16:01:00,景点门票,175.43,1,0,微信
10590,6183,2026-08-01 17:10:00,一日游套餐,317.55,1,0,微信
10591,6184,2026-06-28 15:48:00,景点门票,167.65,1,0,小红书
10592,6184,2026-07-04 20:25:00,一日游套餐,225.42,0,0,小红书
10593,6184,2026-08-01 07:59:00,景点门票,179.53,0,0,小红书
10594,6185,2026-07-21 08:25:00,景点门票,104.14,1,0,自然
10595,6185,2026-08-02 22:34:00,酒店预订,480.68,0,0,自然
10596,6187,2026-07-05 19:59:00,酒店预订,558.21,1,0,小红书
10597,6187,2026-08-08 09:57:00,酒店预订,180.21,0,0,小红书
10598,6188,2026-06-25 15:14:00,一日游套餐,389.76,1,0,自然
10599,6188,2026-06-28 17:54:00,酒店预订,505.19,1,0,自然
10600,6188,2026-07-02 13:48:00,酒店预订,533.23,0,0,自然
10601,6188,2026-07-30 18:30:00,景点门票,89.34,1,0,自然
10602,6188,2026-08-08 10:54:00,酒店预订,405.37,0,0,自然
10603,6189,2026-08-03 19:39:00,景点门票,98.02,1,0,小红书
10604,6190,2026-06-29 14:42:00,酒店预订,568.49,1,0,小红书
10605,6191,2026-07-18 16:28:00,景点门票,43.27,1,0,微信
10606,6191,2026-07-27 09:13:00,酒店预订,323.36,1,0,微信
10607,6191,2026-08-27 11:20:00,酒店预订,507.93,1,0,微信
10608,6191,2026-08-27 22:16:00,酒店预订,298.24,1,0,微信
10609,6192,2026-06-15 12:06:00,景点门票,76.61,1,0,自然
10610,6192,2026-07-19 13:48:00,酒店预订,464.03,1,0,自然
10611,6193,2026-07-23 18:12:00,一日游套餐,427.78,1,0,自然
10612,6193,2026-08-04 09:55:00,一日游套餐,262.1,1,0,自然
10613,6193,2026-08-06 20:09:00,酒店预订,206.33,1,0,自然
10614,6195,2026-08-12 15:10:00,一日游套餐,409.92,0,0,自然
10615,6197,2026-07-10 08:01:00,一日游套餐,267.97,0,0,微信
10616,6197,2026-07-10 20:08:00,景点门票,114.31,0,0,微信
10617,6197,2026-07-13 21:20:00,酒店预订,499.83,0,0,微信
10618,6198,2026-07-28 18:36:00,景点门票,131.31,1,0,自然
10619,6198,2026-08-08 11:13:00,酒店预订,207.17,0,0,自然
10620,6201,2026-08-15 09:29:00,一日游套餐,306.31,0,0,抖音
10621,6202,2026-07-05 10:58:00,景点门票,72.79,1,1,抖音
10622,6204,2026-06-27 21:42:00,酒店预订,420.51,1,0,自然
10623,6204,2026-07-02 19:26:00,一日游套餐,324.01,1,1,自然
10624,6204,2026-07-09 16:08:00,一日游套餐,249.6,1,0,自然
10625,6205,2026-06-16 14:15:00,酒店预订,228.29,1,0,自然
10626,6205,2026-06-17 12:53:00,景点门票,158.22,1,0,自然
10627,6205,2026-06-19 15:11:00,景点门票,94.73,1,0,自然
10628,6205,2026-06-22 23:04:00,酒店预订,478.15,1,0,自然
10629,6205,2026-07-08 14:37:00,酒店预订,485.53,0,0,自然
10630,6206,2026-06-26 07:20:00,酒店预订,356.82,1,0,小红书
10631,6206,2026-07-04 21:29:00,一日游套餐,261.61,1,0,小红书
10632,6208,2026-07-07 20:53:00,酒店预订,271.02,0,0,自然
10633,6208,2026-08-19 20:16:00,酒店预订,221.72,1,0,自然
10634,6209,2026-08-15 09:48:00,景点门票,50.21,1,0,自然
10635,6210,2026-06-25 16:47:00,景点门票,114.08,1,0,微信
10636,6211,2026-07-16 10:04:00,景点门票,124.24,1,0,自然
10637,6212,2026-07-11 20:30:00,景点门票,56.04,1,0,小红书
10638,6212,2026-07-11 20:50:00,酒店预订,347.08,1,0,小红书
10639,6215,2026-07-26 12:17:00,酒店预订,263.11,1,0,自然
10640,6215,2026-08-08 08:31:00,酒店预订,184.43,1,1,自然
10641,6215,2026-08-08 09:04:00,一日游套餐,323.5,1,0,自然
10642,6215,2026-08-22 13:47:00,一日游套餐,276.75,1,0,自然
10643,6218,2026-06-07 19:56:00,景点门票,128.46,1,0,小红书
10644,6218,2026-06-15 09:14:00,酒店预订,443.04,0,0,小红书
10645,6219,2026-08-11 12:21:00,酒店预订,434.7,1,0,自然
10646,6219,2026-08-11 10:12:00,酒店预订,251.91,0,0,自然
10647,6219,2026-08-27 18:05:00,酒店预订,517.19,0,0,自然
10648,6222,2026-07-25 18:10:00,酒店预订,364.25,1,0,自然
10649,6223,2026-08-18 09:39:00,酒店预订,216.58,1,0,抖音
10650,6224,2026-08-03 08:44:00,一日游套餐,283.86,1,0,自然
10651,6224,2026-08-23 14:48:00,景点门票,145.75,1,0,自然
10652,6224,2026-08-23 19:16:00,景点门票,57.23,1,0,自然
10653,6228,2026-07-13 16:36:00,景点门票,46.12,0,0,抖音
10654,6229,2026-08-04 11:35:00,一日游套餐,334.32,1,0,抖音
10655,6230,2026-08-05 18:48:00,酒店预订,319.74,0,0,抖音
10656,6233,2026-07-12 21:14:00,景点门票,42.65,1,0,微信
10657,6233,2026-07-14 07:57:00,景点门票,147.55,1,0,微信
10658,6234,2026-08-28 08:46:00,酒店预订,217.48,0,0,自然
10659,6235,2026-06-08 18:00:00,景点门票,91.02,1,0,抖音
10660,6235,2026-06-15 16:27:00,酒店预订,345.04,1,1,抖音
10661,6235,2026-07-03 19:02:00,景点门票,63.83,1,0,抖音
10662,6238,2026-07-04 16:28:00,酒店预订,317.84,0,0,小红书
10663,6238,2026-07-04 16:59:00,酒店预订,475.04,1,0,小红书
10664,6238,2026-07-24 08:57:00,一日游套餐,256.73,1,1,小红书
10665,6239,2026-07-08 21:49:00,酒店预订,199.18,1,0,微信
10666,6239,2026-08-20 12:51:00,景点门票,107.1,0,0,微信
10667,6240,2026-06-22 11:27:00,一日游套餐,403.52,0,0,抖音
10668,6241,2026-07-10 19:09:00,景点门票,56.47,0,0,小红书
10669,6241,2026-07-13 20:46:00,景点门票,95.97,0,0,小红书
10670,6241,2026-07-14 08:09:00,景点门票,42.68,1,0,小红书
10671,6243,2026-08-05 21:46:00,一日游套餐,246.96,1,0,自然
10672,6243,2026-08-28 12:42:00,酒店预订,412.22,1,0,自然
10673,6243,2026-08-29 11:25:00,景点门票,140.96,1,0,自然
10674,6244,2026-07-04 16:31:00,景点门票,74.61,1,0,微信
10675,6244,2026-07-12 18:49:00,景点门票,87.08,1,0,微信
10676,6244,2026-07-28 22:57:00,酒店预订,287.58,0,0,微信
10677,6244,2026-08-27 20:12:00,酒店预订,316.24,1,0,微信
10678,6245,2026-06-23 08:19:00,景点门票,136.09,1,0,自然
10679,6246,2026-08-24 18:26:00,景点门票,158.43,1,0,自然
10680,6247,2026-07-25 15:54:00,酒店预订,307.16,1,0,地推
10681,6248,2026-07-27 20:07:00,景点门票,155.04,1,0,地推
10682,6249,2026-07-26 09:45:00,景点门票,168.79,0,0,小红书
10683,6251,2026-08-07 11:43:00,景点门票,132.15,1,0,微信
10684,6251,2026-08-09 21:42:00,景点门票,122.37,0,0,微信
10685,6251,2026-08-09 18:35:00,景点门票,156.83,1,0,微信
10686,6251,2026-08-11 18:27:00,一日游套餐,344.4,1,0,微信
10687,6251,2026-08-16 23:00:00,景点门票,93.82,1,0,微信
10688,6252,2026-07-06 07:26:00,景点门票,88.32,1,0,自然
10689,6252,2026-07-10 22:15:00,一日游套餐,417.37,0,0,自然
10690,6253,2026-08-13 18:33:00,景点门票,127.27,0,0,抖音
10691,6254,2026-07-08 14:10:00,景点门票,146.21,0,0,抖音
10692,6255,2026-07-16 16:06:00,景点门票,153.41,0,0,地推
10693,6255,2026-07-19 08:55:00,景点门票,115.47,0,0,地推
10694,6256,2026-08-07 18:48:00,酒店预订,432.02,1,0,地推
10695,6256,2026-08-23 07:33:00,酒店预订,414.48,0,0,地推
10696,6257,2026-08-04 17:56:00,景点门票,156.1,0,0,小红书
10697,6258,2026-06-26 08:36:00,酒店预订,190.84,1,0,自然
10698,6258,2026-06-28 10:02:00,酒店预订,531.8,0,0,自然
10699,6258,2026-07-18 20:55:00,酒店预订,494.43,1,0,自然
10700,6260,2026-08-02 22:34:00,一日游套餐,332.23,1,0,自然
10701,6260,2026-08-04 17:09:00,景点门票,139.17,1,1,自然
10702,6260,2026-08-10 21:18:00,酒店预订,559.29,1,1,自然
10703,6260,2026-08-12 17:31:00,酒店预订,470.71,0,0,自然
10704,6261,2026-07-16 19:47:00,景点门票,124.6,0,0,微信
10705,6261,2026-07-25 08:33:00,景点门票,165.52,1,0,微信
10706,6261,2026-07-31 17:50:00,景点门票,126.04,1,0,微信
10707,6262,2026-07-26 14:44:00,景点门票,46.86,1,0,自然
10708,6262,2026-08-02 12:05:00,一日游套餐,246.44,0,0,自然
10709,6262,2026-08-19 09:32:00,酒店预订,243.65,1,0,自然
10710,6262,2026-08-19 22:01:00,景点门票,89.48,0,0,自然
10711,6262,2026-08-21 16:01:00,景点门票,128.77,0,0,自然
10712,6264,2026-06-28 15:51:00,景点门票,63.06,1,0,小红书
10713,6264,2026-06-29 11:56:00,景点门票,157.07,1,0,小红书
10714,6264,2026-07-02 21:58:00,景点门票,170.75,1,0,小红书
10715,6264,2026-07-03 20:55:00,景点门票,129.91,1,0,小红书
10716,6266,2026-06-14 20:17:00,一日游套餐,297.78,1,0,微信
10717,6266,2026-06-18 12:12:00,酒店预订,599.41,1,0,微信
10718,6266,2026-06-27 22:09:00,酒店预订,310.4,1,1,微信
10719,6266,2026-08-08 13:34:00,景点门票,54.78,0,0,微信
10720,6267,2026-08-12 15:25:00,一日游套餐,219.87,0,0,自然
10721,6267,2026-08-13 20:55:00,一日游套餐,395.49,1,0,自然
10722,6267,2026-08-26 08:00:00,酒店预订,292.25,1,0,自然
10723,6268,2026-07-15 09:18:00,一日游套餐,375.89,1,0,微信
10724,6268,2026-07-15 15:12:00,一日游套餐,289.76,0,0,微信
10725,6268,2026-07-20 19:35:00,一日游套餐,255.97,1,0,微信
10726,6268,2026-07-25 20:37:00,酒店预订,475.55,0,0,微信
10727,6268,2026-08-01 12:03:00,一日游套餐,363.49,1,0,微信
10728,6269,2026-06-21 15:40:00,酒店预订,489.69,0,0,自然
10729,6270,2026-07-10 12:21:00,酒店预订,418.23,1,1,自然
10730,6270,2026-07-19 16:07:00,一日游套餐,255.1,1,0,自然
10731,6274,2026-08-01 20:47:00,酒店预订,202.11,0,0,自然
10732,6275,2026-07-17 15:38:00,景点门票,42.13,1,0,自然
10733,6276,2026-07-05 17:23:00,景点门票,165.62,0,0,小红书
10734,6277,2026-08-17 19:41:00,景点门票,98.11,1,0,自然
10735,6278,2026-08-19 09:23:00,景点门票,175.49,0,0,小红书
10736,6278,2026-08-31 09:55:00,景点门票,118.67,0,0,小红书
10737,6279,2026-08-01 19:09:00,酒店预订,359.26,0,0,小红书
10738,6279,2026-08-08 09:42:00,一日游套餐,364.66,0,0,小红书
10739,6281,2026-06-28 13:19:00,酒店预订,398.73,1,0,微信
10740,6281,2026-07-17 11:12:00,一日游套餐,288.79,1,0,微信
10741,6282,2026-06-22 16:33:00,景点门票,178.66,0,0,自然
10742,6282,2026-06-30 21:04:00,一日游套餐,440.9,0,0,自然
10743,6284,2026-08-02 19:47:00,一日游套餐,269.98,1,0,自然
10744,6284,2026-08-13 21:25:00,一日游套餐,215.4,0,0,自然
10745,6285,2026-07-21 13:32:00,景点门票,116.39,0,0,微信
10746,6285,2026-07-27 09:54:00,景点门票,98.02,1,0,微信
10747,6285,2026-07-27 22:44:00,一日游套餐,381.52,1,0,微信
10748,6285,2026-08-13 15:43:00,酒店预订,346.19,1,0,微信
10749,6285,2026-08-20 16:56:00,景点门票,49.86,1,0,微信
10750,6285,2026-08-30 19:22:00,景点门票,162.83,1,0,微信
10751,6286,2026-07-10 19:55:00,景点门票,109.73,0,0,抖音
10752,6286,2026-07-12 07:28:00,酒店预订,324.63,1,0,抖音
10753,6287,2026-07-30 09:36:00,酒店预订,339.14,1,0,抖音
10754,6287,2026-08-01 19:18:00,酒店预订,273.66,1,1,抖音
10755,6290,2026-08-19 14:48:00,一日游套餐,227.39,0,0,微信
10756,6291,2026-08-09 19:18:00,景点门票,105.28,0,0,小红书
10757,6291,2026-08-13 13:44:00,一日游套餐,220.99,1,0,小红书
10758,6292,2026-06-06 07:47:00,景点门票,85.28,0,0,地推
10759,6292,2026-06-13 07:36:00,一日游套餐,293.05,1,0,地推
10760,6292,2026-06-15 10:35:00,景点门票,155.96,0,0,地推
10761,6292,2026-07-10 18:51:00,景点门票,159.87,1,0,地推
10762,6295,2026-07-01 13:17:00,酒店预订,347.43,0,0,自然
10763,6295,2026-07-07 10:13:00,酒店预订,272.5,1,0,自然
10764,6296,2026-06-25 10:22:00,一日游套餐,427.83,0,0,微信
10765,6296,2026-06-27 15:56:00,景点门票,151.46,1,0,微信
10766,6296,2026-06-29 12:19:00,景点门票,148.43,1,0,微信
10767,6296,2026-07-06 15:17:00,景点门票,125.17,1,0,微信
10768,6296,2026-07-29 22:52:00,一日游套餐,201.25,1,0,微信
10769,6297,2026-07-05 16:19:00,酒店预订,497.81,1,0,微信
10770,6298,2026-07-26 17:03:00,酒店预订,588.05,0,0,小红书
10771,6298,2026-08-11 16:10:00,景点门票,179.81,1,0,小红书
10772,6298,2026-08-13 18:25:00,酒店预订,482.41,0,0,小红书
10773,6298,2026-08-15 17:55:00,酒店预订,536.63,0,0,小红书
10774,6300,2026-07-25 14:16:00,景点门票,110.38,1,0,地推
10775,6300,2026-08-31 11:19:00,景点门票,111.66,0,0,地推
10776,6300,2026-08-31 22:25:00,景点门票,46.09,1,0,地推
10777,6301,2026-07-12 11:56:00,酒店预订,266.21,1,0,自然
10778,6301,2026-07-23 15:32:00,一日游套餐,372.53,1,0,自然
10779,6303,2026-08-23 16:17:00,酒店预订,435.84,1,0,抖音
10780,6304,2026-08-20 14:56:00,一日游套餐,255.68,0,0,自然
10781,6305,2026-08-02 20:23:00,景点门票,101.08,1,0,小红书
10782,6305,2026-08-04 11:45:00,景点门票,121.89,1,0,小红书
10783,6305,2026-08-10 14:42:00,景点门票,69.62,1,0,小红书
10784,6305,2026-08-14 09:30:00,酒店预订,371.37,1,0,小红书
10785,6305,2026-08-18 23:02:00,景点门票,70.38,1,0,小红书
10786,6307,2026-08-05 21:44:00,酒店预订,330.42,0,0,小红书
10787,6308,2026-08-02 13:58:00,景点门票,102.75,1,0,微信
10788,6310,2026-06-16 20:05:00,景点门票,155.52,1,0,小红书
10789,6310,2026-06-16 07:28:00,酒店预订,259.19,1,0,小红书
10790,6310,2026-08-04 15:40:00,酒店预订,268.59,1,0,小红书
10791,6311,2026-08-13 15:54:00,一日游套餐,250.93,1,1,自然
10792,6312,2026-07-26 09:10:00,酒店预订,517.31,1,0,微信
10793,6312,2026-07-26 14:29:00,一日游套餐,284.0,1,1,微信
10794,6312,2026-07-29 18:10:00,景点门票,52.36,1,0,微信
10795,6312,2026-08-05 22:46:00,一日游套餐,411.08,0,0,微信
10796,6312,2026-08-06 20:15:00,景点门票,52.81,1,0,微信
10797,6312,2026-08-06 12:48:00,酒店预订,521.39,1,0,微信
10798,6312,2026-08-09 09:00:00,景点门票,53.17,1,0,微信
10799,6312,2026-08-14 20:25:00,酒店预订,528.07,1,0,微信
10800,6314,2026-07-22 22:10:00,一日游套餐,412.17,1,1,自然
10801,6315,2026-06-28 20:49:00,景点门票,116.09,1,0,小红书
10802,6315,2026-07-27 19:31:00,景点门票,146.99,1,0,小红书
10803,6317,2026-07-30 21:36:00,一日游套餐,319.56,1,0,抖音
10804,6317,2026-08-01 08:23:00,景点门票,89.4,0,0,抖音
10805,6318,2026-07-14 16:55:00,酒店预订,557.47,1,0,小红书
10806,6318,2026-08-12 13:14:00,一日游套餐,323.63,1,0,小红书
10807,6319,2026-07-28 13:26:00,酒店预订,272.31,1,0,抖音
10808,6320,2026-07-09 11:24:00,一日游套餐,411.28,0,0,小红书
10809,6321,2026-07-15 11:04:00,景点门票,115.15,1,0,自然
10810,6321,2026-08-01 10:07:00,酒店预订,246.02,0,0,自然
10811,6323,2026-07-25 22:03:00,酒店预订,433.28,0,0,微信
10812,6323,2026-07-29 13:27:00,一日游套餐,288.84,1,0,微信
10813,6323,2026-08-07 10:11:00,一日游套餐,230.72,1,0,微信
10814,6323,2026-08-07 11:39:00,酒店预订,439.02,1,0,微信
10815,6323,2026-08-09 18:00:00,景点门票,153.16,0,0,微信
10816,6324,2026-07-22 11:49:00,景点门票,86.65,1,0,自然
10817,6324,2026-07-22 08:15:00,一日游套餐,331.93,1,0,自然
10818,6324,2026-07-24 21:44:00,酒店预订,529.86,1,0,自然
10819,6324,2026-07-26 08:51:00,酒店预订,332.05,0,0,自然
10820,6324,2026-08-02 12:53:00,景点门票,167.58,0,0,自然
10821,6324,2026-08-05 10:14:00,酒店预订,305.24,1,0,自然
10822,6324,2026-08-25 20:55:00,酒店预订,235.57,1,0,自然
10823,6325,2026-06-25 09:55:00,酒店预订,343.14,1,0,小红书
10824,6326,2026-07-31 17:22:00,酒店预订,486.98,1,1,自然
10825,6330,2026-07-10 15:07:00,酒店预订,526.13,0,0,自然
10826,6330,2026-07-19 21:08:00,景点门票,41.44,1,0,自然
10827,6330,2026-08-14 18:50:00,酒店预订,332.31,1,0,自然
10828,6330,2026-08-14 07:42:00,景点门票,112.73,1,0,自然
10829,6330,2026-08-16 16:18:00,一日游套餐,210.43,1,0,自然
10830,6331,2026-07-18 17:52:00,一日游套餐,266.26,1,0,抖音
10831,6332,2026-08-19 19:36:00,景点门票,111.03,1,0,地推
10832,6335,2026-07-13 11:01:00,景点门票,45.82,1,0,小红书
10833,6336,2026-07-25 21:50:00,酒店预订,326.96,1,1,抖音
10834,6338,2026-08-05 08:21:00,一日游套餐,424.76,1,0,抖音
10835,6339,2026-08-04 15:13:00,酒店预订,540.59,1,0,自然
10836,6339,2026-08-04 19:03:00,景点门票,77.81,1,0,自然
10837,6339,2026-08-15 11:46:00,酒店预订,291.71,1,0,自然
10838,6340,2026-08-27 16:14:00,景点门票,161.34,1,0,小红书
10839,6341,2026-08-11 22:23:00,景点门票,173.95,1,1,微信
10840,6341,2026-08-20 12:37:00,景点门票,143.61,1,0,微信
10841,6342,2026-08-26 21:24:00,一日游套餐,389.34,0,0,地推
10842,6343,2026-07-28 10:03:00,酒店预订,539.25,1,0,微信
10843,6343,2026-08-02 10:13:00,酒店预订,387.44,1,0,微信
10844,6345,2026-08-02 14:19:00,景点门票,124.54,1,0,自然
10845,6345,2026-08-20 07:47:00,酒店预订,360.13,0,0,自然
10846,6345,2026-08-23 09:44:00,一日游套餐,261.1,1,0,自然
10847,6346,2026-07-19 17:39:00,酒店预订,351.45,0,0,小红书
10848,6347,2026-06-16 18:04:00,景点门票,140.28,0,0,地推
10849,6351,2026-07-18 12:05:00,景点门票,129.75,1,0,微信
10850,6351,2026-07-28 09:38:00,景点门票,125.43,1,0,微信
10851,6351,2026-08-14 16:53:00,景点门票,100.25,0,0,微信
10852,6351,2026-08-19 12:26:00,酒店预订,580.19,0,0,微信
10853,6351,2026-08-30 14:05:00,景点门票,70.75,0,0,微信
10854,6353,2026-07-18 16:18:00,景点门票,71.24,0,0,微信
10855,6353,2026-07-25 11:38:00,景点门票,149.15,0,0,微信
10856,6353,2026-08-08 14:49:00,一日游套餐,335.24,1,0,微信
10857,6353,2026-08-23 18:19:00,景点门票,162.0,1,0,微信
10858,6355,2026-06-14 14:49:00,酒店预订,335.44,0,0,自然
10859,6355,2026-06-14 19:19:00,景点门票,127.17,1,0,自然
10860,6355,2026-06-20 18:04:00,酒店预订,505.06,1,0,自然
10861,6356,2026-08-16 07:54:00,一日游套餐,438.78,0,0,抖音
10862,6357,2026-07-15 22:51:00,一日游套餐,311.48,0,0,抖音
10863,6358,2026-08-02 20:31:00,景点门票,150.36,0,0,地推
10864,6358,2026-08-06 16:00:00,景点门票,94.44,1,0,地推
10865,6358,2026-08-19 17:39:00,景点门票,122.8,1,1,地推
10866,6360,2026-07-08 18:21:00,酒店预订,216.17,1,0,抖音
10867,6360,2026-08-18 08:13:00,景点门票,160.88,1,0,抖音
10868,6364,2026-06-22 10:19:00,一日游套餐,426.39,1,0,自然
10869,6364,2026-06-26 11:13:00,景点门票,52.43,0,0,自然
10870,6364,2026-07-06 08:59:00,酒店预订,584.84,0,0,自然
10871,6364,2026-07-19 21:01:00,一日游套餐,420.39,0,0,自然
10872,6364,2026-07-26 15:34:00,酒店预订,577.85,0,0,自然
10873,6364,2026-08-20 14:56:00,景点门票,107.33,0,0,自然
10874,6365,2026-07-19 21:12:00,景点门票,168.5,1,0,微信
10875,6365,2026-07-19 08:26:00,酒店预订,446.44,1,0,微信
10876,6365,2026-07-24 14:54:00,景点门票,41.54,1,0,微信
10877,6365,2026-08-07 19:42:00,酒店预订,587.32,1,0,微信
10878,6366,2026-06-12 21:23:00,酒店预订,516.35,1,0,抖音
10879,6366,2026-06-26 09:59:00,酒店预订,180.04,0,0,抖音
10880,6367,2026-08-19 11:55:00,一日游套餐,386.73,0,0,抖音
10881,6368,2026-07-26 11:16:00,酒店预订,186.14,0,0,自然
10882,6369,2026-08-02 07:21:00,景点门票,51.54,1,0,抖音
10883,6370,2026-07-05 18:22:00,一日游套餐,368.59,0,0,小红书
10884,6370,2026-07-27 10:49:00,景点门票,174.83,1,0,小红书
10885,6370,2026-07-27 20:32:00,景点门票,44.44,1,0,小红书
10886,6370,2026-07-31 07:41:00,酒店预订,258.03,1,0,小红书
10887,6370,2026-08-24 16:33:00,景点门票,164.17,0,0,小红书
10888,6371,2026-07-05 20:15:00,酒店预订,215.47,0,0,微信
10889,6372,2026-08-25 14:17:00,景点门票,74.84,1,0,自然
10890,6374,2026-08-16 09:17:00,景点门票,97.97,1,0,小红书
10891,6375,2026-07-08 14:33:00,酒店预订,470.89,0,0,自然
10892,6376,2026-06-15 19:06:00,一日游套餐,275.52,0,0,自然
10893,6376,2026-06-29 21:27:00,景点门票,110.51,1,0,自然
10894,6377,2026-06-02 13:52:00,景点门票,62.24,0,0,自然
10895,6377,2026-06-09 12:48:00,景点门票,66.34,0,0,自然
10896,6378,2026-07-20 23:09:00,景点门票,90.6,1,0,微信
10897,6378,2026-07-26 22:32:00,一日游套餐,312.21,1,0,微信
10898,6378,2026-08-22 07:14:00,一日游套餐,239.77,1,0,微信
10899,6379,2026-07-25 20:30:00,酒店预订,525.6,1,0,自然
10900,6379,2026-08-18 14:35:00,景点门票,44.38,0,0,自然
10901,6382,2026-07-17 17:22:00,景点门票,170.45,0,0,微信
10902,6382,2026-07-18 11:25:00,酒店预订,382.69,1,0,微信
10903,6382,2026-07-25 15:05:00,酒店预订,454.11,1,0,微信
10904,6382,2026-08-02 12:51:00,酒店预订,191.04,1,0,微信
10905,6382,2026-08-12 20:07:00,酒店预订,344.04,0,0,微信
10906,6383,2026-08-14 15:56:00,景点门票,128.91,1,1,小红书
10907,6383,2026-08-22 10:13:00,景点门票,71.07,0,0,小红书
10908,6384,2026-07-04 21:25:00,景点门票,133.52,0,0,小红书
10909,6385,2026-08-19 22:29:00,一日游套餐,324.07,1,0,自然
10910,6386,2026-07-16 17:38:00,景点门票,86.06,1,0,微信
10911,6386,2026-07-18 12:38:00,景点门票,128.39,1,0,微信
10912,6388,2026-07-19 08:48:00,景点门票,68.4,1,0,自然
10913,6388,2026-07-25 21:23:00,景点门票,164.7,1,0,自然
10914,6388,2026-08-07 22:27:00,酒店预订,397.84,0,0,自然
10915,6388,2026-08-14 15:26:00,酒店预订,351.02,1,0,自然
10916,6389,2026-07-14 22:20:00,酒店预订,373.82,1,0,地推
10917,6389,2026-07-17 13:02:00,酒店预订,585.26,1,0,地推
10918,6389,2026-07-25 22:02:00,景点门票,79.17,1,0,地推
10919,6389,2026-07-29 18:49:00,景点门票,63.82,0,0,地推
10920,6390,2026-07-10 08:02:00,景点门票,76.47,0,0,自然
10921,6390,2026-07-13 12:25:00,一日游套餐,354.13,0,0,自然
10922,6390,2026-07-21 10:25:00,景点门票,145.54,1,0,自然
10923,6392,2026-07-08 22:31:00,景点门票,98.71,1,0,小红书
10924,6392,2026-07-08 10:25:00,酒店预订,423.89,1,0,小红书
10925,6393,2026-06-21 08:21:00,景点门票,163.78,1,1,抖音
10926,6395,2026-07-04 20:29:00,酒店预订,252.12,0,0,小红书
10927,6396,2026-08-07 09:18:00,景点门票,163.15,1,0,小红书
10928,6397,2026-08-28 16:49:00,景点门票,165.16,1,0,微信
10929,6397,2026-08-29 13:34:00,酒店预订,292.77,1,0,微信
10930,6397,2026-08-29 21:43:00,一日游套餐,300.17,1,0,微信
10931,6398,2026-07-30 18:32:00,景点门票,128.18,1,0,自然
10932,6400,2026-07-10 07:41:00,景点门票,82.98,1,0,微信
10933,6400,2026-07-19 12:33:00,一日游套餐,347.3,1,0,微信
10934,6400,2026-07-23 22:45:00,一日游套餐,443.13,1,1,微信
10935,6400,2026-08-03 20:19:00,酒店预订,500.68,0,0,微信
10936,6401,2026-06-08 14:55:00,景点门票,83.98,1,0,自然
10937,6401,2026-06-24 07:38:00,景点门票,160.12,0,0,自然
10938,6403,2026-08-05 13:16:00,景点门票,104.87,1,0,自然
10939,6403,2026-08-14 20:43:00,景点门票,171.71,1,0,自然
10940,6403,2026-08-25 18:32:00,景点门票,115.33,1,0,自然
10941,6404,2026-07-08 21:10:00,景点门票,104.23,1,1,抖音
10942,6405,2026-06-27 18:22:00,酒店预订,422.14,0,0,自然
10943,6405,2026-07-06 20:06:00,一日游套餐,282.33,0,0,自然
10944,6406,2026-07-08 16:35:00,景点门票,120.98,1,0,小红书
10945,6406,2026-07-19 08:18:00,酒店预订,275.15,1,0,小红书
10946,6406,2026-08-06 13:25:00,景点门票,153.29,1,1,小红书
10947,6407,2026-07-25 10:15:00,景点门票,108.99,1,0,地推
10948,6407,2026-08-23 19:30:00,景点门票,132.48,1,0,地推
10949,6408,2026-07-12 07:51:00,景点门票,108.5,0,0,自然
10950,6408,2026-07-12 18:13:00,酒店预订,299.33,1,0,自然
10951,6408,2026-07-23 09:07:00,景点门票,108.2,0,0,自然
10952,6410,2026-06-21 16:18:00,一日游套餐,365.59,0,0,自然
10953,6410,2026-07-04 12:09:00,酒店预订,564.01,1,0,自然
10954,6411,2026-06-16 11:52:00,景点门票,127.79,1,0,自然
10955,6411,2026-06-17 09:39:00,一日游套餐,389.46,0,0,自然
10956,6411,2026-08-08 15:55:00,景点门票,80.35,1,0,自然
10957,6411,2026-08-08 16:45:00,酒店预订,500.91,1,1,自然
10958,6415,2026-07-22 21:16:00,景点门票,161.54,1,0,抖音
10959,6416,2026-08-26 12:08:00,酒店预订,195.06,1,0,自然
10960,6417,2026-08-23 07:25:00,景点门票,115.71,1,1,抖音
10961,6418,2026-07-23 18:15:00,酒店预订,590.49,1,0,自然
10962,6418,2026-08-16 11:14:00,酒店预订,340.87,1,0,自然
10963,6419,2026-06-22 18:28:00,酒店预订,439.97,1,0,微信
10964,6419,2026-07-01 11:26:00,景点门票,86.88,1,0,微信
10965,6419,2026-07-17 16:41:00,景点门票,125.64,1,1,微信
10966,6419,2026-07-26 11:40:00,酒店预订,490.77,1,0,微信
10967,6420,2026-07-17 16:53:00,景点门票,110.34,1,0,小红书
10968,6420,2026-07-26 12:09:00,景点门票,87.78,1,0,小红书
10969,6420,2026-08-23 09:51:00,一日游套餐,272.95,0,0,小红书
10970,6421,2026-06-23 16:04:00,酒店预订,431.84,1,0,抖音
10971,6421,2026-07-15 15:09:00,景点门票,53.65,0,0,抖音
10972,6423,2026-08-16 20:41:00,景点门票,155.97,1,0,小红书
10973,6423,2026-08-18 14:37:00,酒店预订,525.87,1,0,小红书
10974,6423,2026-08-30 22:49:00,景点门票,152.92,0,0,小红书
10975,6424,2026-06-25 20:48:00,景点门票,99.41,0,0,微信
10976,6424,2026-06-27 16:37:00,一日游套餐,407.28,0,0,微信
10977,6424,2026-06-30 19:56:00,一日游套餐,270.15,1,0,微信
10978,6424,2026-07-04 20:52:00,景点门票,113.56,1,0,微信
10979,6424,2026-07-13 19:24:00,景点门票,101.06,1,0,微信
10980,6424,2026-08-03 22:34:00,景点门票,126.52,0,0,微信
10981,6425,2026-08-05 14:24:00,景点门票,98.75,0,0,自然
10982,6426,2026-07-21 18:59:00,酒店预订,556.41,1,0,自然
10983,6426,2026-08-11 08:26:00,景点门票,173.59,1,0,自然
10984,6427,2026-06-25 09:30:00,酒店预订,323.44,1,0,自然
10985,6427,2026-08-09 18:17:00,酒店预订,375.96,1,1,自然
10986,6427,2026-08-15 13:25:00,酒店预订,577.47,1,0,自然
10987,6430,2026-07-11 13:58:00,酒店预订,182.03,1,0,自然
10988,6430,2026-07-19 10:17:00,酒店预订,478.52,0,0,自然
10989,6432,2026-08-01 19:20:00,景点门票,59.24,0,0,抖音
10990,6433,2026-06-19 22:50:00,一日游套餐,333.69,1,0,自然
10991,6433,2026-07-28 17:06:00,景点门票,138.02,1,0,自然
10992,6434,2026-08-03 17:16:00,景点门票,102.38,1,0,地推
10993,6435,2026-07-21 09:44:00,一日游套餐,289.15,1,0,小红书
10994,6436,2026-07-24 09:23:00,酒店预订,204.11,0,0,抖音
10995,6439,2026-06-25 18:14:00,一日游套餐,268.18,1,0,微信
10996,6439,2026-07-19 21:59:00,一日游套餐,284.13,1,0,微信
10997,6439,2026-07-25 18:25:00,酒店预订,203.38,1,0,微信
10998,6439,2026-08-20 22:59:00,一日游套餐,210.27,1,0,微信
10999,6440,2026-06-17 15:54:00,酒店预订,314.61,1,1,抖音
11000,6442,2026-08-05 13:05:00,景点门票,63.65,0,0,地推
11001,6443,2026-08-03 11:57:00,景点门票,92.01,1,0,微信
11002,6443,2026-08-24 19:59:00,景点门票,130.06,1,0,微信
11003,6443,2026-08-24 20:25:00,酒店预订,349.94,1,0,微信
11004,6443,2026-08-30 16:59:00,景点门票,171.84,1,0,微信
11005,6444,2026-08-17 14:22:00,酒店预订,328.42,1,0,微信
11006,6444,2026-08-17 11:38:00,景点门票,51.32,1,0,微信
11007,6444,2026-08-22 08:43:00,一日游套餐,293.09,0,0,微信
11008,6444,2026-08-31 15:30:00,一日游套餐,282.59,1,0,微信
11009,6445,2026-06-22 17:41:00,酒店预订,470.23,1,0,自然
11010,6445,2026-07-06 22:25:00,一日游套餐,242.04,0,0,自然
11011,6445,2026-07-29 16:00:00,一日游套餐,436.03,1,1,自然
11012,6446,2026-06-16 16:07:00,景点门票,109.54,0,0,自然
11013,6447,2026-07-16 11:36:00,酒店预订,535.23,1,0,小红书
11014,6447,2026-07-16 20:44:00,景点门票,91.17,0,0,小红书
11015,6447,2026-08-15 11:00:00,景点门票,144.84,0,0,小红书
11016,6448,2026-06-16 09:59:00,酒店预订,387.07,1,0,抖音
11017,6449,2026-08-15 17:18:00,一日游套餐,277.54,1,0,小红书
11018,6449,2026-08-17 14:07:00,景点门票,95.03,1,0,小红书
11019,6449,2026-08-24 14:15:00,景点门票,57.05,0,0,小红书
11020,6450,2026-08-06 12:57:00,酒店预订,308.89,0,0,微信
11021,6450,2026-08-08 21:15:00,酒店预订,329.87,1,0,微信
11022,6450,2026-08-18 20:20:00,酒店预订,541.64,1,0,微信
11023,6451,2026-07-04 10:07:00,景点门票,88.81,1,0,自然
11024,6452,2026-07-01 17:03:00,景点门票,69.95,0,0,自然
11025,6452,2026-07-07 13:04:00,景点门票,103.07,0,0,自然
11026,6452,2026-07-11 09:09:00,景点门票,63.41,1,0,自然
11027,6454,2026-08-25 15:00:00,酒店预订,409.05,0,0,自然
11028,6456,2026-07-31 13:04:00,酒店预订,386.85,1,0,小红书
11029,6457,2026-08-18 12:57:00,一日游套餐,372.14,1,0,抖音
11030,6458,2026-08-19 14:07:00,酒店预订,453.89,1,0,小红书
11031,6459,2026-07-04 10:13:00,一日游套餐,244.83,1,0,抖音
11032,6460,2026-07-12 19:48:00,一日游套餐,286.98,0,0,小红书
11033,6460,2026-07-12 18:35:00,酒店预订,344.97,1,0,小红书
11034,6460,2026-07-23 21:36:00,景点门票,69.73,0,0,小红书
11035,6460,2026-07-30 08:48:00,景点门票,102.69,0,0,小红书
11036,6461,2026-08-11 09:37:00,景点门票,172.77,1,0,自然
11037,6462,2026-08-20 21:41:00,景点门票,106.28,1,0,小红书
11038,6462,2026-08-31 22:59:00,景点门票,176.99,1,0,小红书
11039,6463,2026-07-14 20:52:00,一日游套餐,211.18,1,0,小红书
11040,6463,2026-07-15 20:02:00,景点门票,50.76,1,0,小红书
11041,6463,2026-07-16 10:42:00,酒店预订,397.51,0,0,小红书
11042,6463,2026-07-22 09:29:00,酒店预订,237.18,0,0,小红书
11043,6463,2026-08-31 16:18:00,景点门票,79.54,1,0,小红书
11044,6464,2026-06-12 15:28:00,景点门票,157.05,1,0,自然
11045,6464,2026-06-22 07:32:00,景点门票,71.55,0,0,自然
11046,6464,2026-06-26 07:33:00,景点门票,162.0,1,0,自然
11047,6464,2026-07-25 13:25:00,景点门票,102.4,1,0,自然
11048,6466,2026-07-04 08:56:00,一日游套餐,417.1,1,0,微信
11049,6466,2026-08-12 19:16:00,酒店预订,290.03,1,0,微信
11050,6466,2026-08-26 08:03:00,一日游套餐,249.04,1,0,微信
11051,6467,2026-06-19 11:43:00,酒店预订,420.95,1,1,自然
11052,6467,2026-06-23 10:19:00,景点门票,138.0,0,0,自然
11053,6467,2026-07-08 16:44:00,酒店预订,576.94,1,0,自然
11054,6467,2026-07-21 17:45:00,酒店预订,454.07,0,0,自然
11055,6468,2026-08-05 21:48:00,景点门票,173.59,1,0,小红书
11056,6469,2026-07-10 11:05:00,景点门票,117.56,1,1,地推
11057,6470,2026-06-17 20:50:00,一日游套餐,448.91,1,0,微信
11058,6471,2026-07-23 20:48:00,景点门票,173.37,0,0,抖音
11059,6472,2026-07-27 20:25:00,酒店预订,478.52,0,0,小红书
11060,6472,2026-08-01 20:12:00,景点门票,164.97,1,1,小红书
11061,6472,2026-08-10 12:53:00,酒店预订,443.0,1,0,小红书
11062,6472,2026-08-11 21:46:00,景点门票,99.62,0,0,小红书
11063,6475,2026-06-20 10:56:00,景点门票,95.2,1,0,自然
11064,6475,2026-08-10 21:05:00,一日游套餐,219.49,1,0,自然
11065,6476,2026-08-23 09:24:00,酒店预订,560.44,1,0,自然
11066,6477,2026-06-24 21:40:00,景点门票,106.31,1,0,微信
11067,6477,2026-07-02 07:24:00,景点门票,45.5,1,1,微信
11068,6477,2026-07-12 22:03:00,景点门票,169.09,0,0,微信
11069,6477,2026-07-17 08:22:00,景点门票,170.93,1,0,微信
11070,6477,2026-07-20 11:54:00,一日游套餐,350.99,0,0,微信
11071,6478,2026-06-19 09:25:00,一日游套餐,267.79,0,0,抖音
11072,6478,2026-06-21 20:51:00,一日游套餐,447.94,1,0,抖音
11073,6479,2026-08-11 08:58:00,酒店预订,558.34,1,0,自然
11074,6481,2026-07-02 16:14:00,一日游套餐,267.08,1,0,小红书
11075,6481,2026-07-29 20:26:00,一日游套餐,371.2,1,0,小红书
11076,6481,2026-08-23 21:03:00,一日游套餐,373.51,0,0,小红书
11077,6482,2026-08-16 07:43:00,酒店预订,571.61,0,0,抖音
11078,6482,2026-08-21 12:09:00,景点门票,84.57,0,0,抖音
11079,6483,2026-07-12 07:44:00,景点门票,61.77,0,0,微信
11080,6483,2026-07-13 11:35:00,景点门票,150.36,1,1,微信
11081,6483,2026-07-15 12:05:00,酒店预订,430.97,1,0,微信
11082,6483,2026-08-09 20:46:00,酒店预订,427.15,1,0,微信
11083,6484,2026-06-27 09:07:00,景点门票,47.13,1,1,小红书
11084,6484,2026-07-09 19:33:00,景点门票,142.04,1,0,小红书
11085,6485,2026-07-07 10:31:00,景点门票,138.71,1,0,地推
11086,6486,2026-07-24 22:44:00,酒店预订,318.16,0,0,微信
11087,6487,2026-08-13 15:13:00,景点门票,62.17,1,0,自然
11088,6488,2026-08-03 21:39:00,景点门票,96.51,0,0,小红书
11089,6488,2026-08-06 15:52:00,酒店预订,594.82,0,0,小红书
11090,6489,2026-07-20 14:25:00,景点门票,71.08,1,0,自然
11091,6489,2026-07-26 08:30:00,景点门票,98.11,1,0,自然
11092,6489,2026-07-31 15:02:00,酒店预订,231.17,1,0,自然
11093,6490,2026-07-10 14:46:00,景点门票,171.88,1,0,地推
11094,6490,2026-08-31 19:44:00,酒店预订,212.06,1,0,地推
11095,6491,2026-07-26 12:57:00,一日游套餐,273.61,1,1,自然
11096,6491,2026-08-30 15:51:00,酒店预订,233.65,0,0,自然
11097,6493,2026-07-13 22:35:00,酒店预订,580.53,1,0,微信
11098,6493,2026-07-18 23:07:00,景点门票,166.4,0,0,微信
11099,6493,2026-07-25 17:24:00,景点门票,115.9,1,0,微信
11100,6493,2026-08-11 18:49:00,景点门票,58.43,1,0,微信
11101,6495,2026-06-21 08:41:00,景点门票,104.0,0,0,微信
11102,6495,2026-06-25 15:45:00,景点门票,55.59,1,0,微信
11103,6495,2026-06-28 17:16:00,酒店预订,417.43,1,0,微信
11104,6495,2026-07-03 13:17:00,一日游套餐,358.98,1,0,微信
11105,6495,2026-07-08 22:44:00,酒店预订,473.78,1,0,微信
11106,6495,2026-07-08 10:32:00,酒店预订,324.41,1,0,微信
11107,6497,2026-07-27 14:33:00,一日游套餐,248.43,0,0,抖音
11108,6500,2026-08-21 11:56:00,酒店预订,425.98,1,0,小红书
11109,6500,2026-08-24 21:52:00,酒店预订,437.39,1,0,小红书
11110,6501,2026-08-17 18:57:00,景点门票,129.27,1,0,地推
11111,6502,2026-07-24 10:38:00,景点门票,95.8,0,0,抖音
11112,6502,2026-07-31 21:26:00,酒店预订,275.73,1,0,抖音
11113,6503,2026-07-18 21:45:00,一日游套餐,210.13,1,0,抖音
11114,6503,2026-07-25 19:42:00,一日游套餐,375.48,0,0,抖音
11115,6504,2026-07-21 19:48:00,景点门票,157.48,1,0,微信
11116,6504,2026-07-21 14:13:00,酒店预订,356.85,1,0,微信
11117,6504,2026-07-24 07:35:00,酒店预订,476.97,1,0,微信
11118,6504,2026-07-26 17:54:00,酒店预订,321.84,1,0,微信
11119,6504,2026-08-09 20:15:00,景点门票,73.0,1,0,微信
11120,6504,2026-08-11 22:08:00,景点门票,146.99,1,0,微信
11121,6505,2026-06-14 12:51:00,酒店预订,298.83,0,0,微信
11122,6505,2026-06-16 17:27:00,景点门票,51.98,1,0,微信
11123,6505,2026-06-19 22:13:00,酒店预订,388.39,1,0,微信
11124,6505,2026-06-19 13:10:00,一日游套餐,320.24,0,0,微信
11125,6505,2026-06-21 14:17:00,酒店预订,462.35,1,0,微信
11126,6506,2026-06-29 09:00:00,景点门票,178.98,1,0,自然
11127,6506,2026-07-25 15:12:00,酒店预订,348.05,1,0,自然
11128,6506,2026-08-18 14:49:00,景点门票,70.97,0,0,自然
11129,6507,2026-07-29 13:11:00,一日游套餐,390.55,0,0,地推
11130,6508,2026-06-26 17:51:00,酒店预订,190.41,1,0,自然
11131,6508,2026-07-30 20:38:00,景点门票,80.38,0,0,自然
11132,6509,2026-08-02 15:05:00,一日游套餐,217.06,1,0,小红书
11133,6509,2026-08-08 11:07:00,景点门票,142.16,1,0,小红书
11134,6509,2026-08-14 13:42:00,景点门票,88.84,0,0,小红书
11135,6510,2026-07-17 07:33:00,一日游套餐,301.5,0,0,抖音
11136,6511,2026-07-06 08:16:00,景点门票,112.02,0,0,微信
11137,6512,2026-08-04 12:23:00,景点门票,148.39,1,0,自然
11138,6512,2026-08-11 22:59:00,景点门票,49.37,1,0,自然
11139,6513,2026-07-02 15:19:00,景点门票,96.3,1,0,自然
11140,6513,2026-08-16 15:05:00,景点门票,154.44,1,0,自然
11141,6516,2026-07-23 10:16:00,酒店预订,310.11,0,0,抖音
11142,6517,2026-07-23 22:23:00,酒店预订,226.37,1,0,小红书
11143,6518,2026-08-20 19:00:00,酒店预订,270.63,1,0,小红书
11144,6520,2026-07-27 08:12:00,酒店预订,420.83,1,0,抖音
11145,6522,2026-08-06 13:46:00,酒店预订,363.13,1,0,抖音
11146,6523,2026-07-07 17:44:00,酒店预订,428.4,0,0,自然
11147,6526,2026-08-16 16:11:00,酒店预订,545.36,1,0,地推
11148,6527,2026-08-20 14:38:00,酒店预订,500.78,1,0,抖音
11149,6528,2026-07-04 08:15:00,酒店预订,227.99,1,0,自然
11150,6528,2026-07-08 20:28:00,景点门票,78.94,1,0,自然
11151,6531,2026-07-05 22:03:00,一日游套餐,264.56,1,0,自然
11152,6531,2026-08-08 14:45:00,景点门票,88.07,1,0,自然
11153,6532,2026-07-08 17:44:00,景点门票,130.38,1,0,地推
11154,6533,2026-06-30 09:15:00,一日游套餐,261.23,0,0,小红书
11155,6533,2026-08-29 21:23:00,酒店预订,190.92,1,0,小红书
11156,6534,2026-06-17 11:35:00,酒店预订,222.38,1,0,自然
11157,6534,2026-07-31 21:43:00,一日游套餐,370.84,0,0,自然
11158,6535,2026-08-19 19:36:00,酒店预订,271.93,0,0,抖音
11159,6536,2026-06-13 15:23:00,一日游套餐,344.58,0,0,自然
11160,6536,2026-07-08 18:45:00,酒店预订,325.98,1,0,自然
11161,6536,2026-08-02 21:48:00,酒店预订,501.24,1,0,自然
11162,6537,2026-07-18 21:27:00,景点门票,65.88,1,1,自然
11163,6537,2026-07-23 12:04:00,景点门票,152.54,1,0,自然
11164,6538,2026-06-29 15:26:00,一日游套餐,302.96,1,0,小红书
11165,6538,2026-07-25 16:42:00,一日游套餐,341.56,1,1,小红书
11166,6540,2026-07-21 08:48:00,酒店预订,440.79,1,0,小红书
11167,6540,2026-08-29 15:07:00,酒店预订,408.66,1,0,小红书
11168,6541,2026-07-31 20:38:00,酒店预订,234.26,0,0,微信
11169,6541,2026-08-08 20:53:00,一日游套餐,408.37,1,0,微信
11170,6541,2026-08-24 10:19:00,酒店预订,488.23,1,0,微信
11171,6542,2026-07-28 07:11:00,景点门票,64.72,0,0,自然
11172,6542,2026-08-01 15:06:00,景点门票,69.3,1,0,自然
11173,6545,2026-08-16 13:07:00,酒店预订,469.52,0,0,自然
11174,6545,2026-08-25 17:15:00,一日游套餐,294.4,1,0,自然
11175,6546,2026-08-31 18:59:00,景点门票,168.67,1,0,微信
11176,6548,2026-08-29 10:26:00,酒店预订,511.77,0,0,抖音
11177,6549,2026-08-09 20:01:00,景点门票,163.1,1,0,小红书
11178,6550,2026-07-07 09:34:00,一日游套餐,449.44,1,0,自然
11179,6550,2026-07-12 16:01:00,酒店预订,498.5,1,0,自然
11180,6550,2026-07-18 11:21:00,景点门票,59.5,0,0,自然
11181,6550,2026-08-07 22:05:00,景点门票,95.97,1,0,自然
11182,6550,2026-08-08 17:53:00,景点门票,124.32,0,0,自然
11183,6551,2026-08-10 07:26:00,景点门票,129.51,0,0,微信
11184,6551,2026-08-13 09:58:00,景点门票,109.95,1,0,微信
11185,6552,2026-07-18 21:35:00,酒店预订,420.62,1,1,自然
11186,6552,2026-07-18 19:52:00,景点门票,87.33,0,0,自然
11187,6552,2026-07-30 16:34:00,景点门票,52.74,1,0,自然
11188,6553,2026-08-08 11:38:00,景点门票,45.08,0,0,微信
11189,6554,2026-07-27 21:09:00,一日游套餐,239.21,0,0,自然
11190,6554,2026-07-28 15:13:00,酒店预订,232.74,0,0,自然
11191,6555,2026-06-22 22:55:00,景点门票,81.53,1,0,自然
11192,6555,2026-06-30 08:16:00,酒店预订,546.35,0,0,自然
11193,6555,2026-08-08 16:00:00,酒店预订,194.08,1,0,自然
11194,6555,2026-08-12 09:33:00,一日游套餐,346.0,1,1,自然
11195,6556,2026-07-24 18:31:00,景点门票,84.84,1,0,抖音
11196,6556,2026-07-29 18:04:00,景点门票,144.06,1,0,抖音
11197,6558,2026-06-16 19:57:00,景点门票,173.83,0,0,自然
11198,6558,2026-07-19 18:33:00,一日游套餐,381.49,0,0,自然
11199,6558,2026-07-19 13:31:00,酒店预订,197.56,0,0,自然
11200,6558,2026-07-21 12:25:00,一日游套餐,318.48,0,0,自然
11201,6559,2026-08-14 20:44:00,景点门票,78.15,1,0,微信
11202,6560,2026-06-28 17:59:00,景点门票,137.0,0,0,自然
11203,6563,2026-07-05 15:07:00,酒店预订,433.87,1,0,自然
11204,6563,2026-07-11 15:45:00,一日游套餐,311.8,0,0,自然
11205,6563,2026-08-06 14:11:00,景点门票,176.92,1,0,自然
11206,6563,2026-08-13 08:59:00,景点门票,53.38,1,0,自然
11207,6565,2026-08-15 20:38:00,酒店预订,506.47,1,0,抖音
11208,6566,2026-06-21 10:02:00,一日游套餐,316.33,1,0,小红书
11209,6566,2026-07-16 08:39:00,一日游套餐,255.71,1,0,小红书
11210,6566,2026-07-22 21:15:00,景点门票,64.06,1,0,小红书
11211,6568,2026-08-07 11:21:00,酒店预订,184.09,0,0,抖音
11212,6569,2026-08-01 21:18:00,酒店预订,381.84,1,0,小红书
11213,6569,2026-08-01 21:48:00,酒店预订,198.15,0,0,小红书
11214,6569,2026-08-14 08:42:00,一日游套餐,372.59,0,0,小红书
11215,6570,2026-07-13 17:31:00,景点门票,92.71,0,0,微信
11216,6570,2026-07-13 07:15:00,一日游套餐,343.7,0,0,微信
11217,6570,2026-07-24 10:02:00,酒店预订,455.26,1,0,微信
11218,6570,2026-08-14 16:32:00,酒店预订,234.57,1,0,微信
11219,6571,2026-06-28 10:35:00,景点门票,89.67,0,0,小红书
11220,6571,2026-07-02 19:53:00,景点门票,62.51,1,0,小红书
11221,6571,2026-07-07 18:37:00,景点门票,64.27,1,0,小红书
11222,6573,2026-07-20 21:27:00,酒店预订,484.43,1,0,小红书
11223,6574,2026-06-21 08:51:00,酒店预订,411.98,0,0,小红书
11224,6575,2026-08-09 20:54:00,景点门票,150.2,1,0,抖音
11225,6575,2026-08-15 20:57:00,景点门票,157.72,0,0,抖音
11226,6577,2026-08-15 08:46:00,景点门票,64.16,1,0,抖音
11227,6578,2026-07-26 12:32:00,景点门票,175.49,0,0,小红书
11228,6578,2026-08-09 11:25:00,景点门票,85.91,0,0,小红书
11229,6579,2026-07-11 20:27:00,酒店预订,278.11,1,1,地推
11230,6579,2026-07-11 14:25:00,酒店预订,435.91,1,0,地推
11231,6579,2026-07-12 12:24:00,酒店预订,238.9,1,0,地推
11232,6579,2026-08-13 08:12:00,酒店预订,288.81,1,0,地推
11233,6580,2026-07-01 21:45:00,酒店预订,288.18,0,0,地推
11234,6580,2026-07-01 21:33:00,景点门票,115.54,0,0,地推
11235,6581,2026-06-14 12:25:00,一日游套餐,238.97,1,0,微信
11236,6581,2026-06-21 13:53:00,一日游套餐,250.22,1,0,微信
11237,6581,2026-06-23 08:03:00,一日游套餐,401.73,1,0,微信
11238,6583,2026-06-30 11:54:00,酒店预订,449.78,1,0,小红书
11239,6584,2026-07-23 22:26:00,酒店预订,479.11,1,0,自然
11240,6585,2026-07-28 21:58:00,一日游套餐,449.06,0,0,抖音
11241,6587,2026-07-20 19:29:00,景点门票,142.07,0,0,自然
11242,6587,2026-08-11 08:24:00,景点门票,109.47,1,0,自然
11243,6589,2026-07-24 21:31:00,景点门票,66.55,1,0,微信
11244,6591,2026-06-11 19:09:00,景点门票,134.77,1,0,自然
11245,6591,2026-06-20 20:11:00,酒店预订,426.72,0,0,自然
11246,6591,2026-06-20 07:11:00,景点门票,81.84,1,0,自然
11247,6591,2026-06-28 20:25:00,景点门票,153.08,1,0,自然
11248,6591,2026-06-28 14:02:00,酒店预订,369.03,1,1,自然
11249,6591,2026-07-08 22:49:00,一日游套餐,208.46,1,0,自然
11250,6591,2026-07-08 16:15:00,景点门票,116.62,1,0,自然
11251,6592,2026-06-19 16:14:00,酒店预订,451.32,1,0,小红书
11252,6592,2026-07-15 13:51:00,一日游套餐,416.97,1,1,小红书
11253,6594,2026-07-24 21:16:00,酒店预订,569.81,1,0,微信
11254,6594,2026-08-03 18:08:00,景点门票,55.25,1,1,微信
11255,6594,2026-08-12 11:24:00,一日游套餐,273.28,0,0,微信
11256,6594,2026-08-18 11:47:00,景点门票,112.5,1,0,微信
11257,6594,2026-08-29 09:29:00,一日游套餐,374.99,0,0,微信
11258,6597,2026-07-12 08:12:00,景点门票,144.2,0,0,自然
11259,6597,2026-07-12 13:08:00,景点门票,171.94,1,0,自然
11260,6597,2026-08-20 11:46:00,酒店预订,184.44,1,0,自然
11261,6597,2026-08-20 14:45:00,一日游套餐,389.03,1,0,自然
11262,6598,2026-08-16 17:13:00,景点门票,96.72,1,0,自然
11263,6599,2026-08-07 15:26:00,景点门票,113.14,1,0,自然
11264,6602,2026-07-16 19:51:00,酒店预订,467.3,1,0,自然
11265,6603,2026-06-26 16:53:00,景点门票,74.25,1,0,自然
11266,6603,2026-07-02 19:59:00,景点门票,57.34,1,0,自然
11267,6603,2026-08-01 14:23:00,景点门票,119.23,1,0,自然
11268,6604,2026-07-02 21:32:00,景点门票,160.9,0,0,自然
11269,6604,2026-07-03 09:52:00,一日游套餐,420.84,0,0,自然
11270,6604,2026-07-27 12:06:00,一日游套餐,350.36,1,0,自然
11271,6605,2026-06-20 15:00:00,景点门票,42.83,1,0,小红书
11272,6605,2026-06-20 18:36:00,景点门票,93.06,1,0,小红书
11273,6606,2026-08-24 18:21:00,景点门票,128.21,0,0,自然
11274,6606,2026-08-30 10:07:00,景点门票,142.25,1,0,自然
11275,6606,2026-08-31 10:23:00,酒店预订,536.48,1,0,自然
11276,6607,2026-07-13 15:27:00,一日游套餐,449.2,1,0,微信
11277,6607,2026-07-14 22:00:00,一日游套餐,250.86,1,0,微信
11278,6607,2026-07-15 14:42:00,酒店预订,263.76,1,0,微信
11279,6607,2026-07-15 09:56:00,酒店预订,472.0,0,0,微信
11280,6607,2026-07-16 21:44:00,景点门票,105.43,0,0,微信
11281,6607,2026-07-28 11:48:00,景点门票,57.38,0,0,微信
11282,6608,2026-08-02 10:55:00,酒店预订,487.27,1,0,自然
11283,6608,2026-08-06 17:09:00,酒店预订,552.42,1,0,自然
11284,6608,2026-08-06 19:57:00,景点门票,119.52,1,0,自然
11285,6609,2026-07-30 19:34:00,景点门票,40.37,0,0,自然
11286,6609,2026-08-19 17:23:00,景点门票,101.42,1,0,自然
11287,6610,2026-07-08 07:11:00,酒店预订,388.71,1,0,自然
11288,6610,2026-07-12 11:20:00,酒店预订,565.76,1,0,自然
11289,6610,2026-07-20 16:30:00,一日游套餐,201.32,1,1,自然
11290,6610,2026-07-31 07:31:00,一日游套餐,226.16,1,0,自然
11291,6610,2026-08-09 17:58:00,酒店预订,465.5,0,0,自然
11292,6610,2026-08-20 22:48:00,景点门票,102.02,1,0,自然
11293,6610,2026-08-25 12:48:00,景点门票,137.89,1,0,自然
11294,6611,2026-07-21 12:24:00,酒店预订,247.11,1,0,小红书
11295,6611,2026-07-26 14:32:00,酒店预订,370.62,1,0,小红书
11296,6611,2026-08-20 15:38:00,一日游套餐,292.21,1,0,小红书
11297,6612,2026-06-15 10:45:00,酒店预订,578.51,1,0,自然
11298,6612,2026-06-20 19:43:00,景点门票,49.72,0,0,自然
11299,6613,2026-08-19 08:13:00,景点门票,124.74,1,0,抖音
11300,6614,2026-06-16 11:53:00,酒店预订,320.63,1,0,自然
11301,6616,2026-08-16 15:08:00,景点门票,101.41,1,0,自然
11302,6618,2026-06-27 09:38:00,一日游套餐,273.99,1,0,微信
11303,6618,2026-07-05 21:43:00,景点门票,70.13,1,1,微信
11304,6618,2026-07-09 15:36:00,酒店预订,250.22,1,0,微信
11305,6618,2026-07-25 09:42:00,酒店预订,587.45,1,0,微信
11306,6618,2026-08-20 19:25:00,酒店预订,375.63,1,0,微信
11307,6619,2026-06-29 10:04:00,景点门票,150.92,1,0,自然
11308,6620,2026-07-31 22:37:00,酒店预订,505.46,1,0,自然
11309,6620,2026-07-31 07:35:00,酒店预订,596.65,0,0,自然
11310,6620,2026-08-04 12:16:00,酒店预订,220.51,1,0,自然
11311,6621,2026-07-28 17:00:00,酒店预订,504.8,0,0,微信
11312,6623,2026-07-14 11:21:00,景点门票,71.46,1,0,自然
11313,6624,2026-07-11 07:14:00,景点门票,68.24,0,0,抖音
11314,6625,2026-08-08 17:31:00,景点门票,132.83,1,0,自然
11315,6625,2026-08-21 15:01:00,一日游套餐,448.53,1,0,自然
11316,6626,2026-06-28 16:08:00,酒店预订,217.96,1,0,地推
11317,6626,2026-07-13 16:36:00,景点门票,140.0,1,0,地推
11318,6627,2026-08-02 16:27:00,一日游套餐,395.52,1,0,小红书
11319,6627,2026-08-04 23:09:00,景点门票,130.98,1,0,小红书
11320,6627,2026-08-24 17:50:00,景点门票,80.75,1,0,小红书
11321,6627,2026-08-24 15:48:00,景点门票,90.08,1,0,小红书
11322,6628,2026-06-25 11:22:00,景点门票,51.63,1,0,小红书
11323,6628,2026-06-27 09:49:00,酒店预订,310.81,1,0,小红书
11324,6628,2026-07-07 11:01:00,景点门票,95.41,1,0,小红书
11325,6628,2026-08-18 22:50:00,景点门票,43.34,0,0,小红书
11326,6629,2026-06-29 19:34:00,景点门票,109.55,0,0,自然
11327,6629,2026-07-09 08:22:00,景点门票,64.86,0,0,自然
11328,6629,2026-08-10 15:05:00,一日游套餐,400.46,1,1,自然
11329,6629,2026-08-13 13:08:00,景点门票,160.82,1,0,自然
11330,6633,2026-07-03 18:50:00,景点门票,138.9,1,0,微信
11331,6633,2026-07-09 09:56:00,景点门票,86.24,1,0,微信
11332,6635,2026-07-11 13:08:00,酒店预订,298.99,0,0,微信
11333,6635,2026-07-20 16:54:00,酒店预订,484.54,1,0,微信
11334,6636,2026-08-18 15:27:00,景点门票,69.76,1,0,自然
11335,6636,2026-08-22 22:49:00,酒店预订,552.34,1,0,自然
11336,6636,2026-08-28 10:39:00,一日游套餐,411.19,1,0,自然
11337,6636,2026-08-28 16:43:00,景点门票,81.48,1,0,自然
11338,6636,2026-08-28 23:05:00,景点门票,100.04,1,0,自然
11339,6636,2026-08-31 18:10:00,景点门票,49.33,0,0,自然
11340,6637,2026-07-11 15:23:00,酒店预订,332.24,1,0,自然
11341,6637,2026-07-22 09:20:00,景点门票,47.81,0,0,自然
11342,6638,2026-06-12 10:20:00,酒店预订,277.52,1,0,小红书
11343,6638,2026-06-14 18:32:00,酒店预订,512.72,1,0,小红书
11344,6638,2026-06-18 08:52:00,景点门票,90.91,0,0,小红书
11345,6638,2026-07-03 12:19:00,景点门票,53.54,1,0,小红书
11346,6639,2026-08-01 13:10:00,酒店预订,324.08,0,0,微信
11347,6641,2026-07-10 13:28:00,酒店预订,242.67,0,0,自然
11348,6641,2026-07-27 12:21:00,一日游套餐,250.11,1,0,自然
11349,6643,2026-07-02 19:05:00,一日游套餐,349.34,0,0,自然
11350,6643,2026-07-16 08:02:00,景点门票,107.37,1,0,自然
11351,6643,2026-07-16 12:21:00,景点门票,61.24,0,0,自然
11352,6643,2026-07-30 11:46:00,景点门票,144.66,1,0,自然
11353,6645,2026-07-01 14:57:00,酒店预订,412.9,1,0,小红书
11354,6645,2026-07-19 12:26:00,酒店预订,345.85,1,0,小红书
11355,6645,2026-07-19 08:22:00,景点门票,97.42,0,0,小红书
11356,6645,2026-08-12 08:01:00,景点门票,127.67,1,1,小红书
11357,6645,2026-08-15 11:43:00,酒店预订,482.49,1,0,小红书
11358,6645,2026-08-23 17:04:00,酒店预订,574.37,1,0,小红书
11359,6645,2026-08-23 08:04:00,一日游套餐,448.3,1,0,小红书
11360,6647,2026-07-25 09:45:00,景点门票,110.97,1,0,自然
11361,6648,2026-06-05 17:15:00,景点门票,54.84,0,0,自然
11362,6648,2026-06-11 07:31:00,景点门票,125.03,1,1,自然
11363,6648,2026-06-13 22:16:00,景点门票,126.78,1,0,自然
11364,6648,2026-07-14 10:08:00,酒店预订,497.02,1,1,自然
11365,6650,2026-08-20 08:05:00,酒店预订,247.72,0,0,抖音
11366,6651,2026-07-30 07:46:00,酒店预订,396.31,1,0,小红书
11367,6651,2026-07-30 12:45:00,酒店预订,543.58,0,0,小红书
11368,6653,2026-08-04 21:38:00,一日游套餐,318.48,1,0,小红书
11369,6653,2026-08-07 19:59:00,一日游套餐,435.34,1,0,小红书
11370,6653,2026-08-07 07:31:00,酒店预订,525.09,0,0,小红书
11371,6654,2026-06-16 19:46:00,一日游套餐,319.53,1,0,抖音
11372,6654,2026-06-21 09:55:00,景点门票,78.17,0,0,抖音
11373,6654,2026-06-22 10:13:00,景点门票,140.31,1,0,抖音
11374,6654,2026-08-13 16:35:00,景点门票,156.01,1,0,抖音
11375,6655,2026-08-05 14:50:00,景点门票,157.69,1,0,抖音
11376,6657,2026-06-26 11:58:00,景点门票,176.8,1,1,小红书
11377,6658,2026-06-24 08:09:00,一日游套餐,371.29,0,0,地推
11378,6659,2026-08-04 21:37:00,一日游套餐,434.63,1,0,微信
11379,6659,2026-08-08 15:56:00,景点门票,167.45,1,0,微信
11380,6659,2026-08-15 19:09:00,酒店预订,344.09,1,0,微信
11381,6659,2026-08-22 22:27:00,酒店预订,587.66,1,0,微信
11382,6659,2026-08-26 11:08:00,景点门票,123.29,1,0,微信
11383,6661,2026-08-13 17:45:00,酒店预订,238.76,1,0,抖音
11384,6662,2026-08-03 13:51:00,景点门票,104.27,0,0,微信
11385,6662,2026-08-03 17:34:00,酒店预订,475.35,1,0,微信
11386,6663,2026-06-16 08:39:00,酒店预订,452.05,0,0,自然
11387,6663,2026-06-26 09:17:00,景点门票,99.46,1,0,自然
11388,6664,2026-06-06 18:45:00,酒店预订,228.69,1,0,微信
11389,6664,2026-06-09 15:26:00,酒店预订,318.72,1,0,微信
11390,6664,2026-06-14 20:45:00,景点门票,103.35,1,1,微信
11391,6664,2026-07-18 17:54:00,一日游套餐,440.25,1,0,微信
11392,6665,2026-06-27 18:26:00,景点门票,91.07,1,0,自然
11393,6665,2026-06-28 11:23:00,酒店预订,188.49,1,0,自然
11394,6665,2026-07-31 12:47:00,景点门票,42.79,1,0,自然
11395,6667,2026-08-10 20:24:00,酒店预订,192.0,1,0,微信
11396,6667,2026-08-14 09:08:00,酒店预订,327.2,0,0,微信
11397,6668,2026-08-08 17:43:00,一日游套餐,430.15,0,0,抖音
11398,6669,2026-07-20 16:54:00,一日游套餐,213.27,1,0,自然
11399,6669,2026-08-22 22:19:00,酒店预订,583.12,0,0,自然
11400,6670,2026-07-24 09:39:00,景点门票,162.35,0,0,微信
11401,6670,2026-07-26 12:51:00,酒店预订,488.36,0,0,微信
11402,6672,2026-06-26 12:56:00,酒店预订,589.6,0,0,抖音
11403,6673,2026-07-03 18:25:00,景点门票,166.99,1,0,抖音
11404,6676,2026-06-24 14:47:00,一日游套餐,272.48,0,0,自然
11405,6678,2026-07-19 15:16:00,景点门票,131.79,1,1,微信
11406,6678,2026-07-20 10:57:00,景点门票,113.97,1,0,微信
11407,6678,2026-07-23 17:24:00,景点门票,161.01,1,0,微信
11408,6678,2026-07-29 18:46:00,一日游套餐,422.79,1,0,微信
11409,6679,2026-06-23 17:36:00,一日游套餐,387.8,0,0,自然
11410,6679,2026-06-26 16:54:00,一日游套餐,445.68,0,0,自然
11411,6679,2026-06-27 22:50:00,景点门票,141.41,1,0,自然
11412,6680,2026-08-14 20:39:00,一日游套餐,225.26,1,0,抖音
11413,6681,2026-06-15 16:13:00,酒店预订,273.38,0,0,小红书
11414,6681,2026-06-21 07:12:00,酒店预订,575.73,0,0,小红书
11415,6683,2026-07-10 16:02:00,景点门票,133.29,0,0,小红书
11416,6683,2026-07-18 19:54:00,一日游套餐,205.04,1,0,小红书
11417,6684,2026-08-29 17:18:00,酒店预订,576.29,0,0,微信
11418,6686,2026-06-13 16:48:00,景点门票,143.74,1,0,抖音
11419,6687,2026-08-22 16:08:00,景点门票,117.73,1,0,地推
11420,6688,2026-07-08 20:15:00,景点门票,46.97,1,0,微信
11421,6688,2026-07-12 11:15:00,景点门票,107.9,1,0,微信
11422,6688,2026-07-16 09:13:00,景点门票,62.3,1,0,微信
11423,6688,2026-08-07 18:01:00,景点门票,144.1,1,0,微信
11424,6692,2026-08-12 12:20:00,景点门票,130.88,0,0,自然
11425,6692,2026-08-18 20:50:00,酒店预订,324.78,1,0,自然
11426,6693,2026-06-19 19:04:00,一日游套餐,342.54,1,0,微信
11427,6693,2026-08-05 21:30:00,景点门票,64.51,1,0,微信
11428,6693,2026-08-08 16:10:00,一日游套餐,316.71,1,0,微信
11429,6694,2026-08-08 09:30:00,景点门票,174.44,1,0,微信
11430,6696,2026-07-04 21:30:00,一日游套餐,305.97,1,0,自然
11431,6696,2026-08-14 23:07:00,酒店预订,264.74,0,0,自然
11432,6697,2026-07-06 09:10:00,景点门票,64.16,1,0,抖音
11433,6697,2026-08-22 16:42:00,景点门票,83.55,0,0,抖音
11434,6699,2026-08-01 13:59:00,酒店预订,392.65,1,0,小红书
11435,6699,2026-08-15 08:43:00,景点门票,101.57,1,0,小红书
11436,6700,2026-08-02 19:28:00,酒店预订,227.56,1,0,抖音
11437,6701,2026-07-05 20:13:00,景点门票,174.84,1,0,自然
11438,6701,2026-07-06 21:59:00,酒店预订,232.57,1,0,自然
11439,6701,2026-08-17 12:17:00,一日游套餐,323.78,0,0,自然
11440,6702,2026-08-27 21:29:00,景点门票,158.98,0,0,小红书
11441,6702,2026-08-29 14:31:00,景点门票,150.54,1,0,小红书
11442,6702,2026-08-29 16:40:00,一日游套餐,233.03,0,0,小红书
11443,6706,2026-07-26 22:22:00,景点门票,75.62,1,0,抖音
11444,6707,2026-08-13 15:10:00,酒店预订,258.68,1,0,自然
11445,6707,2026-08-14 08:23:00,景点门票,61.41,0,0,自然
11446,6709,2026-07-30 14:45:00,酒店预订,553.31,1,0,小红书
11447,6709,2026-08-24 22:53:00,一日游套餐,392.72,0,0,小红书
11448,6710,2026-07-09 23:02:00,景点门票,46.0,1,0,自然
11449,6710,2026-07-13 13:01:00,酒店预订,251.97,1,1,自然
11450,6710,2026-07-15 10:01:00,酒店预订,262.58,1,0,自然
11451,6710,2026-07-15 21:36:00,一日游套餐,239.67,1,0,自然
11452,6710,2026-08-24 19:18:00,酒店预订,259.27,1,0,自然
11453,6715,2026-07-24 21:27:00,酒店预订,405.05,1,0,小红书
11454,6716,2026-07-21 13:20:00,景点门票,51.26,1,0,微信
11455,6716,2026-07-29 20:54:00,酒店预订,445.67,1,0,微信
11456,6718,2026-08-22 11:41:00,一日游套餐,265.94,1,0,微信
11457,6720,2026-08-16 14:18:00,一日游套餐,420.75,0,0,抖音
11458,6721,2026-07-05 14:24:00,景点门票,163.77,1,0,抖音
11459,6721,2026-08-04 16:12:00,景点门票,99.95,0,0,抖音
11460,6722,2026-07-20 17:21:00,一日游套餐,200.92,1,0,抖音
11461,6723,2026-06-19 10:30:00,酒店预订,391.6,1,0,抖音
11462,6724,2026-07-06 19:43:00,景点门票,179.0,1,0,自然
11463,6724,2026-07-15 17:37:00,酒店预订,519.35,0,0,自然
11464,6724,2026-07-18 22:17:00,景点门票,129.26,0,0,自然
11465,6724,2026-07-31 18:12:00,景点门票,106.81,1,0,自然
11466,6724,2026-08-11 08:02:00,一日游套餐,306.34,1,0,自然
11467,6725,2026-07-05 16:36:00,景点门票,153.38,1,0,抖音
11468,6725,2026-07-25 23:05:00,景点门票,74.5,0,0,抖音
11469,6726,2026-08-05 21:50:00,景点门票,95.56,1,0,抖音
11470,6728,2026-07-05 16:16:00,景点门票,106.52,0,0,自然
11471,6728,2026-07-06 23:05:00,酒店预订,525.37,1,0,自然
11472,6728,2026-07-07 13:30:00,景点门票,119.8,1,0,自然
11473,6728,2026-07-14 16:44:00,酒店预订,498.35,0,0,自然
11474,6728,2026-07-16 20:11:00,酒店预订,435.5,0,0,自然
11475,6728,2026-07-25 17:39:00,景点门票,166.28,1,0,自然
11476,6728,2026-08-12 11:15:00,一日游套餐,355.79,1,0,自然
11477,6729,2026-07-21 17:37:00,酒店预订,387.28,1,0,小红书
11478,6731,2026-07-20 23:09:00,酒店预订,583.62,1,0,微信
11479,6731,2026-07-28 18:38:00,酒店预订,517.47,1,0,微信
11480,6731,2026-08-16 15:12:00,酒店预订,205.24,1,0,微信
11481,6732,2026-07-26 20:46:00,一日游套餐,265.8,0,0,抖音
11482,6733,2026-08-08 23:05:00,景点门票,83.31,1,0,微信
11483,6733,2026-08-15 21:22:00,景点门票,76.77,1,0,微信
11484,6734,2026-07-05 19:03:00,酒店预订,549.22,1,0,微信
11485,6734,2026-07-05 16:01:00,景点门票,71.94,1,0,微信
11486,6734,2026-07-07 17:44:00,景点门票,127.96,1,0,微信
11487,6734,2026-08-15 14:01:00,一日游套餐,436.34,1,1,微信
11488,6734,2026-08-21 20:24:00,景点门票,176.44,1,0,微信
11489,6736,2026-08-27 15:35:00,酒店预订,566.63,0,0,地推
11490,6737,2026-07-20 14:50:00,酒店预订,332.54,1,0,自然
11491,6738,2026-08-03 12:09:00,酒店预订,365.8,1,0,小红书
11492,6739,2026-07-12 10:36:00,一日游套餐,237.4,1,0,微信
11493,6739,2026-07-14 21:29:00,景点门票,41.75,1,0,微信
11494,6739,2026-07-19 14:18:00,景点门票,93.73,1,0,微信
11495,6739,2026-07-21 17:12:00,景点门票,55.4,1,0,微信
11496,6741,2026-06-11 07:41:00,酒店预订,400.0,1,0,小红书
11497,6741,2026-06-18 11:19:00,酒店预订,206.29,0,0,小红书
11498,6741,2026-06-23 10:39:00,酒店预订,394.9,1,0,小红书
11499,6741,2026-07-08 10:06:00,一日游套餐,427.5,0,0,小红书
11500,6741,2026-07-26 17:56:00,景点门票,88.62,0,0,小红书
11501,6741,2026-08-05 19:57:00,景点门票,164.7,1,0,小红书
11502,6743,2026-08-23 07:39:00,酒店预订,459.42,0,0,自然
11503,6744,2026-06-18 13:16:00,酒店预订,353.13,0,0,自然
11504,6744,2026-06-30 19:03:00,景点门票,100.33,1,1,自然
11505,6745,2026-08-01 17:09:00,酒店预订,510.19,1,0,自然
11506,6745,2026-08-03 13:32:00,景点门票,55.58,1,0,自然
11507,6745,2026-08-18 07:35:00,酒店预订,231.84,0,0,自然
11508,6745,2026-08-21 13:06:00,景点门票,81.15,1,0,自然
11509,6745,2026-08-22 12:04:00,酒店预订,364.04,0,0,自然
11510,6746,2026-08-07 07:36:00,景点门票,43.83,0,0,自然
11511,6747,2026-07-30 09:25:00,景点门票,88.02,1,0,小红书
11512,6750,2026-07-08 12:28:00,景点门票,52.46,1,0,小红书
11513,6751,2026-07-06 07:44:00,景点门票,123.65,0,0,自然
11514,6751,2026-07-08 15:37:00,景点门票,44.49,1,0,自然
11515,6752,2026-06-23 15:45:00,酒店预订,263.2,1,0,自然
11516,6752,2026-06-29 13:51:00,景点门票,140.78,1,0,自然
11517,6753,2026-07-08 11:09:00,一日游套餐,313.65,1,0,微信
11518,6753,2026-08-09 08:37:00,酒店预订,593.55,0,0,微信
11519,6754,2026-08-01 14:39:00,一日游套餐,392.35,0,0,地推
11520,6754,2026-08-01 12:56:00,景点门票,113.92,0,0,地推
11521,6754,2026-08-08 18:03:00,景点门票,129.74,1,0,地推
11522,6757,2026-07-24 13:14:00,景点门票,85.89,1,0,微信
11523,6758,2026-08-03 13:23:00,景点门票,42.72,1,0,微信
11524,6758,2026-08-09 19:57:00,景点门票,110.03,1,0,微信
11525,6758,2026-08-29 15:53:00,酒店预订,289.82,1,0,微信
11526,6760,2026-07-04 20:19:00,景点门票,98.79,1,0,自然
11527,6760,2026-07-04 15:41:00,一日游套餐,281.98,1,0,自然
11528,6761,2026-07-13 10:06:00,酒店预订,480.16,1,1,自然
11529,6761,2026-07-28 11:01:00,景点门票,101.92,1,0,自然
11530,6761,2026-08-29 21:21:00,景点门票,125.17,0,0,自然
11531,6762,2026-08-07 22:12:00,一日游套餐,219.65,0,0,小红书
11532,6763,2026-07-18 21:34:00,一日游套餐,448.1,1,0,地推
11533,6764,2026-08-06 09:25:00,景点门票,111.03,1,0,小红书
11534,6765,2026-07-05 20:50:00,酒店预订,571.76,0,0,抖音
11535,6767,2026-08-27 11:05:00,景点门票,156.39,1,0,微信
11536,6768,2026-07-02 18:51:00,景点门票,84.27,1,0,抖音
11537,6769,2026-07-05 13:06:00,一日游套餐,255.56,1,0,微信
11538,6769,2026-07-12 07:59:00,景点门票,55.19,0,0,微信
11539,6769,2026-07-16 18:20:00,景点门票,155.02,0,0,微信
11540,6769,2026-08-05 16:14:00,景点门票,84.3,1,0,微信
11541,6771,2026-07-18 13:44:00,酒店预订,402.27,1,0,抖音
11542,6771,2026-08-29 13:08:00,景点门票,144.52,1,0,抖音
11543,6772,2026-06-09 07:26:00,一日游套餐,396.26,0,0,小红书
11544,6772,2026-07-17 18:05:00,景点门票,176.59,1,0,小红书
11545,6774,2026-07-26 10:13:00,景点门票,165.57,1,0,地推
11546,6774,2026-08-22 16:20:00,一日游套餐,204.28,0,0,地推
11547,6775,2026-06-14 11:43:00,景点门票,150.45,0,0,抖音
11548,6776,2026-06-17 07:22:00,景点门票,155.82,0,0,抖音
11549,6777,2026-06-18 16:09:00,景点门票,171.58,1,0,抖音
11550,6778,2026-07-09 20:40:00,酒店预订,560.13,1,0,抖音
11551,6780,2026-07-25 14:56:00,一日游套餐,398.75,1,0,小红书
11552,6781,2026-07-31 09:34:00,景点门票,48.5,0,0,抖音
11553,6783,2026-08-26 19:55:00,景点门票,134.66,1,0,小红书
11554,6784,2026-06-30 15:17:00,酒店预订,350.43,0,0,自然
11555,6784,2026-07-08 13:11:00,酒店预订,388.03,1,0,自然
11556,6784,2026-07-11 12:53:00,酒店预订,195.3,1,0,自然
11557,6784,2026-07-17 13:38:00,一日游套餐,312.76,0,0,自然
11558,6787,2026-08-01 21:15:00,酒店预订,567.64,1,0,抖音
11559,6788,2026-08-25 08:51:00,景点门票,41.59,1,0,小红书
11560,6789,2026-07-23 17:59:00,酒店预订,460.58,1,0,小红书
11561,6789,2026-08-07 11:24:00,酒店预订,322.86,1,0,小红书
11562,6790,2026-08-19 18:08:00,酒店预订,295.16,1,0,微信
11563,6791,2026-08-21 12:48:00,景点门票,61.71,1,0,抖音
11564,6797,2026-06-19 15:37:00,景点门票,68.45,1,0,微信
11565,6797,2026-06-20 14:25:00,一日游套餐,249.98,1,0,微信
11566,6797,2026-08-02 19:19:00,酒店预订,514.91,1,0,微信
11567,6798,2026-07-25 07:31:00,景点门票,147.66,1,0,自然
11568,6802,2026-07-18 14:16:00,酒店预订,292.0,1,0,小红书
11569,6803,2026-08-18 19:27:00,一日游套餐,364.38,0,0,抖音
11570,6805,2026-06-29 19:37:00,酒店预订,218.38,0,0,微信
11571,6805,2026-07-24 22:03:00,景点门票,171.89,0,0,微信
11572,6806,2026-06-06 13:49:00,酒店预订,268.08,1,0,微信
11573,6806,2026-06-09 08:13:00,酒店预订,560.98,1,0,微信
11574,6806,2026-06-09 10:17:00,景点门票,165.5,1,0,微信
11575,6806,2026-06-13 22:14:00,酒店预订,400.74,1,0,微信
11576,6806,2026-06-13 10:38:00,酒店预订,348.73,1,1,微信
11577,6806,2026-06-14 11:34:00,景点门票,163.13,1,0,微信
11578,6806,2026-06-25 17:03:00,酒店预订,490.09,1,0,微信
11579,6807,2026-07-18 08:47:00,景点门票,63.02,1,0,抖音
11580,6807,2026-07-19 18:42:00,景点门票,82.24,0,0,抖音
11581,6810,2026-06-29 07:20:00,景点门票,163.3,0,0,微信
11582,6810,2026-06-29 20:31:00,景点门票,77.71,1,0,微信
11583,6810,2026-07-01 18:13:00,酒店预订,300.1,1,0,微信
11584,6810,2026-07-13 17:56:00,一日游套餐,300.55,1,0,微信
11585,6810,2026-07-15 08:01:00,景点门票,68.2,1,1,微信
11586,6810,2026-08-23 17:21:00,酒店预订,366.49,1,0,微信
11587,6810,2026-08-26 17:27:00,景点门票,65.71,0,0,微信
11588,6811,2026-06-12 10:14:00,一日游套餐,323.77,1,0,自然
11589,6811,2026-06-19 13:51:00,酒店预订,215.64,0,0,自然
11590,6813,2026-08-29 14:05:00,酒店预订,494.02,0,0,抖音
11591,6814,2026-08-03 22:37:00,酒店预订,408.23,1,0,自然
11592,6815,2026-07-13 19:55:00,景点门票,63.51,0,0,抖音
11593,6816,2026-06-22 15:43:00,景点门票,108.06,0,0,自然
11594,6816,2026-06-23 20:15:00,景点门票,120.44,0,0,自然
11595,6816,2026-07-30 17:42:00,酒店预订,385.69,1,0,自然
11596,6817,2026-08-17 20:54:00,景点门票,154.29,1,0,小红书
11597,6817,2026-08-18 08:41:00,酒店预订,554.74,1,0,小红书
11598,6819,2026-06-13 12:02:00,景点门票,109.63,1,0,自然
11599,6819,2026-07-01 07:32:00,景点门票,62.15,1,0,自然
11600,6819,2026-07-15 13:46:00,酒店预订,200.78,0,0,自然
11601,6820,2026-06-30 22:21:00,景点门票,109.34,1,0,地推
11602,6820,2026-08-14 09:14:00,一日游套餐,438.76,1,1,地推
11603,6821,2026-08-15 23:09:00,酒店预订,537.05,1,0,小红书
11604,6821,2026-08-17 20:37:00,酒店预订,410.51,1,0,小红书
11605,6824,2026-06-19 17:39:00,景点门票,112.58,0,0,自然
11606,6824,2026-06-24 13:57:00,酒店预订,576.38,1,0,自然
11607,6824,2026-08-03 22:21:00,酒店预订,290.85,1,0,自然
11608,6826,2026-07-29 16:24:00,酒店预订,459.1,0,0,抖音
11609,6827,2026-06-29 10:13:00,一日游套餐,271.04,1,0,自然
11610,6828,2026-06-20 20:33:00,酒店预订,541.26,1,0,微信
11611,6828,2026-07-17 09:02:00,景点门票,165.96,1,0,微信
11612,6828,2026-08-01 22:58:00,酒店预订,193.18,1,0,微信
11613,6830,2026-07-04 09:55:00,一日游套餐,322.43,1,0,小红书
11614,6830,2026-08-09 20:19:00,景点门票,103.49,0,0,小红书
11615,6832,2026-08-15 12:22:00,景点门票,78.33,0,0,小红书
11616,6832,2026-08-18 11:01:00,景点门票,120.25,0,0,小红书
11617,6834,2026-06-30 13:02:00,景点门票,175.16,1,0,地推
11618,6835,2026-06-10 15:17:00,景点门票,72.62,0,0,抖音
11619,6836,2026-06-19 21:55:00,酒店预订,341.65,0,0,自然
11620,6837,2026-07-11 15:56:00,景点门票,84.42,0,0,自然
11621,6837,2026-07-16 09:20:00,景点门票,43.26,0,0,自然
11622,6837,2026-08-01 10:56:00,景点门票,147.82,1,0,自然
11623,6838,2026-08-27 09:02:00,一日游套餐,419.36,1,0,小红书
11624,6839,2026-08-01 18:11:00,景点门票,42.39,0,0,地推
11625,6840,2026-06-16 11:56:00,景点门票,115.31,1,0,微信
11626,6840,2026-07-12 17:17:00,酒店预订,313.18,1,0,微信
11627,6840,2026-07-25 19:16:00,酒店预订,377.57,1,0,微信
11628,6840,2026-07-29 09:29:00,景点门票,67.91,1,0,微信
11629,6841,2026-07-23 16:21:00,酒店预订,451.77,1,0,小红书
11630,6843,2026-07-13 07:11:00,一日游套餐,446.71,1,0,小红书
11631,6843,2026-08-28 22:59:00,酒店预订,547.39,1,0,小红书
11632,6843,2026-08-28 14:18:00,一日游套餐,239.65,0,0,小红书
11633,6844,2026-06-15 20:04:00,酒店预订,550.22,1,1,抖音
11634,6845,2026-06-16 16:07:00,酒店预订,234.65,0,0,小红书
11635,6845,2026-06-30 21:24:00,酒店预订,283.1,1,0,小红书
11636,6845,2026-08-01 22:58:00,酒店预订,576.52,1,0,小红书
11637,6846,2026-08-08 22:39:00,一日游套餐,260.84,1,0,自然
11638,6847,2026-07-18 12:15:00,景点门票,151.4,1,0,自然
11639,6847,2026-08-01 11:17:00,景点门票,173.88,1,1,自然
11640,6848,2026-06-07 21:39:00,景点门票,111.07,0,0,抖音
11641,6854,2026-08-03 07:50:00,景点门票,147.66,0,0,抖音
11642,6855,2026-08-20 14:22:00,景点门票,119.59,1,0,自然
11643,6855,2026-08-28 17:49:00,一日游套餐,344.58,1,0,自然
11644,6857,2026-07-24 10:37:00,一日游套餐,289.58,1,0,自然
11645,6857,2026-08-24 23:05:00,景点门票,107.27,0,0,自然
11646,6859,2026-08-19 10:26:00,一日游套餐,270.09,1,0,自然
11647,6861,2026-07-08 16:29:00,一日游套餐,363.19,1,0,自然
11648,6863,2026-07-06 17:56:00,景点门票,160.35,1,0,自然
11649,6863,2026-08-18 13:17:00,景点门票,58.43,1,0,自然
11650,6864,2026-08-06 18:57:00,景点门票,150.51,0,0,抖音
11651,6864,2026-08-15 12:39:00,景点门票,106.55,1,0,抖音
11652,6865,2026-07-22 20:28:00,酒店预订,419.48,1,0,抖音
11653,6866,2026-08-15 07:36:00,酒店预订,495.09,0,0,抖音
11654,6868,2026-06-26 08:51:00,景点门票,156.17,0,0,自然
11655,6869,2026-07-13 07:59:00,酒店预订,344.2,0,0,小红书
11656,6869,2026-07-28 12:27:00,景点门票,47.99,1,0,小红书
11657,6872,2026-08-12 16:23:00,酒店预订,425.52,1,0,抖音
11658,6873,2026-07-14 09:06:00,一日游套餐,356.19,1,0,抖音
11659,6874,2026-07-15 20:00:00,酒店预订,264.98,0,0,抖音
11660,6875,2026-06-22 12:07:00,酒店预订,383.99,0,0,自然
11661,6875,2026-06-30 09:46:00,景点门票,96.29,0,0,自然
11662,6875,2026-08-09 21:28:00,景点门票,113.9,1,0,自然
11663,6877,2026-06-21 10:51:00,酒店预订,236.18,1,0,自然
11664,6877,2026-06-29 17:52:00,景点门票,65.95,1,0,自然
11665,6877,2026-08-13 13:05:00,酒店预订,392.29,0,0,自然
11666,6877,2026-08-13 20:22:00,景点门票,126.96,1,1,自然
11667,6878,2026-07-08 10:44:00,景点门票,78.75,0,0,抖音
11668,6879,2026-06-15 17:18:00,景点门票,126.92,1,0,小红书
11669,6879,2026-06-15 09:51:00,酒店预订,499.48,0,0,小红书
11670,6879,2026-06-19 13:21:00,景点门票,49.26,0,0,小红书
11671,6879,2026-07-18 19:08:00,景点门票,62.86,1,0,小红书
11672,6880,2026-08-17 17:27:00,景点门票,58.45,1,0,自然
11673,6881,2026-06-11 22:31:00,酒店预订,249.36,0,0,自然
11674,6881,2026-07-21 21:50:00,景点门票,109.42,0,0,自然
11675,6882,2026-06-07 15:10:00,一日游套餐,292.21,1,0,小红书
11676,6882,2026-07-16 19:48:00,景点门票,73.87,1,0,小红书
11677,6882,2026-07-29 10:11:00,景点门票,158.79,1,0,小红书
11678,6884,2026-06-07 16:58:00,景点门票,155.01,1,0,微信
11679,6884,2026-07-08 11:09:00,酒店预订,194.44,1,0,微信
11680,6884,2026-07-08 12:21:00,景点门票,141.45,1,0,微信
11681,6884,2026-07-08 20:18:00,酒店预订,313.61,1,0,微信
11682,6884,2026-07-13 11:59:00,酒店预订,385.34,1,0,微信
11683,6884,2026-07-13 12:40:00,酒店预订,437.55,1,0,微信
11684,6887,2026-08-08 09:44:00,景点门票,106.71,1,0,抖音
11685,6888,2026-07-23 21:49:00,酒店预订,441.93,1,0,自然
11686,6888,2026-08-04 12:53:00,一日游套餐,217.37,1,0,自然
11687,6890,2026-06-22 13:31:00,一日游套餐,404.58,1,0,小红书
11688,6891,2026-06-28 17:48:00,一日游套餐,329.01,1,0,小红书
11689,6893,2026-07-17 19:05:00,酒店预订,248.74,0,0,自然
11690,6893,2026-08-05 17:17:00,酒店预订,351.1,0,0,自然
11691,6893,2026-08-11 16:30:00,酒店预订,472.67,1,0,自然
11692,6893,2026-08-12 12:29:00,景点门票,64.35,0,0,自然
11693,6894,2026-08-25 22:30:00,景点门票,144.23,1,0,自然
11694,6895,2026-07-10 19:50:00,酒店预订,464.8,0,0,自然
11695,6895,2026-07-15 20:42:00,景点门票,128.54,0,0,自然
11696,6896,2026-08-03 16:31:00,景点门票,60.24,0,0,自然
11697,6896,2026-08-03 07:19:00,景点门票,134.19,1,0,自然
11698,6896,2026-08-11 16:51:00,酒店预订,460.94,1,1,自然
11699,6897,2026-08-15 13:38:00,酒店预订,393.58,1,0,地推
11700,6898,2026-07-11 20:44:00,一日游套餐,204.46,1,0,自然
11701,6898,2026-07-21 22:44:00,酒店预订,515.01,1,0,自然
11702,6898,2026-08-08 12:13:00,景点门票,66.58,0,0,自然
11703,6899,2026-07-30 18:43:00,景点门票,82.0,0,0,小红书
11704,6899,2026-08-12 10:52:00,景点门票,106.3,1,0,小红书
11705,6899,2026-08-29 08:28:00,景点门票,81.96,1,0,小红书
11706,6900,2026-07-21 11:39:00,酒店预订,221.03,0,0,地推
11707,6901,2026-07-23 20:33:00,景点门票,102.81,0,0,抖音
11708,6902,2026-08-13 09:12:00,一日游套餐,359.23,1,1,抖音
11709,6903,2026-08-19 12:31:00,酒店预订,450.79,1,1,小红书
11710,6906,2026-06-30 08:21:00,景点门票,65.34,1,0,微信
11711,6906,2026-07-02 09:45:00,酒店预订,467.05,1,0,微信
11712,6906,2026-07-05 14:47:00,景点门票,116.27,1,0,微信
11713,6906,2026-07-23 15:11:00,酒店预订,337.09,1,1,微信
11714,6907,2026-07-28 11:03:00,景点门票,151.57,1,0,小红书
11715,6907,2026-08-30 09:56:00,一日游套餐,258.78,1,0,小红书
11716,6908,2026-07-15 08:02:00,酒店预订,307.0,1,0,微信
11717,6908,2026-07-15 16:33:00,一日游套餐,370.55,0,0,微信
11718,6908,2026-07-17 10:27:00,景点门票,148.04,1,0,微信
11719,6908,2026-07-24 08:45:00,景点门票,167.85,1,0,微信
11720,6908,2026-07-27 09:09:00,酒店预订,285.6,0,0,微信
11721,6909,2026-06-25 08:23:00,景点门票,153.01,1,0,地推
11722,6909,2026-07-06 20:37:00,景点门票,146.33,0,0,地推
11723,6911,2026-07-25 20:23:00,景点门票,158.76,1,0,小红书
11724,6913,2026-07-12 10:48:00,景点门票,82.78,1,0,小红书
11725,6913,2026-07-26 13:20:00,景点门票,177.87,1,0,小红书
11726,6914,2026-07-18 18:49:00,酒店预订,371.41,1,0,小红书
11727,6915,2026-06-25 17:48:00,景点门票,142.81,1,0,小红书
11728,6915,2026-07-13 20:25:00,酒店预订,327.62,1,0,小红书
11729,6916,2026-08-01 07:49:00,景点门票,57.04,1,0,微信
11730,6916,2026-08-11 11:13:00,酒店预订,484.67,0,0,微信
11731,6916,2026-08-29 10:46:00,景点门票,178.59,1,0,微信
11732,6917,2026-06-18 20:54:00,一日游套餐,312.96,1,0,抖音
11733,6917,2026-07-29 14:47:00,景点门票,132.78,1,0,抖音
11734,6918,2026-06-15 20:25:00,景点门票,134.02,1,0,小红书
11735,6918,2026-06-27 23:09:00,一日游套餐,318.45,1,0,小红书
11736,6918,2026-07-19 17:27:00,景点门票,125.05,0,0,小红书
11737,6918,2026-07-28 12:12:00,一日游套餐,247.23,0,0,小红书
11738,6919,2026-06-30 21:01:00,景点门票,98.26,1,0,自然
11739,6919,2026-07-07 21:29:00,一日游套餐,299.33,1,0,自然
11740,6920,2026-06-08 11:59:00,酒店预订,272.89,0,0,小红书
11741,6920,2026-07-09 20:39:00,一日游套餐,317.28,1,0,小红书
11742,6920,2026-07-20 14:03:00,景点门票,65.92,1,0,小红书
11743,6921,2026-06-14 14:46:00,景点门票,103.37,1,0,小红书
11744,6921,2026-06-27 21:16:00,一日游套餐,248.26,0,0,小红书
11745,6921,2026-06-28 21:40:00,酒店预订,244.45,0,0,小红书
11746,6922,2026-07-11 17:59:00,酒店预订,454.29,1,0,微信
11747,6922,2026-08-03 15:46:00,酒店预订,252.54,1,0,微信
11748,6923,2026-06-15 17:00:00,景点门票,116.31,1,0,抖音
11749,6924,2026-08-14 21:56:00,酒店预订,538.09,1,0,抖音
11750,6925,2026-07-24 18:18:00,一日游套餐,442.3,1,0,抖音
11751,6926,2026-07-09 21:19:00,一日游套餐,311.25,0,0,自然
11752,6927,2026-07-22 13:48:00,一日游套餐,254.89,0,0,自然
11753,6927,2026-08-23 21:18:00,酒店预订,217.56,1,0,自然
11754,6932,2026-07-12 22:28:00,酒店预订,335.96,1,0,小红书
11755,6932,2026-08-08 13:17:00,景点门票,76.83,1,0,小红书
11756,6934,2026-07-21 20:14:00,一日游套餐,209.48,1,0,小红书
11757,6934,2026-07-28 19:13:00,酒店预订,205.26,0,0,小红书
11758,6934,2026-07-30 13:27:00,酒店预订,296.92,1,0,小红书
11759,6934,2026-08-25 09:44:00,一日游套餐,239.0,1,0,小红书
11760,6935,2026-07-25 17:39:00,酒店预订,319.79,1,0,小红书
11761,6935,2026-07-28 10:41:00,景点门票,43.35,1,0,小红书
11762,6935,2026-08-01 20:05:00,酒店预订,290.36,1,0,小红书
11763,6937,2026-07-24 07:16:00,酒店预订,221.19,1,0,地推
11764,6938,2026-08-06 19:16:00,景点门票,120.07,1,0,抖音
11765,6938,2026-08-06 14:27:00,酒店预订,359.4,1,0,抖音
11766,6939,2026-06-07 19:46:00,景点门票,92.52,0,0,自然
11767,6939,2026-07-02 12:36:00,酒店预订,360.84,0,0,自然
11768,6939,2026-07-14 12:32:00,景点门票,83.08,1,0,自然
11769,6939,2026-07-26 19:17:00,景点门票,138.49,1,0,自然
11770,6941,2026-07-03 11:11:00,景点门票,154.87,0,0,小红书
11771,6941,2026-08-15 18:34:00,酒店预订,574.1,1,1,小红书
11772,6942,2026-08-06 12:16:00,景点门票,95.08,0,0,抖音
11773,6944,2026-07-05 18:08:00,一日游套餐,361.13,0,0,小红书
11774,6944,2026-07-22 20:10:00,一日游套餐,216.78,1,0,小红书
11775,6944,2026-07-24 15:15:00,一日游套餐,295.58,0,0,小红书
11776,6946,2026-06-29 21:55:00,景点门票,167.68,1,1,微信
11777,6946,2026-07-08 16:11:00,景点门票,66.82,1,0,微信
11778,6946,2026-07-08 16:12:00,景点门票,116.03,1,0,微信
11779,6946,2026-07-12 08:59:00,景点门票,127.53,1,0,微信
11780,6946,2026-07-13 13:27:00,酒店预订,388.55,1,0,微信
11781,6946,2026-07-29 18:18:00,景点门票,153.59,1,0,微信
11782,6946,2026-08-05 11:39:00,酒店预订,407.87,1,0,微信
11783,6946,2026-08-05 15:07:00,酒店预订,231.92,0,0,微信
11784,6946,2026-08-07 12:55:00,酒店预订,596.76,0,0,微信
11785,6946,2026-08-18 11:37:00,酒店预订,409.38,1,0,微信
11786,6946,2026-08-20 16:05:00,景点门票,88.38,1,0,微信
11787,6947,2026-06-27 08:35:00,一日游套餐,442.95,1,0,小红书
11788,6947,2026-07-19 20:07:00,景点门票,42.7,0,0,小红书
11789,6948,2026-06-28 22:00:00,一日游套餐,210.38,1,1,小红书
11790,6948,2026-07-12 23:03:00,酒店预订,345.46,1,0,小红书
11791,6949,2026-07-30 20:51:00,酒店预订,583.45,0,0,小红书
11792,6949,2026-07-30 16:14:00,景点门票,121.15,1,0,小红书
11793,6949,2026-08-18 19:01:00,景点门票,62.63,1,0,小红书
11794,6950,2026-07-19 10:55:00,景点门票,60.73,1,0,微信
11795,6950,2026-07-21 19:18:00,景点门票,177.31,1,0,微信
11796,6950,2026-07-21 17:42:00,一日游套餐,440.95,1,0,微信
11797,6950,2026-08-09 17:14:00,景点门票,108.83,1,0,微信
11798,6950,2026-08-15 09:20:00,一日游套餐,207.91,0,0,微信
11799,6951,2026-08-07 22:44:00,一日游套餐,313.56,0,0,小红书
11800,6951,2026-08-28 15:15:00,酒店预订,432.44,1,0,小红书
11801,6953,2026-07-19 09:29:00,酒店预订,331.78,1,0,自然
11802,6953,2026-08-23 20:21:00,一日游套餐,322.59,1,0,自然
11803,6954,2026-07-07 07:50:00,景点门票,71.18,1,0,小红书
11804,6954,2026-07-07 07:58:00,一日游套餐,423.63,0,0,小红书
11805,6957,2026-06-24 13:23:00,景点门票,164.84,1,0,自然
11806,6957,2026-06-24 19:03:00,酒店预订,201.38,1,0,自然
11807,6958,2026-08-04 11:21:00,酒店预订,204.4,0,0,抖音
11808,6960,2026-07-18 09:45:00,景点门票,138.37,1,0,地推
11809,6960,2026-07-19 10:19:00,景点门票,142.54,1,0,地推
11810,6960,2026-08-02 17:57:00,一日游套餐,209.85,1,0,地推
11811,6964,2026-07-05 13:19:00,景点门票,83.3,0,0,抖音
11812,6964,2026-07-11 14:58:00,景点门票,144.38,0,0,抖音
11813,6965,2026-06-24 22:02:00,一日游套餐,304.47,0,0,自然
11814,6965,2026-06-28 09:35:00,酒店预订,538.32,0,0,自然
11815,6965,2026-07-04 08:01:00,景点门票,86.12,1,0,自然
11816,6965,2026-07-05 08:41:00,景点门票,119.9,1,0,自然
11817,6965,2026-07-10 13:05:00,酒店预订,504.21,0,0,自然
11818,6965,2026-07-11 22:12:00,景点门票,88.19,1,0,自然
11819,6966,2026-08-05 13:40:00,酒店预订,387.38,1,0,抖音
11820,6968,2026-08-07 19:09:00,一日游套餐,361.4,1,0,自然
11821,6968,2026-08-10 17:42:00,景点门票,50.91,1,0,自然
11822,6968,2026-08-14 08:55:00,景点门票,112.9,0,0,自然
11823,6968,2026-08-16 08:19:00,景点门票,133.82,1,0,自然
11824,6971,2026-06-08 22:44:00,景点门票,57.86,1,0,微信
11825,6971,2026-06-10 12:26:00,一日游套餐,252.62,1,0,微信
11826,6971,2026-06-12 13:47:00,景点门票,140.62,0,0,微信
11827,6971,2026-06-14 21:45:00,酒店预订,598.0,1,0,微信
11828,6971,2026-06-15 08:16:00,酒店预订,508.64,1,0,微信
11829,6971,2026-06-15 11:22:00,景点门票,55.16,1,0,微信
11830,6971,2026-06-27 21:42:00,景点门票,131.56,1,0,微信
11831,6971,2026-07-08 09:13:00,景点门票,150.21,1,0,微信
11832,6971,2026-07-08 10:51:00,景点门票,80.51,1,0,微信
11833,6971,2026-07-30 12:06:00,景点门票,57.24,0,0,微信
11834,6972,2026-06-25 11:07:00,酒店预订,256.96,0,0,抖音
11835,6972,2026-06-29 10:49:00,一日游套餐,437.4,1,0,抖音
11836,6973,2026-07-14 15:07:00,一日游套餐,395.74,1,0,自然
11837,6973,2026-08-29 12:19:00,酒店预订,500.0,1,0,自然
11838,6974,2026-08-07 15:32:00,一日游套餐,366.94,1,0,地推
11839,6974,2026-08-15 07:21:00,景点门票,127.34,1,0,地推
11840,6974,2026-08-16 20:57:00,酒店预订,347.26,1,0,地推
11841,6975,2026-08-23 15:44:00,景点门票,143.05,1,0,抖音
11842,6976,2026-07-31 07:22:00,景点门票,169.41,0,0,自然
11843,6977,2026-06-17 16:41:00,景点门票,115.03,1,0,微信
11844,6977,2026-07-02 08:15:00,景点门票,156.07,1,0,微信
11845,6977,2026-08-09 19:53:00,酒店预订,436.16,1,0,微信
11846,6979,2026-07-03 19:02:00,景点门票,172.93,1,0,微信
11847,6979,2026-07-06 10:17:00,酒店预订,334.87,1,0,微信
11848,6979,2026-07-08 08:51:00,景点门票,132.81,1,0,微信
11849,6979,2026-08-25 08:38:00,景点门票,77.63,1,0,微信
11850,6980,2026-08-29 15:00:00,酒店预订,503.08,0,0,小红书
11851,6981,2026-07-10 17:51:00,酒店预订,284.33,1,0,地推
11852,6982,2026-07-16 11:50:00,一日游套餐,434.92,0,0,地推
11853,6982,2026-07-20 18:19:00,景点门票,50.78,1,0,地推
11854,6983,2026-08-15 19:53:00,酒店预订,223.79,1,0,自然
11855,6984,2026-08-02 16:29:00,景点门票,158.12,1,0,微信
11856,6984,2026-08-23 11:30:00,酒店预订,465.99,1,0,微信
11857,6985,2026-07-25 18:44:00,景点门票,63.76,1,1,抖音
11858,6986,2026-07-09 19:50:00,酒店预订,537.51,1,0,小红书
11859,6986,2026-07-09 17:31:00,景点门票,75.85,1,0,小红书
11860,6986,2026-07-17 20:46:00,景点门票,70.74,1,0,小红书
11861,6986,2026-07-17 12:21:00,景点门票,157.62,1,0,小红书
11862,6988,2026-07-22 13:19:00,景点门票,150.04,1,0,自然
11863,6988,2026-08-16 18:12:00,景点门票,90.56,1,0,自然
11864,6989,2026-06-22 20:15:00,一日游套餐,279.06,1,0,自然
11865,6989,2026-07-16 09:18:00,一日游套餐,233.75,1,0,自然
11866,6990,2026-07-13 14:10:00,景点门票,92.36,1,0,自然
11867,6990,2026-07-18 17:26:00,景点门票,109.21,1,0,自然
11868,6990,2026-07-24 11:55:00,酒店预订,579.69,1,1,自然
11869,6990,2026-08-18 10:01:00,酒店预订,488.47,1,0,自然
11870,6991,2026-08-15 21:06:00,酒店预订,370.62,1,0,自然
11871,6991,2026-08-26 20:22:00,一日游套餐,323.38,0,0,自然
11872,6992,2026-06-27 16:49:00,酒店预订,584.54,1,0,自然
11873,6992,2026-07-24 14:21:00,景点门票,157.21,1,0,自然
11874,6993,2026-07-19 20:57:00,景点门票,137.08,1,0,地推
11875,6994,2026-07-13 15:44:00,酒店预订,377.25,1,0,抖音
11876,6995,2026-07-18 21:26:00,景点门票,89.07,0,0,微信
11877,6995,2026-08-01 19:30:00,景点门票,96.29,1,0,微信
11878,6996,2026-07-02 20:16:00,一日游套餐,449.18,1,0,微信
11879,6996,2026-08-02 14:24:00,一日游套餐,295.19,1,0,微信
11880,6996,2026-08-12 09:17:00,酒店预订,393.53,0,0,微信
11881,6996,2026-08-28 19:54:00,景点门票,154.85,1,0,微信
11882,6997,2026-08-13 20:31:00,景点门票,87.01,1,0,小红书
11883,6998,2026-07-26 12:53:00,酒店预订,421.42,1,0,抖音
11884,6998,2026-08-03 13:36:00,景点门票,62.02,0,0,抖音
11885,6999,2026-07-26 10:58:00,酒店预订,438.01,0,0,微信
11886,6999,2026-08-31 20:58:00,景点门票,64.7,0,0,微信
11887,7000,2026-07-02 08:10:00,景点门票,61.49,0,0,小红书
11888,7001,2026-07-15 10:05:00,景点门票,130.18,1,0,小红书
11889,7001,2026-08-07 16:58:00,景点门票,105.34,0,0,小红书
11890,7002,2026-07-12 23:02:00,酒店预订,238.32,0,0,地推
11891,7003,2026-07-24 10:46:00,一日游套餐,255.67,1,0,小红书
11892,7004,2026-06-21 12:09:00,酒店预订,292.74,1,0,抖音
11893,7005,2026-07-21 20:57:00,景点门票,100.04,1,0,微信
11894,7005,2026-08-01 15:50:00,景点门票,137.69,0,0,微信
11895,7005,2026-08-09 20:14:00,酒店预订,390.41,0,0,微信
11896,7005,2026-08-19 12:45:00,一日游套餐,217.08,0,0,微信
11897,7005,2026-08-23 11:59:00,酒店预订,437.42,1,0,微信
11898,7007,2026-07-14 16:19:00,景点门票,111.36,1,0,微信
11899,7007,2026-07-14 15:16:00,酒店预订,498.9,1,0,微信
11900,7007,2026-07-23 08:12:00,一日游套餐,432.71,1,0,微信
11901,7008,2026-06-29 10:48:00,酒店预订,505.6,0,0,自然
11902,7008,2026-08-16 22:38:00,景点门票,141.17,1,0,自然
11903,7010,2026-07-25 20:35:00,酒店预订,449.09,1,1,抖音
11904,7011,2026-07-11 11:37:00,景点门票,93.91,1,0,自然
11905,7011,2026-08-04 09:00:00,酒店预订,411.67,0,0,自然
11906,7012,2026-07-20 13:19:00,酒店预订,184.59,0,0,地推
11907,7012,2026-07-26 21:37:00,一日游套餐,232.6,0,0,地推
11908,7012,2026-08-29 17:32:00,景点门票,173.49,1,0,地推
11909,7014,2026-07-02 20:17:00,景点门票,157.18,1,0,小红书
11910,7015,2026-07-23 08:59:00,酒店预订,304.73,1,0,自然
11911,7015,2026-07-24 10:26:00,景点门票,99.22,1,0,自然
11912,7017,2026-07-22 21:29:00,酒店预订,265.12,1,0,抖音
11913,7017,2026-07-31 11:24:00,酒店预订,451.06,0,0,抖音
11914,7018,2026-07-07 12:14:00,景点门票,40.06,1,1,自然
11915,7018,2026-07-13 07:19:00,一日游套餐,322.38,1,0,自然
11916,7018,2026-08-07 12:02:00,酒店预订,349.47,1,0,自然
11917,7018,2026-08-08 15:33:00,景点门票,136.82,1,0,自然
11918,7020,2026-07-05 12:15:00,酒店预订,599.76,1,0,抖音
11919,7020,2026-08-09 18:21:00,酒店预订,340.6,0,0,抖音
11920,7025,2026-08-16 09:04:00,酒店预订,376.57,1,0,自然
11921,7025,2026-08-28 14:09:00,酒店预订,344.26,0,0,自然
11922,7027,2026-07-18 14:25:00,一日游套餐,437.06,0,0,小红书
11923,7027,2026-08-09 21:13:00,景点门票,104.63,1,0,小红书
11924,7028,2026-07-01 16:27:00,一日游套餐,274.4,0,0,自然
11925,7028,2026-07-04 10:17:00,景点门票,174.19,0,0,自然
11926,7028,2026-07-18 20:31:00,一日游套餐,271.14,1,0,自然
11927,7028,2026-08-11 22:36:00,酒店预订,590.47,0,0,自然
11928,7029,2026-06-28 12:15:00,景点门票,55.45,0,0,小红书
11929,7029,2026-07-13 15:55:00,景点门票,158.15,1,0,小红书
11930,7029,2026-07-13 19:40:00,景点门票,138.83,1,0,小红书
11931,7030,2026-08-15 17:40:00,酒店预订,355.67,1,0,微信
11932,7030,2026-08-20 22:31:00,景点门票,76.42,0,0,微信
11933,7031,2026-06-25 08:13:00,酒店预订,409.99,0,0,自然
11934,7031,2026-07-03 07:50:00,景点门票,55.49,1,0,自然
11935,7033,2026-08-01 10:20:00,酒店预订,437.06,1,0,自然
11936,7034,2026-06-29 08:17:00,景点门票,102.22,1,0,自然
11937,7034,2026-07-03 11:47:00,酒店预订,360.32,1,1,自然
11938,7034,2026-08-01 14:34:00,景点门票,53.71,0,0,自然
11939,7034,2026-08-08 20:57:00,景点门票,127.39,1,0,自然
11940,7034,2026-08-15 08:23:00,酒店预订,247.58,1,0,自然
11941,7034,2026-08-26 21:41:00,景点门票,42.21,0,0,自然
11942,7035,2026-07-09 14:26:00,一日游套餐,404.22,1,0,自然
11943,7035,2026-08-11 19:05:00,酒店预订,560.2,1,0,自然
11944,7036,2026-07-17 15:55:00,酒店预订,588.82,1,0,小红书
11945,7036,2026-07-17 22:59:00,一日游套餐,288.05,0,0,小红书
11946,7036,2026-08-01 09:20:00,一日游套餐,265.39,1,0,小红书
11947,7036,2026-08-18 10:00:00,景点门票,79.56,0,0,小红书
11948,7036,2026-08-19 15:48:00,一日游套餐,333.06,0,0,小红书
11949,7037,2026-07-22 15:34:00,景点门票,101.67,0,0,自然
11950,7037,2026-07-25 21:53:00,酒店预订,339.15,1,0,自然
11951,7037,2026-08-10 23:01:00,酒店预订,432.17,0,0,自然
11952,7038,2026-06-25 11:12:00,景点门票,151.47,0,0,小红书
11953,7038,2026-07-12 16:29:00,酒店预订,189.46,0,0,小红书
11954,7039,2026-08-15 09:03:00,景点门票,80.83,1,0,微信
11955,7039,2026-08-19 13:59:00,景点门票,81.18,1,0,微信
11956,7040,2026-07-14 21:54:00,景点门票,78.49,1,0,地推
11957,7040,2026-08-06 17:52:00,酒店预订,337.0,0,0,地推
11958,7041,2026-07-13 22:08:00,酒店预订,229.08,1,0,小红书
11959,7041,2026-07-22 10:17:00,一日游套餐,433.8,0,0,小红书
11960,7041,2026-08-20 18:40:00,景点门票,129.73,1,0,小红书
11961,7042,2026-06-23 19:55:00,景点门票,178.11,1,0,自然
11962,7042,2026-07-04 13:51:00,景点门票,164.1,1,0,自然
11963,7042,2026-07-05 20:10:00,酒店预订,439.33,1,0,自然
11964,7043,2026-07-11 16:55:00,一日游套餐,430.36,0,0,自然
11965,7043,2026-07-21 22:40:00,酒店预订,476.1,1,1,自然
11966,7043,2026-08-12 21:35:00,景点门票,106.36,1,0,自然
11967,7043,2026-08-23 14:05:00,景点门票,173.22,1,0,自然
11968,7044,2026-07-11 20:36:00,一日游套餐,256.98,1,0,自然
11969,7046,2026-07-27 08:17:00,一日游套餐,354.27,1,0,地推
11970,7047,2026-08-31 09:38:00,一日游套餐,311.63,1,0,抖音
11971,7049,2026-08-07 20:09:00,景点门票,65.93,1,0,抖音
11972,7050,2026-08-02 11:00:00,酒店预订,560.83,1,0,自然
11973,7050,2026-08-09 07:32:00,景点门票,80.01,1,0,自然
11974,7051,2026-08-06 09:08:00,景点门票,77.36,1,0,地推
11975,7051,2026-08-06 18:20:00,一日游套餐,351.15,1,0,地推
11976,7051,2026-08-30 07:35:00,景点门票,61.69,1,0,地推
11977,7052,2026-06-22 11:07:00,一日游套餐,210.34,1,0,自然
11978,7052,2026-06-28 19:09:00,一日游套餐,212.39,1,0,自然
11979,7053,2026-06-30 18:33:00,酒店预订,328.4,0,0,抖音
11980,7055,2026-07-21 16:09:00,酒店预订,379.46,1,0,自然
11981,7057,2026-06-12 12:07:00,酒店预订,265.65,1,0,微信
11982,7057,2026-06-12 16:05:00,景点门票,101.25,1,0,微信
11983,7057,2026-06-14 15:02:00,酒店预订,453.78,1,0,微信
11984,7057,2026-07-04 09:26:00,景点门票,48.74,1,0,微信
11985,7057,2026-07-06 21:34:00,景点门票,163.53,1,0,微信
11986,7058,2026-08-02 16:00:00,一日游套餐,345.96,1,1,自然
11987,7058,2026-08-07 17:03:00,景点门票,75.08,0,0,自然
11988,7058,2026-08-07 12:14:00,景点门票,92.56,0,0,自然
11989,7059,2026-06-20 20:26:00,一日游套餐,379.63,1,1,小红书
11990,7061,2026-07-03 19:40:00,景点门票,53.6,1,1,自然
11991,7061,2026-07-03 16:03:00,酒店预订,492.96,0,0,自然
11992,7061,2026-07-04 16:29:00,景点门票,81.12,1,0,自然
11993,7061,2026-08-15 09:43:00,酒店预订,474.66,1,0,自然
11994,7062,2026-08-27 08:39:00,景点门票,145.13,1,0,自然
11995,7063,2026-07-04 11:12:00,景点门票,80.93,1,0,自然
11996,7063,2026-07-14 13:26:00,景点门票,45.58,1,0,自然
11997,7063,2026-08-08 11:44:00,酒店预订,236.03,0,0,自然
11998,7066,2026-07-10 16:03:00,一日游套餐,301.84,1,0,微信
11999,7066,2026-07-22 14:32:00,一日游套餐,349.95,0,0,微信
12000,7066,2026-08-21 09:40:00,一日游套餐,427.92,0,0,微信
12001,7067,2026-07-08 19:02:00,酒店预订,262.23,1,0,小红书
12002,7067,2026-07-11 18:35:00,一日游套餐,395.04,1,0,小红书
12003,7067,2026-07-23 12:26:00,酒店预订,307.28,1,0,小红书
12004,7069,2026-08-21 15:48:00,酒店预订,456.11,0,0,抖音
12005,7070,2026-08-04 18:34:00,酒店预订,558.17,1,0,小红书
12006,7070,2026-08-14 10:03:00,酒店预订,563.92,0,0,小红书
12007,7070,2026-08-22 21:29:00,酒店预订,304.39,0,0,小红书
12008,7072,2026-08-09 13:25:00,景点门票,167.22,0,0,自然
12009,7075,2026-07-06 08:50:00,景点门票,96.26,1,0,微信
12010,7075,2026-07-12 18:09:00,一日游套餐,359.48,1,0,微信
12011,7077,2026-08-06 08:16:00,景点门票,112.94,0,0,自然
12012,7077,2026-08-06 13:21:00,酒店预订,303.14,0,0,自然
12013,7077,2026-08-08 07:38:00,酒店预订,540.55,1,0,自然
12014,7079,2026-08-08 18:52:00,酒店预订,292.76,1,0,自然
12015,7079,2026-08-08 20:42:00,酒店预订,470.56,1,0,自然
12016,7079,2026-08-08 07:19:00,景点门票,160.13,1,0,自然
12017,7079,2026-08-12 14:57:00,一日游套餐,257.85,1,0,自然
12018,7079,2026-08-12 08:23:00,景点门票,153.68,0,0,自然
12019,7081,2026-06-10 14:41:00,酒店预订,555.58,1,0,微信
12020,7081,2026-06-19 07:43:00,一日游套餐,253.15,1,0,微信
12021,7081,2026-06-25 08:20:00,景点门票,59.63,1,0,微信
12022,7081,2026-07-14 17:15:00,景点门票,75.5,1,0,微信
12023,7081,2026-07-24 17:23:00,景点门票,40.24,1,0,微信
12024,7082,2026-06-28 12:36:00,景点门票,121.22,0,0,微信
12025,7082,2026-06-30 18:03:00,景点门票,54.88,0,0,微信
12026,7082,2026-07-13 15:17:00,一日游套餐,321.05,0,0,微信
12027,7082,2026-07-13 17:24:00,景点门票,100.46,1,0,微信
12028,7082,2026-07-17 21:44:00,一日游套餐,305.35,0,0,微信
12029,7082,2026-07-24 21:08:00,景点门票,138.09,0,0,微信
12030,7082,2026-07-24 18:29:00,景点门票,80.78,0,0,微信
12031,7083,2026-06-06 08:21:00,酒店预订,398.38,1,0,微信
12032,7083,2026-06-11 08:43:00,一日游套餐,417.05,1,0,微信
12033,7083,2026-06-15 21:27:00,酒店预订,267.54,1,0,微信
12034,7083,2026-07-12 23:07:00,酒店预订,551.58,1,0,微信
12035,7084,2026-07-21 07:46:00,景点门票,157.53,1,0,自然
12036,7086,2026-06-25 13:02:00,酒店预订,520.7,1,0,小红书
12037,7086,2026-06-28 08:27:00,酒店预订,302.03,1,0,小红书
12038,7086,2026-06-29 19:50:00,景点门票,154.8,1,0,小红书
12039,7086,2026-08-05 15:49:00,景点门票,46.11,1,0,小红书
12040,7086,2026-08-11 07:44:00,景点门票,52.98,1,0,小红书
12041,7087,2026-08-18 22:31:00,酒店预订,324.16,1,0,小红书
12042,7087,2026-08-20 08:44:00,一日游套餐,449.06,1,0,小红书
12043,7088,2026-07-15 19:24:00,酒店预订,460.72,1,0,自然
12044,7088,2026-07-15 14:31:00,景点门票,78.76,0,0,自然
12045,7089,2026-07-10 18:24:00,酒店预订,586.47,1,0,自然
12046,7089,2026-07-19 23:02:00,酒店预订,544.11,1,0,自然
12047,7089,2026-08-04 09:57:00,景点门票,77.52,1,1,自然
12048,7091,2026-07-31 19:12:00,景点门票,121.94,0,0,抖音
12049,7092,2026-07-09 17:37:00,景点门票,178.98,1,0,抖音
12050,7092,2026-07-15 08:40:00,酒店预订,504.31,1,1,抖音
12051,7092,2026-08-13 21:02:00,酒店预订,409.95,0,0,抖音
12052,7092,2026-08-31 14:21:00,一日游套餐,334.26,1,0,抖音
12053,7093,2026-07-13 20:14:00,酒店预订,367.86,0,0,微信
12054,7093,2026-07-23 15:51:00,酒店预订,320.8,1,0,微信
12055,7093,2026-08-03 13:05:00,景点门票,70.65,1,0,微信
12056,7093,2026-08-27 19:45:00,景点门票,138.08,0,0,微信
12057,7093,2026-08-30 12:44:00,景点门票,164.65,0,0,微信
12058,7094,2026-06-14 11:00:00,景点门票,114.19,1,0,微信
12059,7094,2026-06-15 21:34:00,酒店预订,550.2,1,0,微信
12060,7094,2026-06-15 16:49:00,景点门票,73.51,1,0,微信
12061,7094,2026-06-15 19:17:00,一日游套餐,281.71,0,0,微信
12062,7094,2026-06-22 21:52:00,酒店预订,497.26,1,0,微信
12063,7094,2026-06-22 22:36:00,酒店预订,489.03,1,0,微信
12064,7094,2026-07-05 17:48:00,酒店预订,533.93,1,0,微信
12065,7094,2026-07-14 21:31:00,一日游套餐,428.39,0,0,微信
12066,7095,2026-07-15 21:22:00,景点门票,125.69,1,0,小红书
12067,7095,2026-07-21 15:35:00,景点门票,138.74,1,0,小红书
12068,7096,2026-06-27 07:55:00,景点门票,54.76,1,1,自然
12069,7096,2026-07-14 13:06:00,一日游套餐,343.65,1,0,自然
12070,7096,2026-08-06 13:52:00,酒店预订,316.76,1,0,自然
12071,7098,2026-07-25 08:21:00,景点门票,92.43,0,0,抖音
12072,7099,2026-07-13 14:42:00,景点门票,40.75,1,0,自然
12073,7099,2026-07-25 09:21:00,一日游套餐,227.77,1,0,自然
12074,7100,2026-06-28 09:36:00,景点门票,82.21,1,0,自然
12075,7101,2026-08-07 12:50:00,酒店预订,188.48,1,0,抖音
12076,7101,2026-08-07 08:09:00,景点门票,153.33,0,0,抖音
12077,7102,2026-07-11 17:08:00,景点门票,86.65,0,0,自然
12078,7102,2026-07-12 18:12:00,景点门票,72.26,1,0,自然
12079,7103,2026-08-15 17:44:00,景点门票,76.66,1,0,抖音
12080,7106,2026-07-08 20:52:00,景点门票,124.73,1,0,自然
12081,7106,2026-07-20 16:04:00,一日游套餐,334.31,1,0,自然
12082,7106,2026-07-28 07:40:00,景点门票,172.12,1,0,自然
12083,7107,2026-08-08 15:36:00,景点门票,158.3,1,0,小红书
12084,7107,2026-08-09 16:48:00,景点门票,75.73,1,0,小红书
12085,7107,2026-08-16 21:34:00,一日游套餐,208.35,1,1,小红书
12086,7108,2026-08-23 09:49:00,景点门票,147.73,1,0,抖音
12087,7109,2026-06-19 09:34:00,酒店预订,494.55,0,0,抖音
12088,7110,2026-08-14 17:12:00,景点门票,43.9,1,0,自然
12089,7111,2026-08-21 13:19:00,一日游套餐,367.06,1,0,地推
12090,7112,2026-07-02 10:57:00,一日游套餐,424.36,1,0,小红书
12091,7112,2026-07-17 08:06:00,酒店预订,407.83,0,0,小红书
12092,7112,2026-08-08 17:36:00,景点门票,123.51,1,0,小红书
12093,7112,2026-08-12 10:39:00,一日游套餐,250.47,1,0,小红书
12094,7112,2026-08-17 11:34:00,酒店预订,212.71,1,0,小红书
12095,7113,2026-07-08 15:35:00,景点门票,60.77,1,0,小红书
12096,7114,2026-08-16 10:51:00,景点门票,57.64,1,0,抖音
12097,7115,2026-07-12 22:32:00,酒店预订,506.54,1,0,微信
12098,7115,2026-07-14 16:29:00,景点门票,122.42,0,0,微信
12099,7115,2026-07-14 19:31:00,景点门票,151.26,1,0,微信
12100,7116,2026-08-04 14:31:00,酒店预订,422.75,1,0,微信
12101,7116,2026-08-08 15:44:00,一日游套餐,439.65,1,0,微信
12102,7116,2026-08-16 21:23:00,景点门票,145.46,1,0,微信
12103,7117,2026-07-24 12:31:00,酒店预订,232.68,0,0,抖音
12104,7118,2026-07-26 14:05:00,一日游套餐,341.06,1,0,小红书
12105,7118,2026-08-18 12:20:00,景点门票,137.72,1,0,小红书
12106,7119,2026-06-04 07:35:00,景点门票,85.37,1,0,自然
12107,7119,2026-06-15 07:14:00,一日游套餐,433.75,1,0,自然
12108,7119,2026-06-15 09:29:00,景点门票,73.58,1,0,自然
12109,7119,2026-06-19 08:23:00,一日游套餐,372.07,1,0,自然
12110,7119,2026-08-02 11:48:00,一日游套餐,329.53,0,0,自然
12111,7120,2026-06-15 07:46:00,酒店预订,379.17,1,0,小红书
12112,7120,2026-06-30 19:35:00,酒店预订,491.53,1,0,小红书
12113,7120,2026-07-08 21:35:00,酒店预订,259.61,1,0,小红书
12114,7120,2026-07-08 17:12:00,景点门票,114.83,0,0,小红书
12115,7122,2026-08-07 19:32:00,酒店预订,531.07,0,0,自然
12116,7123,2026-07-01 12:18:00,一日游套餐,272.49,0,0,地推
12117,7123,2026-07-12 19:36:00,一日游套餐,392.01,0,0,地推
12118,7123,2026-08-06 09:40:00,一日游套餐,430.71,1,0,地推
12119,7124,2026-07-06 12:53:00,酒店预订,507.73,1,0,微信
12120,7124,2026-07-09 21:21:00,酒店预订,444.24,1,0,微信
12121,7124,2026-07-15 20:33:00,景点门票,162.37,1,0,微信
12122,7125,2026-07-22 11:00:00,酒店预订,336.3,0,0,自然
12123,7126,2026-07-18 14:40:00,景点门票,65.16,1,0,地推
12124,7126,2026-07-24 09:58:00,一日游套餐,386.98,0,0,地推
12125,7126,2026-08-06 18:14:00,景点门票,69.12,0,0,地推
12126,7128,2026-06-24 07:50:00,一日游套餐,417.79,0,0,抖音
12127,7129,2026-07-08 10:27:00,酒店预订,289.03,1,0,微信
12128,7129,2026-07-11 12:13:00,酒店预订,202.58,1,0,微信
12129,7129,2026-07-15 17:30:00,景点门票,175.23,1,0,微信
12130,7129,2026-07-16 13:11:00,酒店预订,454.18,1,0,微信
12131,7129,2026-08-06 20:16:00,酒店预订,571.86,1,0,微信
12132,7133,2026-06-30 14:59:00,一日游套餐,310.55,0,0,自然
12133,7133,2026-07-01 11:46:00,景点门票,136.98,1,0,自然
12134,7133,2026-07-10 09:06:00,一日游套餐,329.59,0,0,自然
12135,7133,2026-07-14 21:44:00,酒店预订,297.43,0,0,自然
12136,7134,2026-07-26 12:15:00,景点门票,156.93,0,0,抖音
12137,7134,2026-07-29 18:32:00,景点门票,80.85,1,0,抖音
12138,7136,2026-06-27 12:39:00,景点门票,49.4,1,0,小红书
12139,7137,2026-06-17 18:14:00,景点门票,92.35,1,0,自然
12140,7137,2026-06-20 12:18:00,一日游套餐,347.96,1,0,自然
12141,7137,2026-06-21 18:18:00,酒店预订,512.95,1,0,自然
12142,7137,2026-08-11 17:31:00,酒店预订,530.03,1,0,自然
12143,7137,2026-08-11 17:40:00,酒店预订,521.62,0,0,自然
12144,7138,2026-08-02 12:39:00,一日游套餐,379.07,1,0,自然
12145,7139,2026-07-11 13:17:00,景点门票,50.44,1,0,小红书
12146,7139,2026-07-20 22:59:00,酒店预订,434.38,1,0,小红书
12147,7139,2026-07-21 23:01:00,景点门票,118.91,0,0,小红书
12148,7139,2026-07-31 09:15:00,一日游套餐,320.54,1,0,小红书
12149,7139,2026-08-13 14:11:00,酒店预订,449.78,1,0,小红书
12150,7139,2026-08-23 11:38:00,酒店预订,378.02,1,0,小红书
12151,7139,2026-08-31 22:44:00,酒店预订,211.84,1,0,小红书
12152,7140,2026-07-26 18:46:00,一日游套餐,398.57,1,0,自然
12153,7144,2026-06-25 11:24:00,景点门票,135.74,1,0,自然
12154,7144,2026-07-13 09:07:00,一日游套餐,203.0,0,0,自然
12155,7145,2026-07-18 22:16:00,景点门票,94.2,0,0,微信
12156,7146,2026-06-29 15:11:00,酒店预订,391.92,1,0,小红书
12157,7146,2026-07-19 19:12:00,景点门票,123.89,1,0,小红书
12158,7146,2026-08-20 19:03:00,景点门票,69.82,1,0,小红书
12159,7148,2026-08-23 08:16:00,景点门票,43.81,1,0,微信
12160,7149,2026-07-19 18:42:00,酒店预订,220.8,0,0,小红书
12161,7149,2026-07-26 15:44:00,酒店预订,392.07,1,0,小红书
12162,7149,2026-08-01 20:54:00,一日游套餐,229.16,1,0,小红书
12163,7149,2026-08-01 09:15:00,景点门票,59.45,1,0,小红书
12164,7150,2026-07-02 12:31:00,酒店预订,527.66,1,0,小红书
12165,7150,2026-07-31 08:44:00,酒店预订,235.99,1,0,小红书
12166,7151,2026-06-28 11:49:00,景点门票,176.15,0,0,抖音
12167,7152,2026-07-18 17:09:00,一日游套餐,397.51,1,0,小红书
12168,7152,2026-08-10 13:32:00,景点门票,170.99,0,0,小红书
12169,7152,2026-08-10 07:51:00,酒店预订,309.78,0,0,小红书
12170,7154,2026-06-09 14:17:00,酒店预订,424.01,1,0,抖音
12171,7154,2026-08-03 22:55:00,酒店预订,562.36,0,0,抖音
12172,7154,2026-08-03 21:43:00,景点门票,126.5,1,0,抖音
12173,7155,2026-06-10 13:21:00,景点门票,103.42,1,0,微信
12174,7155,2026-06-11 13:52:00,酒店预订,405.59,1,0,微信
12175,7155,2026-06-18 13:19:00,景点门票,48.93,0,0,微信
12176,7155,2026-06-23 09:00:00,景点门票,107.89,1,0,微信
12177,7155,2026-07-21 12:25:00,景点门票,74.8,1,0,微信
12178,7156,2026-08-09 22:52:00,一日游套餐,254.1,1,0,小红书
12179,7157,2026-08-09 23:08:00,酒店预订,566.06,1,0,微信
12180,7157,2026-08-23 20:09:00,景点门票,167.57,1,0,微信
12181,7158,2026-07-09 08:58:00,景点门票,105.63,1,0,地推
12182,7158,2026-07-26 07:28:00,景点门票,149.52,1,0,地推
12183,7159,2026-08-06 23:07:00,景点门票,86.31,1,0,自然
12184,7163,2026-07-16 14:50:00,酒店预订,300.58,1,0,抖音
12185,7164,2026-07-28 20:37:00,酒店预订,392.07,0,0,微信
12186,7164,2026-07-28 14:28:00,一日游套餐,347.45,1,0,微信
12187,7164,2026-08-06 09:09:00,酒店预订,321.53,1,0,微信
12188,7164,2026-08-28 21:44:00,酒店预订,307.37,1,0,微信
12189,7164,2026-08-30 17:33:00,一日游套餐,380.68,0,0,微信
12190,7164,2026-08-30 18:45:00,景点门票,87.38,0,0,微信
12191,7167,2026-07-23 11:40:00,景点门票,179.56,1,0,小红书
12192,7168,2026-07-19 15:16:00,一日游套餐,402.71,1,0,自然
12193,7168,2026-08-08 10:22:00,酒店预订,260.8,1,0,自然
12194,7171,2026-07-30 17:06:00,酒店预订,183.05,1,0,抖音
12195,7172,2026-07-16 18:52:00,一日游套餐,369.79,1,0,抖音
12196,7172,2026-08-15 17:24:00,酒店预订,467.77,1,0,抖音
12197,7173,2026-06-20 22:49:00,景点门票,144.27,1,0,小红书
12198,7173,2026-07-19 14:46:00,景点门票,90.15,0,0,小红书
12199,7174,2026-08-08 18:53:00,景点门票,99.9,0,0,小红书
12200,7176,2026-07-26 14:06:00,景点门票,133.37,1,0,自然
12201,7176,2026-08-03 13:31:00,酒店预订,395.72,0,0,自然
12202,7177,2026-07-09 20:27:00,酒店预订,305.82,1,0,自然
12203,7178,2026-07-31 17:17:00,一日游套餐,363.04,1,0,地推
12204,7180,2026-08-24 19:08:00,酒店预订,213.99,1,0,抖音
12205,7181,2026-08-14 09:14:00,酒店预订,206.94,1,0,自然
12206,7182,2026-07-07 23:01:00,景点门票,71.03,0,0,抖音
12207,7183,2026-06-18 14:19:00,酒店预订,406.43,0,0,小红书
12208,7183,2026-06-22 12:47:00,景点门票,96.84,1,0,小红书
12209,7183,2026-08-09 10:10:00,酒店预订,333.57,1,0,小红书
12210,7184,2026-07-27 12:30:00,酒店预订,271.29,0,0,抖音
12211,7185,2026-06-20 15:34:00,景点门票,152.38,0,0,自然
12212,7185,2026-07-22 22:32:00,酒店预订,410.1,0,0,自然
12213,7186,2026-07-22 14:34:00,酒店预订,556.7,0,0,抖音
12214,7186,2026-08-05 23:03:00,酒店预订,279.28,0,0,抖音
12215,7187,2026-07-22 16:40:00,一日游套餐,329.71,0,0,自然
12216,7188,2026-08-19 21:30:00,酒店预订,399.97,1,0,抖音
12217,7189,2026-08-05 15:03:00,酒店预订,350.43,1,0,自然
12218,7189,2026-08-12 17:07:00,一日游套餐,396.83,0,0,自然
12219,7192,2026-08-11 22:10:00,景点门票,101.94,0,0,自然
12220,7192,2026-08-12 20:50:00,一日游套餐,304.05,1,0,自然
12221,7192,2026-08-22 16:15:00,景点门票,100.0,1,0,自然
12222,7192,2026-08-22 07:15:00,酒店预订,363.0,1,0,自然
12223,7193,2026-06-14 08:12:00,景点门票,50.96,1,0,抖音
12224,7194,2026-07-08 15:28:00,酒店预订,300.07,1,0,抖音
12225,7197,2026-07-21 21:08:00,酒店预订,346.82,0,0,自然
12226,7197,2026-07-27 12:06:00,酒店预订,294.8,0,0,自然
12227,7197,2026-07-27 19:13:00,景点门票,69.31,0,0,自然
12228,7197,2026-08-22 14:13:00,景点门票,82.8,0,0,自然
12229,7198,2026-07-02 18:43:00,景点门票,163.28,1,0,微信
12230,7198,2026-07-06 09:20:00,景点门票,171.9,1,0,微信
12231,7198,2026-08-01 15:38:00,景点门票,90.71,0,0,微信
12232,7199,2026-08-02 22:20:00,酒店预订,491.52,1,0,小红书
12233,7199,2026-08-05 21:02:00,一日游套餐,344.65,0,0,小红书
12234,7201,2026-07-08 11:22:00,酒店预订,217.93,1,0,抖音
12235,7202,2026-06-25 13:27:00,酒店预订,588.58,1,1,抖音
12236,7202,2026-07-05 08:41:00,景点门票,59.52,1,0,抖音
12237,7203,2026-07-18 13:54:00,景点门票,123.49,1,0,自然
12238,7204,2026-07-12 15:01:00,酒店预订,242.93,0,0,地推
12239,7204,2026-08-01 22:19:00,景点门票,127.16,0,0,地推
12240,7204,2026-08-04 11:43:00,一日游套餐,221.55,0,0,地推
12241,7205,2026-08-10 16:48:00,一日游套餐,415.54,0,0,小红书
12242,7205,2026-08-24 12:24:00,酒店预订,469.25,0,0,小红书
12243,7206,2026-07-23 22:17:00,景点门票,162.66,1,0,抖音
12244,7208,2026-08-02 20:33:00,景点门票,46.42,0,0,自然
12245,7208,2026-08-17 17:50:00,酒店预订,461.59,1,0,自然
12246,7209,2026-06-19 16:16:00,酒店预订,387.43,1,0,自然
12247,7209,2026-07-02 16:55:00,景点门票,155.66,1,0,自然
12248,7210,2026-08-07 10:58:00,酒店预订,269.66,1,0,小红书
12249,7210,2026-08-08 08:32:00,景点门票,77.07,1,0,小红书
12250,7211,2026-06-25 16:51:00,景点门票,46.21,1,0,抖音
12251,7211,2026-07-22 07:15:00,酒店预订,535.13,0,0,抖音
12252,7212,2026-07-07 17:25:00,一日游套餐,267.94,1,0,微信
12253,7212,2026-07-25 17:22:00,景点门票,127.78,0,0,微信
12254,7212,2026-07-25 08:45:00,酒店预订,234.36,0,0,微信
12255,7212,2026-08-13 09:08:00,一日游套餐,337.49,1,0,微信
12256,7213,2026-07-31 16:56:00,一日游套餐,437.37,1,0,小红书
12257,7213,2026-07-31 16:17:00,酒店预订,275.04,1,0,小红书
12258,7214,2026-08-30 15:17:00,酒店预订,558.35,1,0,小红书
12259,7215,2026-07-18 15:32:00,景点门票,154.9,1,0,微信
12260,7215,2026-07-21 18:59:00,景点门票,125.97,1,0,微信
12261,7216,2026-06-25 11:20:00,景点门票,140.08,1,0,自然
12262,7217,2026-06-17 09:59:00,景点门票,53.65,1,0,小红书
12263,7217,2026-07-25 12:47:00,一日游套餐,218.59,1,0,小红书
12264,7218,2026-07-31 20:12:00,景点门票,141.6,1,0,小红书
12265,7218,2026-08-23 19:53:00,景点门票,153.73,0,0,小红书
12266,7219,2026-08-01 07:40:00,酒店预订,586.51,1,0,自然
12267,7220,2026-08-12 18:42:00,景点门票,164.3,1,0,自然
12268,7220,2026-08-12 18:41:00,一日游套餐,440.0,1,0,自然
12269,7221,2026-07-11 11:07:00,景点门票,141.21,0,0,自然
12270,7221,2026-07-18 08:22:00,一日游套餐,222.02,1,1,自然
12271,7221,2026-08-19 11:36:00,酒店预订,403.04,1,0,自然
12272,7222,2026-07-09 08:57:00,酒店预订,351.52,1,1,自然
12273,7224,2026-06-18 08:37:00,景点门票,157.14,0,0,自然
12274,7224,2026-08-03 18:01:00,酒店预订,361.32,0,0,自然
12275,7224,2026-08-03 17:11:00,景点门票,125.83,1,0,自然
12276,7224,2026-08-11 18:04:00,酒店预订,387.88,0,0,自然
12277,7225,2026-07-11 19:37:00,景点门票,117.1,1,0,小红书
12278,7225,2026-08-02 20:11:00,酒店预订,235.14,1,0,小红书
12279,7228,2026-07-17 08:05:00,景点门票,85.64,1,0,抖音
12280,7228,2026-08-27 11:04:00,景点门票,128.46,0,0,抖音
12281,7229,2026-06-18 10:11:00,景点门票,47.84,0,0,自然
12282,7229,2026-06-21 10:06:00,酒店预订,417.55,0,0,自然
12283,7232,2026-08-20 12:36:00,一日游套餐,223.24,1,0,自然
12284,7232,2026-08-23 18:05:00,酒店预订,419.71,1,0,自然
12285,7233,2026-07-06 14:47:00,酒店预订,403.46,1,0,自然
12286,7233,2026-08-02 14:46:00,酒店预订,564.5,0,0,自然
12287,7233,2026-08-02 09:57:00,酒店预订,406.2,1,0,自然
12288,7235,2026-07-30 17:18:00,酒店预订,351.59,1,0,小红书
12289,7235,2026-08-08 16:34:00,景点门票,157.67,0,0,小红书
12290,7235,2026-08-18 14:38:00,景点门票,107.26,1,0,小红书
12291,7235,2026-08-20 16:39:00,景点门票,91.49,0,0,小红书
12292,7236,2026-06-26 21:05:00,一日游套餐,412.24,1,0,微信
12293,7236,2026-06-26 17:59:00,酒店预订,417.59,1,0,微信
12294,7236,2026-07-21 13:23:00,一日游套餐,236.44,0,0,微信
12295,7237,2026-07-27 21:39:00,酒店预订,261.24,1,0,抖音
12296,7237,2026-08-10 12:40:00,景点门票,91.35,1,0,抖音
12297,7238,2026-08-08 19:31:00,一日游套餐,314.59,1,0,小红书
12298,7238,2026-08-15 11:23:00,酒店预订,301.15,1,0,小红书
12299,7239,2026-07-12 08:11:00,景点门票,55.11,1,0,抖音
12300,7239,2026-07-31 11:44:00,景点门票,179.04,1,0,抖音
12301,7240,2026-06-29 20:03:00,一日游套餐,258.73,1,0,微信
12302,7241,2026-08-29 21:33:00,景点门票,120.04,1,1,抖音
12303,7242,2026-08-23 08:35:00,酒店预订,391.23,1,0,自然
12304,7243,2026-07-13 09:51:00,一日游套餐,246.34,1,0,小红书
12305,7243,2026-08-23 20:00:00,景点门票,64.51,1,0,小红书
12306,7244,2026-07-08 13:45:00,景点门票,116.18,0,0,微信
12307,7244,2026-07-10 21:24:00,一日游套餐,321.19,0,0,微信
12308,7244,2026-07-13 18:24:00,酒店预订,283.88,0,0,微信
12309,7244,2026-07-30 09:04:00,景点门票,98.2,1,0,微信
12310,7244,2026-07-30 21:28:00,景点门票,114.39,1,0,微信
12311,7244,2026-08-01 17:06:00,一日游套餐,334.0,1,0,微信
12312,7244,2026-08-23 14:30:00,酒店预订,358.37,0,0,微信
12313,7246,2026-08-13 13:36:00,景点门票,117.4,0,0,地推
12314,7246,2026-08-21 22:02:00,景点门票,46.19,0,0,地推
12315,7246,2026-08-22 21:26:00,一日游套餐,207.53,1,0,地推
12316,7247,2026-07-10 22:36:00,酒店预订,195.67,1,0,微信
12317,7247,2026-07-12 15:46:00,景点门票,121.48,1,0,微信
12318,7247,2026-07-13 20:03:00,酒店预订,427.92,1,1,微信
12319,7248,2026-07-21 15:48:00,景点门票,98.86,1,0,自然
12320,7249,2026-07-03 18:02:00,景点门票,114.47,1,0,微信
12321,7249,2026-07-05 17:20:00,景点门票,139.32,1,0,微信
12322,7251,2026-08-11 21:43:00,景点门票,169.89,1,0,抖音
12323,7252,2026-07-05 11:25:00,景点门票,121.11,1,0,抖音
12324,7253,2026-08-29 07:40:00,景点门票,54.76,1,0,微信
12325,7254,2026-07-05 21:37:00,景点门票,86.23,0,0,小红书
12326,7254,2026-07-05 15:13:00,酒店预订,430.96,0,0,小红书
12327,7254,2026-07-12 22:41:00,一日游套餐,272.47,1,0,小红书
12328,7254,2026-07-29 15:06:00,景点门票,111.64,1,0,小红书
12329,7255,2026-07-21 16:01:00,一日游套餐,308.86,0,0,抖音
12330,7255,2026-07-21 11:26:00,一日游套餐,226.31,1,0,抖音
12331,7256,2026-07-22 07:35:00,景点门票,119.22,1,0,自然
12332,7256,2026-07-24 14:00:00,景点门票,110.62,1,0,自然
12333,7256,2026-07-24 07:38:00,景点门票,113.85,1,0,自然
12334,7256,2026-08-01 09:48:00,景点门票,84.97,0,0,自然
12335,7256,2026-08-08 17:51:00,一日游套餐,404.14,0,0,自然
12336,7259,2026-06-28 14:53:00,景点门票,94.84,1,0,小红书
12337,7259,2026-07-15 09:50:00,酒店预订,431.78,1,0,小红书
12338,7260,2026-08-07 22:03:00,酒店预订,280.04,1,0,自然
12339,7261,2026-07-19 15:44:00,酒店预订,562.22,1,0,微信
12340,7261,2026-07-30 17:14:00,一日游套餐,357.03,0,0,微信
12341,7261,2026-08-27 19:43:00,酒店预订,314.94,1,0,微信
12342,7262,2026-07-19 20:46:00,景点门票,73.69,1,0,微信
12343,7262,2026-08-07 20:07:00,酒店预订,595.39,0,0,微信
12344,7265,2026-08-04 09:12:00,酒店预订,182.58,0,0,抖音
12345,7265,2026-08-08 19:05:00,景点门票,61.29,0,0,抖音
12346,7266,2026-07-09 10:38:00,一日游套餐,350.65,0,0,自然
12347,7266,2026-08-07 14:10:00,景点门票,130.11,1,0,自然
12348,7268,2026-07-15 15:36:00,景点门票,139.8,1,0,小红书
12349,7268,2026-08-21 12:36:00,一日游套餐,253.51,1,0,小红书
12350,7269,2026-07-08 22:33:00,一日游套餐,415.63,1,0,地推
12351,7271,2026-07-14 19:53:00,景点门票,166.29,1,0,微信
12352,7271,2026-07-17 13:45:00,景点门票,61.59,1,0,微信
12353,7271,2026-07-20 19:17:00,景点门票,135.06,1,0,微信
12354,7271,2026-08-02 18:47:00,酒店预订,586.85,0,0,微信
12355,7271,2026-08-09 15:56:00,景点门票,153.5,1,0,微信
12356,7273,2026-07-06 22:51:00,酒店预订,269.1,0,0,自然
12357,7273,2026-07-07 13:01:00,一日游套餐,249.12,0,0,自然
12358,7273,2026-08-04 15:14:00,一日游套餐,319.34,0,0,自然
12359,7274,2026-07-09 15:05:00,一日游套餐,209.94,1,0,自然
12360,7275,2026-08-04 16:02:00,酒店预订,527.86,1,0,小红书
12361,7275,2026-08-16 15:14:00,景点门票,161.91,0,0,小红书
12362,7276,2026-07-20 16:38:00,酒店预订,219.37,1,0,小红书
12363,7277,2026-07-18 13:10:00,酒店预订,556.61,0,0,抖音
12364,7278,2026-08-14 19:08:00,一日游套餐,241.52,0,0,小红书
12365,7279,2026-07-22 14:56:00,景点门票,89.14,0,0,小红书
12366,7279,2026-07-27 21:22:00,景点门票,129.67,0,0,小红书
12367,7280,2026-08-27 15:51:00,酒店预订,504.5,1,0,小红书
12368,7281,2026-06-20 19:46:00,景点门票,115.47,1,0,小红书
12369,7281,2026-07-04 20:45:00,酒店预订,283.17,0,0,小红书
12370,7281,2026-07-28 13:18:00,景点门票,130.1,0,0,小红书
12371,7282,2026-06-10 10:22:00,景点门票,78.34,0,0,自然
12372,7282,2026-06-15 22:19:00,景点门票,97.65,0,0,自然
12373,7282,2026-06-15 09:59:00,酒店预订,252.86,1,0,自然
12374,7282,2026-06-19 09:13:00,景点门票,158.62,1,0,自然
12375,7282,2026-06-21 18:43:00,景点门票,120.48,1,0,自然
12376,7283,2026-07-07 18:00:00,景点门票,92.8,0,0,自然
12377,7284,2026-07-22 20:32:00,酒店预订,555.66,1,0,自然
12378,7284,2026-08-21 20:06:00,酒店预订,296.4,1,0,自然
12379,7287,2026-07-19 15:53:00,一日游套餐,438.06,1,0,微信
12380,7287,2026-07-20 17:55:00,景点门票,170.03,1,0,微信
12381,7287,2026-08-22 16:23:00,景点门票,174.95,1,0,微信
12382,7288,2026-06-03 12:58:00,一日游套餐,409.68,1,0,自然
12383,7288,2026-07-25 15:15:00,酒店预订,561.92,1,0,自然
12384,7290,2026-07-16 22:18:00,一日游套餐,387.94,1,0,自然
12385,7290,2026-07-17 08:54:00,景点门票,116.97,1,0,自然
12386,7292,2026-06-21 21:53:00,酒店预订,275.3,0,0,自然
12387,7292,2026-07-05 09:04:00,景点门票,135.2,0,0,自然
12388,7292,2026-07-16 15:12:00,一日游套餐,379.98,1,0,自然
12389,7292,2026-07-18 19:13:00,一日游套餐,380.22,0,0,自然
12390,7292,2026-07-23 11:07:00,景点门票,155.87,0,0,自然
12391,7293,2026-07-17 10:18:00,酒店预订,471.16,0,0,微信
12392,7294,2026-06-05 11:46:00,一日游套餐,219.92,1,0,自然
12393,7294,2026-07-08 15:49:00,景点门票,55.11,1,0,自然
12394,7294,2026-07-11 22:41:00,景点门票,62.84,0,0,自然
12395,7294,2026-07-13 20:10:00,一日游套餐,413.02,0,0,自然
12396,7295,2026-08-23 09:54:00,酒店预订,562.17,0,0,小红书
12397,7296,2026-06-20 20:56:00,景点门票,56.11,1,0,地推
12398,7296,2026-07-02 16:54:00,景点门票,61.3,1,0,地推
12399,7297,2026-06-09 16:20:00,景点门票,104.67,0,0,小红书
12400,7297,2026-08-05 22:17:00,酒店预订,521.2,0,0,小红书
12401,7298,2026-07-12 18:51:00,景点门票,99.12,1,0,自然
12402,7298,2026-07-13 21:51:00,景点门票,145.98,1,0,自然
12403,7298,2026-07-16 18:44:00,酒店预订,192.02,1,0,自然
12404,7298,2026-07-19 18:52:00,景点门票,144.15,1,0,自然
12405,7298,2026-07-20 07:41:00,一日游套餐,280.69,1,0,自然
12406,7299,2026-08-10 18:23:00,酒店预订,185.23,1,0,地推
12407,7299,2026-08-15 18:51:00,景点门票,42.52,1,0,地推
12408,7300,2026-07-24 07:44:00,景点门票,179.09,0,0,小红书
12409,7300,2026-07-25 17:42:00,景点门票,171.02,1,0,小红书
12410,7300,2026-08-02 20:39:00,酒店预订,391.8,0,0,小红书
12411,7301,2026-08-14 22:16:00,一日游套餐,208.54,1,0,抖音
12412,7303,2026-07-01 12:15:00,酒店预订,442.39,1,0,微信
12413,7303,2026-07-01 17:39:00,酒店预订,194.04,1,0,微信
12414,7303,2026-07-10 17:52:00,酒店预订,291.32,1,0,微信
12415,7303,2026-07-11 10:47:00,景点门票,84.71,1,0,微信
12416,7303,2026-07-11 10:30:00,一日游套餐,291.51,1,0,微信
12417,7303,2026-07-25 20:18:00,酒店预订,422.65,1,0,微信
12418,7303,2026-08-20 18:28:00,酒店预订,451.02,1,0,微信
12419,7305,2026-06-23 22:51:00,景点门票,154.48,1,0,抖音
12420,7305,2026-08-22 14:48:00,景点门票,98.37,0,0,抖音
12421,7307,2026-08-30 20:45:00,酒店预订,236.63,0,0,自然
12422,7308,2026-08-20 19:05:00,酒店预订,225.66,1,0,微信
12423,7309,2026-07-13 09:25:00,景点门票,89.34,1,0,自然
12424,7309,2026-07-31 17:35:00,一日游套餐,370.98,1,1,自然
12425,7309,2026-08-08 19:38:00,酒店预订,577.73,1,0,自然
12426,7309,2026-08-15 14:39:00,酒店预订,470.54,1,0,自然
12427,7311,2026-06-25 21:38:00,一日游套餐,433.07,1,0,抖音
12428,7312,2026-08-20 22:01:00,景点门票,130.75,1,0,自然
12429,7313,2026-08-01 14:35:00,酒店预订,513.95,1,0,抖音
12430,7314,2026-06-17 09:19:00,一日游套餐,431.82,1,0,小红书
12431,7316,2026-08-07 21:33:00,酒店预订,420.03,1,0,自然
12432,7317,2026-07-13 10:36:00,景点门票,101.95,0,0,微信
12433,7317,2026-07-13 13:50:00,景点门票,160.72,1,0,微信
12434,7317,2026-07-14 17:01:00,酒店预订,511.55,1,1,微信
12435,7317,2026-07-15 21:17:00,酒店预订,347.01,1,0,微信
12436,7317,2026-07-17 11:03:00,酒店预订,181.47,1,0,微信
12437,7317,2026-08-23 17:54:00,景点门票,89.73,1,0,微信
12438,7318,2026-07-09 08:52:00,一日游套餐,342.37,1,0,地推
12439,7318,2026-08-09 23:03:00,酒店预订,202.52,0,0,地推
12440,7319,2026-06-14 14:10:00,酒店预订,354.82,1,0,抖音
12441,7321,2026-07-12 14:29:00,景点门票,92.02,0,0,自然
12442,7322,2026-07-11 11:30:00,酒店预订,258.04,1,0,自然
12443,7322,2026-07-19 21:22:00,酒店预订,561.96,1,0,自然
12444,7322,2026-07-21 08:31:00,酒店预订,221.14,0,0,自然
12445,7322,2026-08-03 16:19:00,酒店预订,186.38,1,0,自然
12446,7324,2026-06-22 21:20:00,酒店预订,275.67,1,0,地推
12447,7324,2026-07-13 13:21:00,酒店预订,402.25,1,0,地推
12448,7325,2026-06-16 17:22:00,景点门票,117.33,0,0,小红书
12449,7327,2026-08-26 10:20:00,一日游套餐,218.32,1,0,地推
12450,7328,2026-07-05 07:44:00,景点门票,142.16,0,0,抖音
12451,7328,2026-07-10 15:03:00,一日游套餐,442.12,1,0,抖音
12452,7331,2026-08-11 16:46:00,景点门票,78.25,1,0,自然
12453,7332,2026-06-24 14:16:00,一日游套餐,226.27,1,0,微信
12454,7333,2026-06-23 14:27:00,一日游套餐,322.13,0,0,抖音
12455,7334,2026-08-02 17:09:00,景点门票,88.71,1,0,小红书
12456,7337,2026-07-03 19:30:00,酒店预订,390.27,0,0,小红书
12457,7337,2026-07-24 17:03:00,一日游套餐,373.21,1,0,小红书
12458,7338,2026-07-20 10:04:00,景点门票,85.98,1,0,抖音
12459,7339,2026-08-22 16:24:00,景点门票,96.89,0,0,自然
12460,7341,2026-06-28 12:20:00,酒店预订,353.41,1,0,抖音
12461,7342,2026-07-13 12:09:00,酒店预订,258.05,1,0,自然
12462,7343,2026-08-07 23:00:00,酒店预订,198.32,0,0,微信
12463,7343,2026-08-10 11:17:00,酒店预订,552.59,1,0,微信
12464,7344,2026-07-14 22:13:00,景点门票,144.44,0,0,自然
12465,7344,2026-07-31 16:24:00,一日游套餐,261.24,1,0,自然
12466,7344,2026-08-23 10:07:00,景点门票,73.77,1,0,自然
12467,7347,2026-08-30 11:27:00,酒店预订,271.1,0,0,抖音
12468,7348,2026-06-27 12:17:00,一日游套餐,368.96,1,0,抖音
12469,7348,2026-08-21 15:32:00,景点门票,121.26,1,0,抖音
12470,7349,2026-08-02 08:59:00,景点门票,173.53,1,0,自然
12471,7349,2026-08-11 19:55:00,酒店预订,373.47,0,0,自然
12472,7349,2026-08-22 13:15:00,一日游套餐,246.97,1,0,自然
12473,7350,2026-07-21 15:47:00,景点门票,54.23,1,0,自然
12474,7351,2026-07-08 10:49:00,酒店预订,532.24,0,0,自然
12475,7352,2026-07-24 07:43:00,一日游套餐,367.07,1,0,自然
12476,7353,2026-08-17 14:54:00,景点门票,175.73,1,0,地推
12477,7355,2026-07-09 13:42:00,景点门票,121.19,1,0,抖音
12478,7355,2026-08-16 21:59:00,景点门票,113.81,0,0,抖音
12479,7355,2026-08-16 08:31:00,景点门票,97.74,0,0,抖音
12480,7356,2026-07-01 22:44:00,酒店预订,271.25,0,0,抖音
12481,7356,2026-07-02 12:46:00,景点门票,122.82,0,0,抖音
12482,7356,2026-07-06 12:47:00,酒店预订,254.63,0,0,抖音
12483,7356,2026-08-03 08:50:00,景点门票,83.06,1,1,抖音
12484,7357,2026-07-19 17:03:00,酒店预订,209.28,1,0,小红书
12485,7358,2026-06-09 13:37:00,酒店预订,532.43,1,0,自然
12486,7358,2026-06-15 16:15:00,景点门票,117.37,1,0,自然
12487,7359,2026-08-09 14:43:00,酒店预订,374.22,0,0,自然
12488,7360,2026-08-26 16:34:00,酒店预订,460.4,1,0,小红书
12489,7362,2026-07-20 18:57:00,酒店预订,386.05,0,0,微信
12490,7363,2026-06-25 10:56:00,景点门票,52.05,1,0,微信
12491,7363,2026-07-19 13:42:00,景点门票,161.97,0,0,微信
12492,7364,2026-07-26 13:02:00,酒店预订,318.77,1,0,微信
12493,7364,2026-08-05 09:27:00,一日游套餐,327.14,1,0,微信
12494,7364,2026-08-09 15:06:00,景点门票,177.22,0,0,微信
12495,7365,2026-06-24 11:53:00,一日游套餐,414.8,0,0,自然
12496,7366,2026-07-18 13:32:00,一日游套餐,206.51,1,0,自然
12497,7366,2026-07-31 22:18:00,酒店预订,578.34,1,0,自然
12498,7367,2026-06-27 17:35:00,酒店预订,535.2,1,0,自然
12499,7367,2026-07-03 14:46:00,景点门票,89.74,0,0,自然
12500,7367,2026-07-04 13:14:00,景点门票,115.65,0,0,自然
12501,7367,2026-07-04 13:31:00,酒店预订,535.65,1,1,自然
12502,7367,2026-08-12 13:51:00,景点门票,130.37,1,0,自然
12503,7368,2026-07-28 22:49:00,景点门票,95.46,0,0,微信
12504,7368,2026-08-23 14:14:00,景点门票,78.91,1,0,微信
12505,7368,2026-08-26 16:27:00,一日游套餐,247.23,1,0,微信
12506,7369,2026-08-19 12:26:00,一日游套餐,201.5,0,0,地推
12507,7370,2026-06-24 16:04:00,景点门票,158.17,1,0,地推
12508,7372,2026-06-22 15:08:00,一日游套餐,366.52,0,0,微信
12509,7373,2026-07-30 16:41:00,酒店预订,273.71,0,0,抖音
12510,7374,2026-07-20 22:33:00,酒店预订,339.8,1,0,微信
12511,7374,2026-07-29 14:51:00,一日游套餐,219.99,1,0,微信
12512,7374,2026-07-29 08:29:00,酒店预订,593.62,1,0,微信
12513,7374,2026-08-06 08:37:00,一日游套餐,415.53,1,0,微信
12514,7374,2026-08-09 13:28:00,酒店预订,271.3,1,0,微信
12515,7375,2026-07-30 12:42:00,景点门票,50.01,1,0,抖音
12516,7376,2026-06-28 09:01:00,景点门票,76.83,1,0,自然
12517,7376,2026-07-12 16:23:00,景点门票,142.54,0,0,自然
12518,7376,2026-08-05 15:13:00,景点门票,146.77,1,0,自然
12519,7377,2026-06-22 17:50:00,一日游套餐,342.93,1,0,自然
12520,7377,2026-07-13 19:50:00,酒店预订,226.09,0,0,自然
12521,7377,2026-07-18 14:24:00,景点门票,65.44,0,0,自然
12522,7380,2026-08-24 10:03:00,酒店预订,438.81,0,0,抖音
12523,7380,2026-08-28 08:26:00,一日游套餐,339.66,1,0,抖音
12524,7381,2026-08-25 08:14:00,酒店预订,297.55,1,0,抖音
12525,7383,2026-07-18 12:54:00,一日游套餐,319.06,1,1,地推
12526,7384,2026-06-23 16:32:00,景点门票,59.57,1,0,自然
12527,7386,2026-07-24 22:57:00,酒店预订,560.24,1,0,微信
12528,7386,2026-07-30 09:48:00,景点门票,59.93,1,0,微信
12529,7386,2026-08-10 20:12:00,景点门票,80.98,1,0,微信
12530,7386,2026-08-26 22:21:00,一日游套餐,250.14,0,0,微信
12531,7386,2026-08-30 13:21:00,酒店预订,419.57,0,0,微信
12532,7387,2026-08-11 21:47:00,景点门票,55.72,0,0,抖音
12533,7389,2026-07-11 09:09:00,酒店预订,554.16,1,0,自然
12534,7389,2026-07-23 09:44:00,酒店预订,308.64,0,0,自然
12535,7389,2026-08-01 15:54:00,酒店预订,424.97,1,0,自然
12536,7391,2026-07-18 10:48:00,景点门票,84.18,1,0,自然
12537,7392,2026-08-12 19:14:00,景点门票,64.98,0,0,自然
12538,7393,2026-06-20 22:25:00,酒店预订,405.27,1,0,自然
12539,7394,2026-07-14 11:07:00,酒店预订,524.88,1,0,小红书
12540,7394,2026-07-14 07:53:00,景点门票,150.42,0,0,小红书
12541,7394,2026-07-29 19:37:00,景点门票,147.68,0,0,小红书
12542,7395,2026-06-25 14:17:00,景点门票,57.92,1,0,微信
12543,7395,2026-06-27 14:32:00,一日游套餐,230.58,0,0,微信
12544,7395,2026-07-01 18:03:00,景点门票,76.28,0,0,微信
12545,7395,2026-07-11 15:53:00,酒店预订,478.77,1,0,微信
12546,7395,2026-08-02 20:52:00,酒店预订,581.0,0,0,微信
12547,7396,2026-07-06 22:43:00,酒店预订,397.43,1,0,微信
12548,7396,2026-07-10 11:03:00,酒店预订,236.51,1,1,微信
12549,7396,2026-07-10 12:51:00,酒店预订,419.9,1,0,微信
12550,7397,2026-06-11 17:51:00,景点门票,133.12,1,0,抖音
12551,7397,2026-06-24 11:26:00,景点门票,96.36,1,0,抖音
12552,7399,2026-08-13 20:43:00,景点门票,64.86,0,0,地推
12553,7400,2026-06-19 07:38:00,景点门票,73.97,1,1,微信
12554,7400,2026-06-22 19:57:00,酒店预订,297.37,1,0,微信
12555,7400,2026-06-24 14:16:00,一日游套餐,254.88,1,0,微信
12556,7400,2026-06-28 16:55:00,景点门票,116.4,1,0,微信
12557,7400,2026-08-09 14:20:00,一日游套餐,230.78,0,0,微信
12558,7400,2026-08-09 07:38:00,酒店预订,355.15,1,0,微信
12559,7400,2026-08-16 10:32:00,一日游套餐,207.6,1,0,微信
12560,7401,2026-08-15 19:18:00,酒店预订,398.58,0,0,抖音
12561,7404,2026-07-18 15:57:00,景点门票,107.01,0,0,抖音
12562,7405,2026-08-05 16:37:00,酒店预订,330.5,0,0,抖音
12563,7406,2026-08-12 14:49:00,酒店预订,513.39,0,0,自然
12564,7407,2026-06-13 11:01:00,一日游套餐,341.82,1,0,地推
12565,7407,2026-06-20 10:47:00,景点门票,90.87,0,0,地推
12566,7407,2026-07-31 08:18:00,酒店预订,347.2,1,0,地推
12567,7408,2026-08-09 18:56:00,一日游套餐,329.28,1,0,抖音
12568,7411,2026-08-03 22:32:00,景点门票,60.57,1,0,微信
12569,7411,2026-08-13 20:41:00,景点门票,83.95,1,0,微信
12570,7414,2026-07-06 20:55:00,酒店预订,583.83,1,0,小红书
12571,7415,2026-07-09 22:02:00,景点门票,99.15,0,0,小红书
12572,7415,2026-07-19 12:54:00,景点门票,106.4,1,0,小红书
12573,7415,2026-07-24 17:49:00,酒店预订,216.16,0,0,小红书
12574,7415,2026-07-24 12:25:00,一日游套餐,349.98,1,0,小红书
12575,7415,2026-08-12 15:49:00,一日游套餐,284.95,1,0,小红书
12576,7416,2026-07-08 07:18:00,一日游套餐,280.83,1,0,微信
12577,7416,2026-07-24 12:46:00,景点门票,118.95,0,0,微信
12578,7416,2026-07-28 11:10:00,景点门票,67.63,1,0,微信
12579,7416,2026-07-28 12:11:00,景点门票,154.58,0,0,微信
12580,7416,2026-08-05 13:37:00,景点门票,74.7,1,0,微信
12581,7416,2026-08-09 22:15:00,酒店预订,344.63,1,0,微信
12582,7416,2026-08-17 11:59:00,酒店预订,544.32,0,0,微信
12583,7416,2026-08-27 16:54:00,景点门票,46.26,1,0,微信
12584,7417,2026-07-27 15:56:00,景点门票,64.46,1,0,自然
12585,7418,2026-08-11 12:42:00,景点门票,123.95,1,0,微信
12586,7418,2026-08-14 12:20:00,酒店预订,481.02,0,0,微信
12587,7418,2026-08-20 17:56:00,景点门票,136.81,0,0,微信
12588,7420,2026-06-12 15:01:00,景点门票,74.49,0,0,自然
12589,7420,2026-06-17 22:45:00,酒店预订,539.76,1,0,自然
12590,7420,2026-06-22 08:07:00,一日游套餐,202.78,1,0,自然
12591,7420,2026-07-19 15:54:00,酒店预订,457.41,1,0,自然
12592,7420,2026-08-08 19:43:00,景点门票,93.48,1,0,自然
12593,7422,2026-07-25 09:13:00,一日游套餐,217.45,1,0,自然
12594,7425,2026-07-23 17:32:00,景点门票,174.04,1,0,小红书
12595,7425,2026-07-28 20:11:00,酒店预订,305.92,1,0,小红书
12596,7426,2026-08-03 22:52:00,景点门票,82.04,1,1,自然
12597,7426,2026-08-24 17:43:00,景点门票,123.02,1,0,自然
12598,7428,2026-07-14 20:09:00,一日游套餐,239.92,1,1,自然
12599,7428,2026-08-06 08:11:00,景点门票,132.06,1,0,自然
12600,7428,2026-08-06 13:30:00,景点门票,97.56,1,0,自然
12601,7428,2026-08-14 19:07:00,酒店预订,231.58,1,0,自然
12602,7428,2026-08-18 18:43:00,酒店预订,324.0,0,0,自然
12603,7428,2026-08-30 12:09:00,一日游套餐,449.79,1,0,自然
12604,7429,2026-08-10 16:54:00,景点门票,166.25,1,0,小红书
12605,7431,2026-06-27 20:55:00,酒店预订,234.81,1,0,微信
12606,7431,2026-06-27 11:51:00,景点门票,76.87,0,0,微信
12607,7431,2026-08-09 21:46:00,景点门票,108.72,1,0,微信
12608,7433,2026-07-08 18:17:00,一日游套餐,304.42,1,0,小红书
12609,7433,2026-07-11 13:01:00,景点门票,164.86,1,0,小红书
12610,7435,2026-06-29 21:17:00,景点门票,173.58,1,0,自然
12611,7435,2026-07-21 20:04:00,一日游套餐,364.8,1,0,自然
12612,7435,2026-08-20 17:26:00,景点门票,176.68,1,0,自然
12613,7436,2026-08-26 21:30:00,景点门票,134.6,0,0,抖音
12614,7437,2026-07-19 12:31:00,景点门票,164.29,1,0,自然
12615,7437,2026-08-29 17:14:00,景点门票,49.6,1,1,自然
12616,7438,2026-08-14 11:09:00,酒店预订,191.3,0,0,抖音
12617,7441,2026-08-22 14:53:00,景点门票,89.48,1,0,微信
12618,7442,2026-07-20 22:28:00,一日游套餐,432.42,1,0,微信
12619,7442,2026-07-24 13:21:00,景点门票,158.0,0,0,微信
12620,7442,2026-07-25 07:36:00,一日游套餐,364.26,1,0,微信
12621,7442,2026-07-30 20:39:00,一日游套餐,378.49,0,0,微信
12622,7442,2026-08-01 19:17:00,景点门票,161.1,1,0,微信
12623,7443,2026-07-12 16:47:00,景点门票,97.71,1,1,小红书
12624,7443,2026-08-27 07:48:00,酒店预订,521.5,1,0,小红书
12625,7444,2026-07-12 13:34:00,景点门票,143.05,0,0,自然
12626,7444,2026-08-20 12:33:00,景点门票,132.7,0,0,自然
12627,7445,2026-07-08 09:23:00,酒店预订,372.15,0,0,自然
12628,7445,2026-07-23 13:15:00,一日游套餐,224.75,1,0,自然
12629,7445,2026-07-23 12:15:00,酒店预订,340.84,1,0,自然
12630,7447,2026-07-08 17:03:00,景点门票,161.86,1,0,小红书
12631,7447,2026-07-14 22:04:00,景点门票,151.47,0,0,小红书
12632,7447,2026-07-29 15:52:00,一日游套餐,362.33,0,0,小红书
12633,7447,2026-08-23 14:03:00,酒店预订,406.8,0,0,小红书
12634,7448,2026-06-19 17:31:00,景点门票,96.69,0,0,抖音
12635,7448,2026-07-19 11:50:00,一日游套餐,266.26,0,0,抖音
12636,7448,2026-07-21 07:11:00,景点门票,146.97,0,0,抖音
12637,7449,2026-08-03 15:50:00,一日游套餐,367.44,1,0,抖音
12638,7449,2026-08-22 07:21:00,酒店预订,303.5,1,0,抖音
12639,7451,2026-08-06 19:08:00,景点门票,125.94,0,0,自然
12640,7453,2026-06-30 22:21:00,景点门票,45.34,1,0,抖音
12641,7453,2026-07-17 20:07:00,一日游套餐,434.7,1,0,抖音
12642,7453,2026-08-15 10:26:00,酒店预订,277.09,1,0,抖音
12643,7454,2026-07-05 21:29:00,一日游套餐,382.68,1,0,小红书
12644,7454,2026-07-09 16:20:00,酒店预订,307.11,1,0,小红书
12645,7454,2026-07-09 17:46:00,景点门票,165.0,0,0,小红书
12646,7454,2026-08-08 16:56:00,酒店预订,473.18,1,0,小红书
12647,7457,2026-07-14 09:17:00,景点门票,133.43,0,0,小红书
12648,7457,2026-07-30 19:37:00,一日游套餐,300.67,0,0,小红书
12649,7457,2026-07-30 21:04:00,景点门票,110.92,0,0,小红书
12650,7457,2026-07-31 07:39:00,景点门票,63.82,1,0,小红书
12651,7458,2026-07-19 21:45:00,景点门票,94.54,1,0,微信
12652,7458,2026-08-29 11:28:00,一日游套餐,261.49,0,0,微信
12653,7459,2026-07-08 09:10:00,一日游套餐,419.2,0,0,自然
12654,7459,2026-08-01 21:31:00,景点门票,161.01,0,0,自然
12655,7459,2026-08-25 20:28:00,景点门票,137.76,0,0,自然
12656,7460,2026-07-25 15:35:00,酒店预订,183.07,1,0,小红书
12657,7462,2026-07-28 13:45:00,景点门票,137.03,1,0,抖音
12658,7462,2026-08-13 10:44:00,景点门票,51.45,0,0,抖音
12659,7463,2026-06-22 22:03:00,酒店预订,536.69,1,0,自然
12660,7463,2026-06-22 21:22:00,景点门票,82.96,0,0,自然
12661,7463,2026-06-27 12:11:00,酒店预订,284.73,1,0,自然
12662,7463,2026-07-01 10:50:00,一日游套餐,373.25,1,0,自然
12663,7464,2026-08-02 12:46:00,酒店预订,186.31,1,1,地推
12664,7465,2026-07-04 16:04:00,景点门票,150.82,1,0,地推
12665,7465,2026-08-02 16:52:00,酒店预订,419.04,1,0,地推
12666,7465,2026-08-11 07:40:00,酒店预订,534.48,0,0,地推
12667,7465,2026-08-28 10:56:00,酒店预订,578.5,1,0,地推
12668,7467,2026-06-18 12:38:00,酒店预订,505.02,1,0,自然
12669,7467,2026-07-31 13:12:00,景点门票,70.08,0,0,自然
12670,7470,2026-07-17 14:26:00,酒店预订,183.05,0,0,小红书
12671,7471,2026-06-16 22:16:00,景点门票,78.02,0,0,自然
12672,7471,2026-06-23 16:55:00,酒店预订,221.51,1,0,自然
12673,7471,2026-06-27 12:48:00,景点门票,160.26,1,0,自然
12674,7471,2026-07-17 17:39:00,酒店预订,578.48,1,1,自然
12675,7471,2026-07-26 19:11:00,景点门票,146.69,1,0,自然
12676,7472,2026-07-31 20:24:00,景点门票,143.75,1,0,微信
12677,7472,2026-08-02 11:23:00,酒店预订,206.34,1,0,微信
12678,7472,2026-08-08 14:20:00,酒店预订,599.84,1,0,微信
12679,7472,2026-08-09 10:32:00,景点门票,101.3,0,0,微信
12680,7472,2026-08-09 09:31:00,一日游套餐,378.22,1,0,微信
12681,7473,2026-07-26 19:47:00,景点门票,41.57,0,0,抖音
12682,7474,2026-07-20 18:04:00,景点门票,85.41,1,0,抖音
12683,7475,2026-06-28 09:55:00,酒店预订,310.67,0,0,抖音
12684,7476,2026-08-08 10:30:00,一日游套餐,395.81,1,1,抖音
12685,7477,2026-07-14 12:32:00,酒店预订,397.26,0,0,抖音
12686,7478,2026-06-29 15:26:00,景点门票,142.13,0,0,自然
12687,7478,2026-07-12 10:04:00,一日游套餐,405.48,1,0,自然
12688,7478,2026-07-12 14:26:00,一日游套餐,232.42,1,0,自然
12689,7481,2026-07-06 16:54:00,景点门票,128.86,1,0,抖音
12690,7481,2026-07-07 18:01:00,酒店预订,491.14,1,0,抖音
12691,7481,2026-08-07 18:43:00,景点门票,114.57,1,0,抖音
12692,7482,2026-07-13 10:36:00,一日游套餐,412.62,0,0,地推
12693,7482,2026-07-18 22:37:00,一日游套餐,246.74,0,0,地推
12694,7483,2026-08-04 22:39:00,酒店预订,193.31,1,0,抖音
12695,7484,2026-06-29 20:45:00,酒店预订,471.88,1,0,微信
12696,7484,2026-06-30 11:46:00,酒店预订,359.76,1,0,微信
12697,7484,2026-07-03 10:30:00,景点门票,72.19,1,0,微信
12698,7484,2026-07-06 21:36:00,景点门票,77.53,0,0,微信
12699,7484,2026-08-18 18:41:00,酒店预订,224.61,0,0,微信
12700,7485,2026-06-28 16:20:00,酒店预订,206.53,0,0,自然
12701,7485,2026-07-04 14:31:00,景点门票,89.04,1,0,自然
12702,7485,2026-07-04 08:06:00,景点门票,106.5,1,0,自然
12703,7485,2026-07-05 14:21:00,一日游套餐,249.86,1,0,自然
12704,7485,2026-07-11 23:09:00,一日游套餐,220.8,1,0,自然
12705,7485,2026-07-20 08:56:00,景点门票,107.23,0,0,自然
12706,7486,2026-07-22 10:45:00,景点门票,113.19,0,0,微信
12707,7486,2026-08-09 13:58:00,酒店预订,212.76,1,0,微信
12708,7487,2026-07-05 21:21:00,景点门票,171.61,1,0,自然
12709,7487,2026-08-16 20:09:00,景点门票,155.41,1,0,自然
12710,7488,2026-08-07 12:56:00,酒店预订,291.09,1,0,自然
12711,7489,2026-08-13 19:12:00,景点门票,56.55,1,0,自然
12712,7489,2026-08-15 13:40:00,景点门票,91.51,1,0,自然
12713,7489,2026-08-18 08:51:00,景点门票,169.52,1,0,自然
12714,7489,2026-08-19 16:34:00,酒店预订,519.83,1,0,自然
12715,7489,2026-08-22 14:49:00,一日游套餐,246.93,1,0,自然
12716,7491,2026-07-26 20:35:00,酒店预订,292.76,0,0,地推
12717,7493,2026-06-15 16:30:00,酒店预订,222.85,0,0,微信
12718,7493,2026-06-23 11:44:00,酒店预订,424.93,1,0,微信
12719,7493,2026-06-24 22:32:00,一日游套餐,212.85,1,0,微信
12720,7493,2026-07-25 20:14:00,酒店预订,471.12,1,0,微信
12721,7494,2026-07-09 17:35:00,景点门票,93.53,1,0,自然
12722,7494,2026-07-18 09:07:00,景点门票,129.62,1,0,自然
12723,7494,2026-08-18 09:57:00,酒店预订,458.36,1,0,自然
12724,7496,2026-07-11 07:47:00,一日游套餐,283.05,1,0,小红书
12725,7496,2026-07-11 16:35:00,酒店预订,443.97,1,0,小红书
12726,7496,2026-07-12 08:19:00,景点门票,112.39,0,0,小红书
12727,7499,2026-06-16 20:55:00,一日游套餐,445.05,1,0,小红书
12728,7499,2026-07-19 16:50:00,一日游套餐,245.18,1,0,小红书
12729,7500,2026-06-20 18:00:00,酒店预订,230.63,0,0,自然
12730,7500,2026-06-26 11:09:00,酒店预订,356.87,1,0,自然
12731,7500,2026-07-04 14:55:00,一日游套餐,421.83,1,0,自然
12732,7501,2026-08-22 23:01:00,景点门票,165.6,0,0,抖音
12733,7502,2026-08-01 18:17:00,酒店预订,265.03,1,0,小红书
12734,7502,2026-08-09 14:13:00,酒店预订,250.16,1,0,小红书
12735,7502,2026-08-10 16:33:00,酒店预订,194.61,1,0,小红书
12736,7503,2026-07-23 13:36:00,酒店预订,536.49,1,1,自然
12737,7503,2026-08-10 10:54:00,一日游套餐,240.21,1,1,自然
12738,7504,2026-06-28 09:26:00,酒店预订,517.74,1,0,抖音
12739,7505,2026-06-15 19:39:00,酒店预订,360.93,0,0,抖音
12740,7506,2026-06-25 11:05:00,一日游套餐,203.98,1,0,小红书
12741,7506,2026-08-02 09:07:00,酒店预订,340.44,1,0,小红书
12742,7506,2026-08-03 16:10:00,酒店预订,547.81,0,0,小红书
12743,7507,2026-06-16 07:45:00,一日游套餐,397.54,0,0,地推
12744,7507,2026-06-19 21:50:00,酒店预订,501.42,1,0,地推
12745,7507,2026-07-10 11:06:00,景点门票,81.37,1,0,地推
12746,7507,2026-08-15 16:53:00,酒店预订,340.58,0,0,地推
12747,7508,2026-06-14 07:34:00,一日游套餐,324.35,1,0,微信
12748,7508,2026-07-04 09:03:00,酒店预订,506.69,0,0,微信
12749,7508,2026-07-04 18:26:00,一日游套餐,406.88,1,0,微信
12750,7508,2026-07-08 21:13:00,一日游套餐,261.2,1,0,微信
12751,7508,2026-07-08 07:46:00,景点门票,88.07,0,0,微信
12752,7508,2026-07-25 12:09:00,一日游套餐,214.95,1,0,微信
12753,7510,2026-07-18 13:21:00,酒店预订,432.2,1,0,小红书
12754,7510,2026-07-26 07:29:00,景点门票,155.52,0,0,小红书
12755,7511,2026-08-15 17:28:00,酒店预订,237.05,1,0,小红书
12756,7511,2026-08-30 15:41:00,景点门票,162.19,0,0,小红书
12757,7513,2026-08-03 21:07:00,景点门票,115.93,1,0,自然
12758,7513,2026-08-05 09:42:00,酒店预订,185.32,1,0,自然
12759,7514,2026-08-07 19:54:00,一日游套餐,410.74,1,0,小红书
12760,7514,2026-08-29 13:55:00,一日游套餐,215.6,1,0,小红书
12761,7515,2026-06-17 10:12:00,酒店预订,584.77,0,0,小红书
12762,7515,2026-06-18 14:24:00,景点门票,164.53,1,0,小红书
12763,7515,2026-06-20 15:04:00,景点门票,68.61,0,0,小红书
12764,7515,2026-08-08 22:59:00,景点门票,148.89,0,0,小红书
12765,7515,2026-08-12 17:32:00,景点门票,49.18,0,0,小红书
12766,7516,2026-06-09 08:36:00,景点门票,135.83,1,0,抖音
12767,7517,2026-07-06 15:48:00,景点门票,51.66,1,0,微信
12768,7517,2026-07-06 18:33:00,酒店预订,422.14,1,0,微信
12769,7517,2026-07-08 13:16:00,景点门票,168.76,0,0,微信
12770,7517,2026-07-17 16:12:00,景点门票,167.98,1,0,微信
12771,7517,2026-08-14 09:48:00,一日游套餐,417.64,1,0,微信
12772,7518,2026-06-28 10:17:00,景点门票,138.64,1,0,小红书
12773,7520,2026-07-01 07:41:00,酒店预订,597.23,1,0,自然
12774,7520,2026-07-04 18:15:00,景点门票,172.8,0,0,自然
12775,7520,2026-07-04 07:31:00,景点门票,60.04,1,0,自然
12776,7520,2026-07-11 13:35:00,景点门票,46.6,1,0,自然
12777,7521,2026-08-17 21:15:00,景点门票,125.75,1,0,自然
12778,7521,2026-08-21 15:27:00,景点门票,173.45,1,0,自然
12779,7521,2026-08-24 22:31:00,酒店预订,570.82,0,0,自然
12780,7521,2026-08-30 14:38:00,酒店预订,584.88,0,0,自然
12781,7523,2026-06-24 21:24:00,景点门票,107.46,1,0,抖音
12782,7523,2026-07-28 21:41:00,景点门票,80.47,1,0,抖音
12783,7524,2026-08-08 13:36:00,一日游套餐,401.85,0,0,自然
12784,7525,2026-07-31 12:24:00,酒店预订,463.15,0,0,自然
12785,7526,2026-08-30 21:28:00,景点门票,123.13,0,0,自然
12786,7527,2026-07-31 14:55:00,景点门票,41.15,1,0,微信
12787,7527,2026-08-14 07:10:00,一日游套餐,288.38,1,0,微信
12788,7527,2026-08-14 12:54:00,酒店预订,219.03,1,0,微信
12789,7527,2026-08-20 14:14:00,酒店预订,487.61,0,0,微信
12790,7528,2026-06-11 12:37:00,酒店预订,343.13,1,0,微信
12791,7528,2026-06-20 15:20:00,酒店预订,195.09,1,0,微信
12792,7529,2026-08-13 13:23:00,景点门票,93.35,0,0,抖音
12793,7529,2026-08-29 12:32:00,一日游套餐,233.11,0,0,抖音
12794,7530,2026-07-04 08:47:00,景点门票,89.94,0,0,自然
12795,7530,2026-07-12 08:32:00,酒店预订,485.96,0,0,自然
12796,7530,2026-08-09 14:36:00,一日游套餐,311.83,1,0,自然
12797,7530,2026-08-15 18:59:00,酒店预订,511.59,1,0,自然
12798,7531,2026-07-03 21:10:00,景点门票,130.92,1,0,自然
12799,7532,2026-07-30 21:54:00,一日游套餐,412.17,1,0,自然
12800,7532,2026-07-31 09:54:00,景点门票,91.28,1,0,自然
12801,7532,2026-08-02 20:45:00,一日游套餐,249.28,1,0,自然
12802,7532,2026-08-04 19:11:00,酒店预订,500.5,0,0,自然
12803,7532,2026-08-11 14:13:00,酒店预订,335.44,0,0,自然
12804,7533,2026-08-06 12:15:00,景点门票,52.42,1,0,抖音
12805,7534,2026-07-06 16:33:00,酒店预订,294.61,1,0,自然
12806,7535,2026-07-25 18:24:00,酒店预订,471.52,0,0,抖音
12807,7535,2026-07-25 11:38:00,景点门票,108.63,0,0,抖音
12808,7535,2026-07-30 13:57:00,景点门票,107.88,1,0,抖音
12809,7535,2026-07-31 20:09:00,一日游套餐,213.62,0,0,抖音
12810,7536,2026-07-13 09:05:00,酒店预订,337.7,1,0,地推
12811,7538,2026-06-27 07:21:00,酒店预订,452.68,1,0,微信
12812,7538,2026-06-27 19:31:00,一日游套餐,284.83,1,1,微信
12813,7538,2026-06-28 13:24:00,景点门票,49.79,1,0,微信
12814,7538,2026-07-02 11:54:00,景点门票,104.69,0,0,微信
12815,7538,2026-07-08 18:59:00,景点门票,112.08,1,0,微信
12816,7539,2026-07-22 14:48:00,酒店预订,293.55,1,0,自然
12817,7539,2026-08-02 21:41:00,景点门票,156.02,1,1,自然
12818,7540,2026-07-05 16:02:00,景点门票,47.05,0,0,自然
12819,7540,2026-07-06 15:56:00,酒店预订,581.05,1,0,自然
12820,7540,2026-07-14 22:39:00,一日游套餐,359.16,0,0,自然
12821,7540,2026-07-18 16:29:00,酒店预订,526.1,0,0,自然
12822,7540,2026-08-04 12:05:00,一日游套餐,242.11,1,0,自然
12823,7542,2026-07-04 22:24:00,酒店预订,382.73,0,0,抖音
12824,7542,2026-07-06 13:08:00,酒店预订,388.3,0,0,抖音
12825,7542,2026-07-15 18:58:00,酒店预订,244.05,1,0,抖音
12826,7542,2026-08-25 12:43:00,一日游套餐,396.9,1,0,抖音
12827,7543,2026-07-07 10:36:00,景点门票,90.45,1,0,小红书
12828,7546,2026-07-23 13:42:00,景点门票,83.92,1,0,抖音
12829,7547,2026-07-13 18:17:00,酒店预订,208.19,1,0,抖音
12830,7548,2026-06-24 08:10:00,一日游套餐,406.7,1,0,自然
12831,7548,2026-07-03 17:08:00,景点门票,92.08,0,0,自然
12832,7548,2026-07-10 07:46:00,景点门票,78.39,1,0,自然
12833,7548,2026-07-12 09:49:00,酒店预订,421.94,1,0,自然
12834,7548,2026-08-16 22:08:00,景点门票,102.56,1,0,自然
12835,7549,2026-07-24 18:07:00,酒店预订,221.3,1,0,自然
12836,7549,2026-08-10 14:32:00,酒店预订,318.25,0,0,自然
12837,7549,2026-08-27 21:09:00,酒店预订,376.95,0,0,自然
12838,7550,2026-07-14 15:14:00,酒店预订,239.37,0,0,自然
12839,7550,2026-07-18 09:44:00,景点门票,69.41,1,0,自然
12840,7550,2026-08-23 09:42:00,一日游套餐,373.89,1,0,自然
12841,7551,2026-06-12 20:19:00,景点门票,65.14,1,1,微信
12842,7552,2026-07-06 21:49:00,景点门票,68.67,0,0,小红书
12843,7553,2026-08-22 14:00:00,酒店预订,274.72,1,1,自然
12844,7554,2026-06-09 22:50:00,一日游套餐,328.16,0,0,自然
12845,7555,2026-07-29 07:56:00,景点门票,137.94,1,0,小红书
12846,7557,2026-07-23 11:51:00,酒店预订,575.45,1,0,自然
12847,7559,2026-07-05 12:39:00,景点门票,71.76,1,0,微信
12848,7559,2026-07-05 16:07:00,景点门票,114.04,1,0,微信
12849,7559,2026-07-09 19:51:00,一日游套餐,302.04,1,0,微信
12850,7562,2026-07-18 16:01:00,一日游套餐,310.92,1,0,自然
12851,7562,2026-07-26 15:32:00,酒店预订,431.51,0,0,自然
12852,7562,2026-07-27 12:10:00,一日游套餐,229.47,1,0,自然
12853,7563,2026-07-10 13:33:00,一日游套餐,313.01,1,0,自然
12854,7564,2026-07-18 19:47:00,景点门票,163.79,0,0,抖音
12855,7565,2026-08-05 13:38:00,一日游套餐,272.44,0,0,自然
12856,7565,2026-08-05 12:29:00,景点门票,94.19,0,0,自然
12857,7567,2026-07-07 22:08:00,景点门票,165.52,0,0,自然
12858,7567,2026-08-25 10:59:00,酒店预订,415.27,1,0,自然
12859,7567,2026-08-29 12:01:00,景点门票,160.33,1,0,自然
12860,7570,2026-06-13 16:12:00,景点门票,158.04,0,0,地推
12861,7570,2026-07-12 13:40:00,酒店预订,479.37,0,0,地推
12862,7570,2026-07-20 11:01:00,景点门票,161.41,0,0,地推
12863,7571,2026-07-08 21:47:00,景点门票,147.22,1,0,小红书
12864,7571,2026-07-30 17:11:00,景点门票,164.76,0,0,小红书
12865,7571,2026-08-06 19:54:00,一日游套餐,245.41,0,0,小红书
12866,7573,2026-07-27 13:45:00,一日游套餐,364.54,1,1,自然
12867,7573,2026-07-27 19:27:00,景点门票,161.63,1,0,自然
12868,7573,2026-07-30 22:16:00,景点门票,40.93,0,0,自然
12869,7575,2026-07-21 22:31:00,景点门票,67.25,0,0,自然
12870,7575,2026-07-26 11:02:00,酒店预订,182.47,1,1,自然
12871,7575,2026-08-01 08:03:00,景点门票,86.08,0,0,自然
12872,7576,2026-08-09 13:35:00,一日游套餐,377.56,0,0,地推
12873,7576,2026-08-12 22:47:00,景点门票,69.45,1,0,地推
12874,7577,2026-07-26 07:37:00,景点门票,94.41,1,0,地推
12875,7577,2026-08-16 07:37:00,酒店预订,469.96,0,0,地推
12876,7578,2026-07-02 17:33:00,酒店预订,281.65,1,0,自然
12877,7578,2026-07-03 23:04:00,景点门票,94.19,1,0,自然
12878,7578,2026-07-04 18:40:00,景点门票,123.02,1,0,自然
12879,7578,2026-07-14 19:27:00,一日游套餐,448.37,0,0,自然
12880,7578,2026-07-31 18:37:00,一日游套餐,370.43,1,0,自然
12881,7579,2026-06-14 19:48:00,酒店预订,540.53,1,0,自然
12882,7579,2026-07-06 08:28:00,酒店预订,479.16,1,0,自然
12883,7580,2026-08-02 21:06:00,酒店预订,280.66,0,0,抖音
12884,7581,2026-08-02 11:18:00,景点门票,49.44,1,0,自然
12885,7582,2026-07-01 22:07:00,酒店预订,523.21,0,0,微信
12886,7582,2026-07-16 17:56:00,酒店预订,578.76,1,0,微信
12887,7582,2026-07-23 22:41:00,景点门票,152.98,1,0,微信
12888,7582,2026-08-02 13:04:00,一日游套餐,223.14,0,0,微信
12889,7582,2026-08-09 12:53:00,景点门票,65.46,1,0,微信
12890,7582,2026-08-22 21:27:00,一日游套餐,405.78,1,0,微信
12891,7583,2026-08-17 16:23:00,景点门票,98.53,0,0,自然
12892,7584,2026-07-19 14:47:00,酒店预订,527.99,1,0,微信
12893,7584,2026-08-07 17:46:00,景点门票,122.11,0,0,微信
12894,7584,2026-08-07 19:23:00,景点门票,101.89,1,0,微信
12895,7585,2026-07-09 12:37:00,一日游套餐,441.33,1,0,抖音
12896,7585,2026-08-22 08:46:00,酒店预订,593.56,0,0,抖音
12897,7586,2026-07-29 15:05:00,一日游套餐,221.75,0,0,抖音
12898,7587,2026-07-28 07:22:00,景点门票,73.57,1,0,自然
12899,7587,2026-08-12 07:16:00,景点门票,98.71,1,0,自然
12900,7588,2026-08-04 23:03:00,景点门票,136.45,1,0,地推
12901,7591,2026-08-02 08:17:00,酒店预订,572.64,1,0,抖音
12902,7592,2026-08-06 14:07:00,一日游套餐,326.21,1,0,地推
12903,7594,2026-07-30 11:23:00,景点门票,168.17,0,0,微信
12904,7594,2026-08-09 17:59:00,景点门票,51.66,0,0,微信
12905,7594,2026-08-11 14:59:00,景点门票,114.53,0,0,微信
12906,7595,2026-07-29 16:29:00,酒店预订,398.12,1,0,小红书
12907,7595,2026-08-11 08:54:00,一日游套餐,215.32,0,0,小红书
12908,7595,2026-08-14 14:44:00,酒店预订,413.97,1,0,小红书
12909,7595,2026-08-14 12:27:00,酒店预订,527.64,1,0,小红书
12910,7596,2026-07-25 22:28:00,景点门票,149.95,1,0,微信
12911,7596,2026-08-08 21:44:00,一日游套餐,283.01,1,0,微信
12912,7596,2026-08-08 14:37:00,酒店预订,360.48,1,0,微信
12913,7596,2026-08-11 18:42:00,景点门票,156.64,1,0,微信
12914,7597,2026-07-07 10:20:00,景点门票,123.86,1,0,自然
12915,7597,2026-07-25 20:20:00,景点门票,121.0,0,0,自然
12916,7597,2026-07-25 08:49:00,景点门票,122.68,1,0,自然
12917,7598,2026-07-17 14:48:00,酒店预订,488.13,0,0,小红书
12918,7599,2026-08-21 09:30:00,酒店预订,370.9,0,0,抖音
12919,7604,2026-07-22 18:50:00,景点门票,45.95,0,0,抖音
12920,7605,2026-06-19 08:15:00,景点门票,167.43,1,0,微信
12921,7605,2026-06-20 08:03:00,一日游套餐,301.78,1,0,微信
12922,7605,2026-07-30 19:34:00,酒店预订,341.62,1,0,微信
12923,7605,2026-08-13 10:28:00,景点门票,50.41,1,0,微信
12924,7606,2026-07-02 18:05:00,景点门票,74.43,0,0,地推
12925,7606,2026-08-18 08:03:00,景点门票,48.7,1,0,地推
12926,7608,2026-08-02 09:18:00,景点门票,54.25,1,0,自然
12927,7609,2026-06-07 09:16:00,酒店预订,388.26,0,0,抖音
12928,7610,2026-06-21 22:26:00,酒店预订,282.62,1,0,微信
12929,7610,2026-06-21 16:14:00,酒店预订,268.99,1,0,微信
12930,7610,2026-07-22 15:25:00,景点门票,56.57,1,0,微信
12931,7611,2026-06-16 13:48:00,景点门票,134.91,1,0,微信
12932,7611,2026-06-28 07:19:00,酒店预订,257.84,1,0,微信
12933,7611,2026-07-04 11:05:00,酒店预订,515.53,1,0,微信
12934,7611,2026-07-09 21:30:00,景点门票,76.27,0,0,微信
12935,7612,2026-07-07 12:02:00,酒店预订,594.66,1,0,小红书
12936,7613,2026-07-22 16:54:00,酒店预订,597.88,0,0,小红书
12937,7613,2026-08-01 22:50:00,景点门票,130.8,0,0,小红书
12938,7613,2026-08-31 15:35:00,一日游套餐,345.62,1,0,小红书
12939,7616,2026-07-30 14:18:00,酒店预订,462.67,1,0,微信
12940,7616,2026-08-01 16:38:00,景点门票,171.07,1,0,微信
12941,7616,2026-08-07 18:45:00,景点门票,130.36,0,0,微信
12942,7618,2026-07-12 08:29:00,景点门票,42.49,0,0,小红书
12943,7618,2026-08-12 12:09:00,一日游套餐,374.72,1,0,小红书
12944,7618,2026-08-12 09:33:00,景点门票,151.77,1,0,小红书
12945,7618,2026-08-12 10:30:00,景点门票,75.94,1,0,小红书
12946,7618,2026-08-23 12:15:00,一日游套餐,276.22,0,0,小红书
12947,7618,2026-08-23 20:23:00,景点门票,66.73,0,0,小红书
12948,7619,2026-07-19 17:13:00,一日游套餐,290.42,1,0,小红书
12949,7619,2026-07-21 14:05:00,景点门票,103.19,1,1,小红书
12950,7620,2026-06-28 12:42:00,一日游套餐,306.44,1,0,微信
12951,7620,2026-06-29 10:17:00,酒店预订,574.96,1,0,微信
12952,7620,2026-07-28 12:24:00,酒店预订,331.47,0,0,微信
12953,7620,2026-07-28 22:38:00,景点门票,94.73,0,0,微信
12954,7620,2026-08-14 15:50:00,酒店预订,391.94,1,0,微信
12955,7620,2026-08-15 14:52:00,一日游套餐,438.04,0,0,微信
12956,7620,2026-08-18 14:50:00,酒店预订,530.63,0,0,微信
12957,7622,2026-07-30 22:47:00,景点门票,83.95,1,0,小红书
12958,7622,2026-08-25 18:30:00,酒店预订,277.0,1,0,小红书
12959,7622,2026-08-28 09:24:00,酒店预订,580.62,1,1,小红书
12960,7623,2026-07-28 20:16:00,酒店预订,322.56,1,0,自然
12961,7623,2026-07-28 13:21:00,景点门票,84.67,0,0,自然
12962,7623,2026-08-11 10:28:00,景点门票,77.13,1,0,自然
12963,7623,2026-08-12 13:40:00,景点门票,147.55,0,0,自然
12964,7623,2026-08-12 09:06:00,酒店预订,362.48,0,0,自然
12965,7624,2026-07-06 11:21:00,景点门票,96.74,1,0,自然
12966,7626,2026-06-30 12:14:00,景点门票,66.38,0,0,自然
12967,7626,2026-07-09 19:12:00,景点门票,159.32,1,0,自然
12968,7627,2026-08-13 14:48:00,景点门票,104.86,1,0,地推
12969,7628,2026-07-12 07:19:00,酒店预订,525.21,0,0,地推
12970,7629,2026-06-07 22:54:00,一日游套餐,355.33,1,0,自然
12971,7629,2026-06-16 19:34:00,景点门票,73.66,0,0,自然
12972,7629,2026-07-06 11:12:00,酒店预订,342.87,1,0,自然
12973,7629,2026-07-22 18:38:00,一日游套餐,330.15,1,0,自然
12974,7630,2026-07-20 21:22:00,一日游套餐,223.65,1,0,微信
12975,7630,2026-08-22 08:17:00,酒店预订,427.08,1,0,微信
12976,7632,2026-07-05 14:08:00,一日游套餐,348.88,1,0,小红书
12977,7633,2026-06-27 17:51:00,景点门票,160.64,1,0,微信
12978,7633,2026-06-28 10:21:00,景点门票,138.38,1,0,微信
12979,7633,2026-07-02 07:46:00,景点门票,158.96,1,0,微信
12980,7633,2026-07-23 16:25:00,酒店预订,267.1,0,0,微信
12981,7633,2026-07-25 08:07:00,景点门票,69.29,0,0,微信
12982,7633,2026-08-16 10:40:00,景点门票,124.52,1,0,微信
12983,7635,2026-08-11 22:38:00,酒店预订,511.97,1,0,自然
12984,7636,2026-07-10 08:28:00,景点门票,156.47,1,0,自然
12985,7636,2026-07-17 09:56:00,酒店预订,223.49,1,0,自然
12986,7636,2026-08-03 16:46:00,酒店预订,206.3,0,0,自然
12987,7636,2026-08-08 17:53:00,景点门票,138.77,0,0,自然
12988,7638,2026-07-29 19:50:00,酒店预订,262.37,1,0,地推
12989,7639,2026-06-27 16:18:00,酒店预订,202.77,0,0,抖音
12990,7639,2026-06-28 20:32:00,酒店预订,232.15,1,0,抖音
12991,7640,2026-06-30 13:58:00,酒店预订,344.93,1,0,抖音
12992,7641,2026-08-17 18:36:00,一日游套餐,290.0,1,0,自然
12993,7642,2026-07-13 17:37:00,景点门票,138.95,1,0,地推
12994,7642,2026-08-05 07:52:00,酒店预订,547.06,1,0,地推
12995,7643,2026-07-15 14:38:00,景点门票,154.95,1,0,抖音
12996,7643,2026-07-15 18:14:00,一日游套餐,223.4,0,0,抖音
12997,7644,2026-08-22 15:09:00,酒店预订,438.47,1,0,小红书
12998,7644,2026-08-24 13:39:00,一日游套餐,331.88,0,0,小红书
12999,7644,2026-08-24 10:39:00,景点门票,113.99,1,0,小红书
13000,7645,2026-07-17 15:09:00,酒店预订,189.28,0,0,小红书
13001,7646,2026-07-01 15:17:00,景点门票,92.19,1,0,自然
13002,7646,2026-07-01 12:03:00,一日游套餐,327.35,1,0,自然
13003,7646,2026-07-20 19:45:00,景点门票,97.79,1,0,自然
13004,7646,2026-08-23 11:25:00,一日游套餐,382.39,1,0,自然
13005,7646,2026-08-23 21:01:00,一日游套餐,362.17,1,0,自然
13006,7647,2026-06-16 18:24:00,景点门票,59.02,1,0,自然
13007,7647,2026-06-17 09:43:00,酒店预订,415.3,1,0,自然
13008,7647,2026-06-22 10:44:00,一日游套餐,387.68,1,0,自然
13009,7647,2026-07-21 10:05:00,酒店预订,308.02,1,0,自然
13010,7649,2026-08-18 07:29:00,一日游套餐,280.22,1,0,抖音
13011,7650,2026-06-14 10:55:00,酒店预订,257.82,0,0,小红书
13012,7650,2026-07-02 15:24:00,景点门票,44.76,1,0,小红书
13013,7650,2026-07-27 17:44:00,一日游套餐,248.24,1,1,小红书
13014,7650,2026-08-05 15:05:00,景点门票,154.35,0,0,小红书
13015,7651,2026-06-18 15:53:00,酒店预订,424.3,1,0,微信
13016,7651,2026-06-19 23:07:00,景点门票,94.71,1,0,微信
13017,7651,2026-06-20 16:27:00,酒店预订,342.32,1,0,微信
13018,7651,2026-06-25 19:04:00,酒店预订,569.39,1,0,微信
13019,7651,2026-06-27 09:58:00,酒店预订,298.55,0,0,微信
13020,7651,2026-06-30 21:16:00,一日游套餐,230.92,1,0,微信
13021,7651,2026-07-06 15:56:00,酒店预订,390.63,1,0,微信
13022,7651,2026-08-07 10:49:00,酒店预订,356.2,1,1,微信
13023,7651,2026-08-07 20:27:00,一日游套餐,324.25,1,0,微信
13024,7652,2026-07-09 21:01:00,一日游套餐,258.43,1,0,自然
13025,7652,2026-08-01 10:42:00,一日游套餐,439.72,1,0,自然
13026,7652,2026-08-03 15:41:00,景点门票,123.62,1,0,自然
13027,7652,2026-08-17 17:39:00,一日游套餐,443.71,1,0,自然
13028,7653,2026-07-28 21:27:00,酒店预订,239.22,1,0,抖音
13029,7654,2026-08-16 08:31:00,酒店预订,338.96,1,0,自然
13030,7654,2026-08-17 11:38:00,景点门票,154.15,0,0,自然
13031,7655,2026-08-03 08:56:00,酒店预订,469.95,0,0,自然
13032,7656,2026-06-22 16:29:00,一日游套餐,376.14,0,0,微信
13033,7656,2026-07-05 21:48:00,景点门票,70.22,0,0,微信
13034,7656,2026-07-13 23:09:00,一日游套餐,216.59,1,0,微信
13035,7656,2026-07-13 12:50:00,一日游套餐,351.08,1,0,微信
13036,7657,2026-07-25 20:55:00,景点门票,83.35,0,0,微信
13037,7657,2026-07-26 20:48:00,酒店预订,572.62,0,0,微信
13038,7657,2026-07-29 11:18:00,一日游套餐,302.53,0,0,微信
13039,7657,2026-08-04 16:11:00,景点门票,52.92,1,0,微信
13040,7657,2026-08-15 08:28:00,一日游套餐,368.34,1,0,微信
13041,7658,2026-06-10 15:25:00,景点门票,85.01,1,0,微信
13042,7658,2026-06-20 11:39:00,酒店预订,213.27,1,0,微信
13043,7658,2026-07-12 21:58:00,酒店预订,241.76,1,0,微信
13044,7658,2026-07-12 20:49:00,景点门票,92.99,1,0,微信
13045,7662,2026-07-27 17:39:00,一日游套餐,376.69,1,0,地推
13046,7663,2026-06-30 09:19:00,景点门票,174.08,1,0,小红书
13047,7663,2026-08-01 21:09:00,酒店预订,489.62,1,0,小红书
13048,7665,2026-08-13 09:40:00,景点门票,106.64,1,0,自然
13049,7665,2026-08-13 09:26:00,酒店预订,346.68,1,0,自然
13050,7667,2026-07-06 17:52:00,景点门票,54.48,1,0,微信
13051,7667,2026-07-07 20:49:00,一日游套餐,225.05,1,0,微信
13052,7667,2026-07-11 23:06:00,一日游套餐,320.64,1,0,微信
13053,7667,2026-07-11 12:19:00,酒店预订,519.25,1,0,微信
13054,7667,2026-07-12 10:45:00,一日游套餐,399.72,1,0,微信
13055,7667,2026-07-16 10:19:00,酒店预订,391.76,1,0,微信
13056,7667,2026-07-16 21:07:00,一日游套餐,428.17,1,0,微信
13057,7667,2026-08-01 17:33:00,一日游套餐,438.05,0,0,微信
13058,7667,2026-08-01 22:12:00,景点门票,63.93,1,0,微信
13059,7667,2026-08-24 16:13:00,景点门票,128.75,1,0,微信
13060,7667,2026-08-28 09:44:00,酒店预订,248.83,1,0,微信
13061,7668,2026-08-19 09:08:00,一日游套餐,444.42,1,0,抖音
13062,7668,2026-08-23 14:30:00,景点门票,56.21,1,1,抖音
13063,7669,2026-07-25 14:53:00,景点门票,149.27,0,0,小红书
13064,7669,2026-07-28 23:03:00,一日游套餐,432.01,0,0,小红书
13065,7669,2026-08-10 19:02:00,景点门票,150.24,0,0,小红书
13066,7670,2026-06-22 12:13:00,一日游套餐,388.38,0,0,抖音
13067,7672,2026-07-20 08:58:00,酒店预订,434.05,1,0,自然
13068,7672,2026-08-03 08:57:00,一日游套餐,324.91,1,0,自然
13069,7672,2026-08-12 14:44:00,景点门票,89.69,1,0,自然
13070,7672,2026-08-13 16:27:00,一日游套餐,337.61,0,0,自然
13071,7672,2026-08-14 10:55:00,景点门票,143.46,1,0,自然
13072,7672,2026-08-31 19:56:00,酒店预订,367.97,1,0,自然
13073,7673,2026-07-26 07:59:00,酒店预订,260.42,0,0,地推
13074,7677,2026-06-19 08:21:00,酒店预订,493.21,1,0,自然
13075,7677,2026-06-27 08:49:00,酒店预订,258.95,0,0,自然
13076,7681,2026-08-05 19:10:00,景点门票,98.47,1,0,地推
13077,7681,2026-08-15 22:11:00,酒店预订,265.72,1,0,地推
13078,7682,2026-07-04 22:46:00,景点门票,82.02,1,0,小红书
13079,7682,2026-07-07 17:33:00,景点门票,51.91,0,0,小红书
13080,7682,2026-08-15 09:05:00,一日游套餐,222.2,1,0,小红书
13081,7682,2026-08-15 11:53:00,酒店预订,360.29,0,0,小红书
13082,7683,2026-06-30 16:49:00,景点门票,82.4,0,0,抖音
13083,7683,2026-08-08 21:42:00,景点门票,56.16,0,0,抖音
13084,7684,2026-07-11 16:58:00,一日游套餐,413.28,0,0,微信
13085,7684,2026-08-07 09:52:00,景点门票,143.17,1,0,微信
13086,7684,2026-08-08 10:09:00,一日游套餐,255.58,1,0,微信
13087,7685,2026-07-25 09:57:00,景点门票,114.59,1,0,自然
13088,7685,2026-08-02 07:52:00,酒店预订,349.96,0,0,自然
13089,7686,2026-07-17 17:04:00,景点门票,159.47,1,0,微信
13090,7686,2026-08-05 16:37:00,酒店预订,501.83,1,0,微信
13091,7687,2026-08-28 15:19:00,景点门票,130.94,0,0,抖音
13092,7688,2026-07-27 13:41:00,一日游套餐,213.67,1,0,小红书
13093,7688,2026-08-09 20:29:00,酒店预订,325.23,1,0,小红书
13094,7690,2026-07-11 09:15:00,酒店预订,408.31,0,0,抖音
13095,7691,2026-06-30 13:53:00,酒店预订,551.84,1,0,自然
13096,7691,2026-08-04 14:54:00,景点门票,49.11,1,0,自然
13097,7691,2026-08-23 16:52:00,景点门票,161.12,1,0,自然
13098,7691,2026-08-24 11:58:00,酒店预订,430.29,0,0,自然
13099,7691,2026-08-24 18:37:00,酒店预订,527.07,0,0,自然
13100,7694,2026-07-24 17:18:00,景点门票,175.92,1,0,自然
13101,7695,2026-08-07 17:49:00,景点门票,45.71,0,0,自然
13102,7695,2026-08-11 16:29:00,酒店预订,541.71,0,0,自然
13103,7695,2026-08-12 18:48:00,景点门票,121.49,1,0,自然
13104,7695,2026-08-27 10:37:00,景点门票,86.4,1,0,自然
13105,7696,2026-08-02 15:00:00,景点门票,152.89,1,0,小红书
13106,7696,2026-08-13 17:38:00,景点门票,156.0,1,0,小红书
13107,7697,2026-08-05 11:34:00,一日游套餐,321.19,1,1,抖音
13108,7698,2026-07-30 10:22:00,景点门票,102.5,1,0,微信
13109,7698,2026-08-14 21:24:00,景点门票,176.26,0,0,微信
13110,7698,2026-08-30 12:00:00,景点门票,54.23,1,0,微信
13111,7699,2026-06-28 22:37:00,酒店预订,346.73,1,0,自然
13112,7699,2026-07-07 16:32:00,一日游套餐,224.18,0,0,自然
13113,7701,2026-06-20 07:55:00,酒店预订,494.93,1,0,自然
13114,7703,2026-07-16 16:10:00,酒店预订,237.32,0,0,抖音
13115,7705,2026-06-09 19:41:00,一日游套餐,310.66,1,0,抖音
13116,7706,2026-07-05 19:48:00,景点门票,41.52,0,0,抖音
13117,7707,2026-07-02 14:27:00,一日游套餐,403.44,1,0,自然
13118,7707,2026-07-10 20:51:00,景点门票,155.08,1,0,自然
13119,7707,2026-08-11 14:44:00,酒店预订,505.7,0,0,自然
13120,7708,2026-08-01 14:30:00,景点门票,118.29,1,0,抖音
13121,7710,2026-06-04 09:57:00,景点门票,43.03,1,0,小红书
13122,7710,2026-08-04 14:15:00,酒店预订,387.33,1,0,小红书
13123,7712,2026-08-03 22:25:00,一日游套餐,200.03,1,1,微信
13124,7712,2026-08-06 10:17:00,一日游套餐,356.5,1,1,微信
13125,7713,2026-08-18 10:48:00,景点门票,80.43,1,0,抖音
13126,7714,2026-07-27 16:03:00,酒店预订,257.86,1,0,自然
13127,7714,2026-08-09 16:25:00,景点门票,101.69,1,1,自然
13128,7714,2026-08-12 12:41:00,一日游套餐,261.53,1,0,自然
13129,7714,2026-08-15 19:50:00,酒店预订,189.56,0,0,自然
13130,7715,2026-06-17 11:49:00,酒店预订,510.28,1,0,自然
13131,7715,2026-06-18 15:27:00,景点门票,76.87,1,0,自然
13132,7715,2026-07-09 09:52:00,景点门票,75.47,1,0,自然
13133,7715,2026-07-12 17:47:00,景点门票,151.81,1,0,自然
13134,7715,2026-07-15 09:33:00,酒店预订,482.23,1,0,自然
13135,7716,2026-07-18 22:48:00,景点门票,61.58,1,0,自然
13136,7718,2026-08-08 15:49:00,一日游套餐,326.07,1,0,微信
13137,7718,2026-08-08 17:53:00,一日游套餐,412.05,0,0,微信
13138,7719,2026-06-11 15:30:00,景点门票,117.41,0,0,微信
13139,7719,2026-06-16 17:31:00,景点门票,179.86,1,0,微信
13140,7721,2026-06-27 13:07:00,一日游套餐,206.32,1,0,自然
13141,7721,2026-07-04 11:32:00,景点门票,83.15,0,0,自然
13142,7722,2026-06-04 07:24:00,景点门票,79.57,1,1,微信
13143,7722,2026-07-05 10:58:00,一日游套餐,361.41,0,0,微信
13144,7722,2026-07-21 13:34:00,酒店预订,286.95,1,0,微信
13145,7722,2026-07-26 22:58:00,一日游套餐,325.1,1,0,微信
13146,7722,2026-07-28 14:20:00,景点门票,73.31,1,0,微信
13147,7724,2026-06-20 19:26:00,景点门票,179.94,1,1,抖音
13148,7724,2026-07-06 18:02:00,一日游套餐,412.23,1,0,抖音
13149,7725,2026-08-14 14:50:00,景点门票,125.14,0,0,微信
13150,7725,2026-08-18 17:47:00,景点门票,154.51,1,0,微信
13151,7725,2026-08-20 15:56:00,酒店预订,274.59,0,0,微信
13152,7725,2026-08-30 21:00:00,酒店预订,542.94,0,0,微信
13153,7726,2026-07-12 08:07:00,酒店预订,577.02,1,0,抖音
13154,7726,2026-08-13 10:56:00,景点门票,53.52,0,0,抖音
13155,7727,2026-07-13 10:52:00,景点门票,67.15,1,0,自然
13156,7728,2026-07-13 09:32:00,酒店预订,455.64,0,0,自然
13157,7728,2026-08-18 21:59:00,酒店预订,597.44,0,0,自然
13158,7728,2026-08-31 18:36:00,景点门票,166.42,0,0,自然
13159,7729,2026-06-16 08:29:00,景点门票,55.27,1,0,小红书
13160,7729,2026-06-19 18:32:00,一日游套餐,224.24,1,0,小红书
13161,7729,2026-07-05 12:31:00,一日游套餐,202.96,1,0,小红书
13162,7731,2026-08-09 20:13:00,景点门票,116.92,0,0,小红书
13163,7731,2026-08-13 11:34:00,景点门票,138.31,1,0,小红书
13164,7734,2026-07-17 14:56:00,景点门票,68.75,0,0,自然
13165,7735,2026-07-18 15:57:00,景点门票,126.86,0,0,微信
13166,7735,2026-07-18 18:36:00,景点门票,114.42,1,0,微信
13167,7735,2026-07-30 13:46:00,酒店预订,336.88,0,0,微信
13168,7736,2026-07-01 12:20:00,景点门票,75.69,0,0,抖音
13169,7736,2026-07-01 07:18:00,酒店预订,237.73,1,0,抖音
13170,7736,2026-07-08 21:24:00,景点门票,140.12,0,0,抖音
13171,7736,2026-07-31 22:07:00,景点门票,43.49,1,0,抖音
13172,7737,2026-06-24 10:57:00,酒店预订,417.8,1,0,小红书
13173,7737,2026-06-28 20:17:00,景点门票,152.74,0,0,小红书
13174,7737,2026-07-02 09:21:00,酒店预订,347.21,1,0,小红书
13175,7737,2026-07-26 18:44:00,景点门票,105.85,1,0,小红书
13176,7739,2026-06-25 15:25:00,景点门票,114.99,1,0,自然
13177,7742,2026-08-08 14:29:00,酒店预订,286.02,1,0,抖音
13178,7743,2026-06-10 15:20:00,一日游套餐,424.26,1,0,微信
13179,7743,2026-06-13 12:11:00,景点门票,167.78,1,0,微信
13180,7743,2026-06-22 13:49:00,酒店预订,479.37,1,0,微信
13181,7743,2026-06-22 16:36:00,一日游套餐,202.38,0,0,微信
13182,7743,2026-06-28 20:45:00,景点门票,167.43,1,0,微信
13183,7744,2026-07-17 10:16:00,景点门票,140.87,0,0,地推
13184,7745,2026-08-16 11:30:00,景点门票,64.05,1,0,微信
13185,7746,2026-07-23 12:48:00,酒店预订,514.98,0,0,小红书
13186,7747,2026-06-09 21:05:00,一日游套餐,433.25,1,0,抖音
13187,7747,2026-06-26 21:41:00,酒店预订,298.73,1,0,抖音
13188,7748,2026-06-29 19:53:00,一日游套餐,317.35,0,0,小红书
13189,7748,2026-06-29 10:38:00,景点门票,148.95,1,0,小红书
13190,7749,2026-06-23 12:41:00,景点门票,79.55,1,0,自然
13191,7750,2026-07-11 19:07:00,酒店预订,469.76,1,0,微信
13192,7750,2026-07-12 12:14:00,酒店预订,245.86,0,0,微信
13193,7750,2026-07-20 19:05:00,酒店预订,555.06,1,0,微信
13194,7751,2026-07-02 08:03:00,一日游套餐,220.76,1,0,微信
13195,7751,2026-07-13 14:38:00,酒店预订,343.9,1,0,微信
13196,7751,2026-07-13 19:28:00,酒店预订,322.9,1,1,微信
13197,7751,2026-08-18 15:05:00,酒店预订,407.44,1,0,微信
13198,7751,2026-08-18 15:22:00,酒店预订,202.86,0,0,微信
13199,7751,2026-08-23 13:18:00,酒店预订,205.55,1,0,微信
13200,7751,2026-08-31 22:49:00,景点门票,110.45,1,0,微信
13201,7752,2026-06-29 08:44:00,景点门票,94.82,1,0,自然
13202,7752,2026-07-02 17:08:00,景点门票,127.17,1,0,自然
13203,7752,2026-07-17 16:37:00,景点门票,138.7,1,0,自然
13204,7752,2026-07-25 17:04:00,酒店预订,197.01,1,0,自然
13205,7752,2026-07-25 10:52:00,一日游套餐,296.51,1,0,自然
13206,7753,2026-08-19 07:39:00,景点门票,47.81,1,0,地推
13207,7756,2026-07-22 13:24:00,景点门票,147.61,1,0,地推
13208,7757,2026-07-04 17:22:00,景点门票,69.5,0,0,自然
13209,7757,2026-07-06 23:04:00,景点门票,104.84,1,0,自然
13210,7757,2026-08-26 15:36:00,酒店预订,213.96,1,0,自然
13211,7758,2026-07-25 18:47:00,景点门票,123.97,1,0,自然
13212,7758,2026-08-03 09:29:00,景点门票,45.63,0,0,自然
13213,7761,2026-07-11 20:17:00,景点门票,97.68,1,0,抖音
13214,7762,2026-07-10 17:29:00,酒店预订,223.87,1,0,地推
13215,7763,2026-07-08 09:18:00,酒店预订,424.71,1,0,自然
13216,7763,2026-07-25 10:10:00,酒店预订,216.53,1,0,自然
13217,7763,2026-08-07 08:49:00,酒店预订,497.52,1,0,自然
13218,7764,2026-06-12 17:30:00,景点门票,84.46,1,1,自然
13219,7765,2026-08-06 08:27:00,一日游套餐,332.43,0,0,小红书
13220,7765,2026-08-08 16:27:00,一日游套餐,351.56,0,0,小红书
13221,7766,2026-08-08 15:59:00,景点门票,153.56,0,0,自然
13222,7766,2026-08-24 08:01:00,景点门票,70.09,1,0,自然
13223,7767,2026-06-28 18:18:00,景点门票,174.66,0,0,小红书
13224,7767,2026-07-21 10:04:00,景点门票,63.06,0,0,小红书
13225,7768,2026-08-07 22:30:00,景点门票,96.4,1,0,抖音
13226,7768,2026-08-23 19:07:00,景点门票,113.87,1,0,抖音
13227,7770,2026-06-07 09:47:00,景点门票,84.27,0,0,小红书
13228,7770,2026-07-19 12:46:00,酒店预订,239.09,1,0,小红书
13229,7770,2026-08-01 07:52:00,酒店预订,280.4,1,0,小红书
13230,7771,2026-06-30 17:26:00,景点门票,103.42,1,0,自然
13231,7771,2026-07-21 23:00:00,一日游套餐,233.37,1,0,自然
13232,7772,2026-06-03 17:30:00,景点门票,169.21,0,0,自然
13233,7772,2026-06-13 12:07:00,酒店预订,433.3,1,1,自然
13234,7772,2026-06-17 19:38:00,景点门票,87.26,1,0,自然
13235,7772,2026-07-25 14:25:00,景点门票,90.48,1,0,自然
13236,7773,2026-07-04 11:23:00,一日游套餐,307.47,1,0,自然
13237,7773,2026-07-22 08:22:00,一日游套餐,401.95,0,0,自然
13238,7773,2026-08-18 08:58:00,一日游套餐,400.24,1,1,自然
13239,7774,2026-07-24 10:26:00,景点门票,90.19,1,0,地推
13240,7775,2026-08-06 07:14:00,酒店预订,256.71,1,0,小红书
13241,7777,2026-06-26 14:33:00,酒店预订,309.12,1,0,自然
13242,7777,2026-06-28 10:23:00,景点门票,139.96,0,0,自然
13243,7777,2026-08-22 12:24:00,景点门票,170.92,0,0,自然
13244,7778,2026-07-10 13:15:00,景点门票,78.9,1,0,微信
13245,7778,2026-08-26 19:37:00,景点门票,73.39,1,0,微信
13246,7778,2026-08-27 16:45:00,酒店预订,185.44,1,0,微信
13247,7779,2026-06-29 11:37:00,景点门票,79.18,1,1,自然
13248,7779,2026-07-01 13:06:00,一日游套餐,331.59,1,0,自然
13249,7779,2026-07-01 15:50:00,酒店预订,294.95,1,0,自然
13250,7779,2026-07-06 12:52:00,景点门票,126.12,1,0,自然
13251,7780,2026-07-20 16:26:00,酒店预订,534.44,1,0,小红书
13252,7780,2026-07-24 12:16:00,景点门票,164.57,1,0,小红书
13253,7780,2026-08-15 13:50:00,酒店预订,515.1,0,0,小红书
13254,7780,2026-08-16 07:16:00,一日游套餐,337.68,1,0,小红书
13255,7781,2026-07-07 14:43:00,一日游套餐,283.8,1,0,微信
13256,7781,2026-07-08 16:00:00,景点门票,163.23,1,0,微信
13257,7782,2026-08-10 21:11:00,一日游套餐,319.8,1,1,自然
13258,7784,2026-06-30 18:36:00,一日游套餐,433.6,1,0,自然
13259,7784,2026-07-27 18:30:00,景点门票,60.51,1,0,自然
13260,7786,2026-08-22 15:19:00,景点门票,151.64,1,0,地推
13261,7788,2026-08-16 09:23:00,景点门票,87.71,1,0,微信
13262,7790,2026-07-25 21:31:00,景点门票,154.34,1,0,自然
13263,7790,2026-07-28 16:43:00,酒店预订,269.09,1,0,自然
13264,7790,2026-07-28 13:04:00,景点门票,175.7,1,0,自然
13265,7790,2026-07-29 19:18:00,景点门票,125.06,1,0,自然
13266,7790,2026-08-15 19:22:00,景点门票,169.25,1,1,自然
13267,7791,2026-06-26 21:11:00,景点门票,122.16,0,0,小红书
13268,7791,2026-07-05 12:34:00,酒店预订,505.75,1,0,小红书
13269,7791,2026-07-13 18:10:00,酒店预订,589.74,1,0,小红书
13270,7792,2026-08-01 12:14:00,酒店预订,222.07,1,0,抖音
13271,7792,2026-08-16 12:34:00,景点门票,114.34,1,0,抖音
13272,7793,2026-07-23 22:30:00,酒店预订,255.45,1,0,自然
13273,7793,2026-07-28 10:05:00,景点门票,114.13,1,0,自然
13274,7793,2026-08-04 16:52:00,一日游套餐,423.92,0,0,自然
13275,7793,2026-08-09 22:57:00,酒店预订,539.56,1,0,自然
13276,7794,2026-06-14 08:17:00,景点门票,71.96,0,0,抖音
13277,7795,2026-06-23 07:56:00,景点门票,107.6,0,0,小红书
13278,7795,2026-07-10 20:10:00,酒店预订,402.12,0,0,小红书
13279,7797,2026-06-23 19:04:00,一日游套餐,338.56,1,0,自然
13280,7797,2026-06-26 18:03:00,景点门票,119.86,0,0,自然
13281,7797,2026-06-27 16:59:00,景点门票,172.64,0,0,自然
13282,7797,2026-08-15 07:38:00,酒店预订,290.08,1,0,自然
13283,7798,2026-07-07 10:27:00,酒店预订,325.09,1,0,微信
13284,7798,2026-07-15 22:14:00,酒店预订,378.22,1,0,微信
13285,7798,2026-08-22 12:11:00,一日游套餐,211.74,1,0,微信
13286,7798,2026-08-22 11:07:00,景点门票,142.71,1,0,微信
13287,7798,2026-08-23 19:11:00,酒店预订,486.58,1,0,微信
13288,7798,2026-08-23 18:31:00,景点门票,122.86,1,0,微信
13289,7799,2026-08-04 09:07:00,景点门票,169.16,0,0,抖音
13290,7799,2026-08-04 17:06:00,一日游套餐,352.67,0,0,抖音
13291,7800,2026-07-05 21:52:00,酒店预订,590.99,0,0,自然
13292,7800,2026-07-24 21:24:00,景点门票,41.68,0,0,自然
13293,7801,2026-06-19 17:06:00,一日游套餐,428.98,1,0,自然
13294,7801,2026-06-20 09:27:00,酒店预订,470.23,0,0,自然
13295,7801,2026-06-21 09:07:00,景点门票,108.56,1,0,自然
13296,7801,2026-06-21 15:02:00,景点门票,131.11,0,0,自然
13297,7801,2026-07-09 08:23:00,景点门票,47.37,1,0,自然
13298,7802,2026-08-02 16:19:00,景点门票,84.47,0,0,微信
13299,7802,2026-08-04 19:25:00,酒店预订,523.05,0,0,微信
13300,7802,2026-08-25 07:18:00,酒店预订,563.78,1,0,微信
13301,7805,2026-06-02 14:07:00,景点门票,93.02,1,0,自然
13302,7805,2026-06-13 09:00:00,景点门票,134.87,1,0,自然
13303,7805,2026-06-21 11:56:00,酒店预订,385.21,1,0,自然
13304,7805,2026-06-27 15:36:00,景点门票,42.62,1,0,自然
13305,7805,2026-07-29 13:28:00,景点门票,99.48,1,0,自然
13306,7806,2026-07-18 20:09:00,酒店预订,559.44,1,0,小红书
13307,7807,2026-08-01 18:27:00,景点门票,79.76,0,0,微信
13308,7807,2026-08-08 18:24:00,景点门票,104.57,1,0,微信
13309,7810,2026-08-09 13:45:00,景点门票,115.95,1,0,自然
13310,7810,2026-08-22 14:03:00,酒店预订,599.38,1,0,自然
13311,7812,2026-07-24 08:25:00,一日游套餐,363.32,0,0,小红书
13312,7813,2026-07-30 14:35:00,一日游套餐,333.08,1,0,小红书
13313,7814,2026-06-13 21:19:00,一日游套餐,350.14,1,0,自然
13314,7814,2026-06-24 10:48:00,一日游套餐,242.5,0,0,自然
13315,7814,2026-07-27 19:43:00,酒店预订,334.92,1,0,自然
13316,7817,2026-07-12 08:57:00,景点门票,98.89,0,0,抖音
13317,7817,2026-07-22 21:06:00,酒店预订,246.07,0,0,抖音
13318,7818,2026-06-16 08:52:00,一日游套餐,288.88,0,0,小红书
13319,7818,2026-06-20 15:33:00,景点门票,96.14,0,0,小红书
13320,7818,2026-06-20 07:38:00,景点门票,80.71,0,0,小红书
13321,7818,2026-06-22 13:28:00,酒店预订,550.5,1,0,小红书
13322,7818,2026-06-26 19:07:00,景点门票,80.83,0,0,小红书
13323,7818,2026-07-09 11:25:00,酒店预订,598.95,0,0,小红书
13324,7819,2026-06-27 15:09:00,景点门票,46.72,1,0,地推
13325,7819,2026-07-02 18:25:00,一日游套餐,429.22,1,0,地推
13326,7819,2026-07-03 08:26:00,景点门票,125.23,0,0,地推
13327,7819,2026-07-07 20:00:00,一日游套餐,289.56,1,0,地推
13328,7821,2026-07-25 13:14:00,一日游套餐,282.09,0,0,小红书
13329,7821,2026-08-10 21:33:00,酒店预订,360.48,1,0,小红书
13330,7821,2026-08-13 22:06:00,酒店预订,513.02,0,0,小红书
13331,7821,2026-08-21 17:37:00,一日游套餐,447.1,1,0,小红书
13332,7823,2026-07-10 18:28:00,景点门票,95.23,1,0,抖音
13333,7824,2026-06-27 21:48:00,酒店预订,503.91,0,0,自然
13334,7824,2026-07-10 07:39:00,景点门票,57.03,0,0,自然
13335,7824,2026-07-15 17:37:00,景点门票,121.2,1,0,自然
13336,7824,2026-08-21 21:18:00,景点门票,74.35,1,0,自然
13337,7825,2026-07-30 20:43:00,一日游套餐,263.02,1,0,地推
13338,7826,2026-07-15 21:29:00,景点门票,67.04,1,0,自然
13339,7826,2026-08-23 19:18:00,一日游套餐,314.04,0,0,自然
13340,7827,2026-07-06 11:24:00,景点门票,126.95,0,0,微信
13341,7827,2026-07-18 14:10:00,景点门票,86.64,1,0,微信
13342,7827,2026-08-13 08:26:00,酒店预订,237.96,0,0,微信
13343,7827,2026-08-13 11:38:00,景点门票,134.25,1,0,微信
13344,7828,2026-06-29 12:26:00,景点门票,113.58,1,0,自然
13345,7829,2026-07-19 17:15:00,一日游套餐,386.11,1,0,微信
13346,7829,2026-07-23 22:16:00,景点门票,84.85,1,0,微信
13347,7832,2026-08-02 16:25:00,酒店预订,563.79,1,0,小红书
13348,7833,2026-07-27 13:40:00,酒店预订,233.99,0,0,自然
13349,7834,2026-07-26 14:56:00,景点门票,160.12,1,0,小红书
13350,7834,2026-08-03 16:32:00,一日游套餐,318.85,0,0,小红书
13351,7836,2026-07-23 16:28:00,酒店预订,188.64,1,0,抖音
13352,7837,2026-06-24 14:24:00,一日游套餐,434.77,1,0,自然
13353,7837,2026-06-27 11:29:00,景点门票,124.33,1,0,自然
13354,7837,2026-06-27 17:30:00,景点门票,51.65,1,0,自然
13355,7837,2026-06-29 18:13:00,酒店预订,541.65,1,0,自然
13356,7838,2026-07-31 20:49:00,景点门票,158.02,1,0,小红书
13357,7838,2026-08-07 19:10:00,一日游套餐,282.44,1,0,小红书
13358,7838,2026-08-24 19:55:00,酒店预订,463.7,1,0,小红书
13359,7838,2026-08-27 07:48:00,酒店预订,298.2,1,0,小红书
13360,7839,2026-07-06 12:32:00,景点门票,82.87,0,0,小红书
13361,7839,2026-07-12 11:44:00,一日游套餐,276.83,1,0,小红书
13362,7839,2026-07-14 12:58:00,酒店预订,481.08,0,0,小红书
13363,7840,2026-08-09 14:51:00,酒店预订,204.61,1,0,抖音
13364,7841,2026-06-25 10:52:00,酒店预订,448.85,1,0,微信
13365,7841,2026-07-25 07:25:00,景点门票,72.24,0,0,微信
13366,7841,2026-08-17 12:00:00,酒店预订,201.58,1,0,微信
13367,7842,2026-08-09 07:53:00,酒店预订,312.97,1,0,自然
13368,7842,2026-08-13 14:13:00,酒店预订,215.3,1,0,自然
13369,7843,2026-08-19 21:41:00,酒店预订,236.0,0,0,自然
13370,7843,2026-08-24 14:13:00,酒店预订,354.99,1,0,自然
13371,7844,2026-07-23 16:25:00,景点门票,153.44,1,0,小红书
13372,7845,2026-08-09 08:59:00,景点门票,93.22,0,0,自然
13373,7845,2026-08-18 11:33:00,酒店预订,375.95,1,0,自然
13374,7845,2026-08-19 19:38:00,酒店预订,253.21,1,0,自然
13375,7846,2026-06-21 09:08:00,酒店预订,294.56,1,0,自然
13376,7846,2026-07-24 14:32:00,一日游套餐,406.79,0,0,自然
13377,7847,2026-08-04 19:41:00,景点门票,112.41,1,0,抖音
13378,7848,2026-08-18 15:45:00,景点门票,166.2,1,0,自然
13379,7848,2026-08-22 13:27:00,酒店预订,409.72,0,0,自然
13380,7849,2026-07-24 10:13:00,一日游套餐,403.76,1,0,自然
13381,7850,2026-08-17 08:06:00,景点门票,153.28,0,0,小红书
13382,7851,2026-08-29 18:57:00,一日游套餐,438.02,0,0,抖音
13383,7852,2026-07-21 10:23:00,景点门票,163.64,0,0,微信
13384,7852,2026-08-02 09:03:00,景点门票,92.9,0,0,微信
13385,7852,2026-08-04 11:06:00,景点门票,151.08,0,0,微信
13386,7852,2026-08-15 07:40:00,酒店预订,320.23,0,0,微信
13387,7855,2026-07-25 13:09:00,景点门票,99.77,1,0,自然
13388,7855,2026-07-29 15:53:00,一日游套餐,276.63,1,0,自然
13389,7856,2026-07-28 18:16:00,酒店预订,506.03,1,0,微信
13390,7856,2026-08-11 20:21:00,景点门票,51.19,1,0,微信
13391,7856,2026-08-13 15:21:00,一日游套餐,407.95,0,0,微信
13392,7856,2026-08-13 20:01:00,一日游套餐,219.91,1,0,微信
13393,7856,2026-08-24 18:54:00,景点门票,110.42,0,0,微信
13394,7856,2026-08-30 13:43:00,景点门票,75.27,1,0,微信
13395,7857,2026-06-20 11:02:00,景点门票,130.43,1,0,自然
13396,7857,2026-08-04 15:35:00,景点门票,133.16,1,0,自然
13397,7858,2026-07-26 20:38:00,一日游套餐,431.83,1,0,自然
13398,7858,2026-07-27 16:43:00,酒店预订,441.7,1,0,自然
13399,7858,2026-08-21 09:20:00,酒店预订,577.24,1,0,自然
13400,7859,2026-06-20 23:02:00,一日游套餐,206.36,0,0,微信
13401,7859,2026-06-25 12:11:00,景点门票,171.83,0,0,微信
13402,7859,2026-07-10 19:24:00,景点门票,114.87,1,0,微信
13403,7859,2026-07-15 16:49:00,酒店预订,381.69,1,0,微信
13404,7859,2026-08-11 10:39:00,景点门票,93.65,0,0,微信
13405,7860,2026-08-08 16:06:00,一日游套餐,247.25,0,0,小红书
13406,7861,2026-08-31 09:48:00,酒店预订,449.34,1,0,小红书
13407,7862,2026-06-13 11:38:00,景点门票,47.07,1,0,自然
13408,7863,2026-06-20 20:11:00,景点门票,71.21,1,0,自然
13409,7863,2026-06-26 21:32:00,一日游套餐,398.81,0,0,自然
13410,7864,2026-06-17 08:27:00,酒店预订,358.21,1,0,抖音
13411,7864,2026-06-17 12:17:00,一日游套餐,275.2,0,0,抖音
13412,7864,2026-08-03 14:48:00,景点门票,74.82,1,0,抖音
13413,7865,2026-07-08 12:24:00,景点门票,136.04,1,0,小红书
13414,7865,2026-08-28 13:55:00,景点门票,73.88,0,0,小红书
13415,7866,2026-07-09 17:28:00,景点门票,168.88,0,0,抖音
13416,7866,2026-08-08 16:29:00,一日游套餐,380.08,1,0,抖音
13417,7867,2026-08-19 22:58:00,景点门票,138.35,1,0,自然
13418,7867,2026-08-22 22:01:00,景点门票,104.02,1,0,自然
13419,7868,2026-08-11 10:58:00,景点门票,76.56,1,0,自然
13420,7868,2026-08-22 11:42:00,一日游套餐,248.75,1,0,自然
13421,7869,2026-06-26 19:45:00,酒店预订,320.51,1,1,小红书
13422,7869,2026-07-01 12:08:00,酒店预订,348.53,0,0,小红书
13423,7869,2026-07-27 13:34:00,酒店预订,232.67,0,0,小红书
13424,7870,2026-06-27 09:44:00,景点门票,177.9,1,0,小红书
13425,7871,2026-08-01 21:14:00,景点门票,91.31,1,0,自然
13426,7871,2026-08-08 16:34:00,一日游套餐,367.28,0,0,自然
13427,7871,2026-08-10 16:10:00,景点门票,129.31,1,0,自然
13428,7873,2026-07-17 09:37:00,景点门票,43.77,1,0,自然
13429,7873,2026-07-18 21:46:00,景点门票,150.13,0,0,自然
13430,7873,2026-07-27 08:50:00,一日游套餐,310.57,0,0,自然
13431,7874,2026-07-14 13:20:00,景点门票,77.11,1,0,自然
13432,7874,2026-07-15 16:41:00,景点门票,119.16,1,0,自然
13433,7876,2026-06-09 23:04:00,酒店预订,473.33,1,1,自然
13434,7876,2026-06-10 16:07:00,酒店预订,279.19,1,0,自然
13435,7876,2026-08-01 08:14:00,景点门票,48.91,1,0,自然
13436,7877,2026-08-05 17:00:00,酒店预订,346.26,1,1,小红书
13437,7878,2026-06-28 21:35:00,酒店预订,431.49,1,1,微信
13438,7878,2026-07-28 19:47:00,景点门票,140.42,1,0,微信
13439,7880,2026-07-19 18:49:00,景点门票,63.78,0,0,地推
13440,7881,2026-06-16 17:42:00,一日游套餐,231.45,1,0,自然
13441,7882,2026-07-25 15:14:00,景点门票,111.3,1,1,自然
13442,7885,2026-08-09 20:50:00,酒店预订,588.16,1,0,自然
13443,7885,2026-08-22 21:22:00,一日游套餐,298.1,1,0,自然
13444,7885,2026-08-22 13:31:00,景点门票,136.78,1,0,自然
13445,7887,2026-07-13 12:11:00,景点门票,87.93,1,1,自然
13446,7887,2026-07-30 10:11:00,酒店预订,558.29,1,0,自然
13447,7887,2026-08-05 07:30:00,酒店预订,275.15,1,0,自然
13448,7887,2026-08-29 09:59:00,酒店预订,498.57,1,0,自然
13449,7888,2026-08-16 10:46:00,酒店预订,341.93,1,0,自然
13450,7888,2026-08-22 16:05:00,景点门票,130.49,1,0,自然
13451,7888,2026-08-23 09:58:00,酒店预订,436.54,0,0,自然
13452,7889,2026-07-24 21:15:00,景点门票,131.02,1,0,小红书
13453,7893,2026-06-13 13:29:00,一日游套餐,331.29,0,0,自然
13454,7895,2026-07-27 10:28:00,景点门票,138.25,0,0,抖音
13455,7895,2026-08-01 18:03:00,景点门票,86.43,1,0,抖音
13456,7896,2026-07-10 20:28:00,一日游套餐,403.69,0,0,小红书
13457,7896,2026-07-19 12:32:00,景点门票,112.69,1,0,小红书
13458,7896,2026-07-26 14:42:00,一日游套餐,357.7,1,0,小红书
13459,7896,2026-08-02 09:01:00,景点门票,42.53,0,0,小红书
13460,7896,2026-08-21 20:01:00,酒店预订,320.76,0,0,小红书
13461,7897,2026-06-22 20:08:00,酒店预订,578.51,1,0,小红书
13462,7898,2026-08-30 12:24:00,酒店预订,282.27,1,0,自然
13463,7900,2026-07-02 17:14:00,一日游套餐,276.41,1,0,抖音
13464,7902,2026-08-11 08:00:00,景点门票,159.86,1,0,小红书
13465,7904,2026-07-25 11:00:00,景点门票,58.65,1,0,小红书
13466,7904,2026-08-01 08:12:00,景点门票,66.38,0,0,小红书
13467,7905,2026-07-19 14:01:00,景点门票,105.97,1,0,地推
13468,7906,2026-06-13 08:47:00,酒店预订,416.72,0,0,自然
13469,7906,2026-06-14 14:31:00,景点门票,99.49,1,0,自然
13470,7906,2026-06-15 17:43:00,一日游套餐,274.99,1,0,自然
13471,7906,2026-07-04 14:46:00,酒店预订,481.77,1,0,自然
13472,7906,2026-07-09 11:34:00,一日游套餐,272.97,1,0,自然
13473,7906,2026-07-20 17:55:00,一日游套餐,359.79,1,0,自然
13474,7907,2026-06-26 07:32:00,景点门票,78.42,1,0,小红书
13475,7907,2026-07-01 18:18:00,一日游套餐,206.82,1,0,小红书
13476,7907,2026-07-21 13:49:00,景点门票,67.58,1,0,小红书
13477,7907,2026-07-21 13:14:00,酒店预订,218.09,0,0,小红书
13478,7907,2026-08-19 20:10:00,一日游套餐,344.67,1,0,小红书
13479,7908,2026-07-14 21:35:00,景点门票,99.63,1,0,微信
13480,7908,2026-07-18 17:40:00,酒店预订,188.15,1,0,微信
13481,7908,2026-07-18 17:41:00,酒店预订,536.29,1,0,微信
13482,7909,2026-08-12 14:53:00,酒店预订,196.2,0,0,抖音
13483,7909,2026-08-29 13:31:00,景点门票,142.64,0,0,抖音
13484,7910,2026-06-17 10:09:00,一日游套餐,240.52,0,0,抖音
13485,7910,2026-07-30 13:46:00,景点门票,81.15,1,0,抖音
13486,7910,2026-08-07 09:12:00,一日游套餐,276.84,0,0,抖音
13487,7911,2026-08-01 19:34:00,景点门票,137.51,0,0,地推
13488,7911,2026-08-01 18:35:00,景点门票,146.74,0,0,地推
13489,7912,2026-06-12 15:03:00,景点门票,80.81,1,0,自然
13490,7912,2026-06-27 19:38:00,景点门票,150.97,1,0,自然
13491,7914,2026-08-03 17:41:00,酒店预订,479.83,1,0,微信
13492,7914,2026-08-04 11:04:00,酒店预订,476.23,1,0,微信
13493,7914,2026-08-04 10:59:00,一日游套餐,227.76,1,1,微信
13494,7914,2026-08-06 12:55:00,一日游套餐,271.59,1,0,微信
13495,7914,2026-08-10 12:23:00,景点门票,74.67,1,0,微信
13496,7917,2026-07-06 11:12:00,景点门票,51.61,1,0,微信
13497,7917,2026-07-26 21:56:00,一日游套餐,340.22,1,0,微信
13498,7917,2026-07-26 20:09:00,酒店预订,542.33,1,0,微信
13499,7917,2026-08-01 18:14:00,酒店预订,533.58,1,0,微信
13500,7917,2026-08-27 10:53:00,景点门票,143.15,1,0,微信
13501,7917,2026-08-29 19:46:00,一日游套餐,225.81,1,0,微信
13502,7917,2026-08-29 20:18:00,酒店预订,182.09,0,0,微信
13503,7918,2026-07-04 12:56:00,景点门票,154.16,0,0,自然
13504,7919,2026-06-10 18:27:00,一日游套餐,430.98,1,0,地推
13505,7921,2026-07-07 17:06:00,景点门票,179.25,0,0,小红书
13506,7921,2026-08-12 08:35:00,酒店预订,299.11,1,0,小红书
13507,7923,2026-08-12 19:37:00,酒店预订,543.06,1,0,微信
13508,7924,2026-08-27 22:36:00,一日游套餐,371.65,1,0,抖音
13509,7925,2026-07-18 09:24:00,景点门票,94.99,1,0,微信
13510,7926,2026-08-08 20:30:00,景点门票,81.92,1,0,自然
13511,7926,2026-08-13 08:53:00,景点门票,121.5,1,0,自然
13512,7926,2026-08-22 19:22:00,酒店预订,446.06,1,0,自然
13513,7926,2026-08-28 13:03:00,景点门票,56.32,0,0,自然
13514,7927,2026-07-08 12:59:00,一日游套餐,400.97,1,1,自然
13515,7927,2026-08-06 19:39:00,酒店预订,589.91,1,0,自然
13516,7929,2026-07-26 13:36:00,景点门票,163.44,1,0,自然
13517,7929,2026-08-07 18:52:00,景点门票,54.67,1,0,自然
13518,7929,2026-08-22 08:23:00,景点门票,86.73,1,0,自然
13519,7929,2026-08-31 17:15:00,景点门票,104.62,1,0,自然
13520,7930,2026-07-19 14:29:00,酒店预订,269.82,1,0,小红书
13521,7931,2026-08-23 08:53:00,一日游套餐,435.12,1,0,自然
13522,7933,2026-07-19 19:40:00,景点门票,80.55,1,1,自然
13523,7934,2026-07-09 13:32:00,景点门票,78.6,1,0,自然
13524,7934,2026-07-14 10:36:00,一日游套餐,418.71,0,0,自然
13525,7934,2026-07-21 15:05:00,酒店预订,535.9,1,0,自然
13526,7934,2026-08-28 21:56:00,景点门票,138.25,0,0,自然
13527,7936,2026-07-05 10:42:00,酒店预订,560.44,0,0,抖音
13528,7937,2026-07-07 10:19:00,酒店预订,266.71,0,0,自然
13529,7937,2026-08-08 07:21:00,酒店预订,505.52,1,0,自然
13530,7938,2026-06-28 19:37:00,酒店预订,415.67,0,0,自然
13531,7939,2026-07-06 10:34:00,景点门票,93.54,1,0,自然
13532,7940,2026-06-08 22:05:00,一日游套餐,371.17,1,0,小红书
13533,7940,2026-06-13 22:23:00,酒店预订,230.42,1,0,小红书
13534,7940,2026-06-21 08:35:00,景点门票,111.57,0,0,小红书
13535,7940,2026-06-21 19:27:00,酒店预订,356.1,1,0,小红书
13536,7940,2026-07-24 12:10:00,酒店预订,452.26,1,0,小红书
13537,7941,2026-06-22 09:06:00,酒店预订,573.5,1,0,自然
13538,7941,2026-07-07 08:11:00,酒店预订,408.37,0,0,自然
13539,7942,2026-06-27 21:16:00,景点门票,169.08,1,0,抖音
13540,7945,2026-06-21 11:17:00,景点门票,108.75,0,0,小红书
13541,7945,2026-06-27 22:58:00,酒店预订,209.84,0,0,小红书
13542,7946,2026-07-23 18:52:00,一日游套餐,392.01,1,0,自然
13543,7946,2026-08-03 16:24:00,景点门票,146.63,0,0,自然
13544,7947,2026-06-20 12:19:00,一日游套餐,425.34,1,0,地推
13545,7947,2026-08-13 13:08:00,景点门票,116.17,1,0,地推
13546,7951,2026-06-19 18:36:00,景点门票,48.2,1,0,小红书
13547,7951,2026-07-29 17:45:00,景点门票,143.48,0,0,小红书
13548,7951,2026-07-29 12:50:00,一日游套餐,414.05,0,0,小红书
13549,7951,2026-08-01 22:39:00,一日游套餐,315.55,1,0,小红书
13550,7951,2026-08-11 11:59:00,酒店预订,370.11,1,0,小红书
13551,7952,2026-06-20 08:54:00,一日游套餐,224.85,1,0,小红书
13552,7952,2026-07-15 08:27:00,酒店预订,462.57,0,0,小红书
13553,7952,2026-07-16 23:09:00,一日游套餐,258.42,0,0,小红书
13554,7954,2026-08-24 22:36:00,景点门票,45.56,1,0,自然
13555,7955,2026-07-18 11:01:00,景点门票,75.19,0,0,微信
13556,7955,2026-07-22 10:40:00,景点门票,99.63,1,0,微信
13557,7955,2026-07-25 13:04:00,酒店预订,380.05,1,0,微信
13558,7955,2026-07-25 21:20:00,酒店预订,216.45,0,0,微信
13559,7955,2026-08-27 18:44:00,景点门票,56.16,1,0,微信
13560,7956,2026-07-04 19:57:00,一日游套餐,280.41,0,0,小红书
13561,7958,2026-07-30 11:20:00,酒店预订,328.12,0,0,自然
13562,7958,2026-08-10 22:08:00,景点门票,105.62,0,0,自然
13563,7959,2026-08-08 08:39:00,景点门票,124.89,1,0,自然
13564,7963,2026-06-08 15:01:00,一日游套餐,361.23,1,0,小红书
13565,7963,2026-06-22 22:09:00,景点门票,158.28,1,0,小红书
13566,7963,2026-06-22 13:45:00,景点门票,119.99,1,0,小红书
13567,7964,2026-07-25 17:09:00,景点门票,139.31,0,0,小红书
13568,7964,2026-08-01 22:07:00,景点门票,44.7,0,0,小红书
13569,7964,2026-08-07 13:17:00,一日游套餐,411.65,1,0,小红书
13570,7964,2026-08-24 17:28:00,一日游套餐,401.91,1,0,小红书
13571,7965,2026-07-12 12:34:00,景点门票,139.47,1,0,自然
13572,7966,2026-08-02 09:48:00,景点门票,133.13,0,0,微信
13573,7966,2026-08-11 12:01:00,景点门票,89.39,0,0,微信
13574,7966,2026-08-15 16:27:00,景点门票,168.31,0,0,微信
13575,7967,2026-08-04 19:30:00,一日游套餐,429.27,1,0,抖音
13576,7968,2026-08-08 16:00:00,酒店预订,318.89,1,0,微信
13577,7969,2026-07-12 08:47:00,景点门票,59.56,1,0,自然
13578,7969,2026-08-15 16:44:00,景点门票,97.98,0,0,自然
13579,7970,2026-07-14 20:50:00,一日游套餐,289.61,1,0,自然
13580,7970,2026-07-14 07:23:00,景点门票,65.69,0,0,自然
13581,7970,2026-07-17 17:10:00,景点门票,174.29,0,0,自然
13582,7970,2026-07-17 11:03:00,景点门票,143.61,0,0,自然
13583,7971,2026-07-12 08:42:00,景点门票,163.21,1,0,小红书
13584,7971,2026-07-15 19:29:00,酒店预订,321.85,0,0,小红书
13585,7971,2026-07-26 20:59:00,景点门票,76.02,0,0,小红书
13586,7971,2026-08-15 16:05:00,景点门票,48.48,1,0,小红书
13587,7972,2026-07-22 14:29:00,一日游套餐,240.24,1,0,自然
13588,7972,2026-07-27 09:33:00,景点门票,142.18,0,0,自然
13589,7972,2026-07-29 09:06:00,景点门票,168.39,0,0,自然
13590,7972,2026-07-29 16:22:00,酒店预订,548.33,1,0,自然
13591,7973,2026-06-12 19:37:00,酒店预订,348.1,0,0,抖音
13592,7973,2026-07-07 10:18:00,酒店预订,425.02,0,0,抖音
13593,7974,2026-06-13 15:26:00,一日游套餐,420.92,0,0,自然
13594,7974,2026-06-16 17:16:00,景点门票,95.61,0,0,自然
13595,7974,2026-06-18 14:13:00,一日游套餐,236.83,0,0,自然
13596,7975,2026-07-21 18:20:00,景点门票,154.74,1,0,微信
13597,7975,2026-07-26 11:26:00,景点门票,92.84,0,0,微信
13598,7975,2026-08-05 07:43:00,景点门票,50.23,0,0,微信
13599,7976,2026-07-10 16:24:00,一日游套餐,429.33,1,0,微信
13600,7976,2026-07-15 12:50:00,景点门票,84.24,1,0,微信
13601,7976,2026-07-25 09:07:00,一日游套餐,407.71,0,0,微信
13602,7976,2026-08-01 14:04:00,景点门票,124.98,1,0,微信
13603,7977,2026-06-17 19:28:00,一日游套餐,431.52,1,0,微信
13604,7977,2026-06-22 20:19:00,酒店预订,245.67,0,0,微信
13605,7977,2026-08-16 17:56:00,景点门票,70.25,0,0,微信
13606,7978,2026-08-23 10:58:00,景点门票,178.65,1,0,地推
13607,7979,2026-07-11 19:16:00,一日游套餐,366.77,0,0,地推
13608,7979,2026-07-12 20:18:00,酒店预订,300.89,0,0,地推
13609,7980,2026-08-18 16:05:00,景点门票,178.6,0,0,抖音
13610,7982,2026-06-25 17:49:00,景点门票,117.25,1,0,微信
13611,7982,2026-06-25 20:36:00,景点门票,145.71,0,0,微信
13612,7982,2026-06-26 18:44:00,景点门票,98.16,0,0,微信
13613,7982,2026-07-04 22:10:00,景点门票,85.68,1,0,微信
13614,7982,2026-07-13 16:34:00,景点门票,42.67,1,0,微信
13615,7982,2026-07-23 14:48:00,酒店预订,245.16,1,0,微信
13616,7982,2026-07-23 22:26:00,酒店预订,444.34,1,0,微信
13617,7982,2026-08-09 11:27:00,酒店预订,189.85,1,1,微信
13618,7983,2026-06-25 21:01:00,酒店预订,374.02,1,0,地推
13619,7983,2026-07-14 18:09:00,酒店预订,227.69,1,0,地推
13620,7983,2026-07-18 13:22:00,景点门票,82.9,0,0,地推
13621,7983,2026-08-11 13:17:00,景点门票,148.33,0,0,地推
13622,7983,2026-08-11 14:49:00,酒店预订,442.76,1,0,地推
13623,7984,2026-08-21 17:20:00,酒店预订,325.32,0,0,地推
13624,7986,2026-07-10 14:52:00,酒店预订,503.5,1,0,自然
13625,7989,2026-07-19 18:36:00,酒店预订,378.55,0,0,小红书
13626,7989,2026-08-20 15:23:00,一日游套餐,425.03,0,0,小红书
13627,7990,2026-06-24 11:28:00,酒店预订,321.92,1,0,微信
13628,7990,2026-06-24 23:06:00,一日游套餐,325.76,1,0,微信
13629,7990,2026-06-27 19:00:00,酒店预订,321.19,0,0,微信
13630,7990,2026-06-28 15:56:00,一日游套餐,250.58,1,0,微信
13631,7990,2026-06-28 11:28:00,酒店预订,426.7,0,0,微信
13632,7990,2026-07-11 16:54:00,景点门票,71.93,0,0,微信
13633,7990,2026-07-11 18:08:00,酒店预订,424.7,1,0,微信
13634,7990,2026-07-14 09:04:00,景点门票,170.55,1,0,微信
13635,7990,2026-08-21 13:51:00,酒店预订,186.62,1,0,微信
13636,7992,2026-07-20 20:15:00,景点门票,65.92,1,0,地推
13637,7993,2026-07-15 11:48:00,景点门票,75.19,1,0,自然
13638,7993,2026-07-27 18:44:00,酒店预订,191.54,1,0,自然
13639,7994,2026-07-19 15:54:00,景点门票,150.56,0,0,微信
13640,7994,2026-07-19 09:17:00,一日游套餐,423.91,1,0,微信
13641,7994,2026-07-29 11:47:00,酒店预订,462.74,0,0,微信
13642,7994,2026-07-30 09:38:00,酒店预订,214.25,1,0,微信
13643,7994,2026-07-31 15:14:00,酒店预订,530.04,1,0,微信
13644,7995,2026-06-20 12:42:00,酒店预订,541.45,1,0,自然
