user_id,register_time,channel,city_tier,device,age
1,2026-06-14 19:32:00,微信分享裂变,新一线,Android,24
2,2026-07-28 12:19:00,抖音信息流,新一线,iOS,27
3,2026-06-19 08:43:00,微信分享裂变,一线,Android,27
4,2026-07-13 08:26:00,小红书种草,新一线,Android,32
5,2026-07-25 00:58:00,自然流量,新一线,Android,31
6,2026-07-02 18:28:00,高校地推,二线,Android,30
7,2026-07-30 17:05:00,微信分享裂变,新一线,iOS,20
8,2026-08-11 01:06:00,微信分享裂变,一线,Android,20
9,2026-07-10 08:31:00,自然流量,新一线,iOS,19
10,2026-06-23 02:33:00,抖音信息流,一线,iOS,26
11,2026-08-07 05:57:00,抖音信息流,新一线,Android,21
12,2026-07-21 16:48:00,高校地推,新一线,Android,26
13,2026-07-12 03:16:00,小红书种草,一线,Android,27
14,2026-06-29 19:05:00,微信分享裂变,一线,Android,25
15,2026-06-17 10:37:00,抖音信息流,二线,Android,28
16,2026-07-06 11:03:00,自然流量,新一线,Android,20
17,2026-07-05 16:31:00,抖音信息流,一线,Android,18
18,2026-07-10 13:25:00,自然流量,新一线,iOS,20
19,2026-06-25 14:04:00,微信分享裂变,新一线,Android,28
20,2026-07-16 14:44:00,小红书种草,一线,Android,33
21,2026-07-11 08:54:00,小红书种草,一线,Android,31
22,2026-08-14 21:58:00,抖音信息流,一线,iOS,23
23,2026-07-09 16:50:00,高校地推,二线,Android,28
24,2026-08-02 01:18:00,微信分享裂变,一线,iOS,18
25,2026-08-01 10:04:00,微信分享裂变,三线及以下,iOS,31
26,2026-07-17 20:44:00,自然流量,新一线,iOS,26
27,2026-06-24 23:40:00,抖音信息流,二线,Android,28
28,2026-07-15 15:56:00,自然流量,三线及以下,Android,18
29,2026-06-26 00:29:00,自然流量,一线,Android,26
30,2026-08-07 17:31:00,小红书种草,新一线,Android,33
31,2026-06-18 16:00:00,小红书种草,一线,Android,25
32,2026-07-30 06:34:00,高校地推,一线,iOS,23
33,2026-07-16 19:05:00,抖音信息流,二线,Android,22
34,2026-07-19 20:02:00,抖音信息流,一线,iOS,20
35,2026-07-21 14:57:00,抖音信息流,三线及以下,Android,24
36,2026-06-13 12:19:00,自然流量,二线,iOS,18
37,2026-07-01 01:45:00,自然流量,新一线,iOS,26
38,2026-06-24 19:42:00,抖音信息流,新一线,Android,29
39,2026-07-29 10:33:00,自然流量,二线,Android,22
40,2026-06-21 14:00:00,小红书种草,一线,Android,26
41,2026-06-17 07:01:00,抖音信息流,二线,Android,23
42,2026-07-21 02:22:00,微信分享裂变,一线,iOS,26
43,2026-06-18 09:18:00,小红书种草,一线,Android,28
44,2026-07-12 20:49:00,抖音信息流,一线,iOS,26
45,2026-07-02 17:27:00,微信分享裂变,一线,Android,28
46,2026-08-14 02:29:00,微信分享裂变,一线,iOS,26
47,2026-07-28 16:42:00,抖音信息流,二线,iOS,28
48,2026-07-14 19:33:00,自然流量,新一线,Android,25
49,2026-07-29 15:42:00,小红书种草,三线及以下,Android,25
50,2026-07-18 22:09:00,自然流量,二线,iOS,27
51,2026-06-19 23:09:00,自然流量,二线,Android,23
52,2026-07-09 07:05:00,自然流量,三线及以下,Android,26
53,2026-07-14 21:02:00,微信分享裂变,二线,iOS,19
54,2026-06-21 12:44:00,小红书种草,一线,Android,18
55,2026-07-18 11:17:00,小红书种草,一线,Android,24
56,2026-07-08 06:25:00,微信分享裂变,新一线,Android,20
57,2026-06-23 13:43:00,抖音信息流,一线,iOS,33
58,2026-07-27 22:17:00,抖音信息流,三线及以下,Android,20
59,2026-06-05 10:02:00,自然流量,新一线,Android,28
60,2026-06-12 19:59:00,自然流量,三线及以下,Android,20
61,2026-07-12 11:51:00,小红书种草,新一线,Android,24
62,2026-06-24 05:49:00,抖音信息流,三线及以下,iOS,18
63,2026-08-08 04:02:00,抖音信息流,一线,Android,18
64,2026-07-24 03:44:00,微信分享裂变,新一线,Android,25
65,2026-06-10 01:46:00,小红书种草,三线及以下,iOS,22
66,2026-07-14 13:54:00,抖音信息流,新一线,Android,27
67,2026-06-11 22:05:00,抖音信息流,二线,iOS,30
68,2026-07-05 00:27:00,抖音信息流,新一线,Android,18
69,2026-06-27 18:15:00,自然流量,二线,iOS,29
70,2026-06-07 07:12:00,抖音信息流,新一线,Android,19
71,2026-07-17 01:20:00,自然流量,二线,iOS,22
72,2026-06-13 10:08:00,抖音信息流,新一线,Android,18
73,2026-06-20 04:31:00,微信分享裂变,新一线,Android,18
74,2026-06-06 03:55:00,自然流量,新一线,iOS,18
75,2026-06-16 04:38:00,自然流量,新一线,iOS,21
76,2026-06-27 09:52:00,自然流量,二线,Android,24
77,2026-06-12 16:29:00,自然流量,一线,iOS,22
78,2026-07-31 20:23:00,小红书种草,二线,Android,18
79,2026-06-06 19:30:00,抖音信息流,新一线,Android,18
80,2026-06-26 20:05:00,微信分享裂变,一线,Android,24
81,2026-06-15 01:26:00,小红书种草,新一线,iOS,27
82,2026-06-29 08:15:00,抖音信息流,新一线,iOS,25
83,2026-07-09 21:36:00,微信分享裂变,二线,Android,33
84,2026-07-07 05:48:00,自然流量,三线及以下,Android,23
85,2026-07-18 16:03:00,自然流量,新一线,Android,25
86,2026-08-06 02:57:00,自然流量,三线及以下,Android,23
87,2026-06-07 12:46:00,小红书种草,新一线,Android,20
88,2026-07-13 05:27:00,抖音信息流,新一线,Android,23
89,2026-08-04 13:14:00,自然流量,二线,Android,28
90,2026-06-20 05:34:00,抖音信息流,一线,Android,28
91,2026-06-25 03:56:00,自然流量,三线及以下,iOS,25
92,2026-06-26 18:16:00,小红书种草,新一线,iOS,31
93,2026-07-04 11:35:00,抖音信息流,一线,iOS,26
94,2026-06-17 18:11:00,抖音信息流,二线,iOS,25
95,2026-07-08 17:45:00,抖音信息流,一线,Android,31
96,2026-07-01 17:06:00,小红书种草,一线,Android,20
97,2026-07-24 16:58:00,抖音信息流,一线,Android,31
98,2026-07-05 14:53:00,自然流量,三线及以下,Android,19
99,2026-08-09 09:56:00,自然流量,一线,iOS,22
100,2026-06-20 19:04:00,高校地推,新一线,iOS,18
101,2026-08-04 04:23:00,高校地推,新一线,iOS,25
102,2026-06-12 09:12:00,小红书种草,三线及以下,Android,30
103,2026-06-24 21:49:00,自然流量,三线及以下,iOS,19
104,2026-07-12 13:47:00,高校地推,三线及以下,iOS,22
105,2026-06-20 09:05:00,微信分享裂变,新一线,iOS,22
106,2026-07-12 08:56:00,小红书种草,新一线,Android,22
107,2026-06-24 09:23:00,抖音信息流,二线,iOS,18
108,2026-06-13 23:33:00,自然流量,一线,iOS,24
109,2026-07-05 14:26:00,自然流量,一线,Android,31
110,2026-06-11 16:15:00,高校地推,三线及以下,iOS,21
111,2026-07-01 05:42:00,抖音信息流,一线,Android,25
112,2026-06-26 03:19:00,自然流量,新一线,Android,25
113,2026-08-03 04:45:00,抖音信息流,一线,Android,22
114,2026-07-04 18:31:00,抖音信息流,一线,Android,25
115,2026-07-30 12:31:00,自然流量,三线及以下,iOS,22
116,2026-06-18 04:39:00,微信分享裂变,一线,Android,26
117,2026-08-06 03:10:00,小红书种草,新一线,Android,23
118,2026-07-11 22:35:00,小红书种草,一线,Android,18
119,2026-06-22 06:07:00,抖音信息流,新一线,Android,18
120,2026-06-26 11:17:00,小红书种草,二线,iOS,18
121,2026-07-08 12:13:00,小红书种草,二线,Android,21
122,2026-07-16 18:15:00,小红书种草,新一线,Android,28
123,2026-06-17 10:56:00,自然流量,新一线,Android,20
124,2026-08-05 13:23:00,抖音信息流,一线,iOS,22
125,2026-06-17 12:59:00,自然流量,新一线,Android,20
126,2026-06-09 23:53:00,抖音信息流,三线及以下,Android,19
127,2026-06-21 01:56:00,抖音信息流,二线,iOS,35
128,2026-08-13 18:29:00,自然流量,一线,Android,20
129,2026-06-29 07:28:00,自然流量,二线,Android,18
130,2026-06-29 15:09:00,小红书种草,二线,Android,19
131,2026-07-17 09:17:00,自然流量,二线,iOS,24
132,2026-07-05 20:31:00,高校地推,二线,iOS,21
133,2026-07-28 08:22:00,小红书种草,三线及以下,Android,25
134,2026-06-17 17:10:00,抖音信息流,一线,Android,20
135,2026-08-02 08:06:00,小红书种草,新一线,Android,21
136,2026-07-20 02:00:00,自然流量,三线及以下,Android,20
137,2026-06-02 05:43:00,高校地推,新一线,iOS,23
138,2026-07-11 17:30:00,抖音信息流,二线,Android,27
139,2026-06-27 11:55:00,微信分享裂变,新一线,iOS,28
140,2026-07-11 01:07:00,自然流量,一线,iOS,31
141,2026-06-16 05:03:00,抖音信息流,三线及以下,Android,18
142,2026-07-27 01:04:00,抖音信息流,新一线,Android,18
143,2026-08-02 18:28:00,高校地推,新一线,iOS,19
144,2026-06-19 19:00:00,抖音信息流,一线,Android,23
145,2026-07-12 14:54:00,抖音信息流,三线及以下,Android,18
146,2026-07-09 19:10:00,自然流量,一线,Android,20
147,2026-06-24 03:27:00,抖音信息流,三线及以下,iOS,27
148,2026-07-04 00:35:00,抖音信息流,一线,Android,29
149,2026-07-06 01:53:00,抖音信息流,三线及以下,iOS,27
150,2026-06-26 10:04:00,自然流量,新一线,iOS,25
151,2026-07-29 19:05:00,微信分享裂变,三线及以下,iOS,20
152,2026-07-04 19:22:00,微信分享裂变,新一线,iOS,24
153,2026-07-17 21:52:00,自然流量,一线,iOS,29
154,2026-07-10 13:52:00,抖音信息流,一线,iOS,27
155,2026-06-19 21:42:00,自然流量,二线,Android,28
156,2026-07-17 17:53:00,小红书种草,二线,iOS,28
157,2026-07-01 21:03:00,自然流量,新一线,iOS,22
158,2026-08-04 07:36:00,小红书种草,一线,Android,27
159,2026-07-18 10:59:00,小红书种草,二线,iOS,22
160,2026-08-13 00:31:00,微信分享裂变,新一线,Android,26
161,2026-08-05 22:21:00,自然流量,二线,iOS,30
162,2026-06-23 10:17:00,高校地推,新一线,Android,31
163,2026-06-22 23:38:00,自然流量,新一线,Android,26
164,2026-06-10 10:32:00,自然流量,新一线,iOS,25
165,2026-06-22 16:17:00,抖音信息流,一线,Android,30
166,2026-07-08 15:35:00,抖音信息流,三线及以下,Android,19
167,2026-07-06 17:04:00,微信分享裂变,新一线,Android,31
168,2026-06-17 01:27:00,微信分享裂变,新一线,iOS,24
169,2026-07-08 01:47:00,抖音信息流,新一线,iOS,24
170,2026-07-13 17:30:00,高校地推,新一线,Android,21
171,2026-07-04 16:14:00,自然流量,二线,Android,18
172,2026-06-19 14:51:00,抖音信息流,二线,Android,31
173,2026-07-27 07:09:00,自然流量,二线,iOS,26
174,2026-07-08 22:48:00,高校地推,一线,iOS,22
175,2026-07-01 13:18:00,自然流量,三线及以下,iOS,25
176,2026-06-19 18:00:00,自然流量,三线及以下,Android,22
177,2026-08-17 07:55:00,抖音信息流,三线及以下,Android,18
178,2026-07-15 10:27:00,高校地推,一线,iOS,23
179,2026-06-20 11:25:00,微信分享裂变,新一线,Android,18
180,2026-07-07 17:49:00,小红书种草,三线及以下,Android,25
181,2026-07-12 10:23:00,微信分享裂变,二线,Android,31
182,2026-07-03 12:45:00,微信分享裂变,一线,Android,20
183,2026-07-13 09:18:00,抖音信息流,三线及以下,Android,27
184,2026-06-17 22:53:00,抖音信息流,二线,Android,20
185,2026-06-26 18:34:00,微信分享裂变,二线,Android,23
186,2026-07-13 18:09:00,小红书种草,新一线,iOS,19
187,2026-07-30 21:39:00,抖音信息流,新一线,Android,27
188,2026-06-23 03:34:00,自然流量,二线,iOS,30
189,2026-07-16 17:13:00,小红书种草,新一线,iOS,24
190,2026-07-22 22:08:00,自然流量,二线,iOS,26
191,2026-07-18 21:48:00,高校地推,一线,Android,26
192,2026-06-24 09:30:00,自然流量,一线,Android,22
193,2026-08-19 20:21:00,自然流量,三线及以下,Android,30
194,2026-06-20 17:33:00,微信分享裂变,一线,iOS,21
195,2026-07-06 14:46:00,自然流量,一线,iOS,18
196,2026-06-22 14:49:00,自然流量,二线,iOS,19
197,2026-07-03 08:13:00,小红书种草,二线,iOS,27
198,2026-07-03 09:24:00,微信分享裂变,二线,iOS,22
199,2026-06-16 15:03:00,自然流量,一线,iOS,24
200,2026-06-13 06:43:00,抖音信息流,新一线,Android,22
201,2026-06-26 11:58:00,微信分享裂变,一线,Android,24
202,2026-07-03 01:07:00,高校地推,一线,iOS,29
203,2026-07-24 14:24:00,抖音信息流,一线,iOS,31
204,2026-06-23 16:56:00,自然流量,新一线,Android,19
205,2026-06-30 16:03:00,自然流量,新一线,Android,28
206,2026-07-01 11:30:00,自然流量,一线,Android,24
207,2026-07-06 07:01:00,自然流量,三线及以下,Android,18
208,2026-07-28 04:17:00,小红书种草,三线及以下,iOS,26
209,2026-07-15 22:26:00,自然流量,一线,iOS,33
210,2026-06-29 12:29:00,抖音信息流,二线,iOS,20
211,2026-07-25 07:44:00,小红书种草,新一线,Android,22
212,2026-06-13 03:35:00,小红书种草,新一线,Android,18
213,2026-06-27 15:05:00,自然流量,新一线,iOS,23
214,2026-07-17 00:55:00,微信分享裂变,二线,Android,24
215,2026-07-13 20:58:00,小红书种草,一线,Android,33
216,2026-06-24 22:56:00,小红书种草,新一线,Android,19
217,2026-06-25 11:26:00,自然流量,一线,Android,28
218,2026-06-13 08:16:00,自然流量,一线,Android,25
219,2026-07-01 08:11:00,高校地推,新一线,Android,35
220,2026-06-17 23:48:00,抖音信息流,一线,Android,24
221,2026-06-21 21:12:00,抖音信息流,二线,Android,23
222,2026-07-04 12:02:00,抖音信息流,二线,iOS,28
223,2026-08-12 03:07:00,小红书种草,一线,Android,26
224,2026-07-14 22:06:00,高校地推,三线及以下,Android,28
225,2026-07-08 23:04:00,自然流量,一线,Android,26
226,2026-06-08 14:14:00,高校地推,二线,iOS,18
227,2026-06-30 16:56:00,自然流量,一线,iOS,26
228,2026-08-15 02:35:00,抖音信息流,一线,iOS,26
229,2026-06-30 19:31:00,小红书种草,三线及以下,Android,20
230,2026-07-21 09:17:00,自然流量,三线及以下,Android,25
231,2026-07-04 18:04:00,自然流量,新一线,iOS,18
232,2026-07-16 11:48:00,抖音信息流,一线,Android,25
233,2026-07-20 16:48:00,高校地推,二线,Android,27
234,2026-07-26 20:14:00,小红书种草,一线,Android,28
235,2026-06-04 22:19:00,高校地推,三线及以下,iOS,27
236,2026-06-05 10:38:00,微信分享裂变,一线,Android,19
237,2026-06-30 01:06:00,抖音信息流,一线,iOS,18
238,2026-08-02 20:42:00,微信分享裂变,一线,iOS,28
239,2026-07-16 21:20:00,自然流量,一线,Android,26
240,2026-07-08 17:36:00,自然流量,三线及以下,iOS,26
241,2026-06-25 07:58:00,微信分享裂变,新一线,iOS,32
242,2026-07-02 14:13:00,微信分享裂变,一线,iOS,18
243,2026-06-16 03:30:00,自然流量,一线,Android,33
244,2026-08-22 11:08:00,抖音信息流,一线,Android,21
245,2026-06-24 16:13:00,小红书种草,新一线,Android,28
246,2026-06-16 17:48:00,微信分享裂变,新一线,iOS,23
247,2026-06-26 06:56:00,小红书种草,一线,iOS,22
248,2026-07-28 10:10:00,抖音信息流,二线,Android,18
249,2026-07-23 20:51:00,抖音信息流,新一线,iOS,20
250,2026-08-02 03:55:00,抖音信息流,三线及以下,Android,26
251,2026-06-23 21:09:00,小红书种草,新一线,iOS,25
252,2026-07-21 03:04:00,微信分享裂变,一线,Android,28
253,2026-07-04 03:59:00,抖音信息流,一线,Android,20
254,2026-07-14 05:59:00,自然流量,三线及以下,Android,27
255,2026-06-12 17:16:00,自然流量,一线,Android,24
256,2026-07-18 13:52:00,小红书种草,一线,iOS,27
257,2026-08-17 00:15:00,微信分享裂变,新一线,iOS,26
258,2026-06-23 11:24:00,自然流量,新一线,Android,21
259,2026-06-13 06:25:00,自然流量,新一线,Android,25
260,2026-08-22 23:03:00,小红书种草,二线,Android,26
261,2026-07-21 14:10:00,自然流量,一线,Android,27
262,2026-07-19 03:40:00,微信分享裂变,二线,Android,31
263,2026-08-06 17:36:00,抖音信息流,三线及以下,iOS,20
264,2026-07-31 03:05:00,自然流量,一线,iOS,18
265,2026-06-25 14:57:00,高校地推,一线,iOS,30
266,2026-06-15 07:07:00,自然流量,三线及以下,Android,18
267,2026-07-30 13:26:00,自然流量,一线,iOS,29
268,2026-06-21 17:13:00,自然流量,新一线,iOS,19
269,2026-06-19 13:35:00,自然流量,一线,iOS,20
270,2026-08-07 00:50:00,自然流量,新一线,iOS,23
271,2026-06-19 11:49:00,自然流量,二线,iOS,18
272,2026-07-02 02:26:00,自然流量,二线,iOS,19
273,2026-08-06 03:43:00,自然流量,新一线,iOS,18
274,2026-06-09 06:48:00,小红书种草,一线,Android,27
275,2026-08-10 14:58:00,小红书种草,新一线,iOS,23
276,2026-06-09 07:08:00,抖音信息流,新一线,iOS,24
277,2026-06-27 03:36:00,抖音信息流,新一线,iOS,23
278,2026-06-13 16:26:00,抖音信息流,新一线,Android,23
279,2026-07-02 13:28:00,微信分享裂变,三线及以下,Android,21
280,2026-07-07 05:15:00,微信分享裂变,一线,iOS,28
281,2026-06-15 21:58:00,自然流量,一线,iOS,18
282,2026-07-05 19:35:00,自然流量,二线,iOS,18
283,2026-06-17 11:31:00,自然流量,新一线,Android,30
284,2026-07-08 12:23:00,自然流量,一线,Android,25
285,2026-06-18 22:53:00,抖音信息流,三线及以下,Android,18
286,2026-07-09 19:38:00,抖音信息流,二线,Android,25
287,2026-06-14 06:15:00,自然流量,新一线,iOS,18
288,2026-07-05 17:30:00,抖音信息流,二线,Android,30
289,2026-06-17 10:36:00,抖音信息流,新一线,Android,28
290,2026-06-26 07:15:00,自然流量,新一线,iOS,34
291,2026-07-12 06:30:00,微信分享裂变,一线,Android,22
292,2026-06-17 05:22:00,自然流量,新一线,Android,18
293,2026-06-05 13:54:00,高校地推,新一线,Android,21
294,2026-06-04 20:03:00,自然流量,二线,iOS,21
295,2026-07-08 18:13:00,微信分享裂变,新一线,iOS,25
296,2026-07-24 04:03:00,高校地推,一线,iOS,18
297,2026-08-02 00:06:00,高校地推,二线,iOS,23
298,2026-07-25 18:59:00,微信分享裂变,一线,iOS,18
299,2026-06-24 16:46:00,微信分享裂变,二线,iOS,21
300,2026-08-20 18:45:00,小红书种草,二线,iOS,30
301,2026-08-02 08:54:00,微信分享裂变,新一线,Android,29
302,2026-08-02 00:27:00,自然流量,新一线,Android,27
303,2026-06-21 09:10:00,抖音信息流,一线,iOS,27
304,2026-07-21 07:30:00,抖音信息流,二线,iOS,22
305,2026-07-09 06:00:00,微信分享裂变,一线,Android,23
306,2026-06-22 01:55:00,抖音信息流,新一线,iOS,18
307,2026-08-08 11:23:00,抖音信息流,一线,iOS,18
308,2026-06-15 06:24:00,小红书种草,新一线,Android,24
309,2026-06-16 09:56:00,自然流量,一线,iOS,18
310,2026-07-13 19:19:00,自然流量,一线,iOS,27
311,2026-06-24 12:40:00,抖音信息流,新一线,Android,23
312,2026-06-22 17:30:00,抖音信息流,二线,Android,22
313,2026-06-24 07:32:00,自然流量,一线,Android,20
314,2026-07-22 21:14:00,抖音信息流,新一线,Android,26
315,2026-08-13 03:03:00,抖音信息流,二线,iOS,27
316,2026-07-12 10:32:00,抖音信息流,新一线,Android,19
317,2026-07-11 17:17:00,抖音信息流,新一线,Android,21
318,2026-07-07 18:30:00,小红书种草,一线,Android,23
319,2026-07-06 12:24:00,自然流量,一线,Android,25
320,2026-07-23 21:56:00,高校地推,一线,iOS,25
321,2026-06-10 04:35:00,高校地推,三线及以下,Android,23
322,2026-06-29 22:50:00,抖音信息流,一线,iOS,27
323,2026-06-16 01:23:00,抖音信息流,一线,iOS,23
324,2026-07-03 20:46:00,抖音信息流,一线,iOS,18
325,2026-07-11 22:49:00,微信分享裂变,二线,iOS,30
326,2026-07-08 12:34:00,小红书种草,新一线,iOS,28
327,2026-08-08 14:42:00,微信分享裂变,二线,Android,18
328,2026-07-25 03:42:00,抖音信息流,新一线,Android,24
329,2026-06-05 20:13:00,小红书种草,二线,Android,30
330,2026-07-13 03:04:00,自然流量,三线及以下,Android,22
331,2026-08-01 12:09:00,小红书种草,新一线,iOS,27
332,2026-07-18 17:22:00,自然流量,三线及以下,Android,29
333,2026-08-04 04:43:00,小红书种草,三线及以下,Android,25
334,2026-07-16 00:33:00,微信分享裂变,一线,iOS,34
335,2026-07-29 18:40:00,自然流量,新一线,iOS,27
336,2026-07-12 14:33:00,小红书种草,二线,Android,24
337,2026-07-10 04:13:00,自然流量,二线,Android,23
338,2026-07-14 12:46:00,小红书种草,二线,iOS,23
339,2026-06-25 19:50:00,自然流量,二线,Android,21
340,2026-06-20 14:26:00,高校地推,一线,Android,18
341,2026-07-10 19:17:00,自然流量,二线,Android,19
342,2026-06-26 10:23:00,高校地推,一线,Android,23
343,2026-07-27 23:12:00,微信分享裂变,二线,iOS,28
344,2026-08-09 03:42:00,小红书种草,一线,Android,25
345,2026-06-17 17:43:00,微信分享裂变,二线,Android,24
346,2026-06-07 06:54:00,微信分享裂变,二线,iOS,34
347,2026-06-16 14:20:00,高校地推,一线,Android,32
348,2026-06-29 17:52:00,自然流量,二线,Android,19
349,2026-08-03 21:24:00,小红书种草,二线,iOS,27
350,2026-07-29 14:04:00,自然流量,一线,Android,18
351,2026-06-15 04:16:00,小红书种草,新一线,iOS,25
352,2026-07-19 08:36:00,自然流量,一线,iOS,18
353,2026-06-27 22:01:00,抖音信息流,一线,Android,20
354,2026-06-29 19:02:00,抖音信息流,二线,Android,27
355,2026-06-27 01:52:00,抖音信息流,一线,Android,21
356,2026-07-07 22:00:00,抖音信息流,新一线,iOS,18
357,2026-07-15 00:40:00,微信分享裂变,一线,Android,20
358,2026-07-05 23:50:00,微信分享裂变,一线,iOS,19
359,2026-06-29 17:15:00,抖音信息流,新一线,Android,26
360,2026-08-17 03:58:00,小红书种草,新一线,Android,30
361,2026-08-04 18:17:00,高校地推,三线及以下,Android,23
362,2026-07-29 05:58:00,自然流量,一线,Android,29
363,2026-07-29 08:52:00,自然流量,新一线,iOS,21
364,2026-07-05 12:34:00,自然流量,二线,Android,23
365,2026-06-27 16:31:00,小红书种草,新一线,iOS,32
366,2026-08-05 10:32:00,抖音信息流,二线,iOS,23
367,2026-07-24 14:49:00,微信分享裂变,一线,iOS,29
368,2026-06-08 12:07:00,小红书种草,二线,Android,20
369,2026-06-18 23:45:00,抖音信息流,新一线,Android,23
370,2026-08-04 16:28:00,微信分享裂变,二线,Android,19
371,2026-06-29 08:26:00,微信分享裂变,一线,Android,24
372,2026-07-29 11:20:00,自然流量,一线,Android,25
373,2026-07-04 08:28:00,抖音信息流,新一线,Android,27
374,2026-07-24 02:41:00,抖音信息流,新一线,Android,21
375,2026-06-25 04:40:00,自然流量,一线,iOS,23
376,2026-07-17 11:10:00,自然流量,一线,Android,29
377,2026-06-10 17:44:00,高校地推,一线,Android,18
378,2026-07-25 10:53:00,抖音信息流,一线,Android,18
379,2026-07-20 22:44:00,抖音信息流,一线,Android,20
380,2026-07-30 18:35:00,小红书种草,二线,Android,27
381,2026-06-18 15:59:00,抖音信息流,三线及以下,Android,24
382,2026-07-18 12:37:00,高校地推,新一线,iOS,19
383,2026-07-03 07:37:00,微信分享裂变,一线,Android,24
384,2026-06-21 14:12:00,抖音信息流,一线,Android,22
385,2026-07-14 16:55:00,抖音信息流,二线,Android,18
386,2026-06-20 08:33:00,高校地推,三线及以下,iOS,22
387,2026-07-05 03:10:00,小红书种草,一线,iOS,27
388,2026-06-06 06:05:00,高校地推,一线,iOS,22
389,2026-07-27 17:41:00,自然流量,一线,iOS,18
390,2026-07-03 22:27:00,微信分享裂变,新一线,Android,32
391,2026-06-30 00:49:00,小红书种草,一线,Android,19
392,2026-07-13 05:19:00,自然流量,二线,Android,25
393,2026-07-27 14:47:00,小红书种草,一线,iOS,28
394,2026-06-13 13:40:00,小红书种草,一线,iOS,26
395,2026-07-19 02:14:00,自然流量,二线,Android,22
396,2026-06-20 05:47:00,抖音信息流,二线,Android,18
397,2026-07-11 07:26:00,微信分享裂变,一线,iOS,29
398,2026-06-22 02:36:00,自然流量,二线,iOS,18
399,2026-06-09 21:49:00,抖音信息流,一线,iOS,28
400,2026-06-20 20:19:00,抖音信息流,一线,Android,29
401,2026-06-21 16:01:00,抖音信息流,一线,Android,18
402,2026-07-18 04:49:00,高校地推,一线,Android,18
403,2026-06-25 22:21:00,微信分享裂变,一线,Android,22
404,2026-07-26 11:58:00,自然流量,二线,Android,28
405,2026-07-01 20:56:00,高校地推,三线及以下,Android,21
406,2026-06-27 08:45:00,微信分享裂变,一线,iOS,24
407,2026-08-01 09:49:00,自然流量,一线,iOS,21
408,2026-06-12 00:53:00,微信分享裂变,一线,iOS,27
409,2026-07-08 17:56:00,自然流量,新一线,iOS,20
410,2026-06-19 05:49:00,高校地推,二线,iOS,20
411,2026-07-08 22:20:00,小红书种草,一线,iOS,18
412,2026-07-26 01:53:00,小红书种草,新一线,iOS,18
413,2026-07-09 10:42:00,自然流量,新一线,Android,29
414,2026-07-03 10:39:00,微信分享裂变,二线,Android,22
415,2026-06-11 13:18:00,自然流量,一线,iOS,19
416,2026-07-06 16:53:00,自然流量,一线,iOS,18
417,2026-07-27 04:45:00,自然流量,一线,Android,22
418,2026-07-01 14:49:00,微信分享裂变,新一线,Android,19
419,2026-07-05 05:49:00,自然流量,新一线,iOS,18
420,2026-07-04 08:21:00,高校地推,新一线,Android,20
421,2026-08-01 22:12:00,小红书种草,一线,Android,24
422,2026-06-11 04:30:00,自然流量,一线,Android,18
423,2026-07-23 01:09:00,自然流量,新一线,Android,22
424,2026-08-06 18:19:00,自然流量,一线,iOS,28
425,2026-06-29 20:34:00,小红书种草,三线及以下,iOS,21
426,2026-07-03 23:53:00,微信分享裂变,二线,Android,18
427,2026-07-04 10:36:00,自然流量,一线,Android,29
428,2026-07-18 11:15:00,微信分享裂变,新一线,Android,23
429,2026-07-07 12:26:00,自然流量,一线,iOS,23
430,2026-07-21 02:07:00,微信分享裂变,三线及以下,iOS,26
431,2026-07-21 21:51:00,高校地推,新一线,iOS,23
432,2026-06-16 20:48:00,微信分享裂变,一线,Android,24
433,2026-06-13 13:10:00,小红书种草,二线,iOS,18
434,2026-07-29 20:51:00,微信分享裂变,一线,iOS,19
435,2026-07-17 10:55:00,自然流量,一线,Android,33
436,2026-06-03 02:23:00,自然流量,一线,iOS,18
437,2026-07-09 15:36:00,自然流量,一线,iOS,24
438,2026-06-18 10:33:00,抖音信息流,一线,iOS,32
439,2026-06-09 08:43:00,小红书种草,三线及以下,Android,27
440,2026-06-29 00:20:00,小红书种草,新一线,iOS,25
441,2026-08-09 09:16:00,微信分享裂变,三线及以下,iOS,19
442,2026-06-11 18:43:00,自然流量,一线,Android,20
443,2026-06-28 22:59:00,小红书种草,二线,Android,22
444,2026-06-24 11:39:00,自然流量,二线,Android,25
445,2026-07-10 19:57:00,自然流量,二线,Android,30
446,2026-06-07 08:11:00,小红书种草,二线,Android,24
447,2026-06-29 02:54:00,高校地推,新一线,Android,21
448,2026-07-23 14:38:00,小红书种草,新一线,iOS,23
449,2026-06-28 15:24:00,自然流量,三线及以下,iOS,26
450,2026-07-30 01:08:00,小红书种草,一线,Android,25
451,2026-07-08 05:44:00,自然流量,一线,iOS,22
452,2026-07-02 05:28:00,微信分享裂变,三线及以下,iOS,18
453,2026-06-20 13:05:00,小红书种草,三线及以下,iOS,29
454,2026-07-30 00:00:00,自然流量,新一线,Android,22
455,2026-07-13 08:10:00,自然流量,二线,Android,25
456,2026-07-19 17:51:00,自然流量,三线及以下,iOS,20
457,2026-06-21 13:03:00,高校地推,新一线,iOS,20
458,2026-06-11 11:24:00,抖音信息流,一线,iOS,26
459,2026-06-26 17:52:00,微信分享裂变,新一线,iOS,18
460,2026-07-01 09:40:00,小红书种草,新一线,iOS,18
461,2026-07-04 05:46:00,抖音信息流,一线,iOS,31
462,2026-07-15 18:54:00,自然流量,三线及以下,Android,28
463,2026-06-29 04:55:00,高校地推,二线,Android,26
464,2026-08-15 04:02:00,抖音信息流,二线,iOS,18
465,2026-08-15 06:48:00,抖音信息流,新一线,iOS,25
466,2026-07-01 08:00:00,小红书种草,一线,Android,23
467,2026-06-22 12:54:00,小红书种草,新一线,iOS,21
468,2026-07-03 08:56:00,高校地推,二线,iOS,23
469,2026-07-10 21:56:00,自然流量,新一线,iOS,18
470,2026-06-30 23:02:00,抖音信息流,一线,Android,18
471,2026-07-13 15:29:00,抖音信息流,二线,iOS,25
472,2026-07-02 04:32:00,抖音信息流,一线,iOS,24
473,2026-07-07 00:52:00,自然流量,新一线,Android,25
474,2026-07-22 07:15:00,自然流量,新一线,iOS,27
475,2026-07-20 11:27:00,自然流量,三线及以下,Android,26
476,2026-07-19 05:55:00,抖音信息流,一线,Android,31
477,2026-08-13 11:36:00,抖音信息流,一线,iOS,29
478,2026-06-28 23:30:00,小红书种草,三线及以下,iOS,24
479,2026-07-06 21:26:00,小红书种草,三线及以下,Android,24
480,2026-06-16 04:51:00,抖音信息流,一线,iOS,25
481,2026-07-07 01:29:00,抖音信息流,二线,iOS,18
482,2026-06-28 21:50:00,自然流量,三线及以下,iOS,28
483,2026-06-18 14:22:00,小红书种草,一线,Android,26
484,2026-07-19 22:43:00,抖音信息流,二线,Android,18
485,2026-07-09 23:07:00,自然流量,一线,Android,31
486,2026-08-26 03:55:00,抖音信息流,二线,iOS,21
487,2026-08-08 22:52:00,抖音信息流,一线,iOS,23
488,2026-06-10 00:40:00,自然流量,二线,iOS,23
489,2026-07-17 02:15:00,抖音信息流,二线,iOS,23
490,2026-07-02 06:31:00,抖音信息流,一线,Android,35
491,2026-06-09 15:01:00,小红书种草,二线,Android,22
492,2026-06-23 10:18:00,小红书种草,一线,iOS,22
493,2026-07-02 02:53:00,小红书种草,一线,Android,24
494,2026-08-13 04:29:00,抖音信息流,三线及以下,iOS,19
495,2026-07-02 10:18:00,微信分享裂变,三线及以下,Android,25
496,2026-07-01 17:02:00,抖音信息流,二线,iOS,19
497,2026-06-08 12:58:00,抖音信息流,三线及以下,iOS,26
498,2026-06-24 21:48:00,小红书种草,一线,iOS,18
499,2026-07-02 10:43:00,抖音信息流,新一线,iOS,21
500,2026-07-22 10:28:00,抖音信息流,三线及以下,Android,18
501,2026-06-14 04:16:00,小红书种草,三线及以下,Android,21
502,2026-07-09 06:09:00,微信分享裂变,新一线,Android,18
503,2026-07-21 23:13:00,高校地推,一线,Android,18
504,2026-06-16 15:00:00,抖音信息流,二线,iOS,22
505,2026-07-18 14:43:00,抖音信息流,一线,iOS,18
506,2026-07-05 06:16:00,微信分享裂变,二线,iOS,32
507,2026-07-03 01:24:00,抖音信息流,一线,iOS,22
508,2026-06-24 13:29:00,微信分享裂变,新一线,iOS,27
509,2026-06-25 03:34:00,抖音信息流,一线,Android,25
510,2026-08-09 03:53:00,自然流量,二线,Android,18
511,2026-07-12 17:07:00,自然流量,三线及以下,iOS,21
512,2026-08-10 10:13:00,微信分享裂变,新一线,iOS,27
513,2026-07-16 22:13:00,自然流量,三线及以下,Android,27
514,2026-07-01 07:55:00,自然流量,新一线,Android,28
515,2026-07-24 23:02:00,抖音信息流,一线,iOS,20
516,2026-07-27 18:30:00,自然流量,二线,iOS,26
517,2026-08-06 01:05:00,抖音信息流,一线,Android,20
518,2026-07-09 14:41:00,小红书种草,一线,Android,29
519,2026-08-02 11:42:00,自然流量,二线,Android,28
520,2026-06-24 02:24:00,微信分享裂变,一线,Android,18
521,2026-06-16 23:37:00,微信分享裂变,三线及以下,Android,25
522,2026-07-24 11:53:00,抖音信息流,新一线,Android,18
523,2026-06-26 15:58:00,自然流量,一线,iOS,28
524,2026-08-07 20:45:00,小红书种草,新一线,iOS,18
525,2026-06-13 04:34:00,自然流量,一线,Android,25
526,2026-06-13 23:07:00,抖音信息流,二线,iOS,27
527,2026-06-30 00:46:00,高校地推,一线,iOS,24
528,2026-06-13 15:28:00,高校地推,三线及以下,iOS,28
529,2026-07-10 12:06:00,微信分享裂变,一线,iOS,25
530,2026-06-26 05:40:00,抖音信息流,一线,Android,31
531,2026-06-12 21:38:00,小红书种草,新一线,iOS,18
532,2026-06-03 15:16:00,小红书种草,新一线,iOS,22
533,2026-06-24 13:08:00,抖音信息流,新一线,Android,18
534,2026-06-01 21:29:00,小红书种草,新一线,Android,22
535,2026-06-22 20:41:00,自然流量,一线,iOS,18
536,2026-07-17 16:16:00,自然流量,新一线,iOS,18
537,2026-07-19 08:28:00,抖音信息流,三线及以下,iOS,18
538,2026-07-27 04:59:00,自然流量,一线,Android,21
539,2026-07-05 05:11:00,自然流量,新一线,iOS,25
540,2026-07-25 23:34:00,微信分享裂变,一线,Android,26
541,2026-06-13 04:01:00,高校地推,三线及以下,Android,29
542,2026-07-09 04:53:00,抖音信息流,一线,iOS,28
543,2026-07-20 16:38:00,微信分享裂变,一线,Android,18
544,2026-06-26 04:16:00,高校地推,新一线,Android,20
545,2026-07-20 18:47:00,自然流量,二线,Android,24
546,2026-07-09 12:09:00,抖音信息流,一线,Android,25
547,2026-07-01 17:19:00,抖音信息流,二线,iOS,30
548,2026-06-06 20:21:00,自然流量,一线,Android,22
549,2026-07-24 19:50:00,小红书种草,三线及以下,iOS,27
550,2026-07-27 09:44:00,抖音信息流,三线及以下,iOS,23
551,2026-07-02 00:08:00,抖音信息流,二线,iOS,25
552,2026-07-28 18:19:00,自然流量,二线,Android,25
553,2026-06-20 22:25:00,自然流量,新一线,iOS,23
554,2026-07-26 01:07:00,高校地推,二线,iOS,19
555,2026-06-30 02:45:00,自然流量,一线,iOS,25
556,2026-07-18 05:52:00,自然流量,二线,iOS,27
557,2026-06-19 19:51:00,自然流量,新一线,iOS,24
558,2026-06-24 11:08:00,抖音信息流,二线,Android,18
559,2026-06-10 18:01:00,小红书种草,新一线,Android,23
560,2026-07-02 04:09:00,抖音信息流,新一线,Android,27
561,2026-08-15 12:39:00,自然流量,一线,Android,19
562,2026-06-10 04:10:00,自然流量,新一线,iOS,29
563,2026-06-07 16:49:00,微信分享裂变,新一线,iOS,20
564,2026-08-05 19:33:00,小红书种草,二线,Android,22
565,2026-07-26 11:24:00,小红书种草,一线,Android,25
566,2026-06-30 16:57:00,小红书种草,三线及以下,Android,19
567,2026-06-09 17:47:00,微信分享裂变,二线,iOS,28
568,2026-06-21 23:08:00,自然流量,三线及以下,iOS,30
569,2026-06-26 15:30:00,抖音信息流,三线及以下,iOS,18
570,2026-07-07 16:07:00,抖音信息流,新一线,Android,23
571,2026-07-14 07:16:00,抖音信息流,三线及以下,Android,33
572,2026-06-17 03:40:00,微信分享裂变,新一线,Android,29
573,2026-08-01 00:29:00,抖音信息流,一线,Android,18
574,2026-07-02 21:14:00,微信分享裂变,一线,Android,29
575,2026-06-23 09:51:00,微信分享裂变,一线,Android,18
576,2026-06-21 16:57:00,抖音信息流,一线,Android,27
577,2026-06-10 14:37:00,高校地推,新一线,iOS,19
578,2026-07-27 13:18:00,小红书种草,三线及以下,iOS,26
579,2026-06-14 03:58:00,微信分享裂变,一线,Android,25
580,2026-07-01 19:38:00,抖音信息流,三线及以下,Android,24
581,2026-07-25 10:13:00,抖音信息流,二线,iOS,26
582,2026-06-09 15:07:00,抖音信息流,三线及以下,Android,21
583,2026-07-01 01:02:00,自然流量,二线,iOS,21
584,2026-07-05 07:21:00,抖音信息流,三线及以下,Android,28
585,2026-06-29 23:12:00,高校地推,一线,Android,24
586,2026-07-21 18:23:00,小红书种草,新一线,Android,21
587,2026-06-22 03:52:00,自然流量,一线,Android,23
588,2026-06-30 22:52:00,抖音信息流,一线,iOS,22
589,2026-07-28 14:54:00,自然流量,新一线,Android,22
590,2026-07-21 00:31:00,自然流量,新一线,iOS,26
591,2026-06-30 06:01:00,高校地推,三线及以下,Android,19
592,2026-07-15 19:36:00,抖音信息流,一线,iOS,31
593,2026-06-13 23:50:00,抖音信息流,三线及以下,iOS,25
594,2026-07-06 11:44:00,小红书种草,一线,Android,18
595,2026-07-08 10:18:00,自然流量,二线,Android,25
596,2026-08-22 12:52:00,自然流量,一线,Android,19
597,2026-06-11 12:53:00,小红书种草,三线及以下,Android,23
598,2026-07-30 03:29:00,小红书种草,新一线,iOS,23
599,2026-07-18 23:22:00,高校地推,一线,Android,27
600,2026-06-07 22:10:00,小红书种草,三线及以下,Android,27
601,2026-07-06 19:12:00,抖音信息流,一线,Android,25
602,2026-08-01 15:03:00,微信分享裂变,三线及以下,Android,33
603,2026-07-09 06:07:00,高校地推,一线,Android,20
604,2026-08-02 05:56:00,小红书种草,一线,Android,30
605,2026-07-14 14:58:00,高校地推,一线,Android,30
606,2026-07-03 06:11:00,微信分享裂变,二线,iOS,25
607,2026-06-04 12:16:00,微信分享裂变,二线,Android,26
608,2026-07-21 20:43:00,自然流量,新一线,iOS,28
609,2026-07-16 12:20:00,小红书种草,一线,iOS,22
610,2026-08-11 03:42:00,抖音信息流,新一线,iOS,21
611,2026-08-06 01:33:00,抖音信息流,新一线,iOS,21
612,2026-06-26 11:17:00,小红书种草,新一线,Android,25
613,2026-07-22 10:00:00,高校地推,新一线,Android,21
614,2026-07-06 14:21:00,高校地推,新一线,Android,20
615,2026-06-26 06:47:00,自然流量,新一线,Android,18
616,2026-07-08 07:49:00,小红书种草,新一线,Android,19
617,2026-07-09 16:37:00,小红书种草,一线,iOS,20
618,2026-06-24 16:09:00,抖音信息流,三线及以下,Android,20
619,2026-07-19 00:53:00,自然流量,二线,iOS,24
620,2026-07-10 23:33:00,自然流量,二线,Android,20
621,2026-08-06 02:09:00,微信分享裂变,二线,iOS,26
622,2026-07-07 02:41:00,抖音信息流,新一线,Android,33
623,2026-06-14 16:54:00,高校地推,三线及以下,iOS,30
624,2026-07-16 17:48:00,抖音信息流,新一线,iOS,18
625,2026-07-16 04:22:00,高校地推,新一线,Android,22
626,2026-06-26 01:16:00,抖音信息流,二线,Android,18
627,2026-07-06 16:35:00,微信分享裂变,三线及以下,iOS,24
628,2026-06-16 09:43:00,自然流量,新一线,Android,25
629,2026-06-30 00:21:00,抖音信息流,二线,iOS,24
630,2026-06-25 00:49:00,微信分享裂变,新一线,iOS,18
631,2026-06-30 18:39:00,高校地推,新一线,iOS,20
632,2026-07-17 16:47:00,微信分享裂变,三线及以下,iOS,28
633,2026-08-09 17:53:00,自然流量,新一线,iOS,25
634,2026-06-13 17:05:00,抖音信息流,二线,iOS,19
635,2026-08-16 23:26:00,自然流量,二线,Android,18
636,2026-07-08 10:17:00,自然流量,一线,iOS,23
637,2026-06-20 18:46:00,小红书种草,三线及以下,iOS,23
638,2026-08-02 23:21:00,小红书种草,一线,iOS,18
639,2026-07-31 23:53:00,微信分享裂变,二线,Android,22
640,2026-08-11 19:41:00,微信分享裂变,二线,iOS,21
641,2026-08-07 07:59:00,小红书种草,二线,iOS,21
642,2026-06-09 21:56:00,微信分享裂变,三线及以下,Android,21
643,2026-07-12 21:23:00,自然流量,新一线,Android,25
644,2026-07-08 15:09:00,自然流量,一线,iOS,24
645,2026-08-01 15:38:00,小红书种草,新一线,Android,30
646,2026-07-06 22:28:00,微信分享裂变,二线,iOS,24
647,2026-07-12 16:19:00,自然流量,新一线,iOS,28
648,2026-06-19 23:43:00,抖音信息流,一线,Android,18
649,2026-08-01 05:28:00,小红书种草,新一线,Android,24
650,2026-06-03 10:35:00,自然流量,三线及以下,Android,22
651,2026-07-01 00:16:00,抖音信息流,新一线,Android,27
652,2026-06-17 18:00:00,微信分享裂变,三线及以下,iOS,25
653,2026-07-09 06:10:00,小红书种草,新一线,Android,31
654,2026-06-13 12:21:00,自然流量,三线及以下,Android,19
655,2026-06-15 06:41:00,微信分享裂变,二线,Android,20
656,2026-06-24 23:35:00,抖音信息流,新一线,iOS,25
657,2026-07-17 15:46:00,微信分享裂变,新一线,Android,23
658,2026-07-13 20:34:00,自然流量,三线及以下,Android,19
659,2026-07-07 10:57:00,小红书种草,三线及以下,iOS,25
660,2026-06-30 23:01:00,抖音信息流,新一线,Android,21
661,2026-07-31 06:10:00,自然流量,二线,Android,26
662,2026-06-30 17:42:00,微信分享裂变,三线及以下,iOS,18
663,2026-07-29 23:17:00,自然流量,一线,Android,22
664,2026-06-23 23:04:00,自然流量,新一线,iOS,24
665,2026-07-18 17:42:00,抖音信息流,二线,iOS,24
666,2026-06-23 05:17:00,小红书种草,一线,Android,27
667,2026-07-30 18:46:00,微信分享裂变,二线,Android,22
668,2026-07-20 02:54:00,高校地推,一线,iOS,26
669,2026-07-28 13:23:00,自然流量,新一线,Android,23
670,2026-06-19 01:33:00,抖音信息流,新一线,Android,27
671,2026-06-25 02:43:00,自然流量,二线,Android,18
672,2026-06-21 18:54:00,抖音信息流,一线,Android,18
673,2026-06-11 04:26:00,高校地推,新一线,Android,30
674,2026-06-15 14:42:00,小红书种草,一线,Android,21
675,2026-07-06 03:00:00,小红书种草,一线,Android,18
676,2026-06-25 16:28:00,抖音信息流,二线,iOS,23
677,2026-07-02 23:45:00,高校地推,一线,iOS,21
678,2026-06-25 10:54:00,抖音信息流,一线,iOS,25
679,2026-06-25 13:03:00,自然流量,一线,iOS,26
680,2026-07-11 13:41:00,抖音信息流,新一线,Android,21
681,2026-06-21 20:07:00,自然流量,一线,Android,28
682,2026-06-29 23:22:00,自然流量,新一线,Android,18
683,2026-06-12 22:13:00,自然流量,二线,iOS,18
684,2026-06-21 06:31:00,抖音信息流,一线,Android,24
685,2026-07-17 10:58:00,小红书种草,一线,iOS,22
686,2026-08-03 19:59:00,抖音信息流,新一线,Android,18
687,2026-07-21 07:24:00,抖音信息流,三线及以下,iOS,27
688,2026-07-27 11:14:00,高校地推,一线,iOS,18
689,2026-06-07 05:29:00,小红书种草,二线,iOS,23
690,2026-06-26 17:51:00,抖音信息流,三线及以下,iOS,27
691,2026-06-15 16:04:00,自然流量,一线,Android,25
692,2026-06-25 11:37:00,微信分享裂变,一线,Android,25
693,2026-06-05 07:35:00,自然流量,二线,iOS,21
694,2026-06-21 16:22:00,抖音信息流,三线及以下,Android,24
695,2026-06-30 05:17:00,高校地推,一线,Android,26
696,2026-07-11 00:28:00,抖音信息流,新一线,Android,20
697,2026-07-15 10:05:00,小红书种草,二线,Android,18
698,2026-06-19 00:47:00,小红书种草,新一线,iOS,27
699,2026-08-02 08:40:00,小红书种草,二线,Android,33
700,2026-08-05 00:09:00,自然流量,新一线,iOS,31
701,2026-08-12 02:16:00,自然流量,三线及以下,iOS,18
702,2026-08-07 03:15:00,抖音信息流,新一线,iOS,30
703,2026-07-03 05:06:00,自然流量,新一线,Android,20
704,2026-07-01 21:29:00,微信分享裂变,二线,iOS,33
705,2026-06-13 07:47:00,自然流量,一线,Android,18
706,2026-07-22 23:30:00,抖音信息流,新一线,Android,18
707,2026-07-06 13:08:00,微信分享裂变,一线,iOS,23
708,2026-08-14 11:17:00,微信分享裂变,新一线,iOS,21
709,2026-06-21 08:08:00,抖音信息流,新一线,iOS,22
710,2026-07-08 01:30:00,抖音信息流,二线,Android,28
711,2026-06-28 17:52:00,高校地推,二线,iOS,30
712,2026-07-06 18:09:00,小红书种草,新一线,Android,19
713,2026-08-09 02:04:00,微信分享裂变,二线,iOS,32
714,2026-06-17 10:07:00,高校地推,一线,Android,18
715,2026-06-26 17:17:00,微信分享裂变,新一线,Android,20
716,2026-07-04 16:46:00,自然流量,一线,Android,36
717,2026-07-13 21:21:00,抖音信息流,一线,Android,25
718,2026-06-24 20:42:00,自然流量,二线,iOS,20
719,2026-07-15 13:36:00,小红书种草,三线及以下,Android,25
720,2026-06-29 04:59:00,高校地推,新一线,iOS,27
721,2026-07-27 04:48:00,抖音信息流,一线,Android,25
722,2026-06-11 18:42:00,抖音信息流,一线,iOS,30
723,2026-06-04 14:03:00,自然流量,一线,Android,19
724,2026-06-27 08:14:00,高校地推,三线及以下,iOS,20
725,2026-07-08 13:44:00,自然流量,新一线,Android,19
726,2026-06-14 13:46:00,自然流量,三线及以下,Android,19
727,2026-07-25 00:39:00,自然流量,新一线,Android,24
728,2026-07-26 16:12:00,自然流量,新一线,Android,18
729,2026-06-14 06:47:00,抖音信息流,二线,Android,25
730,2026-07-10 05:16:00,抖音信息流,一线,iOS,27
731,2026-06-18 01:40:00,抖音信息流,二线,iOS,18
732,2026-07-16 02:13:00,自然流量,二线,iOS,20
733,2026-06-10 17:31:00,自然流量,一线,iOS,21
734,2026-06-16 17:01:00,抖音信息流,一线,Android,22
735,2026-06-16 19:56:00,自然流量,新一线,Android,23
736,2026-07-05 18:00:00,小红书种草,三线及以下,Android,28
737,2026-06-18 17:47:00,自然流量,三线及以下,iOS,28
738,2026-07-15 15:50:00,抖音信息流,一线,Android,19
739,2026-07-17 10:46:00,抖音信息流,二线,iOS,27
740,2026-08-08 19:23:00,抖音信息流,二线,Android,30
741,2026-06-26 19:45:00,自然流量,三线及以下,Android,30
742,2026-07-18 07:50:00,自然流量,一线,Android,25
743,2026-07-30 14:53:00,微信分享裂变,三线及以下,Android,23
744,2026-06-09 13:18:00,自然流量,二线,iOS,18
745,2026-06-25 14:33:00,抖音信息流,新一线,Android,21
746,2026-07-30 22:37:00,抖音信息流,一线,Android,18
747,2026-07-15 10:59:00,抖音信息流,一线,iOS,29
748,2026-06-28 03:27:00,抖音信息流,一线,Android,22
749,2026-06-11 13:22:00,微信分享裂变,三线及以下,iOS,23
750,2026-07-01 08:31:00,微信分享裂变,二线,Android,20
751,2026-06-13 16:08:00,自然流量,三线及以下,iOS,18
752,2026-07-25 20:02:00,抖音信息流,新一线,iOS,27
753,2026-07-11 17:55:00,自然流量,三线及以下,Android,26
754,2026-07-01 17:23:00,抖音信息流,三线及以下,iOS,28
755,2026-07-10 20:40:00,小红书种草,一线,iOS,18
756,2026-06-15 17:59:00,自然流量,一线,Android,30
757,2026-07-16 08:44:00,抖音信息流,二线,Android,23
758,2026-06-27 09:30:00,高校地推,二线,iOS,27
759,2026-07-25 10:14:00,自然流量,一线,Android,18
760,2026-07-04 19:21:00,抖音信息流,二线,Android,26
761,2026-07-09 21:00:00,小红书种草,一线,iOS,23
762,2026-08-08 08:23:00,自然流量,新一线,Android,22
763,2026-06-04 21:46:00,自然流量,三线及以下,Android,23
764,2026-06-10 04:34:00,自然流量,一线,Android,21
765,2026-06-16 06:27:00,高校地推,一线,Android,18
766,2026-06-08 16:14:00,自然流量,二线,Android,18
767,2026-06-23 03:31:00,自然流量,二线,Android,24
768,2026-06-05 10:53:00,自然流量,一线,iOS,30
769,2026-06-15 09:33:00,自然流量,新一线,Android,29
770,2026-07-26 08:11:00,小红书种草,新一线,iOS,25
771,2026-06-15 19:11:00,自然流量,二线,Android,21
772,2026-07-18 09:13:00,抖音信息流,二线,iOS,34
773,2026-08-09 10:04:00,小红书种草,一线,Android,27
774,2026-07-04 20:10:00,微信分享裂变,一线,Android,26
775,2026-06-09 14:19:00,自然流量,一线,Android,18
776,2026-07-17 06:29:00,微信分享裂变,一线,iOS,25
777,2026-06-14 20:54:00,小红书种草,一线,iOS,18
778,2026-06-27 03:59:00,自然流量,二线,iOS,34
779,2026-08-08 13:58:00,微信分享裂变,二线,Android,19
780,2026-06-12 10:18:00,微信分享裂变,一线,Android,20
781,2026-07-08 02:13:00,自然流量,三线及以下,Android,20
782,2026-06-29 20:17:00,高校地推,新一线,Android,22
783,2026-07-04 00:32:00,抖音信息流,二线,Android,27
784,2026-06-20 18:02:00,小红书种草,三线及以下,iOS,24
785,2026-07-28 09:01:00,高校地推,一线,iOS,24
786,2026-07-09 16:53:00,抖音信息流,二线,iOS,27
787,2026-07-18 18:59:00,微信分享裂变,一线,Android,18
788,2026-06-08 17:37:00,抖音信息流,三线及以下,Android,27
789,2026-06-02 12:12:00,微信分享裂变,一线,iOS,24
790,2026-07-21 06:24:00,小红书种草,新一线,Android,20
791,2026-07-08 07:09:00,自然流量,一线,Android,24
792,2026-06-09 09:48:00,抖音信息流,新一线,Android,24
793,2026-07-20 23:51:00,抖音信息流,新一线,Android,18
794,2026-07-25 02:11:00,自然流量,二线,iOS,30
795,2026-06-23 05:26:00,自然流量,一线,Android,30
796,2026-07-26 00:43:00,抖音信息流,一线,Android,18
797,2026-07-29 20:22:00,自然流量,一线,iOS,20
798,2026-06-24 21:48:00,自然流量,一线,Android,30
799,2026-07-29 09:26:00,小红书种草,一线,iOS,27
800,2026-07-05 13:09:00,小红书种草,新一线,Android,25
801,2026-07-23 10:11:00,小红书种草,新一线,Android,26
802,2026-08-07 03:09:00,抖音信息流,三线及以下,Android,25
803,2026-06-14 23:10:00,微信分享裂变,新一线,iOS,18
804,2026-06-19 23:35:00,小红书种草,一线,Android,21
805,2026-08-12 06:40:00,自然流量,二线,iOS,28
806,2026-07-02 03:24:00,自然流量,一线,Android,27
807,2026-07-11 23:54:00,小红书种草,二线,iOS,25
808,2026-07-06 00:53:00,自然流量,新一线,iOS,20
809,2026-06-16 19:07:00,抖音信息流,一线,Android,28
810,2026-07-21 15:32:00,高校地推,三线及以下,iOS,19
811,2026-07-13 20:54:00,自然流量,新一线,Android,31
812,2026-07-05 17:02:00,自然流量,三线及以下,Android,20
813,2026-06-12 16:08:00,高校地推,新一线,Android,19
814,2026-06-16 03:28:00,小红书种草,新一线,iOS,24
815,2026-06-26 16:48:00,自然流量,新一线,iOS,25
816,2026-08-05 04:24:00,微信分享裂变,新一线,Android,24
817,2026-08-05 17:40:00,微信分享裂变,二线,iOS,18
818,2026-07-03 01:17:00,抖音信息流,一线,iOS,26
819,2026-06-10 07:23:00,小红书种草,新一线,Android,28
820,2026-07-05 12:26:00,自然流量,一线,Android,23
821,2026-07-03 06:40:00,自然流量,新一线,Android,18
822,2026-07-20 15:22:00,小红书种草,一线,iOS,22
823,2026-07-25 08:59:00,自然流量,一线,iOS,18
824,2026-06-19 09:00:00,小红书种草,新一线,iOS,18
825,2026-06-12 01:13:00,微信分享裂变,二线,Android,21
826,2026-07-23 21:26:00,自然流量,三线及以下,Android,32
827,2026-07-15 20:36:00,小红书种草,一线,Android,23
828,2026-07-16 12:57:00,自然流量,新一线,Android,22
829,2026-06-07 07:32:00,微信分享裂变,一线,Android,27
830,2026-06-26 14:38:00,自然流量,新一线,Android,27
831,2026-06-17 19:03:00,小红书种草,新一线,Android,18
832,2026-06-22 07:11:00,抖音信息流,一线,Android,33
833,2026-06-18 07:51:00,抖音信息流,新一线,Android,24
834,2026-07-11 13:50:00,小红书种草,一线,iOS,28
835,2026-06-06 17:04:00,小红书种草,一线,Android,21
836,2026-07-17 14:51:00,抖音信息流,三线及以下,iOS,18
837,2026-06-25 04:31:00,小红书种草,三线及以下,Android,23
838,2026-06-24 22:17:00,高校地推,新一线,Android,18
839,2026-08-03 20:17:00,抖音信息流,一线,Android,29
840,2026-06-22 04:21:00,抖音信息流,一线,iOS,18
841,2026-06-26 21:46:00,自然流量,一线,Android,24
842,2026-06-25 06:58:00,微信分享裂变,二线,iOS,26
843,2026-08-17 11:49:00,抖音信息流,二线,Android,26
844,2026-06-21 08:07:00,抖音信息流,新一线,iOS,21
845,2026-07-10 19:52:00,自然流量,新一线,Android,18
846,2026-06-18 15:31:00,微信分享裂变,一线,Android,18
847,2026-06-18 19:21:00,抖音信息流,二线,iOS,20
848,2026-06-09 09:45:00,小红书种草,一线,Android,18
849,2026-06-19 16:39:00,自然流量,二线,Android,23
850,2026-06-09 01:07:00,高校地推,二线,Android,20
851,2026-06-24 00:24:00,自然流量,一线,Android,18
852,2026-06-06 07:26:00,自然流量,三线及以下,Android,18
853,2026-07-07 07:24:00,微信分享裂变,二线,iOS,18
854,2026-07-31 01:46:00,高校地推,新一线,Android,23
855,2026-07-07 08:08:00,自然流量,一线,Android,20
856,2026-06-10 04:19:00,抖音信息流,一线,Android,24
857,2026-06-30 15:14:00,小红书种草,一线,Android,23
858,2026-06-11 10:50:00,微信分享裂变,新一线,Android,22
859,2026-06-13 20:13:00,抖音信息流,一线,iOS,27
860,2026-07-17 23:21:00,抖音信息流,二线,Android,18
861,2026-06-19 01:34:00,小红书种草,新一线,Android,27
862,2026-06-27 03:43:00,小红书种草,新一线,iOS,25
863,2026-08-08 22:24:00,微信分享裂变,三线及以下,Android,23
864,2026-06-05 20:44:00,抖音信息流,新一线,Android,19
865,2026-07-28 02:26:00,自然流量,新一线,iOS,24
866,2026-07-17 04:21:00,高校地推,三线及以下,Android,26
867,2026-07-31 03:50:00,微信分享裂变,新一线,iOS,18
868,2026-07-03 22:20:00,微信分享裂变,新一线,Android,27
869,2026-08-08 21:35:00,自然流量,新一线,Android,32
870,2026-06-15 22:57:00,自然流量,二线,iOS,23
871,2026-07-21 16:39:00,小红书种草,二线,Android,30
872,2026-07-06 19:51:00,自然流量,新一线,Android,26
873,2026-06-02 08:52:00,高校地推,一线,iOS,25
874,2026-06-18 00:57:00,抖音信息流,三线及以下,iOS,20
875,2026-07-11 17:13:00,小红书种草,新一线,Android,22
876,2026-07-29 10:38:00,微信分享裂变,二线,Android,19
877,2026-08-18 13:30:00,抖音信息流,一线,iOS,28
878,2026-07-22 07:34:00,抖音信息流,新一线,Android,20
879,2026-07-06 04:31:00,小红书种草,三线及以下,Android,32
880,2026-06-10 22:02:00,小红书种草,二线,Android,26
881,2026-06-06 07:15:00,抖音信息流,一线,Android,25
882,2026-07-10 23:28:00,小红书种草,二线,iOS,18
883,2026-07-03 14:00:00,高校地推,一线,Android,27
884,2026-07-02 22:23:00,抖音信息流,新一线,Android,22
885,2026-07-19 11:38:00,自然流量,一线,Android,21
886,2026-07-23 21:50:00,抖音信息流,一线,iOS,20
887,2026-06-05 16:58:00,抖音信息流,一线,Android,18
888,2026-07-10 20:42:00,自然流量,新一线,Android,24
889,2026-07-23 08:45:00,自然流量,二线,iOS,23
890,2026-06-12 20:52:00,小红书种草,一线,iOS,18
891,2026-06-03 15:39:00,抖音信息流,新一线,Android,26
892,2026-07-21 10:13:00,高校地推,新一线,Android,34
893,2026-07-27 15:54:00,自然流量,三线及以下,Android,18
894,2026-06-27 10:30:00,自然流量,二线,iOS,23
895,2026-06-21 22:14:00,小红书种草,三线及以下,Android,32
896,2026-07-14 15:09:00,微信分享裂变,二线,Android,20
897,2026-06-26 18:32:00,自然流量,二线,Android,26
898,2026-07-03 01:49:00,自然流量,一线,iOS,25
899,2026-06-06 13:21:00,自然流量,三线及以下,iOS,27
900,2026-06-13 17:53:00,抖音信息流,二线,Android,33
901,2026-07-16 21:25:00,抖音信息流,一线,Android,18
902,2026-07-01 04:49:00,自然流量,一线,Android,24
903,2026-07-24 19:50:00,自然流量,新一线,Android,21
904,2026-06-27 01:56:00,抖音信息流,一线,Android,23
905,2026-06-10 14:02:00,高校地推,三线及以下,Android,24
906,2026-06-29 05:04:00,小红书种草,一线,Android,22
907,2026-07-12 04:17:00,抖音信息流,一线,iOS,18
908,2026-07-06 05:34:00,自然流量,一线,iOS,18
909,2026-08-15 17:39:00,自然流量,新一线,Android,34
910,2026-08-12 06:06:00,自然流量,二线,iOS,18
911,2026-08-01 23:22:00,微信分享裂变,新一线,Android,30
912,2026-08-02 23:45:00,微信分享裂变,一线,Android,18
913,2026-08-04 16:57:00,高校地推,三线及以下,iOS,24
914,2026-07-30 16:00:00,高校地推,新一线,iOS,33
915,2026-06-22 11:39:00,高校地推,一线,Android,27
916,2026-06-25 19:37:00,高校地推,一线,Android,18
917,2026-07-10 20:38:00,自然流量,新一线,Android,22
918,2026-07-15 06:07:00,自然流量,新一线,iOS,23
919,2026-07-30 07:08:00,抖音信息流,新一线,Android,29
920,2026-07-10 12:24:00,抖音信息流,一线,Android,24
921,2026-06-29 05:08:00,自然流量,三线及以下,Android,23
922,2026-06-19 12:55:00,微信分享裂变,一线,Android,32
923,2026-07-08 14:03:00,小红书种草,一线,Android,31
924,2026-06-22 21:54:00,抖音信息流,二线,Android,27
925,2026-06-22 19:45:00,自然流量,新一线,Android,20
926,2026-06-28 08:09:00,自然流量,三线及以下,Android,18
927,2026-06-17 16:20:00,自然流量,新一线,Android,18
928,2026-06-26 19:43:00,微信分享裂变,一线,Android,18
929,2026-07-07 04:54:00,小红书种草,三线及以下,iOS,23
930,2026-06-23 18:43:00,小红书种草,新一线,Android,28
931,2026-08-06 21:24:00,自然流量,二线,Android,33
932,2026-07-20 04:02:00,抖音信息流,一线,Android,30
933,2026-07-15 21:10:00,抖音信息流,一线,Android,20
934,2026-07-07 22:40:00,微信分享裂变,三线及以下,Android,25
935,2026-06-12 22:45:00,微信分享裂变,三线及以下,Android,26
936,2026-07-09 19:26:00,自然流量,三线及以下,iOS,18
937,2026-07-29 02:44:00,高校地推,二线,Android,19
938,2026-06-18 01:38:00,自然流量,新一线,iOS,21
939,2026-06-12 22:33:00,微信分享裂变,新一线,Android,34
940,2026-06-28 20:24:00,自然流量,一线,Android,25
941,2026-06-19 00:24:00,自然流量,二线,iOS,18
942,2026-07-15 06:45:00,微信分享裂变,二线,Android,21
943,2026-06-30 13:56:00,自然流量,二线,Android,26
944,2026-07-22 21:00:00,抖音信息流,新一线,Android,22
945,2026-06-05 07:45:00,抖音信息流,一线,iOS,22
946,2026-08-03 00:16:00,自然流量,二线,iOS,27
947,2026-07-03 20:42:00,小红书种草,三线及以下,Android,31
948,2026-07-05 05:47:00,微信分享裂变,新一线,Android,30
949,2026-07-15 21:37:00,微信分享裂变,一线,Android,22
950,2026-06-13 13:26:00,抖音信息流,三线及以下,Android,23
951,2026-07-15 14:46:00,抖音信息流,二线,Android,22
952,2026-07-03 23:26:00,自然流量,二线,Android,29
953,2026-07-11 17:37:00,自然流量,三线及以下,iOS,22
954,2026-06-21 17:42:00,自然流量,二线,iOS,18
955,2026-06-20 22:19:00,高校地推,新一线,Android,26
956,2026-06-09 22:35:00,微信分享裂变,二线,iOS,26
957,2026-06-28 23:34:00,微信分享裂变,新一线,Android,21
958,2026-06-07 22:49:00,抖音信息流,一线,Android,33
959,2026-07-26 20:04:00,抖音信息流,一线,iOS,21
960,2026-06-19 08:52:00,抖音信息流,二线,iOS,31
961,2026-07-23 16:52:00,抖音信息流,一线,iOS,18
962,2026-07-07 15:36:00,抖音信息流,三线及以下,iOS,25
963,2026-07-25 16:00:00,自然流量,新一线,iOS,19
964,2026-06-10 11:24:00,自然流量,新一线,iOS,23
965,2026-07-02 19:04:00,高校地推,一线,Android,27
966,2026-06-22 09:09:00,抖音信息流,新一线,Android,21
967,2026-07-02 08:04:00,高校地推,新一线,iOS,20
968,2026-06-27 14:54:00,自然流量,二线,Android,22
969,2026-07-04 10:40:00,抖音信息流,一线,iOS,42
970,2026-06-23 05:39:00,自然流量,新一线,iOS,25
971,2026-07-06 21:49:00,自然流量,三线及以下,iOS,24
972,2026-08-10 13:01:00,自然流量,二线,Android,26
973,2026-07-09 08:34:00,自然流量,二线,iOS,18
974,2026-07-20 16:55:00,高校地推,二线,Android,28
975,2026-06-16 05:17:00,抖音信息流,二线,Android,27
976,2026-07-23 01:40:00,小红书种草,新一线,Android,18
977,2026-07-15 00:45:00,抖音信息流,新一线,Android,36
978,2026-07-29 02:06:00,抖音信息流,一线,iOS,24
979,2026-07-13 14:38:00,抖音信息流,一线,Android,18
980,2026-06-19 18:13:00,自然流量,新一线,iOS,25
981,2026-07-03 01:09:00,高校地推,三线及以下,Android,19
982,2026-07-19 07:39:00,微信分享裂变,新一线,iOS,18
983,2026-07-13 19:13:00,小红书种草,新一线,iOS,22
984,2026-08-05 18:11:00,抖音信息流,二线,Android,22
985,2026-06-16 15:45:00,自然流量,新一线,iOS,18
986,2026-06-21 20:44:00,高校地推,一线,iOS,20
987,2026-06-10 04:50:00,抖音信息流,一线,Android,18
988,2026-07-05 16:08:00,自然流量,二线,iOS,22
989,2026-06-10 05:56:00,抖音信息流,新一线,iOS,27
990,2026-06-23 06:47:00,微信分享裂变,新一线,iOS,24
991,2026-07-12 20:59:00,小红书种草,二线,Android,23
992,2026-06-20 22:44:00,小红书种草,新一线,Android,18
993,2026-06-09 13:20:00,微信分享裂变,新一线,Android,23
994,2026-06-25 07:02:00,自然流量,新一线,Android,18
995,2026-07-17 16:58:00,高校地推,一线,Android,18
996,2026-06-20 07:45:00,抖音信息流,一线,Android,28
997,2026-06-30 06:21:00,小红书种草,新一线,Android,18
998,2026-06-21 00:24:00,自然流量,一线,Android,24
999,2026-07-30 21:47:00,高校地推,二线,iOS,21
1000,2026-07-11 12:19:00,自然流量,一线,Android,19
1001,2026-08-10 05:00:00,自然流量,新一线,iOS,30
1002,2026-07-22 18:18:00,抖音信息流,新一线,Android,20
1003,2026-06-19 18:36:00,自然流量,二线,Android,21
1004,2026-06-20 21:28:00,自然流量,一线,Android,20
1005,2026-08-19 04:57:00,小红书种草,二线,Android,24
1006,2026-07-05 18:06:00,抖音信息流,新一线,iOS,23
1007,2026-07-13 05:18:00,高校地推,一线,iOS,20
1008,2026-07-30 14:02:00,抖音信息流,一线,Android,19
1009,2026-08-05 17:31:00,小红书种草,三线及以下,iOS,23
1010,2026-06-26 20:46:00,抖音信息流,新一线,iOS,20
1011,2026-06-28 23:45:00,小红书种草,新一线,iOS,32
1012,2026-07-19 14:48:00,小红书种草,一线,Android,21
1013,2026-06-09 08:42:00,抖音信息流,新一线,Android,25
1014,2026-07-03 02:02:00,高校地推,一线,iOS,23
1015,2026-07-04 04:41:00,抖音信息流,一线,Android,22
1016,2026-07-18 19:02:00,自然流量,二线,Android,28
1017,2026-07-03 02:49:00,小红书种草,三线及以下,Android,26
1018,2026-07-20 11:37:00,微信分享裂变,新一线,iOS,26
1019,2026-07-12 04:12:00,自然流量,一线,iOS,26
1020,2026-08-03 20:06:00,抖音信息流,新一线,iOS,18
1021,2026-06-17 15:45:00,微信分享裂变,三线及以下,iOS,26
1022,2026-06-27 10:55:00,小红书种草,新一线,iOS,22
1023,2026-07-09 00:18:00,高校地推,一线,Android,21
1024,2026-07-28 00:06:00,抖音信息流,新一线,Android,41
1025,2026-06-05 17:24:00,小红书种草,新一线,iOS,18
1026,2026-07-10 02:17:00,抖音信息流,一线,Android,23
1027,2026-07-03 13:25:00,高校地推,三线及以下,iOS,23
1028,2026-07-05 01:17:00,抖音信息流,一线,iOS,23
1029,2026-06-21 21:50:00,小红书种草,新一线,Android,18
1030,2026-07-10 08:12:00,抖音信息流,二线,Android,25
1031,2026-06-26 00:15:00,抖音信息流,新一线,Android,18
1032,2026-06-27 01:03:00,小红书种草,一线,iOS,25
1033,2026-06-21 08:54:00,抖音信息流,新一线,Android,24
1034,2026-07-05 22:34:00,高校地推,二线,Android,22
1035,2026-07-05 11:58:00,抖音信息流,二线,iOS,23
1036,2026-06-14 17:48:00,小红书种草,一线,iOS,31
1037,2026-06-15 06:59:00,抖音信息流,一线,iOS,26
1038,2026-06-17 04:57:00,抖音信息流,三线及以下,iOS,24
1039,2026-07-03 09:06:00,抖音信息流,二线,iOS,26
1040,2026-07-12 03:27:00,自然流量,新一线,Android,24
1041,2026-08-02 08:05:00,自然流量,二线,Android,26
1042,2026-08-07 15:56:00,小红书种草,一线,Android,20
1043,2026-06-25 20:48:00,小红书种草,三线及以下,iOS,35
1044,2026-06-19 03:35:00,小红书种草,二线,Android,24
1045,2026-07-24 12:45:00,自然流量,三线及以下,Android,38
1046,2026-07-17 22:09:00,抖音信息流,新一线,iOS,35
1047,2026-07-20 01:01:00,自然流量,二线,iOS,21
1048,2026-08-01 06:25:00,微信分享裂变,一线,Android,25
1049,2026-06-25 02:07:00,微信分享裂变,一线,Android,25
1050,2026-06-28 04:48:00,自然流量,新一线,Android,28
1051,2026-08-02 16:30:00,小红书种草,三线及以下,Android,24
1052,2026-06-17 19:27:00,自然流量,二线,iOS,30
1053,2026-07-11 09:23:00,自然流量,新一线,iOS,18
1054,2026-08-14 14:16:00,自然流量,一线,Android,20
1055,2026-07-09 04:18:00,自然流量,新一线,Android,23
1056,2026-07-13 19:30:00,小红书种草,新一线,iOS,20
1057,2026-07-03 01:25:00,高校地推,新一线,iOS,18
1058,2026-07-12 18:39:00,自然流量,二线,Android,28
1059,2026-07-11 23:18:00,抖音信息流,一线,Android,18
1060,2026-06-21 03:48:00,小红书种草,新一线,iOS,20
1061,2026-07-09 16:27:00,高校地推,一线,iOS,27
1062,2026-07-06 12:09:00,小红书种草,一线,Android,30
1063,2026-06-17 17:26:00,自然流量,一线,iOS,21
1064,2026-07-30 21:36:00,小红书种草,二线,Android,18
1065,2026-06-04 15:35:00,抖音信息流,一线,Android,19
1066,2026-06-22 06:41:00,高校地推,一线,Android,29
1067,2026-07-13 05:58:00,抖音信息流,新一线,Android,29
1068,2026-07-07 07:56:00,小红书种草,新一线,iOS,25
1069,2026-06-10 18:29:00,自然流量,二线,iOS,25
1070,2026-06-16 05:12:00,抖音信息流,二线,Android,18
1071,2026-07-19 03:00:00,微信分享裂变,二线,Android,26
1072,2026-07-03 05:22:00,小红书种草,一线,Android,27
1073,2026-07-14 19:27:00,抖音信息流,一线,iOS,24
1074,2026-08-16 05:58:00,高校地推,一线,Android,25
1075,2026-07-08 12:06:00,微信分享裂变,新一线,iOS,18
1076,2026-06-26 21:57:00,抖音信息流,一线,Android,29
1077,2026-07-02 22:29:00,抖音信息流,二线,Android,18
1078,2026-07-05 12:32:00,抖音信息流,三线及以下,iOS,23
1079,2026-07-13 22:49:00,小红书种草,二线,iOS,26
1080,2026-07-08 08:33:00,抖音信息流,新一线,iOS,29
1081,2026-08-14 20:35:00,自然流量,二线,Android,29
1082,2026-06-28 20:42:00,高校地推,一线,iOS,29
1083,2026-08-21 04:26:00,高校地推,三线及以下,Android,22
1084,2026-07-09 10:36:00,微信分享裂变,新一线,iOS,35
1085,2026-06-16 17:58:00,高校地推,二线,Android,29
1086,2026-06-17 02:35:00,小红书种草,一线,Android,22
1087,2026-07-15 20:55:00,微信分享裂变,新一线,iOS,22
1088,2026-06-23 03:28:00,微信分享裂变,一线,iOS,27
1089,2026-07-31 20:30:00,抖音信息流,一线,iOS,21
1090,2026-06-18 00:01:00,抖音信息流,新一线,Android,18
1091,2026-06-10 18:31:00,自然流量,一线,iOS,24
1092,2026-06-14 17:30:00,小红书种草,一线,iOS,18
1093,2026-07-31 07:04:00,自然流量,三线及以下,Android,25
1094,2026-06-12 16:02:00,自然流量,一线,iOS,27
1095,2026-07-21 18:26:00,小红书种草,新一线,Android,22
1096,2026-07-22 19:01:00,抖音信息流,一线,iOS,29
1097,2026-08-05 07:14:00,自然流量,二线,Android,28
1098,2026-07-27 14:30:00,微信分享裂变,三线及以下,Android,18
1099,2026-06-27 14:27:00,微信分享裂变,新一线,Android,24
1100,2026-07-14 21:19:00,自然流量,三线及以下,iOS,21
1101,2026-07-21 14:30:00,自然流量,新一线,iOS,22
1102,2026-07-30 23:23:00,抖音信息流,新一线,iOS,29
1103,2026-06-08 01:23:00,微信分享裂变,一线,Android,27
1104,2026-06-15 09:39:00,微信分享裂变,三线及以下,Android,20
1105,2026-06-25 22:36:00,自然流量,三线及以下,iOS,25
1106,2026-07-01 18:47:00,微信分享裂变,一线,Android,20
1107,2026-08-06 17:24:00,自然流量,一线,Android,21
1108,2026-07-12 13:47:00,抖音信息流,新一线,Android,31
1109,2026-07-04 11:27:00,高校地推,一线,Android,36
1110,2026-07-12 17:59:00,自然流量,一线,Android,32
1111,2026-07-17 01:34:00,自然流量,三线及以下,Android,25
1112,2026-07-08 15:46:00,抖音信息流,三线及以下,Android,24
1113,2026-07-25 07:05:00,小红书种草,新一线,Android,29
1114,2026-06-23 09:25:00,高校地推,一线,iOS,24
1115,2026-07-22 06:49:00,高校地推,新一线,iOS,18
1116,2026-06-09 16:08:00,自然流量,三线及以下,Android,33
1117,2026-06-23 05:56:00,自然流量,二线,iOS,18
1118,2026-08-17 19:42:00,微信分享裂变,三线及以下,Android,30
1119,2026-07-22 04:34:00,自然流量,二线,iOS,27
1120,2026-08-03 01:27:00,微信分享裂变,新一线,Android,33
1121,2026-07-15 05:36:00,小红书种草,一线,iOS,28
1122,2026-07-17 01:44:00,自然流量,二线,Android,21
1123,2026-07-27 19:20:00,微信分享裂变,二线,Android,29
1124,2026-07-03 12:14:00,自然流量,二线,iOS,22
1125,2026-06-24 14:11:00,抖音信息流,二线,iOS,19
1126,2026-06-20 21:18:00,抖音信息流,一线,iOS,18
1127,2026-07-18 17:14:00,抖音信息流,一线,iOS,23
1128,2026-06-10 05:05:00,小红书种草,三线及以下,iOS,18
1129,2026-07-15 22:29:00,小红书种草,新一线,iOS,31
1130,2026-08-04 14:40:00,高校地推,一线,Android,18
1131,2026-06-20 04:21:00,高校地推,新一线,iOS,22
1132,2026-06-29 13:24:00,抖音信息流,一线,iOS,22
1133,2026-07-13 21:38:00,自然流量,新一线,Android,24
1134,2026-06-15 23:10:00,小红书种草,新一线,Android,19
1135,2026-07-08 13:35:00,高校地推,二线,iOS,29
1136,2026-07-17 06:31:00,抖音信息流,三线及以下,Android,24
1137,2026-07-01 22:00:00,抖音信息流,一线,iOS,23
1138,2026-07-19 15:05:00,抖音信息流,三线及以下,Android,20
1139,2026-07-31 13:32:00,自然流量,二线,Android,26
1140,2026-06-17 10:41:00,小红书种草,三线及以下,Android,30
1141,2026-07-20 18:25:00,抖音信息流,二线,Android,37
1142,2026-07-01 15:42:00,微信分享裂变,一线,Android,19
1143,2026-07-10 08:09:00,微信分享裂变,新一线,iOS,23
1144,2026-06-17 20:23:00,微信分享裂变,一线,Android,18
1145,2026-07-14 15:31:00,抖音信息流,二线,iOS,27
1146,2026-06-27 15:39:00,抖音信息流,一线,iOS,18
1147,2026-07-08 21:19:00,小红书种草,一线,Android,25
1148,2026-07-01 19:32:00,微信分享裂变,三线及以下,iOS,30
1149,2026-07-13 02:36:00,抖音信息流,三线及以下,iOS,21
1150,2026-08-02 10:23:00,微信分享裂变,新一线,iOS,19
1151,2026-07-24 22:49:00,自然流量,新一线,Android,30
1152,2026-07-23 00:45:00,微信分享裂变,二线,iOS,27
1153,2026-07-04 13:18:00,自然流量,三线及以下,iOS,18
1154,2026-07-04 11:30:00,自然流量,一线,iOS,24
1155,2026-06-07 13:24:00,抖音信息流,一线,Android,19
1156,2026-07-01 14:18:00,自然流量,三线及以下,iOS,29
1157,2026-07-21 23:14:00,自然流量,一线,Android,24
1158,2026-08-05 05:31:00,自然流量,二线,Android,31
1159,2026-07-28 17:43:00,抖音信息流,新一线,Android,19
1160,2026-06-10 02:41:00,微信分享裂变,新一线,Android,25
1161,2026-06-14 23:04:00,自然流量,一线,iOS,23
1162,2026-06-30 13:47:00,小红书种草,二线,iOS,25
1163,2026-08-09 09:35:00,微信分享裂变,新一线,iOS,21
1164,2026-06-10 14:25:00,自然流量,三线及以下,iOS,18
1165,2026-07-14 09:19:00,自然流量,新一线,Android,27
1166,2026-07-04 22:19:00,微信分享裂变,三线及以下,iOS,24
1167,2026-07-13 06:14:00,微信分享裂变,一线,Android,19
1168,2026-07-14 07:21:00,抖音信息流,一线,iOS,21
1169,2026-06-16 04:51:00,微信分享裂变,三线及以下,iOS,18
1170,2026-06-22 02:31:00,自然流量,一线,Android,18
1171,2026-07-13 18:27:00,抖音信息流,一线,Android,29
1172,2026-07-04 20:17:00,小红书种草,一线,iOS,26
1173,2026-07-20 23:30:00,自然流量,二线,Android,18
1174,2026-07-01 02:35:00,小红书种草,二线,iOS,36
1175,2026-08-10 03:22:00,抖音信息流,三线及以下,Android,18
1176,2026-07-05 10:30:00,小红书种草,一线,iOS,27
1177,2026-07-29 03:05:00,抖音信息流,一线,iOS,24
1178,2026-06-20 06:28:00,抖音信息流,一线,Android,18
1179,2026-06-24 07:18:00,自然流量,三线及以下,iOS,25
1180,2026-07-17 19:44:00,自然流量,新一线,Android,23
1181,2026-07-02 04:50:00,小红书种草,一线,Android,20
1182,2026-07-09 10:28:00,自然流量,一线,iOS,30
1183,2026-08-26 05:05:00,自然流量,一线,Android,27
1184,2026-07-18 03:21:00,自然流量,二线,Android,27
1185,2026-07-05 13:03:00,自然流量,新一线,iOS,22
1186,2026-07-20 11:35:00,微信分享裂变,新一线,iOS,25
1187,2026-07-17 11:54:00,抖音信息流,新一线,iOS,23
1188,2026-07-18 11:32:00,高校地推,一线,iOS,26
1189,2026-06-30 02:49:00,自然流量,二线,iOS,19
1190,2026-06-26 16:50:00,小红书种草,二线,Android,18
1191,2026-06-13 15:09:00,抖音信息流,一线,iOS,30
1192,2026-06-22 08:09:00,抖音信息流,新一线,iOS,23
1193,2026-07-06 17:48:00,微信分享裂变,三线及以下,Android,26
1194,2026-07-19 03:21:00,高校地推,新一线,Android,20
1195,2026-08-04 05:16:00,微信分享裂变,二线,Android,22
1196,2026-06-03 20:09:00,自然流量,二线,Android,31
1197,2026-06-07 09:17:00,自然流量,一线,Android,25
1198,2026-06-09 03:54:00,小红书种草,一线,Android,35
1199,2026-07-30 08:40:00,自然流量,新一线,iOS,28
1200,2026-07-19 10:28:00,小红书种草,一线,Android,20
1201,2026-07-05 12:03:00,抖音信息流,二线,iOS,26
1202,2026-06-28 11:03:00,抖音信息流,二线,Android,32
1203,2026-07-19 07:23:00,微信分享裂变,一线,iOS,25
1204,2026-06-23 07:44:00,小红书种草,三线及以下,Android,27
1205,2026-06-11 05:42:00,自然流量,三线及以下,iOS,31
1206,2026-08-08 13:21:00,自然流量,一线,Android,18
1207,2026-07-07 21:41:00,小红书种草,新一线,iOS,27
1208,2026-06-20 08:54:00,抖音信息流,一线,Android,30
1209,2026-06-29 15:32:00,自然流量,三线及以下,Android,20
1210,2026-07-25 22:00:00,抖音信息流,新一线,iOS,29
1211,2026-07-18 14:25:00,小红书种草,二线,iOS,23
1212,2026-06-22 06:31:00,微信分享裂变,三线及以下,Android,18
1213,2026-06-22 14:02:00,抖音信息流,二线,Android,27
1214,2026-08-01 22:35:00,抖音信息流,三线及以下,Android,23
1215,2026-07-15 02:35:00,自然流量,一线,iOS,23
1216,2026-07-17 23:04:00,抖音信息流,一线,Android,27
1217,2026-06-22 02:15:00,抖音信息流,新一线,iOS,19
1218,2026-06-09 16:17:00,抖音信息流,三线及以下,iOS,27
1219,2026-06-27 21:42:00,小红书种草,一线,Android,19
1220,2026-07-06 01:36:00,自然流量,新一线,Android,31
1221,2026-07-21 20:04:00,自然流量,二线,iOS,29
1222,2026-07-06 08:30:00,自然流量,一线,Android,31
1223,2026-06-05 03:35:00,微信分享裂变,新一线,iOS,26
1224,2026-07-16 21:33:00,小红书种草,一线,iOS,21
1225,2026-07-06 05:08:00,自然流量,一线,Android,20
1226,2026-06-17 13:29:00,微信分享裂变,一线,Android,20
1227,2026-07-14 11:49:00,抖音信息流,二线,Android,23
1228,2026-08-16 12:41:00,抖音信息流,一线,Android,20
1229,2026-07-29 14:45:00,高校地推,新一线,iOS,25
1230,2026-08-02 04:03:00,自然流量,二线,iOS,19
1231,2026-06-20 12:10:00,自然流量,新一线,Android,20
1232,2026-07-12 22:18:00,小红书种草,新一线,Android,22
1233,2026-06-06 07:38:00,自然流量,新一线,iOS,20
1234,2026-07-01 22:17:00,小红书种草,三线及以下,iOS,22
1235,2026-07-08 00:43:00,自然流量,三线及以下,Android,26
1236,2026-07-16 09:42:00,自然流量,一线,Android,19
1237,2026-07-17 14:44:00,自然流量,二线,iOS,18
1238,2026-07-15 01:50:00,抖音信息流,新一线,Android,23
1239,2026-06-22 12:55:00,自然流量,新一线,Android,18
1240,2026-06-27 06:51:00,自然流量,新一线,iOS,30
1241,2026-07-05 07:42:00,微信分享裂变,三线及以下,iOS,20
1242,2026-07-05 13:14:00,抖音信息流,二线,Android,24
1243,2026-08-21 23:55:00,抖音信息流,新一线,Android,26
1244,2026-07-25 12:24:00,自然流量,一线,iOS,18
1245,2026-06-23 09:56:00,抖音信息流,新一线,Android,19
1246,2026-07-19 06:37:00,自然流量,新一线,Android,20
1247,2026-06-06 06:28:00,小红书种草,新一线,Android,27
1248,2026-07-05 09:34:00,自然流量,三线及以下,iOS,33
1249,2026-06-18 10:23:00,微信分享裂变,三线及以下,iOS,33
1250,2026-07-08 13:27:00,高校地推,三线及以下,iOS,30
1251,2026-07-09 03:47:00,自然流量,二线,Android,18
1252,2026-07-21 12:07:00,自然流量,新一线,Android,19
1253,2026-07-15 03:49:00,自然流量,一线,iOS,30
1254,2026-06-04 08:07:00,小红书种草,三线及以下,Android,31
1255,2026-06-12 07:33:00,自然流量,新一线,iOS,27
1256,2026-06-30 23:49:00,微信分享裂变,一线,Android,28
1257,2026-07-13 17:30:00,小红书种草,一线,Android,21
1258,2026-06-27 11:23:00,微信分享裂变,二线,iOS,32
1259,2026-07-04 11:12:00,抖音信息流,一线,iOS,20
1260,2026-06-29 14:11:00,高校地推,二线,iOS,18
1261,2026-07-03 13:32:00,自然流量,新一线,iOS,28
1262,2026-07-05 04:50:00,抖音信息流,一线,Android,21
1263,2026-06-02 20:04:00,抖音信息流,三线及以下,iOS,18
1264,2026-08-02 00:02:00,高校地推,二线,Android,28
1265,2026-06-20 13:42:00,抖音信息流,一线,Android,18
1266,2026-06-26 08:17:00,微信分享裂变,一线,iOS,26
1267,2026-08-02 07:47:00,自然流量,新一线,iOS,21
1268,2026-06-16 02:25:00,高校地推,一线,iOS,32
1269,2026-06-14 05:50:00,抖音信息流,一线,Android,26
1270,2026-07-16 17:09:00,抖音信息流,三线及以下,Android,29
1271,2026-06-22 12:15:00,高校地推,一线,iOS,18
1272,2026-07-07 02:14:00,抖音信息流,新一线,iOS,18
1273,2026-06-29 20:36:00,抖音信息流,一线,Android,22
1274,2026-07-26 06:56:00,小红书种草,一线,iOS,27
1275,2026-06-13 21:45:00,自然流量,新一线,iOS,24
1276,2026-07-21 08:02:00,抖音信息流,一线,iOS,29
1277,2026-07-12 13:28:00,自然流量,二线,iOS,26
1278,2026-06-25 11:59:00,自然流量,二线,Android,18
1279,2026-06-02 19:53:00,微信分享裂变,新一线,Android,26
1280,2026-06-15 08:15:00,小红书种草,三线及以下,iOS,24
1281,2026-06-05 08:47:00,抖音信息流,一线,iOS,30
1282,2026-07-18 21:48:00,抖音信息流,新一线,Android,19
1283,2026-07-14 03:19:00,抖音信息流,二线,iOS,20
1284,2026-08-12 23:55:00,小红书种草,新一线,Android,25
1285,2026-07-09 03:22:00,高校地推,三线及以下,Android,31
1286,2026-06-14 01:08:00,高校地推,新一线,Android,23
1287,2026-07-13 03:53:00,抖音信息流,三线及以下,iOS,26
1288,2026-07-08 01:52:00,抖音信息流,一线,Android,24
1289,2026-07-13 21:17:00,抖音信息流,一线,iOS,23
1290,2026-07-04 17:57:00,抖音信息流,新一线,Android,29
1291,2026-07-25 21:15:00,抖音信息流,二线,Android,24
1292,2026-06-23 00:26:00,小红书种草,一线,Android,21
1293,2026-07-12 01:38:00,抖音信息流,一线,iOS,21
1294,2026-06-26 01:27:00,抖音信息流,三线及以下,Android,22
1295,2026-06-30 19:55:00,抖音信息流,新一线,Android,20
1296,2026-06-28 02:43:00,抖音信息流,新一线,iOS,22
1297,2026-07-07 09:36:00,自然流量,一线,Android,24
1298,2026-07-11 01:04:00,自然流量,二线,Android,25
1299,2026-07-14 15:17:00,小红书种草,三线及以下,Android,19
1300,2026-06-28 06:32:00,抖音信息流,二线,iOS,21
1301,2026-07-05 13:56:00,自然流量,一线,Android,22
1302,2026-07-01 16:45:00,抖音信息流,新一线,iOS,20
1303,2026-06-15 14:00:00,小红书种草,新一线,Android,21
1304,2026-06-23 22:19:00,自然流量,三线及以下,Android,28
1305,2026-07-10 21:16:00,微信分享裂变,二线,iOS,30
1306,2026-08-07 04:30:00,高校地推,二线,Android,22
1307,2026-06-16 02:55:00,小红书种草,新一线,Android,20
1308,2026-07-03 04:36:00,小红书种草,一线,iOS,23
1309,2026-07-29 06:36:00,自然流量,二线,iOS,24
1310,2026-06-19 02:18:00,高校地推,新一线,Android,27
1311,2026-06-23 18:24:00,抖音信息流,一线,Android,22
1312,2026-07-15 03:21:00,高校地推,二线,iOS,21
1313,2026-07-14 03:45:00,抖音信息流,一线,Android,36
1314,2026-08-14 12:56:00,自然流量,二线,iOS,18
1315,2026-07-06 03:08:00,自然流量,二线,iOS,28
1316,2026-07-10 23:44:00,小红书种草,一线,Android,31
1317,2026-07-01 10:55:00,抖音信息流,二线,iOS,22
1318,2026-07-08 06:13:00,自然流量,新一线,Android,26
1319,2026-06-06 17:51:00,小红书种草,新一线,iOS,18
1320,2026-07-17 07:21:00,微信分享裂变,三线及以下,iOS,24
1321,2026-07-01 20:21:00,抖音信息流,三线及以下,Android,29
1322,2026-08-01 08:55:00,抖音信息流,新一线,iOS,24
1323,2026-06-24 13:10:00,自然流量,二线,Android,24
1324,2026-06-26 03:25:00,微信分享裂变,新一线,Android,32
1325,2026-07-22 07:11:00,抖音信息流,二线,Android,28
1326,2026-07-19 12:27:00,微信分享裂变,一线,Android,27
1327,2026-08-02 21:17:00,抖音信息流,新一线,Android,19
1328,2026-07-04 10:10:00,抖音信息流,一线,iOS,18
1329,2026-07-24 20:43:00,自然流量,三线及以下,Android,25
1330,2026-06-28 15:45:00,自然流量,三线及以下,iOS,24
1331,2026-08-11 21:13:00,微信分享裂变,一线,Android,27
1332,2026-07-28 02:41:00,抖音信息流,新一线,Android,24
1333,2026-07-05 02:23:00,抖音信息流,新一线,iOS,24
1334,2026-07-04 14:37:00,高校地推,一线,Android,24
1335,2026-06-27 19:56:00,高校地推,一线,iOS,18
1336,2026-06-16 20:01:00,微信分享裂变,二线,Android,18
1337,2026-07-21 16:27:00,自然流量,一线,iOS,19
1338,2026-06-26 15:22:00,小红书种草,新一线,iOS,18
1339,2026-07-11 00:57:00,微信分享裂变,三线及以下,Android,23
1340,2026-06-23 12:08:00,抖音信息流,一线,Android,18
1341,2026-06-10 13:05:00,自然流量,新一线,Android,21
1342,2026-07-12 06:40:00,微信分享裂变,三线及以下,Android,33
1343,2026-07-01 14:21:00,抖音信息流,二线,Android,23
1344,2026-07-04 11:10:00,抖音信息流,一线,Android,24
1345,2026-07-19 22:36:00,高校地推,一线,Android,24
1346,2026-07-16 01:25:00,小红书种草,二线,iOS,25
1347,2026-06-07 21:58:00,抖音信息流,一线,Android,21
1348,2026-06-14 09:39:00,抖音信息流,新一线,iOS,23
1349,2026-06-21 05:15:00,抖音信息流,一线,Android,21
1350,2026-06-07 21:24:00,自然流量,二线,Android,18
1351,2026-07-01 01:42:00,微信分享裂变,新一线,Android,29
1352,2026-07-23 15:27:00,微信分享裂变,新一线,Android,19
1353,2026-07-02 04:58:00,自然流量,二线,Android,32
1354,2026-06-17 16:32:00,抖音信息流,一线,iOS,20
1355,2026-06-29 08:05:00,微信分享裂变,新一线,Android,18
1356,2026-07-10 21:59:00,自然流量,三线及以下,iOS,33
1357,2026-08-02 03:11:00,抖音信息流,二线,iOS,18
1358,2026-06-30 02:43:00,抖音信息流,一线,iOS,18
1359,2026-07-11 14:22:00,小红书种草,三线及以下,Android,18
1360,2026-07-29 23:41:00,自然流量,一线,Android,23
1361,2026-07-02 12:31:00,小红书种草,新一线,Android,18
1362,2026-08-09 18:02:00,抖音信息流,一线,iOS,21
1363,2026-06-29 05:41:00,小红书种草,二线,iOS,18
1364,2026-06-12 01:08:00,自然流量,一线,iOS,29
1365,2026-07-08 00:04:00,抖音信息流,一线,iOS,26
1366,2026-06-20 02:39:00,抖音信息流,新一线,Android,18
1367,2026-06-17 15:13:00,自然流量,一线,iOS,18
1368,2026-07-13 20:08:00,自然流量,二线,iOS,19
1369,2026-07-03 09:38:00,自然流量,新一线,Android,27
1370,2026-08-14 00:16:00,抖音信息流,新一线,Android,29
1371,2026-06-14 13:48:00,自然流量,一线,Android,22
1372,2026-06-17 23:23:00,高校地推,三线及以下,iOS,21
1373,2026-07-20 03:10:00,抖音信息流,一线,Android,21
1374,2026-06-13 12:46:00,微信分享裂变,新一线,iOS,25
1375,2026-07-11 08:34:00,高校地推,一线,Android,28
1376,2026-06-15 12:47:00,自然流量,三线及以下,Android,23
1377,2026-07-29 08:24:00,小红书种草,新一线,iOS,22
1378,2026-06-28 04:16:00,微信分享裂变,一线,iOS,27
1379,2026-06-26 09:44:00,小红书种草,一线,iOS,31
1380,2026-06-29 11:34:00,抖音信息流,新一线,iOS,22
1381,2026-06-30 14:42:00,抖音信息流,一线,iOS,24
1382,2026-06-12 10:34:00,自然流量,新一线,iOS,20
1383,2026-06-23 17:09:00,抖音信息流,一线,iOS,24
1384,2026-06-09 05:56:00,高校地推,一线,iOS,19
1385,2026-06-15 04:28:00,高校地推,二线,iOS,31
1386,2026-07-05 18:28:00,自然流量,新一线,iOS,28
1387,2026-06-29 17:58:00,小红书种草,一线,iOS,32
1388,2026-08-02 15:38:00,抖音信息流,新一线,Android,21
1389,2026-06-13 12:23:00,高校地推,三线及以下,iOS,34
1390,2026-08-06 18:06:00,自然流量,二线,iOS,25
1391,2026-07-05 03:50:00,高校地推,二线,Android,23
1392,2026-07-28 03:34:00,微信分享裂变,二线,iOS,30
1393,2026-07-04 08:49:00,自然流量,一线,iOS,18
1394,2026-07-31 23:52:00,自然流量,一线,Android,24
1395,2026-07-22 17:48:00,微信分享裂变,一线,iOS,23
1396,2026-06-29 10:22:00,自然流量,一线,Android,26
1397,2026-06-17 19:18:00,抖音信息流,二线,Android,21
1398,2026-06-07 13:30:00,高校地推,一线,Android,21
1399,2026-07-10 22:22:00,抖音信息流,新一线,Android,22
1400,2026-06-24 14:06:00,抖音信息流,一线,iOS,22
1401,2026-07-20 14:21:00,抖音信息流,二线,iOS,24
1402,2026-08-06 09:33:00,自然流量,二线,iOS,30
1403,2026-07-14 10:03:00,高校地推,二线,iOS,18
1404,2026-06-14 19:59:00,抖音信息流,新一线,Android,27
1405,2026-06-22 02:11:00,自然流量,三线及以下,Android,21
1406,2026-07-05 17:05:00,自然流量,三线及以下,iOS,23
1407,2026-07-27 13:18:00,高校地推,二线,Android,18
1408,2026-07-06 01:26:00,自然流量,新一线,iOS,24
1409,2026-07-21 15:31:00,微信分享裂变,一线,Android,22
1410,2026-06-16 19:15:00,小红书种草,二线,iOS,22
1411,2026-06-22 06:17:00,微信分享裂变,三线及以下,Android,26
1412,2026-07-29 08:56:00,高校地推,一线,Android,27
1413,2026-06-28 08:19:00,微信分享裂变,一线,Android,31
1414,2026-07-11 12:04:00,高校地推,一线,Android,21
1415,2026-07-29 16:01:00,自然流量,三线及以下,Android,27
1416,2026-06-24 05:24:00,微信分享裂变,新一线,Android,27
1417,2026-06-26 15:47:00,抖音信息流,三线及以下,Android,24
1418,2026-06-18 04:09:00,抖音信息流,新一线,iOS,32
1419,2026-07-04 21:41:00,微信分享裂变,一线,Android,20
1420,2026-06-24 14:06:00,高校地推,新一线,Android,24
1421,2026-07-23 06:33:00,小红书种草,一线,iOS,25
1422,2026-07-11 07:11:00,抖音信息流,新一线,iOS,18
1423,2026-07-11 19:13:00,抖音信息流,新一线,iOS,30
1424,2026-07-02 17:52:00,抖音信息流,新一线,iOS,23
1425,2026-06-12 18:11:00,抖音信息流,新一线,Android,26
1426,2026-07-21 17:06:00,抖音信息流,新一线,Android,31
1427,2026-07-12 01:32:00,自然流量,三线及以下,iOS,25
1428,2026-06-28 08:57:00,自然流量,一线,Android,24
1429,2026-07-12 14:00:00,微信分享裂变,三线及以下,iOS,24
1430,2026-06-19 23:23:00,抖音信息流,新一线,Android,18
1431,2026-07-16 18:23:00,高校地推,新一线,Android,22
1432,2026-08-03 22:15:00,小红书种草,一线,iOS,23
1433,2026-07-06 00:44:00,自然流量,一线,iOS,24
1434,2026-07-01 19:48:00,自然流量,二线,Android,30
1435,2026-06-27 16:58:00,自然流量,三线及以下,Android,28
1436,2026-08-08 04:51:00,高校地推,新一线,iOS,21
1437,2026-06-22 13:39:00,自然流量,一线,Android,23
1438,2026-06-30 06:20:00,抖音信息流,二线,iOS,31
1439,2026-07-06 04:23:00,高校地推,三线及以下,Android,18
1440,2026-06-10 00:33:00,高校地推,二线,Android,22
1441,2026-07-03 23:42:00,自然流量,一线,iOS,18
1442,2026-08-01 14:07:00,自然流量,新一线,Android,36
1443,2026-06-10 18:41:00,自然流量,三线及以下,Android,27
1444,2026-06-22 15:05:00,自然流量,一线,iOS,21
1445,2026-06-25 18:52:00,自然流量,一线,Android,23
1446,2026-06-17 23:17:00,抖音信息流,二线,iOS,19
1447,2026-06-18 08:07:00,高校地推,新一线,iOS,33
1448,2026-06-24 07:17:00,抖音信息流,一线,Android,18
1449,2026-07-30 01:27:00,小红书种草,新一线,Android,25
1450,2026-06-20 04:26:00,自然流量,三线及以下,iOS,23
1451,2026-06-18 20:05:00,微信分享裂变,三线及以下,Android,18
1452,2026-06-23 17:24:00,小红书种草,一线,Android,22
1453,2026-08-13 00:08:00,微信分享裂变,三线及以下,Android,18
1454,2026-07-16 14:11:00,高校地推,新一线,iOS,31
1455,2026-07-12 18:11:00,抖音信息流,一线,Android,24
1456,2026-08-01 05:57:00,自然流量,一线,Android,28
1457,2026-06-26 12:34:00,自然流量,三线及以下,Android,21
1458,2026-07-02 03:08:00,抖音信息流,一线,iOS,30
1459,2026-06-06 17:25:00,高校地推,一线,Android,24
1460,2026-07-11 02:50:00,抖音信息流,二线,iOS,29
1461,2026-07-03 14:25:00,微信分享裂变,二线,Android,26
1462,2026-07-19 14:28:00,抖音信息流,一线,iOS,23
1463,2026-06-15 18:04:00,自然流量,二线,Android,28
1464,2026-08-08 11:38:00,抖音信息流,二线,Android,44
1465,2026-08-09 13:46:00,小红书种草,二线,Android,18
1466,2026-06-24 13:55:00,小红书种草,二线,iOS,23
1467,2026-06-11 02:15:00,抖音信息流,一线,Android,18
1468,2026-06-28 15:35:00,自然流量,三线及以下,iOS,26
1469,2026-08-01 17:21:00,小红书种草,新一线,iOS,25
1470,2026-08-01 01:48:00,自然流量,新一线,Android,33
1471,2026-08-02 07:45:00,高校地推,一线,Android,22
1472,2026-08-01 13:59:00,自然流量,新一线,Android,28
1473,2026-06-15 04:10:00,自然流量,一线,iOS,18
1474,2026-06-12 16:48:00,抖音信息流,新一线,Android,24
1475,2026-06-19 09:21:00,抖音信息流,一线,iOS,19
1476,2026-07-24 14:38:00,抖音信息流,二线,iOS,26
1477,2026-07-25 06:17:00,抖音信息流,一线,Android,29
1478,2026-07-19 00:57:00,高校地推,新一线,Android,21
1479,2026-07-06 09:16:00,抖音信息流,新一线,iOS,26
1480,2026-06-09 20:38:00,抖音信息流,新一线,Android,22
1481,2026-06-23 13:52:00,抖音信息流,三线及以下,iOS,24
1482,2026-07-17 01:44:00,自然流量,新一线,iOS,26
1483,2026-06-20 21:25:00,小红书种草,二线,Android,18
1484,2026-06-25 12:24:00,自然流量,新一线,iOS,19
1485,2026-07-17 02:46:00,小红书种草,二线,iOS,28
1486,2026-07-13 15:29:00,自然流量,三线及以下,iOS,20
1487,2026-07-14 02:13:00,高校地推,新一线,Android,30
1488,2026-07-11 18:41:00,抖音信息流,三线及以下,iOS,18
1489,2026-07-09 06:46:00,微信分享裂变,一线,iOS,28
1490,2026-07-31 11:02:00,抖音信息流,二线,Android,24
1491,2026-06-21 19:33:00,自然流量,新一线,Android,23
1492,2026-07-05 13:24:00,微信分享裂变,一线,iOS,24
1493,2026-06-19 18:34:00,小红书种草,新一线,Android,18
1494,2026-06-08 04:32:00,微信分享裂变,一线,Android,29
1495,2026-07-02 16:38:00,抖音信息流,三线及以下,Android,21
1496,2026-08-26 23:59:00,小红书种草,二线,iOS,19
1497,2026-07-05 05:45:00,微信分享裂变,二线,iOS,34
1498,2026-06-26 14:43:00,小红书种草,一线,iOS,22
1499,2026-06-22 00:17:00,抖音信息流,三线及以下,Android,19
1500,2026-08-07 23:04:00,小红书种草,三线及以下,iOS,28
1501,2026-06-27 07:37:00,小红书种草,二线,iOS,25
1502,2026-08-06 11:32:00,高校地推,新一线,iOS,29
1503,2026-07-03 23:04:00,抖音信息流,新一线,iOS,24
1504,2026-06-10 16:46:00,抖音信息流,一线,iOS,28
1505,2026-07-17 08:23:00,微信分享裂变,二线,iOS,34
1506,2026-06-17 08:05:00,抖音信息流,一线,Android,20
1507,2026-06-13 12:26:00,小红书种草,一线,Android,21
1508,2026-07-13 06:40:00,抖音信息流,一线,Android,18
1509,2026-07-06 21:28:00,自然流量,新一线,iOS,25
1510,2026-07-06 04:07:00,小红书种草,新一线,iOS,24
1511,2026-07-12 19:09:00,自然流量,二线,iOS,30
1512,2026-06-27 14:21:00,自然流量,三线及以下,Android,23
1513,2026-07-17 03:56:00,小红书种草,一线,iOS,23
1514,2026-06-23 12:45:00,小红书种草,一线,Android,24
1515,2026-07-17 19:05:00,微信分享裂变,新一线,Android,22
1516,2026-07-30 17:29:00,自然流量,二线,iOS,25
1517,2026-07-04 20:30:00,自然流量,三线及以下,iOS,25
1518,2026-07-23 21:40:00,高校地推,一线,Android,26
1519,2026-06-30 23:11:00,自然流量,一线,Android,22
1520,2026-07-17 09:13:00,自然流量,三线及以下,Android,26
1521,2026-07-16 07:03:00,自然流量,新一线,iOS,27
1522,2026-06-14 20:14:00,抖音信息流,新一线,iOS,22
1523,2026-07-25 19:30:00,微信分享裂变,一线,Android,23
1524,2026-07-21 07:08:00,微信分享裂变,一线,Android,23
1525,2026-06-14 08:06:00,小红书种草,一线,Android,18
1526,2026-06-18 10:03:00,自然流量,二线,iOS,21
1527,2026-07-01 06:54:00,抖音信息流,二线,iOS,27
1528,2026-06-27 19:53:00,抖音信息流,新一线,iOS,28
1529,2026-07-23 02:35:00,自然流量,新一线,Android,25
1530,2026-07-02 16:44:00,自然流量,一线,iOS,18
1531,2026-07-02 05:50:00,抖音信息流,一线,iOS,28
1532,2026-06-18 12:07:00,自然流量,一线,iOS,33
1533,2026-06-16 19:59:00,抖音信息流,一线,Android,26
1534,2026-06-16 13:44:00,小红书种草,三线及以下,Android,23
1535,2026-06-24 05:33:00,自然流量,一线,Android,19
1536,2026-06-23 11:43:00,抖音信息流,一线,Android,23
1537,2026-07-05 16:13:00,微信分享裂变,二线,iOS,21
1538,2026-07-08 16:53:00,小红书种草,新一线,Android,23
1539,2026-08-02 22:52:00,微信分享裂变,一线,iOS,30
1540,2026-06-04 07:53:00,抖音信息流,一线,Android,28
1541,2026-06-05 07:29:00,微信分享裂变,一线,iOS,22
1542,2026-06-26 08:32:00,自然流量,一线,Android,24
1543,2026-06-23 11:23:00,抖音信息流,二线,Android,23
1544,2026-08-08 00:37:00,自然流量,新一线,iOS,21
1545,2026-07-10 12:23:00,抖音信息流,一线,iOS,18
1546,2026-06-25 16:40:00,抖音信息流,二线,iOS,28
1547,2026-07-05 15:23:00,自然流量,一线,iOS,29
1548,2026-07-24 03:50:00,小红书种草,新一线,Android,20
1549,2026-07-01 22:34:00,抖音信息流,一线,Android,20
1550,2026-07-22 10:21:00,自然流量,一线,iOS,28
1551,2026-06-30 04:07:00,自然流量,新一线,iOS,20
1552,2026-07-14 07:08:00,抖音信息流,一线,Android,18
1553,2026-07-15 13:09:00,抖音信息流,一线,Android,21
1554,2026-07-15 14:59:00,抖音信息流,新一线,Android,30
1555,2026-06-07 08:06:00,自然流量,二线,iOS,21
1556,2026-07-16 15:47:00,微信分享裂变,新一线,Android,20
1557,2026-06-19 08:30:00,高校地推,一线,Android,21
1558,2026-06-20 15:38:00,抖音信息流,一线,iOS,18
1559,2026-06-27 03:42:00,小红书种草,新一线,Android,18
1560,2026-06-29 05:49:00,微信分享裂变,一线,iOS,22
1561,2026-07-17 02:07:00,高校地推,一线,iOS,18
1562,2026-06-12 16:48:00,小红书种草,新一线,Android,22
1563,2026-08-08 05:26:00,微信分享裂变,三线及以下,Android,25
1564,2026-07-06 12:02:00,高校地推,二线,Android,25
1565,2026-07-22 21:25:00,微信分享裂变,一线,Android,23
1566,2026-06-12 19:44:00,抖音信息流,二线,Android,18
1567,2026-06-12 23:15:00,自然流量,新一线,Android,21
1568,2026-07-06 13:27:00,自然流量,二线,iOS,25
1569,2026-08-23 18:33:00,抖音信息流,新一线,iOS,27
1570,2026-08-03 12:18:00,抖音信息流,二线,iOS,22
1571,2026-08-14 05:34:00,抖音信息流,新一线,Android,20
1572,2026-07-09 03:25:00,抖音信息流,二线,iOS,24
1573,2026-06-07 21:41:00,抖音信息流,新一线,iOS,22
1574,2026-06-21 07:59:00,微信分享裂变,新一线,Android,18
1575,2026-06-22 02:47:00,自然流量,新一线,Android,25
1576,2026-06-29 14:32:00,自然流量,一线,Android,24
1577,2026-07-18 02:24:00,微信分享裂变,新一线,Android,18
1578,2026-06-24 00:33:00,微信分享裂变,一线,iOS,20
1579,2026-06-29 15:54:00,高校地推,一线,iOS,23
1580,2026-07-28 00:13:00,微信分享裂变,新一线,Android,18
1581,2026-07-27 06:38:00,微信分享裂变,新一线,Android,20
1582,2026-07-14 13:09:00,抖音信息流,一线,Android,27
1583,2026-07-30 12:58:00,抖音信息流,一线,Android,21
1584,2026-07-20 00:14:00,自然流量,新一线,iOS,20
1585,2026-08-03 06:03:00,小红书种草,三线及以下,iOS,29
1586,2026-06-25 22:55:00,高校地推,新一线,Android,25
1587,2026-07-15 17:06:00,抖音信息流,二线,Android,27
1588,2026-07-16 00:25:00,抖音信息流,新一线,iOS,20
1589,2026-07-07 01:11:00,自然流量,一线,Android,22
1590,2026-07-08 08:38:00,自然流量,一线,Android,23
1591,2026-07-30 16:18:00,自然流量,新一线,iOS,25
1592,2026-06-24 10:19:00,自然流量,三线及以下,iOS,35
1593,2026-06-28 03:22:00,高校地推,一线,iOS,24
1594,2026-07-24 09:52:00,抖音信息流,新一线,iOS,29
1595,2026-07-13 13:42:00,微信分享裂变,二线,Android,35
1596,2026-07-23 23:50:00,小红书种草,二线,Android,32
1597,2026-06-18 02:54:00,自然流量,新一线,iOS,24
1598,2026-06-15 22:22:00,自然流量,一线,Android,29
1599,2026-07-17 17:19:00,微信分享裂变,三线及以下,iOS,24
1600,2026-06-18 19:06:00,自然流量,新一线,Android,23
1601,2026-07-03 01:23:00,高校地推,一线,Android,28
1602,2026-07-23 02:38:00,自然流量,二线,Android,28
1603,2026-07-10 11:19:00,小红书种草,三线及以下,iOS,26
1604,2026-06-23 05:25:00,微信分享裂变,三线及以下,Android,23
1605,2026-07-09 09:37:00,自然流量,新一线,Android,21
1606,2026-08-02 00:12:00,自然流量,三线及以下,Android,18
1607,2026-07-07 18:46:00,高校地推,一线,Android,24
1608,2026-06-04 21:06:00,自然流量,三线及以下,Android,25
1609,2026-07-06 02:43:00,抖音信息流,二线,iOS,28
1610,2026-07-09 15:17:00,抖音信息流,新一线,iOS,18
1611,2026-07-21 10:02:00,自然流量,一线,iOS,24
1612,2026-07-19 08:25:00,微信分享裂变,二线,Android,22
1613,2026-07-16 06:21:00,微信分享裂变,新一线,Android,23
1614,2026-07-10 18:26:00,抖音信息流,三线及以下,Android,30
1615,2026-06-17 02:22:00,微信分享裂变,三线及以下,iOS,30
1616,2026-06-18 19:30:00,自然流量,二线,Android,29
1617,2026-07-03 14:12:00,自然流量,一线,iOS,24
1618,2026-06-09 00:36:00,抖音信息流,二线,iOS,23
1619,2026-07-18 07:05:00,高校地推,二线,Android,30
1620,2026-06-21 10:29:00,自然流量,新一线,Android,32
1621,2026-06-15 12:19:00,自然流量,一线,iOS,31
1622,2026-07-19 18:57:00,抖音信息流,二线,Android,26
1623,2026-06-17 09:58:00,微信分享裂变,一线,Android,24
1624,2026-07-13 05:38:00,自然流量,一线,iOS,27
1625,2026-07-31 22:38:00,抖音信息流,一线,Android,27
1626,2026-06-19 09:22:00,小红书种草,一线,iOS,21
1627,2026-06-25 12:20:00,抖音信息流,新一线,Android,23
1628,2026-06-18 02:01:00,自然流量,一线,Android,39
1629,2026-07-24 19:07:00,自然流量,新一线,iOS,21
1630,2026-07-05 12:25:00,抖音信息流,三线及以下,iOS,28
1631,2026-06-23 11:29:00,抖音信息流,新一线,iOS,21
1632,2026-07-24 04:52:00,微信分享裂变,新一线,Android,23
1633,2026-07-01 16:13:00,小红书种草,一线,Android,19
1634,2026-06-17 08:46:00,小红书种草,新一线,Android,19
1635,2026-06-27 16:07:00,高校地推,新一线,Android,27
1636,2026-06-30 14:56:00,抖音信息流,三线及以下,Android,26
1637,2026-06-10 12:22:00,抖音信息流,三线及以下,Android,33
1638,2026-06-07 14:38:00,高校地推,新一线,iOS,24
1639,2026-07-21 19:17:00,自然流量,一线,iOS,24
1640,2026-06-15 07:41:00,小红书种草,二线,iOS,23
1641,2026-07-17 02:09:00,小红书种草,三线及以下,iOS,19
1642,2026-07-12 03:52:00,自然流量,三线及以下,iOS,26
1643,2026-07-30 15:35:00,抖音信息流,三线及以下,iOS,23
1644,2026-07-05 22:09:00,自然流量,一线,Android,18
1645,2026-06-30 05:46:00,自然流量,二线,iOS,29
1646,2026-06-25 18:02:00,抖音信息流,一线,iOS,21
1647,2026-06-22 11:20:00,自然流量,一线,Android,25
1648,2026-06-25 15:03:00,微信分享裂变,二线,Android,25
1649,2026-07-09 20:02:00,高校地推,一线,iOS,25
1650,2026-07-17 11:47:00,微信分享裂变,新一线,Android,18
1651,2026-06-08 18:19:00,自然流量,一线,Android,30
1652,2026-07-12 13:09:00,自然流量,一线,iOS,20
1653,2026-06-23 10:52:00,自然流量,一线,iOS,18
1654,2026-08-03 16:52:00,自然流量,新一线,iOS,28
1655,2026-07-06 10:44:00,高校地推,一线,iOS,28
1656,2026-06-10 23:22:00,抖音信息流,新一线,Android,18
1657,2026-07-13 07:53:00,自然流量,新一线,Android,23
1658,2026-06-11 23:21:00,微信分享裂变,一线,iOS,29
1659,2026-06-17 16:33:00,抖音信息流,二线,iOS,31
1660,2026-07-01 14:15:00,自然流量,一线,iOS,27
1661,2026-06-19 22:30:00,自然流量,三线及以下,Android,28
1662,2026-07-16 03:44:00,小红书种草,三线及以下,Android,27
1663,2026-06-30 17:58:00,微信分享裂变,三线及以下,iOS,23
1664,2026-06-19 13:23:00,自然流量,新一线,Android,18
1665,2026-07-08 11:27:00,高校地推,二线,iOS,22
1666,2026-06-16 03:47:00,微信分享裂变,一线,Android,29
1667,2026-07-09 02:39:00,微信分享裂变,三线及以下,iOS,29
1668,2026-06-04 04:44:00,自然流量,一线,Android,25
1669,2026-06-07 16:51:00,自然流量,新一线,Android,22
1670,2026-07-06 18:46:00,微信分享裂变,新一线,Android,32
1671,2026-07-26 20:03:00,抖音信息流,二线,Android,24
1672,2026-07-09 03:05:00,小红书种草,二线,iOS,27
1673,2026-06-16 17:54:00,小红书种草,一线,iOS,18
1674,2026-06-22 02:11:00,自然流量,一线,Android,23
1675,2026-06-18 07:19:00,微信分享裂变,二线,Android,29
1676,2026-06-23 11:46:00,高校地推,三线及以下,Android,18
1677,2026-06-27 13:43:00,小红书种草,一线,Android,23
1678,2026-08-12 17:27:00,抖音信息流,二线,Android,26
1679,2026-07-24 04:28:00,微信分享裂变,新一线,Android,31
1680,2026-07-08 07:01:00,抖音信息流,一线,Android,28
1681,2026-07-03 20:54:00,小红书种草,一线,iOS,32
1682,2026-07-13 23:43:00,微信分享裂变,二线,iOS,28
1683,2026-06-17 09:27:00,小红书种草,一线,iOS,28
1684,2026-06-30 04:25:00,自然流量,三线及以下,iOS,19
1685,2026-07-22 12:52:00,自然流量,一线,Android,19
1686,2026-06-27 12:54:00,自然流量,新一线,Android,32
1687,2026-06-11 18:51:00,抖音信息流,一线,Android,21
1688,2026-06-30 07:26:00,抖音信息流,二线,Android,21
1689,2026-07-13 13:44:00,小红书种草,一线,Android,18
1690,2026-06-26 18:07:00,抖音信息流,一线,Android,29
1691,2026-07-19 09:40:00,微信分享裂变,新一线,iOS,18
1692,2026-06-15 23:11:00,高校地推,新一线,iOS,19
1693,2026-07-05 02:49:00,自然流量,新一线,Android,29
1694,2026-07-24 13:05:00,小红书种草,一线,iOS,18
1695,2026-06-24 15:54:00,小红书种草,一线,iOS,30
1696,2026-07-14 17:12:00,抖音信息流,一线,Android,19
1697,2026-07-15 10:12:00,自然流量,一线,Android,23
1698,2026-06-13 18:53:00,微信分享裂变,一线,iOS,20
1699,2026-06-22 19:28:00,高校地推,一线,Android,18
1700,2026-07-06 15:17:00,小红书种草,新一线,Android,20
1701,2026-07-05 02:49:00,高校地推,一线,Android,19
1702,2026-08-20 07:58:00,高校地推,新一线,Android,18
1703,2026-07-08 00:42:00,抖音信息流,二线,iOS,31
1704,2026-07-03 09:06:00,小红书种草,二线,Android,19
1705,2026-07-01 22:53:00,抖音信息流,新一线,Android,18
1706,2026-06-22 20:54:00,高校地推,一线,Android,18
1707,2026-07-17 19:06:00,自然流量,新一线,Android,26
1708,2026-07-22 09:09:00,抖音信息流,一线,Android,18
1709,2026-06-24 09:34:00,微信分享裂变,新一线,Android,23
1710,2026-06-18 13:49:00,自然流量,三线及以下,Android,33
1711,2026-07-18 02:49:00,微信分享裂变,新一线,iOS,24
1712,2026-07-02 17:44:00,抖音信息流,三线及以下,iOS,25
1713,2026-07-23 20:53:00,高校地推,一线,iOS,21
1714,2026-08-17 21:36:00,微信分享裂变,一线,iOS,23
1715,2026-07-24 02:48:00,抖音信息流,一线,iOS,22
1716,2026-07-16 07:46:00,微信分享裂变,一线,Android,25
1717,2026-07-14 06:45:00,抖音信息流,一线,iOS,32
1718,2026-07-29 15:16:00,小红书种草,三线及以下,Android,21
1719,2026-08-10 17:35:00,小红书种草,新一线,iOS,20
1720,2026-06-27 19:41:00,微信分享裂变,三线及以下,iOS,23
1721,2026-07-15 03:38:00,自然流量,三线及以下,iOS,28
1722,2026-06-10 10:28:00,自然流量,二线,iOS,22
1723,2026-07-08 04:01:00,小红书种草,三线及以下,iOS,25
1724,2026-08-13 17:49:00,抖音信息流,一线,Android,26
1725,2026-08-16 03:28:00,抖音信息流,三线及以下,iOS,34
1726,2026-07-04 05:24:00,自然流量,二线,Android,28
1727,2026-07-15 05:23:00,抖音信息流,新一线,iOS,19
1728,2026-07-08 22:06:00,微信分享裂变,新一线,iOS,18
1729,2026-06-24 09:37:00,自然流量,三线及以下,Android,24
1730,2026-06-23 12:55:00,抖音信息流,三线及以下,Android,20
1731,2026-06-10 08:33:00,高校地推,一线,iOS,21
1732,2026-06-13 06:15:00,自然流量,一线,iOS,19
1733,2026-07-16 04:31:00,小红书种草,一线,Android,21
1734,2026-07-01 19:20:00,自然流量,二线,iOS,21
1735,2026-06-14 19:33:00,微信分享裂变,一线,iOS,23
1736,2026-08-03 07:52:00,小红书种草,二线,Android,20
1737,2026-07-30 01:53:00,微信分享裂变,新一线,Android,20
1738,2026-06-22 02:44:00,自然流量,三线及以下,Android,26
1739,2026-07-12 17:34:00,抖音信息流,二线,Android,23
1740,2026-06-24 20:53:00,微信分享裂变,新一线,Android,24
1741,2026-07-29 15:05:00,自然流量,新一线,Android,23
1742,2026-06-29 08:18:00,自然流量,二线,iOS,19
1743,2026-07-31 23:49:00,自然流量,一线,Android,31
1744,2026-07-22 22:59:00,高校地推,新一线,Android,34
1745,2026-07-14 02:46:00,小红书种草,三线及以下,iOS,30
1746,2026-07-23 21:16:00,小红书种草,新一线,Android,18
1747,2026-06-10 09:35:00,小红书种草,三线及以下,iOS,20
1748,2026-06-26 10:24:00,抖音信息流,新一线,Android,27
1749,2026-07-19 20:38:00,抖音信息流,新一线,Android,20
1750,2026-07-28 11:47:00,抖音信息流,三线及以下,Android,20
1751,2026-08-01 15:05:00,小红书种草,二线,iOS,18
1752,2026-06-07 21:34:00,自然流量,三线及以下,iOS,22
1753,2026-07-02 16:29:00,微信分享裂变,二线,iOS,19
1754,2026-06-16 11:52:00,微信分享裂变,一线,Android,18
1755,2026-06-09 06:28:00,抖音信息流,一线,iOS,29
1756,2026-07-12 11:54:00,抖音信息流,二线,iOS,26
1757,2026-06-16 05:01:00,自然流量,三线及以下,iOS,18
1758,2026-07-10 19:24:00,高校地推,二线,iOS,28
1759,2026-06-26 18:31:00,高校地推,一线,Android,24
1760,2026-07-14 01:33:00,高校地推,新一线,Android,29
1761,2026-07-20 18:57:00,抖音信息流,二线,Android,27
1762,2026-07-02 11:06:00,自然流量,新一线,iOS,20
1763,2026-06-18 21:57:00,自然流量,新一线,Android,27
1764,2026-07-27 17:03:00,自然流量,三线及以下,iOS,27
1765,2026-06-11 02:05:00,自然流量,新一线,iOS,29
1766,2026-06-17 01:28:00,自然流量,一线,Android,28
1767,2026-06-25 21:31:00,高校地推,新一线,iOS,34
1768,2026-06-11 20:59:00,自然流量,一线,iOS,28
1769,2026-06-07 12:37:00,自然流量,二线,iOS,20
1770,2026-07-21 11:46:00,微信分享裂变,三线及以下,Android,24
1771,2026-07-26 19:07:00,小红书种草,二线,iOS,18
1772,2026-07-06 16:51:00,微信分享裂变,三线及以下,Android,30
1773,2026-06-29 01:04:00,小红书种草,二线,iOS,19
1774,2026-06-28 07:43:00,微信分享裂变,新一线,iOS,35
1775,2026-07-18 02:43:00,小红书种草,新一线,Android,22
1776,2026-06-07 06:21:00,抖音信息流,新一线,Android,23
1777,2026-06-21 20:12:00,小红书种草,新一线,Android,21
1778,2026-06-24 19:54:00,抖音信息流,一线,iOS,20
1779,2026-07-01 13:38:00,抖音信息流,二线,Android,21
1780,2026-07-15 08:55:00,抖音信息流,一线,Android,25
1781,2026-06-15 17:42:00,自然流量,一线,Android,24
1782,2026-08-01 12:50:00,微信分享裂变,新一线,Android,21
1783,2026-06-23 17:44:00,自然流量,三线及以下,iOS,25
1784,2026-06-25 10:48:00,自然流量,一线,Android,21
1785,2026-07-21 07:37:00,自然流量,二线,iOS,23
1786,2026-06-27 02:12:00,微信分享裂变,新一线,Android,32
1787,2026-07-10 03:38:00,抖音信息流,一线,Android,21
1788,2026-06-27 10:40:00,小红书种草,一线,iOS,22
1789,2026-06-08 09:23:00,微信分享裂变,一线,iOS,18
1790,2026-07-11 03:24:00,自然流量,新一线,iOS,22
1791,2026-06-10 05:18:00,微信分享裂变,新一线,iOS,25
1792,2026-07-31 19:00:00,抖音信息流,新一线,Android,21
1793,2026-08-02 03:24:00,自然流量,一线,Android,18
1794,2026-06-25 22:20:00,小红书种草,一线,iOS,25
1795,2026-07-31 16:53:00,高校地推,一线,iOS,26
1796,2026-06-16 18:56:00,自然流量,三线及以下,Android,27
1797,2026-06-23 13:38:00,抖音信息流,新一线,iOS,18
1798,2026-07-04 12:01:00,自然流量,新一线,Android,30
1799,2026-06-14 06:59:00,抖音信息流,二线,iOS,21
1800,2026-06-05 08:58:00,小红书种草,一线,Android,18
1801,2026-07-11 08:32:00,小红书种草,一线,Android,29
1802,2026-07-07 03:10:00,小红书种草,新一线,iOS,30
1803,2026-07-21 17:17:00,自然流量,三线及以下,iOS,22
1804,2026-07-21 03:23:00,小红书种草,三线及以下,iOS,19
1805,2026-07-12 21:22:00,小红书种草,一线,iOS,26
1806,2026-08-08 07:55:00,小红书种草,一线,iOS,18
1807,2026-06-13 22:39:00,自然流量,新一线,Android,36
1808,2026-07-20 03:25:00,抖音信息流,一线,Android,18
1809,2026-07-16 12:53:00,抖音信息流,三线及以下,iOS,25
1810,2026-07-01 02:19:00,自然流量,一线,Android,23
1811,2026-07-15 10:24:00,自然流量,一线,iOS,19
1812,2026-06-23 21:04:00,抖音信息流,一线,iOS,19
1813,2026-07-27 06:18:00,小红书种草,三线及以下,iOS,29
1814,2026-08-15 21:42:00,自然流量,新一线,iOS,25
1815,2026-07-05 05:32:00,微信分享裂变,一线,iOS,20
1816,2026-07-13 07:48:00,抖音信息流,新一线,iOS,21
1817,2026-06-14 13:20:00,微信分享裂变,一线,iOS,19
1818,2026-07-12 04:24:00,抖音信息流,一线,Android,28
1819,2026-06-15 17:15:00,抖音信息流,三线及以下,Android,28
1820,2026-06-22 04:30:00,小红书种草,二线,Android,26
1821,2026-07-11 01:09:00,高校地推,新一线,iOS,25
1822,2026-07-05 08:28:00,抖音信息流,新一线,Android,27
1823,2026-06-22 11:54:00,抖音信息流,新一线,iOS,18
1824,2026-08-22 01:29:00,小红书种草,二线,iOS,25
1825,2026-07-02 12:57:00,小红书种草,一线,iOS,29
1826,2026-07-06 15:05:00,自然流量,二线,iOS,25
1827,2026-06-26 06:23:00,抖音信息流,新一线,iOS,24
1828,2026-06-24 21:02:00,抖音信息流,一线,Android,20
1829,2026-07-04 11:19:00,高校地推,一线,Android,21
1830,2026-07-04 09:38:00,抖音信息流,三线及以下,iOS,21
1831,2026-07-08 13:08:00,抖音信息流,三线及以下,Android,25
1832,2026-07-26 06:52:00,高校地推,一线,iOS,21
1833,2026-06-25 23:39:00,抖音信息流,一线,iOS,18
1834,2026-06-30 20:24:00,自然流量,二线,iOS,27
1835,2026-06-19 16:03:00,自然流量,二线,iOS,26
1836,2026-06-27 10:41:00,自然流量,新一线,iOS,25
1837,2026-08-01 14:30:00,自然流量,三线及以下,iOS,19
1838,2026-06-14 09:41:00,抖音信息流,三线及以下,iOS,21
1839,2026-06-07 18:35:00,微信分享裂变,一线,Android,26
1840,2026-07-27 12:15:00,小红书种草,一线,Android,24
1841,2026-06-02 20:51:00,自然流量,一线,Android,20
1842,2026-07-10 15:29:00,抖音信息流,三线及以下,iOS,30
1843,2026-08-12 11:42:00,自然流量,新一线,iOS,19
1844,2026-07-03 08:26:00,高校地推,三线及以下,Android,18
1845,2026-06-29 17:01:00,自然流量,二线,Android,24
1846,2026-07-11 21:32:00,小红书种草,二线,iOS,24
1847,2026-06-05 02:30:00,抖音信息流,一线,Android,24
1848,2026-06-14 09:26:00,小红书种草,一线,Android,26
1849,2026-07-02 21:06:00,抖音信息流,三线及以下,iOS,21
1850,2026-07-09 11:50:00,小红书种草,新一线,Android,29
1851,2026-06-12 03:09:00,自然流量,三线及以下,iOS,18
1852,2026-07-03 05:39:00,高校地推,一线,Android,23
1853,2026-08-16 20:43:00,抖音信息流,新一线,iOS,20
1854,2026-06-29 09:09:00,小红书种草,新一线,Android,29
1855,2026-08-13 14:30:00,微信分享裂变,一线,iOS,20
1856,2026-07-28 07:35:00,高校地推,新一线,Android,24
1857,2026-06-26 02:37:00,自然流量,三线及以下,iOS,24
1858,2026-08-03 11:22:00,自然流量,新一线,iOS,24
1859,2026-07-08 13:59:00,自然流量,新一线,Android,20
1860,2026-06-27 23:40:00,自然流量,二线,iOS,25
1861,2026-06-28 05:25:00,小红书种草,二线,Android,24
1862,2026-06-08 18:41:00,高校地推,二线,Android,25
1863,2026-06-21 11:34:00,高校地推,新一线,Android,31
1864,2026-06-07 17:37:00,抖音信息流,新一线,Android,24
1865,2026-08-19 21:36:00,小红书种草,新一线,iOS,19
1866,2026-07-25 05:42:00,微信分享裂变,三线及以下,Android,33
1867,2026-07-07 02:22:00,高校地推,三线及以下,Android,28
1868,2026-08-16 10:50:00,自然流量,新一线,Android,27
1869,2026-07-04 05:11:00,抖音信息流,一线,iOS,23
1870,2026-07-10 20:08:00,微信分享裂变,三线及以下,Android,27
1871,2026-06-05 17:22:00,抖音信息流,一线,iOS,18
1872,2026-07-13 20:08:00,抖音信息流,一线,Android,31
1873,2026-06-21 01:21:00,高校地推,新一线,Android,28
1874,2026-08-05 12:30:00,高校地推,二线,iOS,23
1875,2026-07-04 16:52:00,高校地推,一线,iOS,28
1876,2026-06-16 17:12:00,微信分享裂变,一线,iOS,27
1877,2026-06-30 11:25:00,自然流量,二线,Android,18
1878,2026-08-09 05:30:00,抖音信息流,二线,Android,24
1879,2026-07-17 05:13:00,抖音信息流,一线,iOS,25
1880,2026-08-22 17:58:00,抖音信息流,一线,Android,23
1881,2026-08-20 22:33:00,抖音信息流,二线,Android,22
1882,2026-07-02 00:09:00,小红书种草,一线,iOS,28
1883,2026-07-18 08:35:00,抖音信息流,一线,iOS,24
1884,2026-06-11 18:03:00,小红书种草,三线及以下,iOS,33
1885,2026-06-03 23:35:00,抖音信息流,新一线,iOS,20
1886,2026-07-15 04:36:00,抖音信息流,新一线,Android,26
1887,2026-06-29 10:36:00,自然流量,新一线,Android,19
1888,2026-06-15 10:51:00,自然流量,二线,Android,27
1889,2026-06-22 01:24:00,微信分享裂变,新一线,iOS,18
1890,2026-06-23 19:56:00,抖音信息流,二线,Android,25
1891,2026-07-08 16:14:00,自然流量,二线,iOS,29
1892,2026-07-08 05:36:00,小红书种草,一线,Android,24
1893,2026-07-04 09:39:00,抖音信息流,新一线,Android,19
1894,2026-07-24 00:12:00,自然流量,一线,Android,28
1895,2026-08-05 02:18:00,抖音信息流,二线,Android,25
1896,2026-07-08 06:57:00,自然流量,二线,iOS,23
1897,2026-06-21 00:07:00,小红书种草,二线,Android,19
1898,2026-06-18 22:14:00,自然流量,新一线,Android,18
1899,2026-06-15 09:57:00,自然流量,新一线,iOS,35
1900,2026-06-11 01:05:00,自然流量,二线,Android,21
1901,2026-06-16 11:54:00,小红书种草,一线,iOS,19
1902,2026-06-12 08:15:00,自然流量,三线及以下,Android,25
1903,2026-07-23 10:03:00,微信分享裂变,新一线,iOS,18
1904,2026-07-02 10:47:00,自然流量,新一线,iOS,26
1905,2026-07-03 17:27:00,小红书种草,二线,Android,30
1906,2026-06-19 19:15:00,抖音信息流,二线,Android,18
1907,2026-06-13 08:11:00,抖音信息流,新一线,Android,22
1908,2026-06-07 11:25:00,自然流量,新一线,Android,26
1909,2026-06-25 13:35:00,微信分享裂变,新一线,Android,18
1910,2026-07-16 21:30:00,微信分享裂变,新一线,Android,19
1911,2026-07-21 09:59:00,自然流量,新一线,iOS,23
1912,2026-06-17 19:25:00,自然流量,二线,Android,33
1913,2026-06-27 05:54:00,高校地推,一线,Android,19
1914,2026-07-04 23:03:00,抖音信息流,二线,Android,22
1915,2026-07-22 01:35:00,自然流量,一线,Android,36
1916,2026-07-17 18:51:00,自然流量,二线,iOS,27
1917,2026-08-16 03:37:00,小红书种草,一线,Android,18
1918,2026-07-01 05:10:00,小红书种草,新一线,Android,22
1919,2026-06-14 00:27:00,小红书种草,一线,iOS,26
1920,2026-07-03 12:55:00,高校地推,一线,Android,31
1921,2026-07-09 12:31:00,抖音信息流,新一线,Android,30
1922,2026-08-09 07:07:00,抖音信息流,新一线,Android,26
1923,2026-06-25 21:09:00,抖音信息流,新一线,iOS,27
1924,2026-08-15 01:56:00,抖音信息流,三线及以下,iOS,18
1925,2026-06-29 10:41:00,自然流量,一线,iOS,20
1926,2026-07-13 22:41:00,自然流量,新一线,iOS,18
1927,2026-07-19 15:34:00,抖音信息流,新一线,Android,29
1928,2026-06-28 08:07:00,小红书种草,二线,Android,25
1929,2026-06-06 20:30:00,自然流量,一线,Android,24
1930,2026-06-14 08:30:00,抖音信息流,新一线,iOS,31
1931,2026-06-07 14:17:00,小红书种草,二线,Android,26
1932,2026-06-12 09:41:00,小红书种草,新一线,Android,29
1933,2026-06-11 19:08:00,微信分享裂变,三线及以下,Android,27
1934,2026-07-12 12:29:00,微信分享裂变,一线,Android,28
1935,2026-07-30 20:36:00,小红书种草,一线,iOS,18
1936,2026-06-12 21:11:00,自然流量,新一线,Android,28
1937,2026-07-23 19:34:00,抖音信息流,一线,Android,26
1938,2026-06-19 03:33:00,小红书种草,新一线,Android,21
1939,2026-06-13 20:07:00,自然流量,一线,Android,27
1940,2026-07-15 10:37:00,自然流量,新一线,iOS,30
1941,2026-08-05 09:29:00,自然流量,三线及以下,Android,23
1942,2026-06-16 19:05:00,抖音信息流,三线及以下,iOS,20
1943,2026-07-05 02:28:00,抖音信息流,一线,iOS,20
1944,2026-06-10 12:31:00,自然流量,一线,iOS,18
1945,2026-07-19 01:51:00,微信分享裂变,三线及以下,Android,23
1946,2026-06-16 01:54:00,高校地推,新一线,Android,26
1947,2026-07-16 14:37:00,自然流量,新一线,iOS,32
1948,2026-07-09 07:13:00,高校地推,二线,Android,19
1949,2026-06-10 13:23:00,自然流量,新一线,iOS,25
1950,2026-07-13 13:11:00,高校地推,新一线,iOS,24
1951,2026-08-03 01:50:00,高校地推,三线及以下,Android,23
1952,2026-06-17 21:15:00,自然流量,新一线,iOS,18
1953,2026-06-26 21:48:00,微信分享裂变,二线,iOS,18
1954,2026-06-07 14:36:00,高校地推,三线及以下,Android,33
1955,2026-06-28 00:45:00,高校地推,新一线,iOS,29
1956,2026-07-17 17:52:00,高校地推,三线及以下,iOS,25
1957,2026-06-27 05:25:00,抖音信息流,一线,Android,26
1958,2026-07-14 19:22:00,自然流量,三线及以下,Android,27
1959,2026-07-08 04:26:00,微信分享裂变,一线,iOS,21
1960,2026-06-27 13:59:00,小红书种草,一线,Android,21
1961,2026-07-12 00:41:00,小红书种草,二线,Android,20
1962,2026-07-03 07:16:00,抖音信息流,三线及以下,Android,24
1963,2026-07-12 13:50:00,抖音信息流,二线,Android,18
1964,2026-06-27 07:08:00,自然流量,二线,Android,20
1965,2026-07-20 08:06:00,小红书种草,三线及以下,Android,26
1966,2026-07-31 08:32:00,自然流量,新一线,iOS,22
1967,2026-06-25 09:47:00,小红书种草,三线及以下,Android,18
1968,2026-06-09 04:55:00,微信分享裂变,一线,iOS,22
1969,2026-06-23 08:57:00,抖音信息流,一线,Android,26
1970,2026-06-28 19:56:00,抖音信息流,一线,Android,24
1971,2026-07-10 17:26:00,抖音信息流,三线及以下,Android,18
1972,2026-06-24 10:20:00,高校地推,一线,Android,29
1973,2026-08-02 10:05:00,小红书种草,新一线,Android,22
1974,2026-07-30 23:56:00,抖音信息流,一线,iOS,25
1975,2026-07-14 15:35:00,自然流量,一线,Android,29
1976,2026-07-27 09:57:00,自然流量,新一线,Android,23
1977,2026-07-23 21:47:00,抖音信息流,一线,iOS,18
1978,2026-06-25 09:37:00,高校地推,三线及以下,iOS,32
1979,2026-06-22 13:17:00,小红书种草,三线及以下,iOS,18
1980,2026-07-08 19:57:00,自然流量,新一线,Android,22
1981,2026-06-20 05:17:00,微信分享裂变,新一线,iOS,30
1982,2026-07-06 00:00:00,抖音信息流,三线及以下,Android,20
1983,2026-07-04 10:12:00,微信分享裂变,新一线,Android,20
1984,2026-06-25 03:03:00,自然流量,一线,iOS,22
1985,2026-06-12 12:24:00,小红书种草,一线,iOS,23
1986,2026-06-29 23:50:00,高校地推,新一线,Android,19
1987,2026-06-22 13:39:00,自然流量,新一线,Android,20
1988,2026-06-22 22:08:00,小红书种草,新一线,iOS,29
1989,2026-07-12 16:02:00,高校地推,二线,iOS,21
1990,2026-06-29 05:53:00,自然流量,新一线,Android,26
1991,2026-07-13 19:02:00,自然流量,一线,Android,19
1992,2026-06-12 10:16:00,小红书种草,新一线,iOS,30
1993,2026-07-14 19:20:00,抖音信息流,二线,Android,28
1994,2026-06-22 14:06:00,自然流量,一线,iOS,23
1995,2026-06-16 09:49:00,抖音信息流,一线,Android,27
1996,2026-06-22 20:44:00,小红书种草,二线,iOS,31
1997,2026-06-19 14:00:00,自然流量,新一线,Android,18
1998,2026-06-24 10:55:00,抖音信息流,一线,Android,18
1999,2026-08-06 18:22:00,微信分享裂变,新一线,iOS,25
2000,2026-06-15 12:43:00,抖音信息流,新一线,Android,18
2001,2026-07-06 03:30:00,微信分享裂变,一线,iOS,18
2002,2026-07-21 07:01:00,抖音信息流,二线,iOS,18
2003,2026-07-16 11:18:00,高校地推,新一线,iOS,24
2004,2026-06-10 17:51:00,小红书种草,一线,Android,18
2005,2026-07-01 07:24:00,自然流量,三线及以下,Android,21
2006,2026-06-11 10:40:00,微信分享裂变,新一线,iOS,18
2007,2026-08-17 19:31:00,抖音信息流,三线及以下,iOS,26
2008,2026-07-18 23:29:00,自然流量,一线,iOS,26
2009,2026-06-25 18:04:00,自然流量,新一线,Android,22
2010,2026-07-02 08:14:00,小红书种草,二线,iOS,29
2011,2026-06-09 18:34:00,自然流量,三线及以下,Android,27
2012,2026-08-05 17:48:00,自然流量,二线,Android,20
2013,2026-06-26 15:03:00,自然流量,新一线,Android,19
2014,2026-06-30 04:39:00,抖音信息流,二线,iOS,28
2015,2026-06-08 20:52:00,抖音信息流,一线,Android,27
2016,2026-07-15 09:13:00,抖音信息流,二线,Android,22
2017,2026-06-11 05:16:00,自然流量,新一线,Android,18
2018,2026-07-27 19:45:00,自然流量,一线,Android,28
2019,2026-06-22 00:42:00,小红书种草,一线,Android,24
2020,2026-06-29 11:06:00,抖音信息流,一线,Android,23
2021,2026-06-26 14:29:00,小红书种草,一线,iOS,18
2022,2026-06-29 02:29:00,自然流量,一线,Android,26
2023,2026-07-15 13:56:00,自然流量,一线,iOS,23
2024,2026-07-01 21:10:00,自然流量,二线,Android,21
2025,2026-07-26 02:24:00,抖音信息流,新一线,Android,19
2026,2026-08-09 14:06:00,抖音信息流,一线,iOS,24
2027,2026-06-11 03:48:00,微信分享裂变,二线,iOS,26
2028,2026-06-19 18:58:00,抖音信息流,一线,iOS,22
2029,2026-07-04 00:01:00,抖音信息流,新一线,iOS,26
2030,2026-06-28 23:43:00,小红书种草,三线及以下,Android,18
2031,2026-08-13 09:32:00,自然流量,二线,iOS,20
2032,2026-07-23 21:34:00,抖音信息流,新一线,Android,27
2033,2026-07-05 17:50:00,抖音信息流,新一线,iOS,21
2034,2026-07-08 01:37:00,抖音信息流,一线,iOS,32
2035,2026-06-30 10:43:00,自然流量,新一线,Android,25
2036,2026-06-20 07:49:00,微信分享裂变,一线,iOS,18
2037,2026-07-01 16:51:00,高校地推,新一线,Android,18
2038,2026-07-10 15:14:00,自然流量,三线及以下,Android,27
2039,2026-07-01 11:30:00,小红书种草,二线,Android,20
2040,2026-07-03 19:23:00,微信分享裂变,新一线,Android,28
2041,2026-08-08 16:24:00,自然流量,二线,Android,21
2042,2026-06-08 03:44:00,微信分享裂变,二线,Android,25
2043,2026-06-03 01:05:00,小红书种草,新一线,iOS,22
2044,2026-07-21 01:09:00,高校地推,三线及以下,iOS,25
2045,2026-07-31 13:13:00,高校地推,新一线,iOS,27
2046,2026-06-18 13:11:00,自然流量,二线,Android,24
2047,2026-07-01 13:51:00,抖音信息流,一线,iOS,27
2048,2026-07-01 12:17:00,抖音信息流,新一线,iOS,18
2049,2026-06-26 03:53:00,自然流量,新一线,iOS,26
2050,2026-06-16 23:40:00,抖音信息流,一线,iOS,24
2051,2026-06-27 21:10:00,高校地推,新一线,iOS,22
2052,2026-06-26 15:39:00,自然流量,三线及以下,Android,18
2053,2026-08-02 08:31:00,抖音信息流,二线,Android,18
2054,2026-07-07 02:24:00,微信分享裂变,一线,Android,25
2055,2026-07-05 13:55:00,抖音信息流,一线,Android,25
2056,2026-07-08 17:50:00,抖音信息流,一线,Android,26
2057,2026-06-16 00:20:00,高校地推,一线,Android,23
2058,2026-07-02 09:53:00,抖音信息流,一线,iOS,18
2059,2026-06-23 13:42:00,自然流量,一线,Android,18
2060,2026-07-17 12:50:00,自然流量,一线,Android,18
2061,2026-07-11 00:18:00,高校地推,一线,Android,24
2062,2026-06-14 00:41:00,自然流量,一线,iOS,33
2063,2026-07-25 08:52:00,抖音信息流,三线及以下,iOS,23
2064,2026-06-19 13:00:00,自然流量,三线及以下,iOS,20
2065,2026-06-30 05:39:00,抖音信息流,二线,iOS,24
2066,2026-07-25 19:27:00,高校地推,一线,Android,23
2067,2026-08-08 16:08:00,抖音信息流,一线,Android,18
2068,2026-07-17 00:13:00,高校地推,新一线,Android,25
2069,2026-08-04 12:21:00,自然流量,二线,Android,23
2070,2026-07-30 14:05:00,抖音信息流,二线,Android,23
2071,2026-07-19 09:21:00,微信分享裂变,二线,Android,33
2072,2026-07-12 19:02:00,抖音信息流,新一线,Android,23
2073,2026-07-22 10:10:00,自然流量,三线及以下,Android,33
2074,2026-08-23 10:42:00,微信分享裂变,二线,iOS,19
2075,2026-07-04 14:47:00,抖音信息流,一线,Android,18
2076,2026-06-17 22:18:00,抖音信息流,新一线,Android,19
2077,2026-06-18 03:02:00,高校地推,新一线,iOS,29
2078,2026-07-12 09:13:00,自然流量,一线,Android,20
2079,2026-07-22 02:24:00,抖音信息流,新一线,Android,18
2080,2026-06-08 20:37:00,自然流量,新一线,Android,25
2081,2026-07-17 12:22:00,抖音信息流,新一线,iOS,22
2082,2026-06-30 21:53:00,自然流量,三线及以下,iOS,26
2083,2026-08-01 15:35:00,小红书种草,一线,Android,20
2084,2026-07-24 05:30:00,自然流量,三线及以下,Android,19
2085,2026-06-28 22:57:00,小红书种草,一线,iOS,32
2086,2026-06-20 08:02:00,自然流量,三线及以下,Android,19
2087,2026-07-01 04:32:00,抖音信息流,一线,Android,19
2088,2026-07-04 18:06:00,抖音信息流,新一线,iOS,26
2089,2026-07-23 13:08:00,小红书种草,三线及以下,iOS,18
2090,2026-07-03 09:11:00,抖音信息流,一线,iOS,27
2091,2026-06-13 08:23:00,抖音信息流,二线,Android,32
2092,2026-07-15 18:07:00,微信分享裂变,新一线,Android,28
2093,2026-07-15 16:42:00,抖音信息流,新一线,Android,18
2094,2026-07-30 08:05:00,自然流量,二线,Android,20
2095,2026-07-05 05:09:00,高校地推,一线,iOS,24
2096,2026-07-24 16:50:00,抖音信息流,二线,iOS,25
2097,2026-07-10 16:34:00,自然流量,一线,Android,32
2098,2026-06-21 07:47:00,抖音信息流,二线,Android,31
2099,2026-06-12 13:30:00,自然流量,新一线,Android,22
2100,2026-06-26 04:40:00,自然流量,一线,Android,21
2101,2026-06-11 09:44:00,小红书种草,一线,iOS,20
2102,2026-07-06 11:55:00,自然流量,新一线,iOS,27
2103,2026-07-06 22:41:00,微信分享裂变,一线,Android,29
2104,2026-06-26 20:15:00,高校地推,新一线,iOS,24
2105,2026-08-10 16:13:00,小红书种草,三线及以下,iOS,23
2106,2026-06-14 06:24:00,小红书种草,一线,Android,34
2107,2026-07-03 09:54:00,小红书种草,新一线,iOS,27
2108,2026-07-14 19:45:00,高校地推,三线及以下,iOS,18
2109,2026-06-13 09:56:00,抖音信息流,三线及以下,Android,23
2110,2026-08-06 16:10:00,自然流量,一线,Android,25
2111,2026-08-15 09:10:00,抖音信息流,二线,iOS,22
2112,2026-07-19 08:47:00,抖音信息流,一线,Android,30
2113,2026-06-11 11:18:00,自然流量,二线,iOS,22
2114,2026-07-23 08:54:00,小红书种草,新一线,iOS,19
2115,2026-07-02 09:09:00,自然流量,一线,Android,20
2116,2026-07-10 00:57:00,高校地推,新一线,Android,27
2117,2026-08-21 18:37:00,自然流量,一线,iOS,18
2118,2026-07-03 03:23:00,自然流量,新一线,Android,21
2119,2026-07-29 20:37:00,自然流量,新一线,Android,28
2120,2026-06-13 13:06:00,自然流量,三线及以下,Android,18
2121,2026-07-18 22:16:00,自然流量,新一线,Android,18
2122,2026-06-08 19:47:00,自然流量,二线,Android,18
2123,2026-06-30 01:46:00,自然流量,一线,iOS,19
2124,2026-07-23 02:52:00,自然流量,三线及以下,iOS,21
2125,2026-07-26 17:35:00,抖音信息流,新一线,iOS,22
2126,2026-06-20 03:39:00,抖音信息流,一线,Android,19
2127,2026-07-09 02:12:00,抖音信息流,新一线,Android,22
2128,2026-07-21 13:51:00,抖音信息流,一线,iOS,28
2129,2026-07-24 10:18:00,自然流量,一线,iOS,25
2130,2026-07-14 14:14:00,自然流量,一线,Android,34
2131,2026-07-28 08:48:00,自然流量,新一线,iOS,20
2132,2026-08-01 07:49:00,小红书种草,一线,Android,21
2133,2026-07-02 11:46:00,高校地推,二线,Android,24
2134,2026-06-29 08:33:00,高校地推,一线,Android,21
2135,2026-06-26 13:39:00,抖音信息流,一线,Android,23
2136,2026-06-27 14:31:00,抖音信息流,一线,Android,18
2137,2026-07-06 02:09:00,抖音信息流,新一线,Android,22
2138,2026-06-26 02:02:00,微信分享裂变,一线,Android,28
2139,2026-07-27 00:12:00,微信分享裂变,一线,iOS,33
2140,2026-08-06 04:11:00,微信分享裂变,一线,iOS,31
2141,2026-07-13 18:11:00,微信分享裂变,三线及以下,Android,24
2142,2026-07-20 01:27:00,抖音信息流,一线,iOS,26
2143,2026-06-06 11:35:00,微信分享裂变,一线,Android,25
2144,2026-07-16 15:52:00,微信分享裂变,新一线,iOS,21
2145,2026-06-21 03:19:00,抖音信息流,新一线,iOS,19
2146,2026-06-29 16:46:00,高校地推,一线,Android,25
2147,2026-07-21 09:13:00,自然流量,三线及以下,iOS,23
2148,2026-07-21 07:14:00,高校地推,二线,iOS,28
2149,2026-07-10 00:04:00,微信分享裂变,新一线,Android,18
2150,2026-07-23 05:22:00,自然流量,新一线,iOS,23
2151,2026-06-17 15:47:00,小红书种草,二线,iOS,30
2152,2026-07-30 06:09:00,自然流量,一线,iOS,26
2153,2026-07-28 20:28:00,微信分享裂变,三线及以下,Android,19
2154,2026-06-29 09:59:00,微信分享裂变,一线,Android,18
2155,2026-06-29 13:18:00,小红书种草,新一线,Android,23
2156,2026-07-16 14:25:00,微信分享裂变,一线,iOS,27
2157,2026-07-06 00:56:00,自然流量,二线,Android,26
2158,2026-06-17 18:07:00,自然流量,二线,Android,24
2159,2026-07-19 00:13:00,抖音信息流,新一线,iOS,27
2160,2026-06-18 16:41:00,自然流量,一线,Android,25
2161,2026-07-04 16:39:00,抖音信息流,二线,Android,26
2162,2026-06-11 05:51:00,自然流量,三线及以下,iOS,28
2163,2026-07-19 19:39:00,抖音信息流,一线,iOS,21
2164,2026-07-05 07:00:00,抖音信息流,一线,Android,19
2165,2026-07-14 19:07:00,微信分享裂变,新一线,iOS,27
2166,2026-08-03 15:43:00,自然流量,二线,iOS,21
2167,2026-08-03 15:48:00,微信分享裂变,一线,iOS,18
2168,2026-07-20 16:19:00,抖音信息流,一线,iOS,31
2169,2026-06-07 03:17:00,抖音信息流,新一线,iOS,25
2170,2026-07-23 18:39:00,抖音信息流,二线,iOS,25
2171,2026-08-04 12:36:00,抖音信息流,一线,Android,23
2172,2026-06-20 15:44:00,自然流量,新一线,iOS,28
2173,2026-06-22 03:40:00,抖音信息流,二线,Android,18
2174,2026-07-02 18:24:00,自然流量,一线,Android,24
2175,2026-06-26 21:34:00,抖音信息流,一线,Android,25
2176,2026-07-29 16:05:00,抖音信息流,一线,Android,26
2177,2026-06-16 21:51:00,抖音信息流,二线,Android,18
2178,2026-06-24 15:46:00,微信分享裂变,二线,iOS,26
2179,2026-06-07 11:06:00,自然流量,二线,iOS,21
2180,2026-06-29 00:07:00,高校地推,新一线,Android,20
2181,2026-06-18 01:33:00,微信分享裂变,一线,Android,18
2182,2026-06-23 01:30:00,高校地推,新一线,iOS,35
2183,2026-07-04 06:03:00,微信分享裂变,新一线,Android,23
2184,2026-08-17 15:32:00,自然流量,二线,Android,25
2185,2026-07-13 08:22:00,抖音信息流,三线及以下,Android,18
2186,2026-07-08 10:57:00,自然流量,新一线,Android,18
2187,2026-07-11 06:14:00,微信分享裂变,新一线,iOS,28
2188,2026-08-01 22:20:00,小红书种草,一线,iOS,18
2189,2026-07-22 01:19:00,自然流量,新一线,iOS,30
2190,2026-08-04 08:07:00,高校地推,二线,iOS,33
2191,2026-06-25 22:06:00,自然流量,二线,Android,20
2192,2026-06-28 00:28:00,抖音信息流,三线及以下,Android,21
2193,2026-06-18 21:59:00,小红书种草,三线及以下,Android,18
2194,2026-07-04 22:30:00,自然流量,新一线,iOS,18
2195,2026-06-28 21:14:00,小红书种草,三线及以下,iOS,27
2196,2026-07-18 09:56:00,微信分享裂变,二线,iOS,30
2197,2026-06-18 21:25:00,自然流量,新一线,iOS,20
2198,2026-07-09 13:04:00,抖音信息流,一线,Android,20
2199,2026-07-07 02:56:00,自然流量,三线及以下,Android,18
2200,2026-07-17 02:33:00,小红书种草,三线及以下,Android,18
2201,2026-06-27 05:39:00,自然流量,新一线,Android,30
2202,2026-08-03 04:35:00,高校地推,一线,iOS,25
2203,2026-07-03 19:56:00,微信分享裂变,一线,iOS,18
2204,2026-06-30 15:35:00,自然流量,一线,Android,26
2205,2026-06-26 01:45:00,抖音信息流,二线,iOS,35
2206,2026-06-15 01:52:00,小红书种草,新一线,iOS,22
2207,2026-06-12 17:31:00,小红书种草,新一线,iOS,20
2208,2026-07-29 02:27:00,抖音信息流,一线,Android,26
2209,2026-06-16 08:34:00,自然流量,新一线,Android,29
2210,2026-06-10 07:41:00,自然流量,二线,iOS,28
2211,2026-07-09 16:44:00,高校地推,三线及以下,Android,22
2212,2026-07-17 12:13:00,抖音信息流,新一线,iOS,21
2213,2026-06-21 01:22:00,微信分享裂变,一线,iOS,18
2214,2026-07-04 16:14:00,抖音信息流,一线,iOS,18
2215,2026-07-04 10:06:00,高校地推,三线及以下,iOS,25
2216,2026-07-31 16:26:00,自然流量,三线及以下,Android,21
2217,2026-07-17 07:23:00,自然流量,新一线,iOS,25
2218,2026-08-03 18:17:00,高校地推,一线,Android,22
2219,2026-06-23 05:55:00,高校地推,二线,Android,24
2220,2026-07-27 05:41:00,抖音信息流,二线,iOS,24
2221,2026-07-04 21:37:00,抖音信息流,二线,Android,27
2222,2026-07-11 09:01:00,抖音信息流,一线,iOS,28
2223,2026-06-07 12:04:00,抖音信息流,三线及以下,iOS,23
2224,2026-07-11 19:23:00,自然流量,新一线,iOS,22
2225,2026-06-16 12:25:00,微信分享裂变,新一线,Android,23
2226,2026-06-12 16:00:00,自然流量,一线,Android,20
2227,2026-06-13 06:59:00,小红书种草,一线,iOS,29
2228,2026-06-14 02:36:00,自然流量,一线,iOS,21
2229,2026-07-10 09:15:00,自然流量,新一线,Android,23
2230,2026-07-26 16:09:00,小红书种草,三线及以下,Android,24
2231,2026-08-09 00:26:00,抖音信息流,二线,Android,25
2232,2026-06-23 00:52:00,小红书种草,三线及以下,Android,25
2233,2026-06-22 12:35:00,自然流量,二线,iOS,23
2234,2026-06-13 21:36:00,高校地推,一线,iOS,32
2235,2026-07-19 19:14:00,小红书种草,二线,Android,24
2236,2026-07-03 19:53:00,微信分享裂变,新一线,iOS,22
2237,2026-08-01 08:35:00,自然流量,三线及以下,Android,32
2238,2026-07-10 16:31:00,抖音信息流,新一线,Android,20
2239,2026-06-16 09:14:00,抖音信息流,一线,iOS,32
2240,2026-08-16 04:33:00,抖音信息流,二线,Android,18
2241,2026-08-04 15:25:00,自然流量,二线,Android,21
2242,2026-07-31 19:06:00,自然流量,新一线,Android,18
2243,2026-08-08 07:21:00,抖音信息流,一线,iOS,18
2244,2026-06-14 13:09:00,自然流量,新一线,Android,26
2245,2026-07-27 06:37:00,抖音信息流,二线,Android,25
2246,2026-08-02 16:52:00,自然流量,一线,iOS,20
2247,2026-07-04 03:41:00,自然流量,二线,iOS,32
2248,2026-07-21 14:05:00,小红书种草,一线,Android,29
2249,2026-06-22 04:25:00,抖音信息流,一线,Android,23
2250,2026-07-24 09:00:00,抖音信息流,一线,Android,18
2251,2026-08-13 22:10:00,抖音信息流,一线,iOS,28
2252,2026-06-29 02:58:00,微信分享裂变,新一线,Android,21
2253,2026-06-17 14:37:00,抖音信息流,二线,Android,25
2254,2026-06-17 04:57:00,小红书种草,新一线,iOS,27
2255,2026-07-14 17:24:00,高校地推,一线,Android,21
2256,2026-06-24 13:21:00,抖音信息流,二线,Android,30
2257,2026-07-10 19:48:00,高校地推,新一线,iOS,22
2258,2026-06-19 06:38:00,微信分享裂变,新一线,iOS,26
2259,2026-07-30 05:18:00,自然流量,二线,Android,27
2260,2026-07-05 13:52:00,抖音信息流,新一线,iOS,28
2261,2026-07-12 13:13:00,小红书种草,新一线,iOS,32
2262,2026-06-07 00:22:00,高校地推,一线,Android,19
2263,2026-06-29 20:25:00,抖音信息流,一线,iOS,18
2264,2026-07-20 06:14:00,自然流量,一线,iOS,22
2265,2026-06-27 08:36:00,抖音信息流,三线及以下,Android,39
2266,2026-06-30 18:52:00,自然流量,一线,Android,30
2267,2026-06-13 19:04:00,小红书种草,二线,iOS,21
2268,2026-07-17 09:23:00,抖音信息流,二线,iOS,22
2269,2026-06-30 00:27:00,小红书种草,一线,iOS,23
2270,2026-06-11 10:59:00,微信分享裂变,一线,Android,25
2271,2026-07-04 22:30:00,小红书种草,一线,iOS,27
2272,2026-07-20 08:40:00,小红书种草,一线,iOS,27
2273,2026-07-03 05:13:00,小红书种草,三线及以下,Android,29
2274,2026-07-01 11:43:00,微信分享裂变,一线,Android,34
2275,2026-07-12 12:13:00,微信分享裂变,新一线,Android,23
2276,2026-06-26 00:37:00,自然流量,一线,Android,22
2277,2026-07-10 10:32:00,抖音信息流,二线,Android,22
2278,2026-07-29 23:33:00,自然流量,一线,iOS,22
2279,2026-07-17 15:04:00,微信分享裂变,一线,iOS,25
2280,2026-06-27 04:45:00,小红书种草,一线,iOS,27
2281,2026-07-05 15:28:00,抖音信息流,三线及以下,iOS,32
2282,2026-06-30 12:28:00,自然流量,新一线,Android,20
2283,2026-07-09 18:04:00,抖音信息流,一线,Android,25
2284,2026-06-13 01:28:00,小红书种草,二线,iOS,19
2285,2026-06-20 10:12:00,自然流量,二线,iOS,26
2286,2026-06-29 17:31:00,自然流量,新一线,Android,37
2287,2026-08-05 04:45:00,微信分享裂变,三线及以下,iOS,23
2288,2026-06-26 13:05:00,微信分享裂变,一线,Android,36
2289,2026-08-05 00:17:00,自然流量,二线,Android,19
2290,2026-07-11 00:26:00,自然流量,二线,Android,21
2291,2026-06-14 20:53:00,高校地推,新一线,iOS,22
2292,2026-07-08 01:13:00,小红书种草,新一线,Android,24
2293,2026-07-16 09:33:00,小红书种草,一线,Android,23
2294,2026-07-12 02:56:00,抖音信息流,一线,Android,27
2295,2026-06-28 05:26:00,自然流量,新一线,iOS,18
2296,2026-06-26 22:12:00,自然流量,三线及以下,Android,19
2297,2026-07-04 18:50:00,小红书种草,一线,Android,33
2298,2026-06-07 02:39:00,自然流量,新一线,Android,18
2299,2026-06-17 20:18:00,自然流量,一线,iOS,22
2300,2026-07-31 18:53:00,小红书种草,一线,iOS,27
2301,2026-07-01 20:16:00,高校地推,新一线,Android,23
2302,2026-07-15 15:05:00,小红书种草,三线及以下,iOS,19
2303,2026-07-07 04:09:00,抖音信息流,一线,iOS,26
2304,2026-06-07 14:32:00,抖音信息流,一线,Android,28
2305,2026-06-26 12:04:00,抖音信息流,一线,iOS,21
2306,2026-07-26 12:18:00,抖音信息流,新一线,Android,26
2307,2026-06-08 15:44:00,抖音信息流,新一线,iOS,28
2308,2026-08-22 12:48:00,抖音信息流,一线,Android,29
2309,2026-07-18 18:57:00,小红书种草,一线,iOS,25
2310,2026-07-12 14:56:00,微信分享裂变,一线,iOS,32
2311,2026-07-16 11:23:00,高校地推,一线,Android,24
2312,2026-07-05 10:31:00,自然流量,二线,Android,19
2313,2026-08-03 00:42:00,抖音信息流,二线,iOS,22
2314,2026-07-20 22:07:00,自然流量,一线,iOS,30
2315,2026-06-07 14:56:00,抖音信息流,新一线,iOS,19
2316,2026-07-01 01:31:00,自然流量,一线,iOS,18
2317,2026-07-03 14:18:00,自然流量,一线,iOS,26
2318,2026-06-29 08:16:00,微信分享裂变,新一线,Android,21
2319,2026-07-29 01:06:00,抖音信息流,二线,iOS,35
2320,2026-06-19 07:48:00,高校地推,一线,iOS,25
2321,2026-06-19 09:32:00,自然流量,一线,Android,30
2322,2026-08-01 15:19:00,自然流量,一线,Android,21
2323,2026-06-21 22:07:00,抖音信息流,一线,iOS,26
2324,2026-07-05 04:02:00,自然流量,新一线,Android,25
2325,2026-06-14 05:50:00,自然流量,二线,Android,30
2326,2026-07-16 14:15:00,高校地推,一线,Android,24
2327,2026-07-14 20:59:00,自然流量,二线,iOS,21
2328,2026-06-21 03:57:00,自然流量,三线及以下,Android,29
2329,2026-06-26 13:53:00,抖音信息流,一线,Android,20
2330,2026-06-25 21:35:00,抖音信息流,新一线,Android,19
2331,2026-06-26 09:20:00,小红书种草,新一线,Android,23
2332,2026-07-18 08:15:00,抖音信息流,新一线,iOS,22
2333,2026-06-15 21:14:00,微信分享裂变,三线及以下,Android,24
2334,2026-07-08 22:23:00,自然流量,三线及以下,Android,20
2335,2026-06-04 06:41:00,抖音信息流,新一线,Android,29
2336,2026-07-19 09:38:00,小红书种草,二线,iOS,29
2337,2026-07-06 15:22:00,微信分享裂变,新一线,Android,28
2338,2026-06-10 07:20:00,抖音信息流,二线,Android,27
2339,2026-07-01 13:01:00,抖音信息流,三线及以下,Android,18
2340,2026-06-26 22:08:00,自然流量,二线,Android,24
2341,2026-07-07 19:42:00,自然流量,一线,iOS,28
2342,2026-06-04 00:47:00,自然流量,一线,Android,30
2343,2026-07-28 02:58:00,小红书种草,二线,iOS,22
2344,2026-06-24 09:10:00,自然流量,一线,iOS,30
2345,2026-06-10 06:59:00,小红书种草,新一线,Android,25
2346,2026-06-26 15:18:00,自然流量,新一线,Android,18
2347,2026-06-26 19:59:00,微信分享裂变,二线,Android,23
2348,2026-06-20 20:19:00,微信分享裂变,二线,iOS,19
2349,2026-06-18 22:14:00,自然流量,一线,Android,20
2350,2026-06-07 21:53:00,自然流量,二线,Android,29
2351,2026-07-10 17:06:00,自然流量,二线,iOS,25
2352,2026-06-09 10:28:00,微信分享裂变,一线,iOS,21
2353,2026-06-28 21:33:00,自然流量,新一线,Android,20
2354,2026-07-25 16:01:00,抖音信息流,新一线,iOS,26
2355,2026-06-23 03:14:00,抖音信息流,一线,Android,23
2356,2026-07-12 03:07:00,微信分享裂变,新一线,iOS,27
2357,2026-06-24 10:34:00,抖音信息流,一线,Android,19
2358,2026-07-15 19:35:00,抖音信息流,二线,Android,22
2359,2026-07-13 09:28:00,高校地推,一线,iOS,18
2360,2026-07-18 03:12:00,自然流量,新一线,Android,21
2361,2026-07-28 01:46:00,微信分享裂变,新一线,Android,34
2362,2026-06-17 02:28:00,自然流量,一线,Android,20
2363,2026-07-02 23:53:00,抖音信息流,新一线,Android,21
2364,2026-07-17 19:16:00,微信分享裂变,一线,iOS,19
2365,2026-06-10 02:41:00,小红书种草,一线,Android,23
2366,2026-06-28 04:11:00,小红书种草,新一线,iOS,23
2367,2026-06-23 07:15:00,自然流量,新一线,Android,30
2368,2026-08-12 08:52:00,抖音信息流,新一线,Android,21
2369,2026-08-20 10:01:00,抖音信息流,一线,Android,24
2370,2026-06-15 17:02:00,抖音信息流,新一线,iOS,18
2371,2026-07-20 00:37:00,抖音信息流,一线,iOS,19
2372,2026-06-25 22:52:00,抖音信息流,一线,iOS,29
2373,2026-08-05 06:29:00,抖音信息流,一线,iOS,19
2374,2026-07-12 00:59:00,自然流量,一线,iOS,27
2375,2026-07-09 08:35:00,抖音信息流,新一线,iOS,19
2376,2026-06-30 20:36:00,自然流量,三线及以下,Android,23
2377,2026-06-22 14:33:00,微信分享裂变,一线,Android,32
2378,2026-07-06 13:36:00,小红书种草,二线,Android,27
2379,2026-07-26 13:00:00,自然流量,一线,Android,18
2380,2026-07-02 05:46:00,小红书种草,一线,Android,40
2381,2026-07-20 04:01:00,微信分享裂变,新一线,Android,18
2382,2026-08-01 16:59:00,自然流量,一线,Android,33
2383,2026-08-07 02:06:00,自然流量,新一线,Android,21
2384,2026-07-07 12:55:00,自然流量,一线,iOS,18
2385,2026-06-16 12:04:00,自然流量,二线,Android,21
2386,2026-08-12 12:16:00,微信分享裂变,新一线,Android,20
2387,2026-07-10 04:48:00,高校地推,二线,iOS,21
2388,2026-06-27 08:19:00,自然流量,一线,iOS,24
2389,2026-06-21 13:40:00,小红书种草,一线,Android,26
2390,2026-06-07 04:21:00,自然流量,二线,Android,31
2391,2026-07-17 02:01:00,小红书种草,新一线,Android,25
2392,2026-06-24 00:14:00,小红书种草,新一线,iOS,24
2393,2026-06-28 14:38:00,抖音信息流,新一线,iOS,20
2394,2026-07-01 11:50:00,自然流量,二线,iOS,22
2395,2026-08-05 22:56:00,小红书种草,新一线,Android,21
2396,2026-07-21 07:18:00,高校地推,一线,iOS,18
2397,2026-07-16 22:58:00,自然流量,三线及以下,iOS,36
2398,2026-07-25 18:59:00,自然流量,二线,Android,25
2399,2026-07-05 10:17:00,自然流量,一线,Android,25
2400,2026-06-19 16:02:00,抖音信息流,一线,Android,30
2401,2026-06-20 23:52:00,小红书种草,二线,iOS,18
2402,2026-07-26 08:22:00,微信分享裂变,新一线,iOS,35
2403,2026-07-10 02:43:00,小红书种草,三线及以下,iOS,19
2404,2026-06-26 01:10:00,微信分享裂变,二线,Android,19
2405,2026-08-07 13:23:00,微信分享裂变,一线,iOS,21
2406,2026-07-24 03:44:00,自然流量,一线,Android,28
2407,2026-07-15 10:50:00,抖音信息流,新一线,Android,34
2408,2026-07-13 07:45:00,自然流量,新一线,iOS,32
2409,2026-06-29 05:47:00,抖音信息流,三线及以下,iOS,21
2410,2026-07-13 09:17:00,高校地推,二线,Android,18
2411,2026-07-01 19:30:00,小红书种草,三线及以下,Android,21
2412,2026-06-28 17:29:00,高校地推,二线,Android,20
2413,2026-06-08 07:10:00,抖音信息流,二线,iOS,18
2414,2026-08-03 14:04:00,抖音信息流,新一线,iOS,26
2415,2026-07-21 15:34:00,抖音信息流,新一线,iOS,24
2416,2026-07-09 18:28:00,自然流量,新一线,Android,26
2417,2026-07-18 13:42:00,自然流量,二线,iOS,27
2418,2026-08-09 11:32:00,抖音信息流,一线,iOS,27
2419,2026-07-02 10:36:00,自然流量,三线及以下,Android,23
2420,2026-06-14 22:32:00,高校地推,新一线,Android,32
2421,2026-07-23 04:07:00,自然流量,新一线,iOS,21
2422,2026-07-06 06:02:00,自然流量,一线,iOS,20
2423,2026-07-03 17:12:00,微信分享裂变,一线,iOS,22
2424,2026-06-08 22:32:00,自然流量,新一线,Android,26
2425,2026-07-20 17:38:00,高校地推,一线,Android,27
2426,2026-06-28 06:24:00,小红书种草,一线,iOS,22
2427,2026-07-28 18:34:00,自然流量,一线,iOS,22
2428,2026-07-02 15:42:00,小红书种草,一线,iOS,30
2429,2026-07-07 23:58:00,小红书种草,三线及以下,iOS,18
2430,2026-06-16 09:55:00,小红书种草,新一线,Android,37
2431,2026-06-21 20:04:00,微信分享裂变,新一线,iOS,22
2432,2026-07-24 17:52:00,小红书种草,三线及以下,Android,22
2433,2026-07-04 12:46:00,小红书种草,新一线,iOS,25
2434,2026-07-16 17:05:00,抖音信息流,三线及以下,Android,26
2435,2026-06-08 22:53:00,小红书种草,三线及以下,Android,20
2436,2026-07-03 08:20:00,高校地推,二线,Android,25
2437,2026-06-30 08:15:00,小红书种草,新一线,Android,19
2438,2026-06-18 12:24:00,小红书种草,二线,Android,21
2439,2026-06-25 04:38:00,抖音信息流,一线,Android,18
2440,2026-06-18 04:11:00,小红书种草,新一线,Android,24
2441,2026-07-03 02:32:00,高校地推,一线,Android,23
2442,2026-07-01 23:06:00,自然流量,一线,iOS,18
2443,2026-07-01 12:44:00,自然流量,一线,Android,20
2444,2026-07-09 10:49:00,抖音信息流,三线及以下,Android,23
2445,2026-06-21 09:53:00,抖音信息流,一线,Android,28
2446,2026-07-14 12:45:00,抖音信息流,新一线,Android,18
2447,2026-06-28 05:33:00,自然流量,新一线,Android,22
2448,2026-06-22 18:51:00,抖音信息流,新一线,iOS,18
2449,2026-07-08 10:36:00,小红书种草,二线,Android,27
2450,2026-07-09 03:13:00,小红书种草,二线,Android,20
2451,2026-07-25 05:52:00,小红书种草,二线,iOS,26
2452,2026-07-03 21:09:00,小红书种草,二线,iOS,22
2453,2026-06-28 07:46:00,小红书种草,二线,iOS,18
2454,2026-06-12 12:07:00,微信分享裂变,新一线,Android,23
2455,2026-06-28 12:24:00,小红书种草,新一线,Android,18
2456,2026-08-02 12:29:00,抖音信息流,一线,Android,29
2457,2026-07-08 01:33:00,小红书种草,一线,Android,33
2458,2026-07-09 16:46:00,自然流量,三线及以下,Android,27
2459,2026-07-15 03:00:00,自然流量,二线,iOS,20
2460,2026-07-03 13:43:00,抖音信息流,新一线,Android,24
2461,2026-07-06 15:59:00,微信分享裂变,一线,Android,25
2462,2026-06-10 02:30:00,小红书种草,二线,Android,29
2463,2026-06-22 08:48:00,自然流量,三线及以下,iOS,23
2464,2026-07-07 03:57:00,小红书种草,三线及以下,Android,26
2465,2026-08-03 17:51:00,自然流量,二线,Android,18
2466,2026-06-29 08:35:00,小红书种草,新一线,Android,25
2467,2026-06-24 08:06:00,微信分享裂变,一线,Android,19
2468,2026-07-02 05:56:00,小红书种草,一线,iOS,24
2469,2026-07-14 03:30:00,小红书种草,一线,iOS,18
2470,2026-07-16 08:37:00,抖音信息流,新一线,Android,26
2471,2026-07-01 06:15:00,抖音信息流,三线及以下,Android,27
2472,2026-07-01 08:56:00,微信分享裂变,三线及以下,iOS,22
2473,2026-06-11 21:45:00,小红书种草,一线,Android,19
2474,2026-07-04 18:36:00,抖音信息流,新一线,Android,26
2475,2026-07-07 17:01:00,抖音信息流,一线,iOS,31
2476,2026-06-24 12:18:00,自然流量,新一线,Android,33
2477,2026-06-30 03:36:00,自然流量,二线,Android,25
2478,2026-08-06 12:04:00,自然流量,二线,Android,25
2479,2026-06-19 02:57:00,抖音信息流,三线及以下,Android,18
2480,2026-07-18 01:03:00,高校地推,新一线,Android,30
2481,2026-07-08 07:58:00,抖音信息流,二线,iOS,18
2482,2026-08-02 18:11:00,自然流量,三线及以下,Android,29
2483,2026-07-11 13:19:00,自然流量,二线,Android,24
2484,2026-06-12 05:28:00,抖音信息流,一线,iOS,18
2485,2026-07-31 09:42:00,微信分享裂变,一线,iOS,25
2486,2026-07-13 04:38:00,抖音信息流,一线,iOS,23
2487,2026-07-31 20:07:00,微信分享裂变,一线,Android,21
2488,2026-06-25 04:48:00,微信分享裂变,新一线,iOS,22
2489,2026-06-22 10:27:00,自然流量,二线,Android,23
2490,2026-08-16 12:16:00,小红书种草,一线,Android,23
2491,2026-07-11 14:49:00,高校地推,一线,Android,18
2492,2026-08-23 10:05:00,抖音信息流,一线,Android,26
2493,2026-06-28 13:24:00,自然流量,二线,Android,22
2494,2026-07-28 15:46:00,高校地推,一线,Android,31
2495,2026-07-13 06:25:00,微信分享裂变,一线,Android,28
2496,2026-07-03 08:59:00,抖音信息流,新一线,Android,28
2497,2026-06-24 01:25:00,抖音信息流,新一线,iOS,33
2498,2026-06-19 07:06:00,自然流量,一线,iOS,27
2499,2026-07-24 15:26:00,微信分享裂变,二线,Android,23
2500,2026-08-01 12:57:00,抖音信息流,新一线,Android,18
2501,2026-07-10 21:37:00,自然流量,新一线,Android,25
2502,2026-07-13 12:16:00,小红书种草,二线,Android,32
2503,2026-07-25 06:39:00,高校地推,一线,Android,28
2504,2026-06-22 02:19:00,微信分享裂变,一线,iOS,21
2505,2026-08-12 17:14:00,自然流量,新一线,Android,24
2506,2026-08-10 06:32:00,自然流量,一线,iOS,21
2507,2026-07-31 17:17:00,高校地推,一线,iOS,25
2508,2026-06-11 16:54:00,高校地推,一线,Android,21
2509,2026-07-05 09:47:00,抖音信息流,新一线,iOS,31
2510,2026-07-03 21:41:00,小红书种草,二线,iOS,24
2511,2026-06-06 21:19:00,抖音信息流,新一线,iOS,25
2512,2026-06-09 11:32:00,抖音信息流,三线及以下,Android,19
2513,2026-06-18 13:01:00,自然流量,新一线,Android,21
2514,2026-07-01 13:25:00,自然流量,新一线,Android,18
2515,2026-06-28 05:24:00,自然流量,一线,iOS,31
2516,2026-08-02 09:34:00,微信分享裂变,一线,iOS,21
2517,2026-06-04 08:02:00,自然流量,一线,iOS,24
2518,2026-08-01 04:23:00,自然流量,一线,Android,18
2519,2026-06-13 18:50:00,抖音信息流,二线,Android,18
2520,2026-06-21 09:01:00,自然流量,一线,iOS,22
2521,2026-07-23 12:06:00,自然流量,一线,Android,22
2522,2026-06-21 12:13:00,抖音信息流,二线,iOS,25
2523,2026-06-21 18:04:00,抖音信息流,一线,Android,34
2524,2026-06-23 15:59:00,小红书种草,三线及以下,Android,18
2525,2026-06-28 09:10:00,高校地推,二线,Android,28
2526,2026-07-12 01:37:00,自然流量,一线,Android,26
2527,2026-07-26 03:44:00,高校地推,一线,Android,20
2528,2026-06-19 04:16:00,高校地推,三线及以下,iOS,21
2529,2026-07-29 07:07:00,微信分享裂变,二线,iOS,29
2530,2026-07-15 04:11:00,小红书种草,三线及以下,Android,23
2531,2026-06-10 11:02:00,小红书种草,一线,Android,22
2532,2026-06-30 09:43:00,小红书种草,新一线,iOS,18
2533,2026-07-31 10:13:00,小红书种草,一线,Android,19
2534,2026-07-09 13:51:00,自然流量,新一线,iOS,18
2535,2026-07-18 02:03:00,高校地推,一线,iOS,28
2536,2026-07-09 18:22:00,小红书种草,二线,iOS,20
2537,2026-08-07 11:06:00,微信分享裂变,新一线,Android,18
2538,2026-06-25 23:13:00,抖音信息流,二线,iOS,24
2539,2026-07-08 13:54:00,自然流量,一线,Android,19
2540,2026-07-25 00:22:00,抖音信息流,三线及以下,iOS,31
2541,2026-08-08 03:58:00,抖音信息流,一线,iOS,24
2542,2026-06-24 14:09:00,抖音信息流,三线及以下,Android,25
2543,2026-06-19 06:36:00,抖音信息流,二线,iOS,25
2544,2026-07-11 21:56:00,自然流量,一线,Android,26
2545,2026-06-14 08:10:00,抖音信息流,二线,Android,27
2546,2026-06-07 09:09:00,抖音信息流,新一线,iOS,24
2547,2026-06-27 03:42:00,高校地推,一线,Android,18
2548,2026-07-25 04:44:00,自然流量,一线,iOS,23
2549,2026-06-11 19:04:00,抖音信息流,三线及以下,iOS,24
2550,2026-06-29 11:11:00,自然流量,三线及以下,Android,18
2551,2026-06-24 09:28:00,抖音信息流,新一线,iOS,18
2552,2026-08-03 18:42:00,抖音信息流,一线,Android,18
2553,2026-07-05 17:45:00,小红书种草,一线,iOS,18
2554,2026-06-21 10:55:00,高校地推,一线,Android,21
2555,2026-07-08 06:23:00,自然流量,新一线,iOS,20
2556,2026-07-19 03:33:00,小红书种草,新一线,iOS,24
2557,2026-06-20 11:39:00,自然流量,新一线,Android,27
2558,2026-06-06 17:51:00,自然流量,二线,Android,25
2559,2026-06-28 06:39:00,抖音信息流,三线及以下,Android,26
2560,2026-08-03 04:27:00,自然流量,一线,Android,28
2561,2026-08-05 04:59:00,小红书种草,新一线,Android,22
2562,2026-06-28 17:20:00,小红书种草,新一线,iOS,18
2563,2026-07-07 16:52:00,小红书种草,一线,Android,18
2564,2026-07-13 16:26:00,抖音信息流,新一线,iOS,26
2565,2026-06-23 05:10:00,小红书种草,一线,iOS,24
2566,2026-06-23 07:24:00,抖音信息流,一线,iOS,27
2567,2026-07-09 18:12:00,自然流量,二线,Android,38
2568,2026-07-18 14:23:00,自然流量,一线,iOS,25
2569,2026-07-07 20:31:00,小红书种草,二线,Android,23
2570,2026-08-03 22:24:00,高校地推,一线,Android,25
2571,2026-07-14 08:03:00,自然流量,二线,iOS,18
2572,2026-06-21 11:11:00,抖音信息流,二线,iOS,27
2573,2026-06-18 17:29:00,小红书种草,二线,iOS,23
2574,2026-07-20 22:08:00,微信分享裂变,一线,iOS,32
2575,2026-07-24 19:16:00,抖音信息流,新一线,Android,18
2576,2026-06-17 08:52:00,小红书种草,三线及以下,Android,24
2577,2026-07-21 10:18:00,小红书种草,一线,Android,20
2578,2026-07-20 00:48:00,微信分享裂变,一线,iOS,18
2579,2026-07-11 11:17:00,自然流量,一线,Android,27
2580,2026-07-30 20:28:00,高校地推,三线及以下,iOS,22
2581,2026-08-03 06:19:00,自然流量,一线,iOS,30
2582,2026-06-22 13:21:00,微信分享裂变,一线,Android,21
2583,2026-07-15 16:03:00,自然流量,三线及以下,Android,22
2584,2026-08-10 22:16:00,自然流量,新一线,iOS,34
2585,2026-07-21 07:23:00,自然流量,一线,iOS,18
2586,2026-07-15 02:28:00,抖音信息流,新一线,Android,20
2587,2026-07-27 16:14:00,抖音信息流,一线,iOS,18
2588,2026-06-08 03:09:00,自然流量,新一线,iOS,21
2589,2026-07-03 16:38:00,抖音信息流,一线,Android,27
2590,2026-07-12 12:06:00,抖音信息流,新一线,iOS,26
2591,2026-07-10 06:30:00,微信分享裂变,新一线,Android,24
2592,2026-06-30 09:29:00,微信分享裂变,一线,Android,19
2593,2026-07-11 08:29:00,小红书种草,新一线,iOS,23
2594,2026-07-04 20:45:00,自然流量,三线及以下,Android,22
2595,2026-07-29 09:54:00,自然流量,新一线,Android,23
2596,2026-06-06 14:23:00,高校地推,三线及以下,iOS,24
2597,2026-06-14 04:29:00,自然流量,三线及以下,iOS,22
2598,2026-06-27 19:42:00,抖音信息流,一线,Android,24
2599,2026-06-18 20:20:00,高校地推,新一线,iOS,23
2600,2026-07-03 04:47:00,高校地推,二线,Android,20
2601,2026-07-14 12:43:00,抖音信息流,二线,Android,24
2602,2026-07-20 03:18:00,小红书种草,二线,Android,18
2603,2026-08-05 17:06:00,抖音信息流,一线,Android,24
2604,2026-06-22 15:17:00,小红书种草,三线及以下,Android,18
2605,2026-06-29 07:51:00,自然流量,一线,Android,23
2606,2026-07-18 02:39:00,自然流量,新一线,Android,26
2607,2026-06-25 13:18:00,小红书种草,三线及以下,Android,19
2608,2026-07-19 17:04:00,自然流量,新一线,Android,29
2609,2026-07-25 10:12:00,小红书种草,新一线,iOS,32
2610,2026-07-25 11:20:00,抖音信息流,二线,iOS,20
2611,2026-07-01 03:50:00,微信分享裂变,三线及以下,Android,23
2612,2026-07-08 22:10:00,微信分享裂变,新一线,iOS,30
2613,2026-07-11 08:10:00,抖音信息流,新一线,Android,18
2614,2026-06-18 18:55:00,微信分享裂变,一线,iOS,24
2615,2026-06-22 20:47:00,自然流量,一线,iOS,22
2616,2026-07-26 09:44:00,抖音信息流,一线,iOS,28
2617,2026-07-17 10:19:00,自然流量,新一线,iOS,22
2618,2026-06-30 11:06:00,微信分享裂变,新一线,Android,26
2619,2026-08-10 21:08:00,微信分享裂变,一线,iOS,19
2620,2026-07-31 01:38:00,高校地推,一线,Android,28
2621,2026-06-28 14:28:00,微信分享裂变,一线,iOS,18
2622,2026-06-10 19:50:00,高校地推,三线及以下,Android,28
2623,2026-07-24 04:31:00,自然流量,一线,Android,24
2624,2026-06-16 07:27:00,高校地推,新一线,iOS,18
2625,2026-08-01 12:42:00,抖音信息流,二线,Android,24
2626,2026-06-30 11:22:00,抖音信息流,三线及以下,iOS,27
2627,2026-08-02 10:42:00,抖音信息流,二线,Android,18
2628,2026-07-07 15:27:00,抖音信息流,一线,iOS,19
2629,2026-06-25 10:51:00,自然流量,一线,iOS,24
2630,2026-06-13 08:11:00,自然流量,一线,iOS,21
2631,2026-06-16 06:31:00,自然流量,二线,iOS,25
2632,2026-06-15 06:31:00,抖音信息流,一线,Android,22
2633,2026-07-11 07:50:00,微信分享裂变,一线,Android,18
2634,2026-07-21 04:14:00,小红书种草,一线,Android,35
2635,2026-06-22 10:11:00,抖音信息流,新一线,Android,22
2636,2026-07-01 22:55:00,抖音信息流,一线,Android,24
2637,2026-06-22 21:57:00,抖音信息流,新一线,Android,32
2638,2026-07-04 19:10:00,自然流量,一线,Android,28
2639,2026-07-05 22:15:00,微信分享裂变,新一线,Android,26
2640,2026-06-21 07:56:00,自然流量,一线,iOS,29
2641,2026-06-13 12:33:00,小红书种草,新一线,Android,26
2642,2026-06-25 17:56:00,小红书种草,二线,Android,26
2643,2026-06-11 02:54:00,抖音信息流,新一线,iOS,26
2644,2026-06-23 11:11:00,微信分享裂变,一线,iOS,23
2645,2026-07-15 01:44:00,自然流量,新一线,Android,29
2646,2026-06-14 10:34:00,微信分享裂变,新一线,Android,27
2647,2026-07-23 09:43:00,小红书种草,新一线,iOS,18
2648,2026-07-28 01:11:00,微信分享裂变,一线,Android,28
2649,2026-07-08 14:38:00,小红书种草,三线及以下,Android,20
2650,2026-06-25 05:04:00,微信分享裂变,新一线,Android,25
2651,2026-08-02 04:49:00,高校地推,新一线,iOS,18
2652,2026-08-16 22:35:00,抖音信息流,一线,iOS,21
2653,2026-06-18 10:18:00,微信分享裂变,二线,Android,22
2654,2026-07-02 12:13:00,小红书种草,一线,iOS,26
2655,2026-06-26 15:14:00,抖音信息流,二线,iOS,21
2656,2026-06-24 09:00:00,高校地推,一线,iOS,18
2657,2026-08-11 06:06:00,抖音信息流,一线,Android,21
2658,2026-07-24 01:36:00,抖音信息流,二线,iOS,22
2659,2026-07-01 02:29:00,自然流量,新一线,Android,27
2660,2026-06-21 11:59:00,自然流量,一线,Android,24
2661,2026-08-01 15:03:00,微信分享裂变,二线,Android,20
2662,2026-07-10 19:55:00,抖音信息流,三线及以下,iOS,25
2663,2026-06-16 05:35:00,抖音信息流,新一线,Android,33
2664,2026-07-23 20:43:00,自然流量,新一线,Android,29
2665,2026-08-19 17:31:00,抖音信息流,新一线,Android,18
2666,2026-06-02 15:33:00,微信分享裂变,新一线,iOS,36
2667,2026-06-19 10:24:00,微信分享裂变,二线,iOS,29
2668,2026-07-28 23:07:00,自然流量,新一线,Android,31
2669,2026-07-08 14:29:00,抖音信息流,一线,Android,18
2670,2026-06-23 18:28:00,抖音信息流,一线,iOS,21
2671,2026-07-29 19:40:00,小红书种草,新一线,Android,26
2672,2026-06-30 07:12:00,抖音信息流,二线,iOS,18
2673,2026-07-03 05:22:00,抖音信息流,新一线,iOS,26
2674,2026-08-01 08:06:00,抖音信息流,一线,iOS,32
2675,2026-06-22 16:02:00,小红书种草,新一线,Android,22
2676,2026-07-09 06:44:00,抖音信息流,二线,iOS,32
2677,2026-06-15 07:10:00,抖音信息流,一线,iOS,27
2678,2026-06-17 18:21:00,微信分享裂变,三线及以下,Android,18
2679,2026-07-06 11:50:00,小红书种草,新一线,iOS,19
2680,2026-07-24 02:17:00,抖音信息流,二线,Android,29
2681,2026-08-11 08:03:00,微信分享裂变,一线,Android,18
2682,2026-07-06 14:33:00,微信分享裂变,新一线,Android,29
2683,2026-06-22 08:46:00,自然流量,三线及以下,iOS,27
2684,2026-07-17 09:10:00,小红书种草,新一线,iOS,25
2685,2026-06-09 10:18:00,自然流量,一线,Android,21
2686,2026-08-15 12:53:00,小红书种草,三线及以下,iOS,25
2687,2026-07-05 01:05:00,自然流量,新一线,iOS,32
2688,2026-06-08 09:28:00,小红书种草,二线,Android,22
2689,2026-06-25 11:44:00,自然流量,一线,iOS,27
2690,2026-06-27 03:40:00,抖音信息流,三线及以下,Android,34
2691,2026-07-17 00:39:00,高校地推,三线及以下,iOS,25
2692,2026-07-26 04:02:00,抖音信息流,新一线,iOS,21
2693,2026-07-30 01:49:00,微信分享裂变,一线,Android,21
2694,2026-07-08 02:41:00,高校地推,新一线,Android,18
2695,2026-06-24 09:52:00,微信分享裂变,一线,iOS,18
2696,2026-06-18 12:10:00,自然流量,新一线,iOS,25
2697,2026-07-14 06:35:00,微信分享裂变,新一线,Android,28
2698,2026-07-07 03:54:00,自然流量,一线,Android,21
2699,2026-07-19 11:13:00,抖音信息流,三线及以下,Android,28
2700,2026-06-22 05:59:00,微信分享裂变,二线,iOS,28
2701,2026-08-14 10:41:00,小红书种草,新一线,Android,20
2702,2026-07-20 04:26:00,抖音信息流,新一线,Android,21
2703,2026-06-27 15:18:00,抖音信息流,二线,Android,18
2704,2026-08-04 03:18:00,微信分享裂变,新一线,Android,27
2705,2026-07-19 08:46:00,小红书种草,三线及以下,iOS,24
2706,2026-07-25 09:16:00,抖音信息流,一线,iOS,28
2707,2026-06-17 05:54:00,微信分享裂变,一线,iOS,23
2708,2026-07-07 02:34:00,自然流量,新一线,iOS,19
2709,2026-08-27 22:50:00,自然流量,一线,iOS,27
2710,2026-06-25 08:25:00,小红书种草,新一线,Android,18
2711,2026-06-15 17:12:00,高校地推,新一线,Android,22
2712,2026-07-18 23:52:00,自然流量,一线,Android,20
2713,2026-07-04 17:06:00,自然流量,一线,Android,31
2714,2026-06-20 14:15:00,自然流量,一线,iOS,32
2715,2026-06-29 02:19:00,微信分享裂变,一线,iOS,26
2716,2026-06-19 00:05:00,自然流量,一线,iOS,21
2717,2026-06-25 16:17:00,抖音信息流,一线,Android,32
2718,2026-06-15 21:01:00,高校地推,三线及以下,Android,20
2719,2026-07-23 10:55:00,自然流量,一线,Android,18
2720,2026-07-06 04:44:00,抖音信息流,一线,Android,18
2721,2026-06-11 17:00:00,抖音信息流,三线及以下,iOS,24
2722,2026-08-03 06:14:00,微信分享裂变,二线,iOS,18
2723,2026-07-02 21:05:00,抖音信息流,一线,iOS,31
2724,2026-06-14 14:04:00,抖音信息流,三线及以下,Android,21
2725,2026-08-01 00:22:00,自然流量,三线及以下,Android,18
2726,2026-07-23 17:21:00,小红书种草,二线,iOS,29
2727,2026-06-22 02:04:00,微信分享裂变,新一线,Android,28
2728,2026-06-15 08:16:00,自然流量,新一线,iOS,32
2729,2026-07-04 15:12:00,抖音信息流,三线及以下,iOS,18
2730,2026-07-28 03:13:00,微信分享裂变,新一线,iOS,18
2731,2026-07-14 05:25:00,自然流量,二线,iOS,31
2732,2026-06-23 22:01:00,自然流量,一线,Android,18
2733,2026-06-14 06:23:00,抖音信息流,二线,Android,18
2734,2026-06-29 08:58:00,抖音信息流,三线及以下,iOS,24
2735,2026-07-11 09:33:00,自然流量,一线,Android,18
2736,2026-07-09 23:06:00,抖音信息流,一线,iOS,25
2737,2026-08-10 08:16:00,自然流量,二线,Android,18
2738,2026-06-25 01:15:00,抖音信息流,二线,iOS,30
2739,2026-06-20 10:10:00,小红书种草,二线,iOS,27
2740,2026-06-16 02:41:00,抖音信息流,三线及以下,iOS,25
2741,2026-08-08 03:48:00,自然流量,一线,Android,22
2742,2026-06-17 12:09:00,微信分享裂变,二线,iOS,18
2743,2026-07-30 20:13:00,自然流量,新一线,iOS,23
2744,2026-07-19 04:02:00,微信分享裂变,一线,iOS,18
2745,2026-06-27 09:59:00,抖音信息流,一线,Android,33
2746,2026-06-29 15:45:00,微信分享裂变,二线,iOS,25
2747,2026-07-01 14:28:00,自然流量,二线,Android,19
2748,2026-07-15 21:52:00,自然流量,新一线,iOS,31
2749,2026-07-27 16:45:00,抖音信息流,新一线,iOS,23
2750,2026-07-30 14:21:00,自然流量,二线,Android,30
2751,2026-06-22 14:51:00,自然流量,一线,iOS,30
2752,2026-08-13 13:10:00,小红书种草,一线,Android,26
2753,2026-06-29 17:50:00,微信分享裂变,新一线,iOS,18
2754,2026-07-29 22:28:00,自然流量,新一线,iOS,21
2755,2026-06-26 17:51:00,微信分享裂变,二线,iOS,41
2756,2026-07-18 20:12:00,微信分享裂变,新一线,Android,21
2757,2026-08-05 02:48:00,微信分享裂变,二线,Android,22
2758,2026-07-16 07:44:00,小红书种草,三线及以下,iOS,21
2759,2026-08-09 22:00:00,小红书种草,新一线,Android,19
2760,2026-06-11 19:19:00,抖音信息流,新一线,Android,27
2761,2026-06-28 05:49:00,小红书种草,三线及以下,Android,18
2762,2026-06-29 22:57:00,高校地推,一线,iOS,19
2763,2026-08-03 03:06:00,自然流量,二线,Android,25
2764,2026-07-16 00:34:00,抖音信息流,新一线,iOS,22
2765,2026-06-26 13:02:00,自然流量,新一线,iOS,24
2766,2026-06-27 20:59:00,高校地推,三线及以下,iOS,23
2767,2026-08-17 13:09:00,抖音信息流,一线,Android,18
2768,2026-07-01 03:22:00,小红书种草,一线,iOS,31
2769,2026-07-02 05:23:00,微信分享裂变,一线,iOS,29
2770,2026-06-10 13:11:00,高校地推,三线及以下,iOS,19
2771,2026-07-08 01:05:00,自然流量,一线,iOS,26
2772,2026-06-29 03:36:00,微信分享裂变,二线,iOS,21
2773,2026-07-16 22:46:00,微信分享裂变,一线,iOS,29
2774,2026-07-14 17:21:00,自然流量,新一线,Android,28
2775,2026-06-25 07:19:00,小红书种草,新一线,iOS,30
2776,2026-08-14 14:53:00,抖音信息流,一线,Android,19
2777,2026-07-10 03:40:00,小红书种草,新一线,iOS,18
2778,2026-07-19 11:55:00,抖音信息流,一线,iOS,18
2779,2026-07-09 11:44:00,自然流量,一线,Android,37
2780,2026-06-10 23:52:00,自然流量,新一线,iOS,28
2781,2026-06-13 03:26:00,自然流量,新一线,iOS,30
2782,2026-07-23 05:42:00,自然流量,一线,iOS,18
2783,2026-06-21 02:42:00,小红书种草,新一线,iOS,27
2784,2026-06-26 03:02:00,抖音信息流,新一线,Android,18
2785,2026-07-16 23:53:00,自然流量,三线及以下,Android,26
2786,2026-07-24 08:40:00,小红书种草,新一线,iOS,24
2787,2026-07-16 05:04:00,小红书种草,三线及以下,iOS,22
2788,2026-07-31 11:08:00,抖音信息流,新一线,iOS,21
2789,2026-06-23 08:50:00,高校地推,二线,Android,29
2790,2026-06-27 17:43:00,抖音信息流,一线,iOS,21
2791,2026-06-30 04:52:00,微信分享裂变,新一线,iOS,30
2792,2026-06-27 04:36:00,自然流量,新一线,Android,23
2793,2026-06-10 19:09:00,小红书种草,二线,Android,25
2794,2026-06-06 00:19:00,高校地推,三线及以下,Android,26
2795,2026-07-31 11:36:00,微信分享裂变,二线,Android,26
2796,2026-07-13 10:30:00,抖音信息流,一线,iOS,25
2797,2026-07-02 01:09:00,小红书种草,新一线,iOS,34
2798,2026-08-06 05:35:00,抖音信息流,二线,Android,29
2799,2026-06-19 19:56:00,小红书种草,一线,Android,18
2800,2026-07-15 19:29:00,微信分享裂变,一线,iOS,22
2801,2026-07-13 22:05:00,高校地推,二线,iOS,31
2802,2026-06-25 00:28:00,抖音信息流,一线,iOS,19
2803,2026-07-13 22:16:00,自然流量,一线,Android,24
2804,2026-08-06 10:43:00,小红书种草,三线及以下,iOS,24
2805,2026-06-13 14:48:00,自然流量,三线及以下,Android,31
2806,2026-06-11 11:27:00,自然流量,新一线,Android,18
2807,2026-06-13 18:06:00,抖音信息流,三线及以下,Android,19
2808,2026-07-10 19:42:00,小红书种草,三线及以下,Android,26
2809,2026-06-26 06:01:00,自然流量,新一线,iOS,25
2810,2026-07-28 23:08:00,自然流量,二线,iOS,26
2811,2026-07-17 05:57:00,自然流量,三线及以下,iOS,25
2812,2026-07-26 00:53:00,微信分享裂变,二线,Android,23
2813,2026-06-29 12:16:00,小红书种草,一线,Android,26
2814,2026-07-17 20:16:00,自然流量,一线,Android,25
2815,2026-07-05 19:15:00,自然流量,新一线,iOS,22
2816,2026-08-05 22:37:00,抖音信息流,一线,iOS,23
2817,2026-07-26 09:06:00,自然流量,一线,iOS,21
2818,2026-07-01 17:42:00,小红书种草,新一线,Android,20
2819,2026-08-07 23:46:00,抖音信息流,一线,Android,26
2820,2026-06-10 17:48:00,高校地推,一线,Android,18
2821,2026-08-12 13:52:00,自然流量,三线及以下,iOS,27
2822,2026-07-11 05:36:00,小红书种草,一线,Android,22
2823,2026-06-12 14:11:00,自然流量,新一线,iOS,23
2824,2026-06-28 20:32:00,高校地推,新一线,Android,23
2825,2026-07-24 11:56:00,高校地推,三线及以下,Android,26
2826,2026-06-24 11:34:00,小红书种草,一线,Android,31
2827,2026-07-17 23:12:00,抖音信息流,一线,iOS,33
2828,2026-06-20 12:34:00,自然流量,新一线,iOS,29
2829,2026-06-25 19:01:00,微信分享裂变,新一线,Android,24
2830,2026-07-25 02:22:00,小红书种草,二线,Android,27
2831,2026-07-09 09:32:00,自然流量,一线,Android,18
2832,2026-06-20 18:46:00,抖音信息流,一线,iOS,27
2833,2026-06-28 17:54:00,抖音信息流,一线,iOS,25
2834,2026-07-29 09:03:00,微信分享裂变,二线,Android,18
2835,2026-07-25 22:33:00,小红书种草,一线,Android,21
2836,2026-07-16 07:21:00,小红书种草,一线,iOS,25
2837,2026-07-28 00:42:00,小红书种草,新一线,iOS,25
2838,2026-07-21 06:07:00,自然流量,一线,Android,28
2839,2026-06-26 06:28:00,抖音信息流,一线,iOS,32
2840,2026-07-22 13:08:00,自然流量,一线,iOS,23
2841,2026-07-15 05:16:00,微信分享裂变,二线,Android,18
2842,2026-08-10 12:37:00,抖音信息流,新一线,Android,28
2843,2026-08-04 11:14:00,抖音信息流,新一线,iOS,30
2844,2026-07-03 19:21:00,自然流量,新一线,Android,30
2845,2026-06-06 23:09:00,自然流量,三线及以下,Android,26
2846,2026-07-12 21:47:00,小红书种草,一线,Android,33
2847,2026-06-24 01:19:00,自然流量,一线,Android,22
2848,2026-07-21 18:50:00,自然流量,三线及以下,Android,31
2849,2026-06-19 17:49:00,微信分享裂变,新一线,iOS,18
2850,2026-07-25 11:10:00,抖音信息流,三线及以下,iOS,18
2851,2026-08-07 13:13:00,抖音信息流,二线,iOS,18
2852,2026-07-02 12:36:00,抖音信息流,二线,iOS,21
2853,2026-08-07 21:03:00,微信分享裂变,新一线,Android,24
2854,2026-06-21 13:05:00,抖音信息流,一线,Android,19
2855,2026-08-16 08:13:00,小红书种草,三线及以下,Android,24
2856,2026-07-17 18:43:00,高校地推,新一线,Android,27
2857,2026-07-22 11:39:00,小红书种草,一线,Android,25
2858,2026-07-14 23:28:00,抖音信息流,一线,Android,23
2859,2026-07-22 11:18:00,小红书种草,新一线,iOS,30
2860,2026-07-09 06:38:00,抖音信息流,一线,Android,19
2861,2026-07-19 01:16:00,抖音信息流,一线,Android,22
2862,2026-08-19 20:36:00,抖音信息流,一线,iOS,21
2863,2026-06-24 14:46:00,抖音信息流,三线及以下,iOS,27
2864,2026-06-22 10:26:00,自然流量,新一线,Android,21
2865,2026-08-10 15:19:00,抖音信息流,一线,iOS,26
2866,2026-07-18 17:36:00,自然流量,一线,Android,28
2867,2026-07-16 22:46:00,抖音信息流,二线,Android,21
2868,2026-06-03 16:04:00,抖音信息流,二线,iOS,18
2869,2026-06-27 09:32:00,高校地推,一线,iOS,22
2870,2026-07-23 00:05:00,自然流量,三线及以下,Android,20
2871,2026-06-16 11:06:00,小红书种草,一线,iOS,20
2872,2026-08-12 15:54:00,抖音信息流,一线,Android,18
2873,2026-06-29 05:12:00,自然流量,一线,Android,18
2874,2026-07-04 13:29:00,自然流量,三线及以下,Android,27
2875,2026-06-06 06:15:00,自然流量,二线,Android,19
2876,2026-06-21 09:35:00,自然流量,新一线,Android,29
2877,2026-07-01 04:37:00,自然流量,新一线,Android,20
2878,2026-06-13 06:45:00,抖音信息流,一线,Android,26
2879,2026-07-08 08:25:00,抖音信息流,一线,iOS,22
2880,2026-06-23 09:53:00,自然流量,一线,iOS,27
2881,2026-07-03 03:30:00,自然流量,三线及以下,Android,22
2882,2026-07-21 11:53:00,自然流量,二线,iOS,25
2883,2026-07-26 10:52:00,抖音信息流,新一线,Android,30
2884,2026-07-22 19:55:00,抖音信息流,三线及以下,Android,26
2885,2026-07-17 21:09:00,抖音信息流,一线,Android,20
2886,2026-07-23 01:03:00,自然流量,一线,iOS,18
2887,2026-06-12 15:41:00,自然流量,新一线,Android,23
2888,2026-08-01 04:21:00,高校地推,三线及以下,Android,26
2889,2026-06-24 22:37:00,自然流量,一线,Android,24
2890,2026-08-01 11:23:00,自然流量,一线,iOS,19
2891,2026-06-19 17:43:00,自然流量,一线,iOS,24
2892,2026-08-16 23:02:00,高校地推,三线及以下,Android,27
2893,2026-07-01 09:07:00,小红书种草,一线,Android,30
2894,2026-07-24 02:50:00,小红书种草,二线,Android,22
2895,2026-07-01 05:37:00,高校地推,三线及以下,iOS,36
2896,2026-06-18 22:42:00,自然流量,二线,iOS,31
2897,2026-07-08 06:56:00,高校地推,一线,iOS,24
2898,2026-06-20 01:06:00,自然流量,一线,Android,25
2899,2026-06-22 23:55:00,小红书种草,一线,Android,30
2900,2026-07-07 00:33:00,抖音信息流,二线,iOS,19
2901,2026-08-09 04:02:00,抖音信息流,二线,iOS,19
2902,2026-06-20 06:37:00,高校地推,一线,iOS,18
2903,2026-08-04 22:28:00,自然流量,新一线,iOS,22
2904,2026-08-02 13:23:00,高校地推,一线,iOS,19
2905,2026-08-05 09:56:00,抖音信息流,新一线,Android,22
2906,2026-07-31 03:38:00,小红书种草,新一线,iOS,23
2907,2026-06-14 16:26:00,高校地推,三线及以下,iOS,18
2908,2026-06-03 01:28:00,自然流量,新一线,Android,30
2909,2026-08-06 23:29:00,高校地推,一线,Android,29
2910,2026-06-14 15:21:00,抖音信息流,新一线,Android,21
2911,2026-07-26 20:35:00,小红书种草,三线及以下,iOS,31
2912,2026-06-14 03:48:00,自然流量,新一线,Android,25
2913,2026-06-16 00:07:00,抖音信息流,二线,iOS,29
2914,2026-06-16 09:33:00,小红书种草,新一线,iOS,18
2915,2026-06-13 20:37:00,抖音信息流,新一线,Android,22
2916,2026-06-23 20:06:00,自然流量,新一线,Android,27
2917,2026-06-20 20:58:00,自然流量,三线及以下,iOS,23
2918,2026-07-09 15:09:00,微信分享裂变,新一线,Android,23
2919,2026-07-30 00:21:00,自然流量,新一线,Android,23
2920,2026-06-21 13:51:00,小红书种草,二线,Android,25
2921,2026-07-27 21:47:00,高校地推,一线,iOS,24
2922,2026-07-25 14:28:00,自然流量,一线,Android,31
2923,2026-06-17 00:28:00,自然流量,一线,iOS,19
2924,2026-06-25 22:31:00,小红书种草,新一线,iOS,24
2925,2026-08-01 06:55:00,自然流量,二线,iOS,27
2926,2026-08-08 14:03:00,小红书种草,新一线,Android,18
2927,2026-07-26 08:35:00,小红书种草,新一线,Android,22
2928,2026-06-09 08:51:00,小红书种草,一线,iOS,24
2929,2026-06-23 21:53:00,抖音信息流,三线及以下,iOS,31
2930,2026-08-19 14:11:00,小红书种草,一线,Android,24
2931,2026-06-16 14:00:00,小红书种草,一线,Android,27
2932,2026-08-13 13:30:00,自然流量,二线,Android,28
2933,2026-07-02 10:31:00,抖音信息流,三线及以下,Android,18
2934,2026-07-16 12:51:00,微信分享裂变,一线,Android,24
2935,2026-08-16 17:37:00,小红书种草,新一线,Android,21
2936,2026-07-20 16:26:00,抖音信息流,二线,iOS,31
2937,2026-06-14 11:29:00,抖音信息流,一线,Android,27
2938,2026-06-26 18:24:00,自然流量,三线及以下,iOS,28
2939,2026-07-19 03:28:00,自然流量,一线,Android,26
2940,2026-08-13 00:35:00,自然流量,新一线,Android,24
2941,2026-06-22 05:56:00,高校地推,一线,iOS,28
2942,2026-08-08 22:42:00,自然流量,一线,Android,23
2943,2026-06-26 08:31:00,微信分享裂变,一线,iOS,30
2944,2026-07-04 18:07:00,自然流量,一线,Android,18
2945,2026-07-10 17:37:00,自然流量,三线及以下,iOS,29
2946,2026-07-18 01:52:00,抖音信息流,新一线,Android,22
2947,2026-07-12 14:32:00,抖音信息流,一线,iOS,27
2948,2026-06-04 20:59:00,微信分享裂变,新一线,iOS,18
2949,2026-07-09 17:53:00,高校地推,一线,iOS,25
2950,2026-07-19 16:09:00,微信分享裂变,新一线,iOS,23
2951,2026-07-19 10:34:00,自然流量,新一线,Android,23
2952,2026-06-22 08:34:00,微信分享裂变,新一线,iOS,18
2953,2026-06-30 12:12:00,自然流量,二线,Android,24
2954,2026-07-02 22:31:00,高校地推,新一线,iOS,24
2955,2026-07-14 18:03:00,抖音信息流,二线,Android,18
2956,2026-07-11 05:07:00,抖音信息流,新一线,Android,18
2957,2026-08-17 19:00:00,自然流量,一线,iOS,24
2958,2026-08-03 22:00:00,自然流量,一线,iOS,26
2959,2026-06-08 11:11:00,自然流量,一线,iOS,23
2960,2026-06-13 23:06:00,高校地推,三线及以下,iOS,24
2961,2026-06-20 04:36:00,微信分享裂变,二线,iOS,24
2962,2026-07-27 08:11:00,高校地推,三线及以下,Android,21
2963,2026-07-24 01:18:00,自然流量,二线,iOS,23
2964,2026-07-04 17:20:00,小红书种草,三线及以下,Android,18
2965,2026-07-25 12:39:00,自然流量,新一线,Android,21
2966,2026-07-07 15:56:00,抖音信息流,新一线,iOS,23
2967,2026-07-22 11:52:00,抖音信息流,新一线,Android,30
2968,2026-07-26 02:20:00,自然流量,三线及以下,Android,23
2969,2026-06-30 07:39:00,抖音信息流,三线及以下,iOS,34
2970,2026-07-26 04:59:00,自然流量,二线,Android,33
2971,2026-06-23 11:49:00,抖音信息流,二线,Android,24
2972,2026-08-04 14:09:00,小红书种草,三线及以下,Android,21
2973,2026-06-19 12:44:00,自然流量,一线,Android,35
2974,2026-07-16 22:53:00,高校地推,新一线,iOS,27
2975,2026-06-23 03:25:00,抖音信息流,二线,iOS,26
2976,2026-06-20 21:32:00,微信分享裂变,新一线,Android,20
2977,2026-06-23 18:00:00,小红书种草,新一线,iOS,21
2978,2026-06-19 00:14:00,小红书种草,新一线,Android,18
2979,2026-07-06 18:20:00,小红书种草,一线,Android,31
2980,2026-06-20 15:02:00,微信分享裂变,三线及以下,Android,26
2981,2026-07-04 14:47:00,小红书种草,二线,Android,22
2982,2026-07-30 14:25:00,自然流量,新一线,Android,21
2983,2026-06-26 05:05:00,自然流量,一线,Android,19
2984,2026-06-19 13:49:00,小红书种草,一线,Android,23
2985,2026-06-13 19:09:00,自然流量,新一线,iOS,24
2986,2026-06-23 10:07:00,自然流量,一线,Android,18
2987,2026-07-09 22:39:00,自然流量,一线,iOS,19
2988,2026-06-11 13:00:00,抖音信息流,一线,Android,20
2989,2026-08-08 02:40:00,自然流量,一线,Android,29
2990,2026-08-13 10:20:00,小红书种草,一线,Android,21
2991,2026-06-19 12:09:00,微信分享裂变,二线,iOS,18
2992,2026-07-07 13:06:00,微信分享裂变,新一线,Android,18
2993,2026-06-21 22:10:00,抖音信息流,新一线,iOS,32
2994,2026-07-15 07:39:00,抖音信息流,三线及以下,Android,22
2995,2026-07-17 01:12:00,抖音信息流,新一线,Android,18
2996,2026-06-19 10:41:00,抖音信息流,三线及以下,Android,18
2997,2026-06-26 07:47:00,小红书种草,一线,Android,24
2998,2026-07-26 15:52:00,自然流量,一线,Android,24
2999,2026-08-20 08:50:00,高校地推,一线,iOS,26
3000,2026-07-01 18:05:00,自然流量,三线及以下,Android,37
3001,2026-06-25 04:50:00,微信分享裂变,三线及以下,Android,18
3002,2026-08-07 11:21:00,小红书种草,新一线,Android,22
3003,2026-07-22 02:57:00,自然流量,二线,Android,25
3004,2026-07-05 16:22:00,小红书种草,一线,iOS,21
3005,2026-06-10 06:28:00,自然流量,新一线,iOS,18
3006,2026-07-01 08:03:00,微信分享裂变,一线,Android,26
3007,2026-07-07 16:29:00,小红书种草,新一线,iOS,20
3008,2026-07-29 00:33:00,自然流量,一线,Android,18
3009,2026-06-27 10:42:00,自然流量,新一线,Android,19
3010,2026-07-16 08:05:00,小红书种草,新一线,Android,31
3011,2026-07-10 17:40:00,自然流量,新一线,Android,30
3012,2026-06-11 13:59:00,微信分享裂变,一线,Android,18
3013,2026-07-22 05:15:00,微信分享裂变,新一线,Android,18
3014,2026-06-24 09:06:00,小红书种草,一线,iOS,28
3015,2026-06-20 16:30:00,自然流量,一线,Android,34
3016,2026-07-05 14:38:00,小红书种草,新一线,Android,35
3017,2026-07-09 16:35:00,高校地推,一线,Android,18
3018,2026-07-13 02:46:00,自然流量,新一线,iOS,30
3019,2026-07-08 23:18:00,抖音信息流,一线,iOS,23
3020,2026-07-06 06:57:00,自然流量,新一线,iOS,18
3021,2026-08-02 23:32:00,抖音信息流,新一线,iOS,19
3022,2026-07-30 02:01:00,小红书种草,一线,Android,20
3023,2026-06-22 17:55:00,抖音信息流,一线,Android,26
3024,2026-06-15 12:20:00,抖音信息流,新一线,iOS,18
3025,2026-07-23 20:33:00,抖音信息流,二线,iOS,28
3026,2026-06-20 16:45:00,自然流量,一线,iOS,26
3027,2026-06-17 22:10:00,自然流量,一线,Android,29
3028,2026-07-04 02:04:00,微信分享裂变,二线,Android,20
3029,2026-08-01 12:44:00,小红书种草,一线,Android,25
3030,2026-07-06 07:43:00,抖音信息流,一线,Android,18
3031,2026-07-03 00:18:00,微信分享裂变,一线,iOS,27
3032,2026-08-05 04:42:00,自然流量,三线及以下,iOS,22
3033,2026-07-23 17:59:00,自然流量,新一线,Android,23
3034,2026-07-07 12:43:00,自然流量,一线,Android,23
3035,2026-06-22 13:31:00,高校地推,新一线,iOS,18
3036,2026-06-11 11:07:00,小红书种草,一线,iOS,29
3037,2026-07-12 15:40:00,小红书种草,一线,Android,24
3038,2026-06-20 07:39:00,自然流量,三线及以下,Android,29
3039,2026-07-07 17:09:00,自然流量,新一线,Android,29
3040,2026-07-21 14:24:00,小红书种草,二线,Android,19
3041,2026-06-29 11:46:00,抖音信息流,三线及以下,Android,22
3042,2026-08-09 04:48:00,高校地推,一线,iOS,18
3043,2026-07-08 10:47:00,微信分享裂变,一线,Android,30
3044,2026-08-03 14:43:00,抖音信息流,一线,iOS,25
3045,2026-07-19 14:16:00,小红书种草,二线,iOS,25
3046,2026-07-29 17:26:00,高校地推,新一线,Android,22
3047,2026-07-04 05:11:00,抖音信息流,新一线,Android,19
3048,2026-08-10 19:29:00,小红书种草,一线,Android,30
3049,2026-08-04 07:21:00,高校地推,一线,Android,34
3050,2026-08-13 11:26:00,自然流量,新一线,iOS,30
3051,2026-07-29 02:59:00,微信分享裂变,一线,iOS,23
3052,2026-06-17 21:26:00,自然流量,二线,iOS,25
3053,2026-07-23 15:05:00,小红书种草,三线及以下,iOS,29
3054,2026-06-24 03:57:00,微信分享裂变,三线及以下,Android,24
3055,2026-06-22 06:10:00,小红书种草,新一线,Android,33
3056,2026-07-24 06:30:00,抖音信息流,一线,iOS,30
3057,2026-07-04 19:58:00,小红书种草,新一线,Android,37
3058,2026-06-23 09:28:00,自然流量,一线,Android,24
3059,2026-06-10 11:01:00,自然流量,三线及以下,Android,18
3060,2026-07-05 06:01:00,自然流量,二线,iOS,24
3061,2026-07-29 20:57:00,小红书种草,一线,Android,22
3062,2026-06-06 03:08:00,抖音信息流,二线,iOS,24
3063,2026-06-15 07:58:00,自然流量,一线,Android,32
3064,2026-07-01 00:06:00,微信分享裂变,二线,Android,21
3065,2026-07-16 06:25:00,抖音信息流,新一线,Android,19
3066,2026-07-08 16:13:00,抖音信息流,三线及以下,Android,20
3067,2026-06-21 12:28:00,抖音信息流,三线及以下,Android,34
3068,2026-06-18 07:51:00,自然流量,一线,Android,21
3069,2026-07-02 16:40:00,小红书种草,新一线,iOS,25
3070,2026-07-23 01:21:00,抖音信息流,一线,Android,33
3071,2026-07-20 13:27:00,自然流量,二线,Android,27
3072,2026-07-31 04:01:00,高校地推,新一线,Android,18
3073,2026-08-01 10:25:00,微信分享裂变,三线及以下,iOS,21
3074,2026-08-07 13:44:00,小红书种草,三线及以下,Android,20
3075,2026-07-01 00:45:00,微信分享裂变,一线,Android,18
3076,2026-07-05 11:42:00,高校地推,一线,iOS,21
3077,2026-07-18 14:11:00,抖音信息流,新一线,Android,18
3078,2026-06-30 18:25:00,小红书种草,一线,iOS,25
3079,2026-07-28 23:47:00,小红书种草,一线,Android,24
3080,2026-08-01 03:15:00,自然流量,新一线,iOS,20
3081,2026-07-31 14:33:00,自然流量,新一线,iOS,18
3082,2026-07-08 10:12:00,自然流量,新一线,Android,30
3083,2026-08-08 16:47:00,小红书种草,一线,iOS,21
3084,2026-07-10 15:25:00,微信分享裂变,一线,iOS,29
3085,2026-06-09 23:20:00,微信分享裂变,一线,iOS,23
3086,2026-07-23 15:45:00,抖音信息流,二线,Android,31
3087,2026-08-03 15:47:00,自然流量,新一线,Android,26
3088,2026-06-17 07:13:00,抖音信息流,新一线,Android,24
3089,2026-06-14 17:17:00,抖音信息流,三线及以下,Android,19
3090,2026-07-01 07:15:00,高校地推,三线及以下,iOS,30
3091,2026-07-10 02:40:00,微信分享裂变,一线,iOS,22
3092,2026-06-29 20:20:00,高校地推,二线,Android,19
3093,2026-06-30 18:50:00,微信分享裂变,一线,iOS,23
3094,2026-07-08 19:14:00,高校地推,二线,Android,23
3095,2026-06-14 12:45:00,抖音信息流,一线,Android,28
3096,2026-06-20 08:16:00,自然流量,一线,Android,18
3097,2026-06-07 06:34:00,自然流量,三线及以下,iOS,35
3098,2026-07-22 01:11:00,抖音信息流,新一线,Android,26
3099,2026-06-25 17:07:00,自然流量,一线,Android,23
3100,2026-08-01 13:29:00,自然流量,三线及以下,iOS,26
3101,2026-07-26 18:54:00,高校地推,一线,iOS,18
3102,2026-07-22 08:23:00,自然流量,一线,Android,24
3103,2026-07-21 01:31:00,高校地推,新一线,iOS,27
3104,2026-06-20 19:10:00,微信分享裂变,二线,iOS,22
3105,2026-07-18 04:26:00,小红书种草,二线,Android,26
3106,2026-07-16 04:26:00,小红书种草,新一线,Android,27
3107,2026-06-09 11:11:00,抖音信息流,新一线,iOS,20
3108,2026-06-30 03:00:00,小红书种草,新一线,Android,30
3109,2026-06-13 10:45:00,自然流量,新一线,iOS,23
3110,2026-07-25 11:47:00,高校地推,一线,Android,33
3111,2026-06-29 15:32:00,抖音信息流,一线,Android,30
3112,2026-06-25 21:53:00,自然流量,二线,Android,26
3113,2026-08-06 18:28:00,小红书种草,二线,Android,19
3114,2026-06-26 10:05:00,小红书种草,新一线,iOS,23
3115,2026-07-11 23:29:00,抖音信息流,一线,Android,29
3116,2026-07-19 05:52:00,小红书种草,新一线,Android,21
3117,2026-06-24 23:05:00,自然流量,一线,Android,26
3118,2026-07-25 16:45:00,小红书种草,新一线,Android,26
3119,2026-07-14 08:32:00,自然流量,新一线,iOS,23
3120,2026-07-20 00:44:00,自然流量,新一线,Android,19
3121,2026-07-06 19:14:00,自然流量,一线,Android,31
3122,2026-06-11 10:44:00,抖音信息流,三线及以下,Android,26
3123,2026-07-16 11:38:00,抖音信息流,一线,Android,22
3124,2026-07-06 08:58:00,抖音信息流,一线,Android,20
3125,2026-07-03 10:22:00,自然流量,新一线,Android,28
3126,2026-06-08 11:54:00,自然流量,二线,Android,23
3127,2026-07-04 02:12:00,抖音信息流,二线,Android,28
3128,2026-06-29 04:54:00,自然流量,新一线,iOS,19
3129,2026-06-20 22:25:00,小红书种草,新一线,Android,25
3130,2026-06-28 08:30:00,高校地推,新一线,iOS,21
3131,2026-07-15 13:38:00,抖音信息流,一线,iOS,32
3132,2026-07-19 14:27:00,高校地推,一线,Android,25
3133,2026-06-12 04:59:00,自然流量,新一线,Android,19
3134,2026-07-03 21:52:00,自然流量,新一线,iOS,28
3135,2026-07-19 12:21:00,小红书种草,二线,Android,30
3136,2026-08-10 12:58:00,微信分享裂变,三线及以下,iOS,22
3137,2026-06-24 07:03:00,微信分享裂变,新一线,Android,19
3138,2026-07-09 00:39:00,自然流量,二线,iOS,18
3139,2026-06-13 07:35:00,微信分享裂变,三线及以下,iOS,29
3140,2026-07-16 14:03:00,抖音信息流,一线,iOS,18
3141,2026-07-27 20:36:00,抖音信息流,新一线,iOS,23
3142,2026-07-26 07:28:00,自然流量,二线,Android,18
3143,2026-07-23 17:17:00,高校地推,新一线,Android,33
3144,2026-07-06 09:33:00,自然流量,三线及以下,Android,30
3145,2026-07-04 12:09:00,微信分享裂变,新一线,Android,25
3146,2026-07-14 01:27:00,小红书种草,三线及以下,iOS,29
3147,2026-07-22 19:04:00,小红书种草,一线,Android,23
3148,2026-07-16 05:33:00,小红书种草,二线,Android,19
3149,2026-08-05 05:23:00,微信分享裂变,一线,iOS,18
3150,2026-07-27 16:51:00,自然流量,一线,Android,27
3151,2026-07-17 04:47:00,自然流量,一线,iOS,18
3152,2026-07-28 03:08:00,小红书种草,新一线,Android,36
3153,2026-06-16 08:01:00,抖音信息流,一线,iOS,18
3154,2026-07-24 02:20:00,自然流量,一线,Android,29
3155,2026-07-16 09:26:00,自然流量,新一线,iOS,30
3156,2026-08-03 09:13:00,抖音信息流,新一线,Android,18
3157,2026-07-05 00:33:00,自然流量,新一线,Android,21
3158,2026-06-28 23:40:00,自然流量,新一线,Android,22
3159,2026-07-29 17:26:00,高校地推,三线及以下,iOS,41
3160,2026-06-17 00:06:00,抖音信息流,二线,iOS,22
3161,2026-06-27 09:45:00,高校地推,新一线,Android,18
3162,2026-07-25 00:48:00,高校地推,二线,Android,26
3163,2026-07-04 17:08:00,自然流量,三线及以下,Android,18
3164,2026-07-08 23:39:00,小红书种草,新一线,Android,23
3165,2026-08-06 15:09:00,小红书种草,一线,iOS,21
3166,2026-07-11 06:02:00,小红书种草,一线,Android,26
3167,2026-07-14 12:29:00,自然流量,新一线,Android,21
3168,2026-06-29 13:27:00,自然流量,三线及以下,Android,20
3169,2026-06-05 13:30:00,自然流量,一线,Android,29
3170,2026-06-04 16:24:00,小红书种草,新一线,Android,25
3171,2026-07-26 03:08:00,高校地推,一线,Android,24
3172,2026-06-21 02:00:00,小红书种草,新一线,Android,18
3173,2026-06-09 03:08:00,小红书种草,三线及以下,Android,27
3174,2026-07-02 14:55:00,高校地推,二线,Android,21
3175,2026-07-25 23:44:00,小红书种草,三线及以下,Android,25
3176,2026-06-30 14:03:00,自然流量,新一线,iOS,18
3177,2026-07-04 21:22:00,微信分享裂变,二线,Android,25
3178,2026-08-12 09:40:00,抖音信息流,三线及以下,iOS,24
3179,2026-06-16 19:36:00,自然流量,二线,Android,22
3180,2026-06-12 14:40:00,抖音信息流,三线及以下,Android,19
3181,2026-07-15 16:10:00,高校地推,一线,iOS,29
3182,2026-06-18 20:45:00,自然流量,一线,iOS,20
3183,2026-06-09 19:01:00,抖音信息流,一线,Android,28
3184,2026-07-22 11:04:00,自然流量,三线及以下,iOS,29
3185,2026-07-04 20:54:00,自然流量,一线,Android,19
3186,2026-07-21 13:51:00,自然流量,二线,iOS,27
3187,2026-06-25 20:40:00,小红书种草,新一线,Android,21
3188,2026-06-13 01:58:00,微信分享裂变,二线,iOS,27
3189,2026-06-15 15:00:00,自然流量,二线,Android,19
3190,2026-07-29 13:41:00,自然流量,新一线,Android,23
3191,2026-07-15 02:14:00,自然流量,一线,Android,24
3192,2026-07-11 11:40:00,自然流量,新一线,Android,23
3193,2026-07-05 08:58:00,抖音信息流,三线及以下,Android,25
3194,2026-06-16 22:00:00,小红书种草,一线,Android,19
3195,2026-07-09 12:57:00,小红书种草,一线,iOS,21
3196,2026-08-19 06:37:00,抖音信息流,三线及以下,iOS,27
3197,2026-06-21 22:59:00,抖音信息流,一线,Android,21
3198,2026-08-05 21:53:00,自然流量,一线,iOS,21
3199,2026-07-23 13:29:00,自然流量,三线及以下,Android,19
3200,2026-08-01 15:30:00,高校地推,二线,iOS,21
3201,2026-08-16 05:30:00,微信分享裂变,一线,iOS,18
3202,2026-06-20 17:57:00,高校地推,三线及以下,Android,27
3203,2026-06-13 09:18:00,高校地推,二线,Android,21
3204,2026-07-19 02:34:00,小红书种草,一线,iOS,18
3205,2026-07-20 12:53:00,高校地推,新一线,Android,22
3206,2026-06-17 23:13:00,抖音信息流,三线及以下,Android,18
3207,2026-07-30 06:07:00,自然流量,二线,iOS,19
3208,2026-07-16 01:38:00,自然流量,新一线,Android,30
3209,2026-07-17 06:49:00,自然流量,新一线,Android,18
3210,2026-06-14 20:40:00,自然流量,一线,iOS,23
3211,2026-08-03 01:00:00,抖音信息流,新一线,Android,35
3212,2026-08-16 10:24:00,小红书种草,一线,Android,25
3213,2026-07-07 13:57:00,微信分享裂变,二线,Android,21
3214,2026-07-10 01:07:00,小红书种草,一线,iOS,18
3215,2026-07-04 07:41:00,自然流量,一线,iOS,24
3216,2026-07-19 00:00:00,小红书种草,一线,iOS,20
3217,2026-06-06 22:31:00,抖音信息流,二线,Android,26
3218,2026-07-05 05:04:00,自然流量,新一线,Android,20
3219,2026-07-26 08:08:00,自然流量,新一线,Android,25
3220,2026-06-23 03:04:00,抖音信息流,新一线,Android,31
3221,2026-08-01 14:19:00,自然流量,新一线,Android,27
3222,2026-08-18 17:02:00,微信分享裂变,三线及以下,Android,18
3223,2026-08-02 20:59:00,小红书种草,一线,Android,24
3224,2026-07-07 20:29:00,小红书种草,一线,Android,28
3225,2026-07-19 03:29:00,自然流量,三线及以下,Android,18
3226,2026-06-26 03:27:00,微信分享裂变,新一线,iOS,32
3227,2026-08-23 00:57:00,小红书种草,新一线,Android,24
3228,2026-06-13 08:56:00,自然流量,一线,Android,26
3229,2026-08-13 03:45:00,小红书种草,三线及以下,iOS,22
3230,2026-07-31 11:52:00,抖音信息流,三线及以下,Android,24
3231,2026-06-19 20:15:00,抖音信息流,新一线,Android,19
3232,2026-07-25 06:00:00,自然流量,一线,Android,31
3233,2026-07-07 19:32:00,抖音信息流,一线,Android,32
3234,2026-07-04 16:14:00,自然流量,一线,Android,34
3235,2026-07-02 03:45:00,自然流量,新一线,iOS,18
3236,2026-07-02 23:32:00,自然流量,新一线,iOS,25
3237,2026-07-16 11:30:00,高校地推,新一线,iOS,26
3238,2026-08-09 00:08:00,自然流量,一线,Android,20
3239,2026-06-07 21:48:00,抖音信息流,一线,iOS,25
3240,2026-06-15 02:27:00,抖音信息流,三线及以下,Android,18
3241,2026-06-10 19:02:00,微信分享裂变,一线,Android,31
3242,2026-07-29 12:21:00,抖音信息流,三线及以下,iOS,18
3243,2026-07-10 09:49:00,高校地推,新一线,iOS,25
3244,2026-06-18 09:22:00,自然流量,一线,Android,27
3245,2026-07-04 16:25:00,自然流量,新一线,iOS,21
3246,2026-07-16 18:47:00,抖音信息流,三线及以下,Android,30
3247,2026-06-18 03:19:00,抖音信息流,二线,iOS,18
3248,2026-07-08 08:34:00,微信分享裂变,一线,iOS,23
3249,2026-07-13 18:41:00,微信分享裂变,一线,iOS,18
3250,2026-06-04 18:06:00,抖音信息流,新一线,iOS,20
3251,2026-07-23 07:38:00,高校地推,一线,iOS,21
3252,2026-08-05 05:40:00,抖音信息流,一线,iOS,21
3253,2026-07-19 16:48:00,自然流量,三线及以下,Android,30
3254,2026-07-01 17:47:00,抖音信息流,二线,iOS,18
3255,2026-07-06 01:30:00,自然流量,二线,iOS,18
3256,2026-06-24 05:11:00,微信分享裂变,新一线,Android,21
3257,2026-07-19 00:42:00,自然流量,一线,Android,24
3258,2026-07-27 18:16:00,抖音信息流,一线,Android,26
3259,2026-06-23 05:51:00,抖音信息流,二线,Android,29
3260,2026-07-10 05:28:00,自然流量,新一线,iOS,18
3261,2026-07-03 23:56:00,自然流量,新一线,Android,32
3262,2026-07-25 16:59:00,小红书种草,一线,Android,19
3263,2026-07-22 15:59:00,自然流量,新一线,iOS,22
3264,2026-07-10 14:56:00,抖音信息流,一线,iOS,24
3265,2026-06-18 20:13:00,抖音信息流,一线,iOS,18
3266,2026-06-24 05:23:00,自然流量,三线及以下,Android,21
3267,2026-07-05 21:01:00,自然流量,二线,iOS,28
3268,2026-07-18 16:44:00,微信分享裂变,三线及以下,Android,27
3269,2026-08-06 01:45:00,高校地推,三线及以下,Android,21
3270,2026-08-15 20:25:00,自然流量,新一线,Android,25
3271,2026-06-17 12:19:00,高校地推,一线,iOS,26
3272,2026-08-05 10:19:00,小红书种草,新一线,iOS,22
3273,2026-07-09 07:00:00,小红书种草,一线,iOS,26
3274,2026-08-18 01:13:00,小红书种草,二线,Android,19
3275,2026-07-01 16:32:00,小红书种草,二线,Android,19
3276,2026-07-18 11:18:00,微信分享裂变,新一线,Android,22
3277,2026-07-20 05:24:00,抖音信息流,新一线,iOS,18
3278,2026-07-15 10:34:00,抖音信息流,一线,Android,27
3279,2026-07-25 05:28:00,抖音信息流,一线,Android,24
3280,2026-06-08 03:03:00,自然流量,一线,Android,22
3281,2026-06-22 00:23:00,小红书种草,三线及以下,iOS,27
3282,2026-07-02 03:40:00,自然流量,一线,Android,25
3283,2026-06-25 10:02:00,自然流量,三线及以下,Android,29
3284,2026-06-20 05:33:00,自然流量,新一线,Android,31
3285,2026-06-16 08:02:00,自然流量,新一线,iOS,25
3286,2026-07-26 23:52:00,小红书种草,一线,Android,20
3287,2026-07-14 21:14:00,小红书种草,一线,iOS,27
3288,2026-06-09 07:00:00,抖音信息流,新一线,Android,20
3289,2026-07-09 17:34:00,自然流量,新一线,iOS,20
3290,2026-06-27 04:23:00,抖音信息流,新一线,iOS,22
3291,2026-07-14 19:42:00,抖音信息流,一线,iOS,29
3292,2026-08-19 15:33:00,小红书种草,一线,Android,27
3293,2026-06-17 14:18:00,抖音信息流,一线,Android,28
3294,2026-07-02 19:14:00,抖音信息流,二线,Android,24
3295,2026-06-25 10:24:00,抖音信息流,新一线,iOS,26
3296,2026-06-26 02:35:00,高校地推,一线,Android,27
3297,2026-06-13 00:09:00,小红书种草,二线,Android,20
3298,2026-07-11 00:29:00,抖音信息流,一线,Android,26
3299,2026-06-24 17:15:00,抖音信息流,二线,Android,23
3300,2026-07-05 11:35:00,自然流量,新一线,Android,21
3301,2026-06-23 04:12:00,高校地推,二线,Android,22
3302,2026-08-18 08:16:00,抖音信息流,一线,iOS,21
3303,2026-07-19 14:29:00,自然流量,二线,iOS,22
3304,2026-07-15 00:44:00,高校地推,二线,Android,23
3305,2026-07-22 02:21:00,小红书种草,一线,iOS,27
3306,2026-07-07 10:45:00,自然流量,一线,iOS,31
3307,2026-08-21 21:55:00,自然流量,二线,Android,26
3308,2026-07-15 13:14:00,自然流量,新一线,Android,24
3309,2026-06-23 16:07:00,小红书种草,新一线,iOS,18
3310,2026-06-30 15:39:00,自然流量,一线,Android,36
3311,2026-08-08 02:50:00,高校地推,一线,iOS,20
3312,2026-06-18 13:03:00,高校地推,二线,iOS,20
3313,2026-06-05 07:15:00,抖音信息流,一线,iOS,30
3314,2026-06-25 17:59:00,小红书种草,一线,Android,18
3315,2026-08-03 05:29:00,自然流量,一线,iOS,25
3316,2026-07-27 17:04:00,自然流量,二线,Android,21
3317,2026-07-24 03:54:00,小红书种草,一线,iOS,22
3318,2026-06-13 20:02:00,自然流量,新一线,iOS,24
3319,2026-06-13 02:30:00,自然流量,新一线,iOS,18
3320,2026-06-20 03:07:00,抖音信息流,新一线,Android,23
3321,2026-07-20 04:11:00,自然流量,一线,Android,29
3322,2026-07-14 09:10:00,抖音信息流,一线,iOS,23
3323,2026-06-07 19:19:00,小红书种草,一线,Android,41
3324,2026-07-13 00:44:00,微信分享裂变,三线及以下,iOS,24
3325,2026-07-31 12:06:00,小红书种草,二线,iOS,18
3326,2026-08-18 09:22:00,微信分享裂变,二线,iOS,21
3327,2026-06-29 15:38:00,抖音信息流,二线,iOS,18
3328,2026-06-15 00:23:00,微信分享裂变,一线,Android,29
3329,2026-06-27 19:13:00,抖音信息流,二线,Android,32
3330,2026-07-03 07:38:00,自然流量,新一线,Android,28
3331,2026-08-17 12:03:00,高校地推,二线,Android,19
3332,2026-06-16 07:46:00,自然流量,三线及以下,Android,19
3333,2026-08-06 10:01:00,自然流量,新一线,iOS,27
3334,2026-06-30 19:07:00,自然流量,新一线,iOS,21
3335,2026-07-12 18:56:00,抖音信息流,一线,iOS,19
3336,2026-07-06 12:42:00,抖音信息流,三线及以下,iOS,19
3337,2026-08-29 09:47:00,抖音信息流,一线,iOS,33
3338,2026-07-11 00:41:00,微信分享裂变,新一线,iOS,21
3339,2026-06-10 09:40:00,自然流量,三线及以下,Android,28
3340,2026-07-13 03:46:00,抖音信息流,一线,iOS,26
3341,2026-07-02 22:02:00,抖音信息流,新一线,Android,19
3342,2026-06-26 13:05:00,微信分享裂变,新一线,Android,24
3343,2026-06-24 20:17:00,自然流量,新一线,iOS,18
3344,2026-07-14 12:35:00,自然流量,一线,iOS,31
3345,2026-08-06 11:30:00,抖音信息流,一线,Android,19
3346,2026-06-19 20:21:00,小红书种草,新一线,Android,25
3347,2026-06-21 21:42:00,微信分享裂变,新一线,Android,21
3348,2026-07-23 23:20:00,小红书种草,三线及以下,Android,19
3349,2026-07-27 01:11:00,微信分享裂变,二线,iOS,29
3350,2026-07-30 04:01:00,抖音信息流,新一线,Android,21
3351,2026-06-21 08:13:00,自然流量,一线,Android,18
3352,2026-07-19 20:05:00,自然流量,三线及以下,Android,26
3353,2026-07-22 23:16:00,自然流量,一线,iOS,20
3354,2026-07-03 01:26:00,抖音信息流,三线及以下,Android,24
3355,2026-08-02 08:52:00,抖音信息流,三线及以下,Android,28
3356,2026-07-09 21:51:00,抖音信息流,三线及以下,iOS,25
3357,2026-06-17 12:46:00,抖音信息流,一线,Android,28
3358,2026-08-13 03:03:00,抖音信息流,一线,iOS,18
3359,2026-06-12 22:25:00,小红书种草,新一线,Android,29
3360,2026-07-13 17:34:00,小红书种草,新一线,Android,22
3361,2026-08-02 02:29:00,抖音信息流,新一线,Android,18
3362,2026-06-28 13:04:00,抖音信息流,新一线,iOS,18
3363,2026-06-19 05:00:00,小红书种草,二线,iOS,22
3364,2026-06-28 21:40:00,小红书种草,一线,iOS,20
3365,2026-08-10 12:16:00,抖音信息流,一线,Android,20
3366,2026-06-21 05:36:00,抖音信息流,新一线,iOS,25
3367,2026-07-20 10:23:00,小红书种草,一线,Android,32
3368,2026-07-23 01:06:00,小红书种草,二线,Android,19
3369,2026-06-28 19:44:00,自然流量,二线,iOS,24
3370,2026-06-30 15:02:00,抖音信息流,三线及以下,iOS,21
3371,2026-08-09 16:49:00,微信分享裂变,二线,iOS,19
3372,2026-08-12 12:43:00,自然流量,新一线,Android,18
3373,2026-07-14 01:23:00,微信分享裂变,三线及以下,Android,32
3374,2026-07-28 07:35:00,自然流量,新一线,Android,24
3375,2026-07-02 19:51:00,抖音信息流,二线,iOS,23
3376,2026-06-03 14:54:00,抖音信息流,一线,Android,20
3377,2026-06-20 11:55:00,自然流量,二线,iOS,24
3378,2026-06-04 19:09:00,高校地推,一线,iOS,20
3379,2026-07-02 16:36:00,抖音信息流,一线,Android,33
3380,2026-06-04 16:46:00,高校地推,新一线,iOS,25
3381,2026-06-14 03:42:00,自然流量,一线,Android,24
3382,2026-07-01 19:15:00,微信分享裂变,一线,Android,24
3383,2026-08-14 03:13:00,高校地推,二线,Android,30
3384,2026-07-18 20:57:00,抖音信息流,新一线,iOS,23
3385,2026-07-06 05:04:00,自然流量,二线,iOS,21
3386,2026-07-21 09:17:00,小红书种草,二线,Android,24
3387,2026-06-30 03:44:00,抖音信息流,新一线,iOS,27
3388,2026-07-29 03:05:00,高校地推,三线及以下,Android,29
3389,2026-06-08 11:03:00,抖音信息流,一线,Android,25
3390,2026-07-14 07:54:00,自然流量,一线,iOS,25
3391,2026-07-21 08:27:00,自然流量,一线,iOS,28
3392,2026-07-01 06:26:00,小红书种草,二线,iOS,18
3393,2026-07-04 19:05:00,高校地推,一线,iOS,24
3394,2026-07-13 17:01:00,自然流量,新一线,Android,21
3395,2026-06-10 00:01:00,小红书种草,新一线,Android,24
3396,2026-08-15 13:14:00,高校地推,二线,Android,25
3397,2026-06-17 17:04:00,自然流量,二线,iOS,30
3398,2026-08-01 13:21:00,自然流量,一线,iOS,18
3399,2026-07-17 09:13:00,小红书种草,一线,Android,20
3400,2026-06-08 19:34:00,小红书种草,二线,Android,19
3401,2026-06-15 08:14:00,自然流量,三线及以下,Android,20
3402,2026-06-17 07:27:00,微信分享裂变,一线,iOS,18
3403,2026-06-25 19:57:00,抖音信息流,二线,Android,34
3404,2026-06-26 17:44:00,高校地推,一线,iOS,28
3405,2026-08-10 09:52:00,微信分享裂变,一线,Android,20
3406,2026-06-26 22:27:00,微信分享裂变,一线,Android,24
3407,2026-06-19 08:05:00,抖音信息流,二线,Android,21
3408,2026-06-15 13:43:00,自然流量,二线,Android,24
3409,2026-07-30 04:59:00,抖音信息流,新一线,Android,20
3410,2026-06-11 12:13:00,自然流量,二线,iOS,18
3411,2026-08-04 11:51:00,小红书种草,新一线,Android,21
3412,2026-08-07 22:20:00,自然流量,一线,Android,30
3413,2026-06-25 22:23:00,抖音信息流,二线,iOS,18
3414,2026-07-24 16:08:00,自然流量,一线,Android,29
3415,2026-07-07 03:27:00,自然流量,三线及以下,Android,26
3416,2026-06-13 05:57:00,自然流量,二线,iOS,22
3417,2026-07-11 04:23:00,小红书种草,二线,iOS,27
3418,2026-07-22 09:32:00,微信分享裂变,新一线,iOS,25
3419,2026-07-20 23:16:00,自然流量,二线,iOS,18
3420,2026-07-07 22:46:00,微信分享裂变,一线,Android,21
3421,2026-06-06 15:13:00,微信分享裂变,新一线,Android,22
3422,2026-06-07 08:54:00,抖音信息流,一线,iOS,31
3423,2026-06-30 20:50:00,小红书种草,新一线,Android,21
3424,2026-07-22 15:31:00,抖音信息流,二线,iOS,22
3425,2026-06-19 23:45:00,自然流量,一线,Android,18
3426,2026-07-11 11:05:00,抖音信息流,一线,Android,23
3427,2026-06-27 13:58:00,自然流量,新一线,iOS,18
3428,2026-06-23 16:36:00,微信分享裂变,三线及以下,iOS,29
3429,2026-07-04 05:57:00,高校地推,二线,Android,21
3430,2026-07-21 07:47:00,微信分享裂变,新一线,iOS,18
3431,2026-06-13 15:57:00,抖音信息流,三线及以下,Android,30
3432,2026-06-18 06:43:00,抖音信息流,二线,iOS,18
3433,2026-07-29 19:32:00,高校地推,二线,iOS,25
3434,2026-06-11 00:33:00,自然流量,新一线,Android,18
3435,2026-07-15 17:24:00,自然流量,新一线,iOS,25
3436,2026-06-21 11:45:00,抖音信息流,一线,Android,29
3437,2026-06-12 05:08:00,抖音信息流,二线,Android,20
3438,2026-07-05 09:45:00,抖音信息流,一线,Android,18
3439,2026-07-29 20:11:00,自然流量,二线,Android,18
3440,2026-06-14 13:52:00,小红书种草,三线及以下,Android,23
3441,2026-07-21 06:44:00,自然流量,新一线,Android,33
3442,2026-06-16 10:23:00,自然流量,一线,iOS,29
3443,2026-07-18 08:04:00,自然流量,一线,iOS,29
3444,2026-07-11 02:19:00,抖音信息流,二线,Android,18
3445,2026-07-03 13:23:00,微信分享裂变,一线,iOS,29
3446,2026-07-11 22:51:00,抖音信息流,一线,Android,28
3447,2026-06-07 12:43:00,小红书种草,一线,Android,25
3448,2026-06-09 14:20:00,小红书种草,新一线,Android,20
3449,2026-06-12 10:19:00,抖音信息流,新一线,Android,28
3450,2026-07-02 07:04:00,微信分享裂变,一线,Android,20
3451,2026-08-06 00:07:00,小红书种草,新一线,iOS,27
3452,2026-07-14 12:15:00,抖音信息流,新一线,iOS,22
3453,2026-07-26 17:28:00,自然流量,新一线,Android,19
3454,2026-06-27 08:19:00,自然流量,三线及以下,iOS,21
3455,2026-06-10 06:28:00,高校地推,一线,Android,33
3456,2026-07-06 01:57:00,微信分享裂变,新一线,Android,18
3457,2026-07-08 18:32:00,高校地推,一线,iOS,28
3458,2026-07-18 01:17:00,高校地推,一线,iOS,28
3459,2026-07-03 10:04:00,自然流量,新一线,iOS,23
3460,2026-06-23 21:07:00,微信分享裂变,二线,iOS,21
3461,2026-06-12 21:12:00,抖音信息流,新一线,Android,18
3462,2026-07-16 16:52:00,微信分享裂变,三线及以下,Android,30
3463,2026-06-23 20:19:00,自然流量,二线,iOS,18
3464,2026-06-25 07:04:00,自然流量,一线,Android,18
3465,2026-07-07 18:55:00,小红书种草,新一线,Android,25
3466,2026-07-25 07:57:00,微信分享裂变,新一线,iOS,18
3467,2026-06-28 19:14:00,小红书种草,新一线,iOS,23
3468,2026-06-11 21:04:00,抖音信息流,新一线,iOS,18
3469,2026-06-23 23:15:00,抖音信息流,三线及以下,Android,21
3470,2026-07-02 21:43:00,高校地推,新一线,Android,24
3471,2026-07-10 10:49:00,抖音信息流,二线,Android,25
3472,2026-06-20 16:22:00,抖音信息流,新一线,Android,30
3473,2026-06-16 10:52:00,抖音信息流,二线,Android,24
3474,2026-07-09 20:40:00,抖音信息流,新一线,iOS,24
3475,2026-06-27 22:18:00,抖音信息流,一线,iOS,22
3476,2026-07-26 07:19:00,抖音信息流,新一线,Android,28
3477,2026-06-08 13:04:00,微信分享裂变,新一线,Android,18
3478,2026-06-29 18:51:00,高校地推,一线,Android,21
3479,2026-07-06 19:48:00,高校地推,二线,iOS,23
3480,2026-06-29 14:25:00,抖音信息流,三线及以下,iOS,19
3481,2026-07-14 21:42:00,抖音信息流,三线及以下,Android,30
3482,2026-06-27 10:40:00,小红书种草,新一线,Android,25
3483,2026-06-24 10:02:00,微信分享裂变,新一线,Android,18
3484,2026-07-31 04:37:00,抖音信息流,三线及以下,iOS,26
3485,2026-07-07 12:06:00,小红书种草,三线及以下,iOS,30
3486,2026-07-22 06:37:00,小红书种草,一线,Android,20
3487,2026-07-26 13:38:00,小红书种草,一线,Android,30
3488,2026-07-07 21:00:00,小红书种草,一线,iOS,25
3489,2026-07-14 20:33:00,自然流量,新一线,iOS,25
3490,2026-07-04 11:49:00,抖音信息流,二线,Android,29
3491,2026-08-02 18:09:00,小红书种草,一线,Android,25
3492,2026-06-03 08:12:00,自然流量,二线,iOS,25
3493,2026-06-16 15:38:00,微信分享裂变,一线,Android,24
3494,2026-07-18 00:09:00,小红书种草,一线,iOS,18
3495,2026-07-19 14:29:00,自然流量,新一线,iOS,26
3496,2026-07-17 05:32:00,微信分享裂变,新一线,iOS,25
3497,2026-07-05 21:22:00,小红书种草,一线,iOS,22
3498,2026-07-07 20:58:00,小红书种草,一线,Android,18
3499,2026-07-17 21:37:00,抖音信息流,新一线,iOS,27
3500,2026-07-13 06:32:00,微信分享裂变,三线及以下,iOS,19
3501,2026-07-26 11:49:00,抖音信息流,三线及以下,iOS,18
3502,2026-07-19 03:54:00,抖音信息流,新一线,iOS,18
3503,2026-07-16 23:28:00,自然流量,三线及以下,iOS,18
3504,2026-07-23 21:42:00,小红书种草,新一线,iOS,26
3505,2026-06-30 14:28:00,小红书种草,一线,iOS,35
3506,2026-07-06 22:25:00,抖音信息流,新一线,Android,21
3507,2026-07-14 17:51:00,抖音信息流,三线及以下,iOS,28
3508,2026-07-29 17:35:00,微信分享裂变,二线,iOS,23
3509,2026-06-09 07:14:00,小红书种草,三线及以下,Android,25
3510,2026-07-12 17:46:00,自然流量,新一线,iOS,23
3511,2026-08-02 15:38:00,高校地推,三线及以下,iOS,27
3512,2026-07-24 10:45:00,小红书种草,二线,iOS,18
3513,2026-07-17 00:30:00,高校地推,二线,iOS,24
3514,2026-07-12 04:23:00,高校地推,三线及以下,iOS,29
3515,2026-07-17 18:36:00,高校地推,一线,iOS,27
3516,2026-06-18 02:33:00,小红书种草,新一线,Android,25
3517,2026-08-04 07:28:00,小红书种草,一线,iOS,24
3518,2026-06-05 13:40:00,自然流量,三线及以下,iOS,22
3519,2026-07-26 03:03:00,抖音信息流,新一线,Android,22
3520,2026-06-05 08:58:00,微信分享裂变,一线,Android,18
3521,2026-07-30 16:26:00,抖音信息流,新一线,Android,26
3522,2026-07-15 20:44:00,微信分享裂变,一线,iOS,30
3523,2026-07-05 06:16:00,自然流量,新一线,Android,25
3524,2026-07-11 13:40:00,抖音信息流,一线,Android,24
3525,2026-07-07 03:52:00,抖音信息流,三线及以下,iOS,26
3526,2026-06-03 03:15:00,抖音信息流,新一线,Android,18
3527,2026-06-30 21:55:00,自然流量,三线及以下,Android,21
3528,2026-07-18 03:56:00,自然流量,一线,iOS,23
3529,2026-08-11 22:44:00,微信分享裂变,新一线,iOS,18
3530,2026-07-04 06:10:00,抖音信息流,三线及以下,iOS,24
3531,2026-06-28 16:08:00,自然流量,二线,Android,18
3532,2026-06-05 17:35:00,自然流量,一线,Android,27
3533,2026-06-24 16:12:00,抖音信息流,三线及以下,Android,25
3534,2026-07-05 23:13:00,自然流量,一线,iOS,23
3535,2026-07-18 20:49:00,小红书种草,一线,iOS,27
3536,2026-06-17 02:15:00,微信分享裂变,二线,Android,24
3537,2026-07-27 15:39:00,自然流量,二线,Android,26
3538,2026-07-13 23:52:00,小红书种草,二线,Android,25
3539,2026-07-04 00:58:00,自然流量,一线,Android,19
3540,2026-08-07 07:18:00,抖音信息流,一线,Android,31
3541,2026-07-06 20:21:00,微信分享裂变,一线,Android,30
3542,2026-07-27 02:39:00,抖音信息流,新一线,Android,26
3543,2026-07-15 15:37:00,微信分享裂变,一线,Android,24
3544,2026-07-10 06:45:00,自然流量,二线,Android,27
3545,2026-07-01 22:22:00,抖音信息流,三线及以下,Android,30
3546,2026-06-11 21:33:00,抖音信息流,三线及以下,Android,33
3547,2026-06-09 12:13:00,抖音信息流,二线,Android,21
3548,2026-07-04 17:44:00,高校地推,一线,Android,29
3549,2026-07-09 19:05:00,自然流量,新一线,iOS,23
3550,2026-06-22 08:16:00,微信分享裂变,三线及以下,Android,18
3551,2026-07-20 13:44:00,微信分享裂变,一线,Android,28
3552,2026-06-10 15:37:00,抖音信息流,一线,iOS,31
3553,2026-07-01 16:02:00,抖音信息流,一线,iOS,28
3554,2026-07-19 07:09:00,抖音信息流,新一线,iOS,23
3555,2026-07-12 16:49:00,自然流量,三线及以下,Android,25
3556,2026-06-23 13:35:00,微信分享裂变,新一线,Android,27
3557,2026-07-11 03:18:00,抖音信息流,新一线,iOS,26
3558,2026-06-17 16:37:00,高校地推,新一线,Android,30
3559,2026-07-22 05:26:00,小红书种草,三线及以下,Android,28
3560,2026-07-15 17:29:00,抖音信息流,一线,Android,21
3561,2026-07-02 02:43:00,小红书种草,新一线,Android,24
3562,2026-06-19 16:13:00,抖音信息流,三线及以下,Android,21
3563,2026-07-02 09:25:00,高校地推,三线及以下,iOS,24
3564,2026-07-29 13:57:00,自然流量,新一线,iOS,18
3565,2026-06-19 16:34:00,高校地推,一线,iOS,33
3566,2026-07-03 19:12:00,微信分享裂变,三线及以下,iOS,20
3567,2026-06-02 23:12:00,微信分享裂变,三线及以下,Android,21
3568,2026-07-29 18:34:00,抖音信息流,一线,Android,24
3569,2026-07-21 21:22:00,微信分享裂变,一线,iOS,18
3570,2026-07-05 21:42:00,抖音信息流,一线,Android,22
3571,2026-07-21 02:58:00,微信分享裂变,新一线,iOS,24
3572,2026-07-26 22:12:00,自然流量,一线,iOS,32
3573,2026-06-26 06:53:00,抖音信息流,一线,iOS,24
3574,2026-07-07 18:08:00,抖音信息流,二线,iOS,21
3575,2026-06-25 08:41:00,抖音信息流,一线,Android,18
3576,2026-07-27 14:13:00,抖音信息流,三线及以下,iOS,34
3577,2026-06-16 10:49:00,微信分享裂变,新一线,iOS,24
3578,2026-08-11 16:28:00,自然流量,新一线,iOS,24
3579,2026-06-22 18:27:00,小红书种草,三线及以下,Android,18
3580,2026-06-15 21:35:00,自然流量,一线,iOS,26
3581,2026-07-29 05:45:00,微信分享裂变,一线,Android,21
3582,2026-07-16 13:24:00,微信分享裂变,新一线,Android,31
3583,2026-07-14 11:14:00,抖音信息流,新一线,Android,26
3584,2026-07-11 12:53:00,小红书种草,新一线,Android,24
3585,2026-08-12 23:03:00,高校地推,三线及以下,Android,18
3586,2026-07-05 02:23:00,微信分享裂变,三线及以下,Android,23
3587,2026-06-05 05:25:00,抖音信息流,一线,iOS,22
3588,2026-07-26 03:27:00,抖音信息流,一线,iOS,24
3589,2026-07-08 13:42:00,微信分享裂变,新一线,iOS,18
3590,2026-06-23 15:16:00,自然流量,三线及以下,Android,19
3591,2026-08-17 06:40:00,微信分享裂变,一线,Android,21
3592,2026-06-27 04:02:00,抖音信息流,新一线,iOS,26
3593,2026-06-09 14:13:00,微信分享裂变,一线,iOS,18
3594,2026-07-03 00:51:00,自然流量,三线及以下,iOS,30
3595,2026-06-04 08:20:00,自然流量,一线,Android,30
3596,2026-07-15 11:02:00,高校地推,新一线,Android,19
3597,2026-07-08 00:56:00,微信分享裂变,一线,iOS,36
3598,2026-07-08 20:23:00,微信分享裂变,新一线,Android,25
3599,2026-07-30 22:26:00,高校地推,新一线,iOS,23
3600,2026-06-13 10:07:00,抖音信息流,新一线,Android,26
3601,2026-06-06 19:32:00,自然流量,一线,Android,26
3602,2026-07-17 20:20:00,自然流量,一线,Android,24
3603,2026-07-10 13:57:00,抖音信息流,一线,Android,18
3604,2026-06-07 03:10:00,自然流量,二线,iOS,21
3605,2026-08-12 19:31:00,高校地推,二线,Android,25
3606,2026-06-28 04:44:00,自然流量,一线,Android,28
3607,2026-07-09 05:30:00,自然流量,一线,iOS,31
3608,2026-06-18 06:25:00,自然流量,新一线,Android,21
3609,2026-07-31 09:24:00,自然流量,一线,Android,24
3610,2026-07-27 07:46:00,自然流量,二线,Android,20
3611,2026-06-14 15:05:00,小红书种草,新一线,iOS,29
3612,2026-07-02 06:06:00,抖音信息流,二线,Android,22
3613,2026-07-08 16:00:00,小红书种草,新一线,iOS,21
3614,2026-06-24 06:58:00,微信分享裂变,三线及以下,Android,24
3615,2026-07-21 14:11:00,小红书种草,二线,Android,18
3616,2026-07-24 14:37:00,小红书种草,一线,iOS,26
3617,2026-06-14 12:10:00,抖音信息流,一线,Android,22
3618,2026-07-31 10:21:00,自然流量,新一线,iOS,37
3619,2026-07-14 03:36:00,抖音信息流,一线,iOS,20
3620,2026-06-22 08:18:00,高校地推,新一线,iOS,22
3621,2026-07-17 20:05:00,小红书种草,三线及以下,Android,29
3622,2026-07-04 05:40:00,自然流量,一线,Android,27
3623,2026-07-17 21:45:00,抖音信息流,二线,iOS,29
3624,2026-08-11 11:37:00,微信分享裂变,一线,Android,22
3625,2026-07-23 15:34:00,小红书种草,一线,iOS,18
3626,2026-06-22 01:21:00,抖音信息流,一线,iOS,37
3627,2026-07-21 23:51:00,微信分享裂变,一线,Android,26
3628,2026-07-07 23:24:00,小红书种草,一线,Android,25
3629,2026-07-24 00:36:00,小红书种草,三线及以下,Android,28
3630,2026-06-19 07:57:00,自然流量,新一线,iOS,18
3631,2026-06-28 06:09:00,自然流量,一线,iOS,21
3632,2026-06-23 01:53:00,高校地推,一线,Android,18
3633,2026-06-23 06:41:00,小红书种草,三线及以下,iOS,24
3634,2026-07-15 20:44:00,抖音信息流,一线,Android,18
3635,2026-07-24 06:45:00,小红书种草,一线,iOS,27
3636,2026-07-17 20:50:00,自然流量,二线,iOS,29
3637,2026-06-26 06:06:00,微信分享裂变,新一线,Android,29
3638,2026-07-10 09:57:00,自然流量,一线,iOS,26
3639,2026-07-05 01:45:00,微信分享裂变,二线,iOS,24
3640,2026-06-25 14:04:00,抖音信息流,新一线,Android,21
3641,2026-07-14 08:42:00,自然流量,新一线,iOS,26
3642,2026-07-22 05:35:00,自然流量,一线,iOS,23
3643,2026-07-05 18:53:00,微信分享裂变,三线及以下,Android,18
3644,2026-06-21 16:56:00,自然流量,新一线,Android,20
3645,2026-07-03 11:11:00,自然流量,一线,Android,27
3646,2026-06-27 18:39:00,小红书种草,新一线,Android,18
3647,2026-07-07 11:41:00,抖音信息流,新一线,Android,18
3648,2026-07-02 02:34:00,抖音信息流,三线及以下,Android,23
3649,2026-06-22 15:35:00,自然流量,一线,iOS,18
3650,2026-06-27 21:21:00,微信分享裂变,一线,Android,27
3651,2026-06-11 01:01:00,自然流量,二线,Android,27
3652,2026-07-06 18:56:00,自然流量,一线,iOS,28
3653,2026-07-01 13:37:00,抖音信息流,一线,Android,25
3654,2026-08-10 18:19:00,自然流量,二线,Android,19
3655,2026-07-18 13:03:00,抖音信息流,二线,iOS,18
3656,2026-07-03 03:38:00,自然流量,新一线,Android,26
3657,2026-06-06 01:01:00,自然流量,新一线,iOS,27
3658,2026-06-14 10:28:00,抖音信息流,新一线,iOS,18
3659,2026-07-24 08:38:00,微信分享裂变,三线及以下,Android,18
3660,2026-07-03 23:36:00,自然流量,二线,Android,23
3661,2026-06-29 20:44:00,自然流量,新一线,Android,24
3662,2026-07-23 09:39:00,高校地推,二线,Android,28
3663,2026-07-17 00:17:00,微信分享裂变,一线,Android,27
3664,2026-07-02 20:16:00,小红书种草,新一线,Android,23
3665,2026-06-30 09:31:00,自然流量,二线,iOS,29
3666,2026-07-03 08:59:00,抖音信息流,新一线,iOS,22
3667,2026-06-24 05:43:00,自然流量,新一线,Android,22
3668,2026-06-25 04:10:00,自然流量,一线,Android,28
3669,2026-06-24 07:33:00,抖音信息流,新一线,Android,28
3670,2026-07-06 08:49:00,抖音信息流,新一线,Android,28
3671,2026-07-07 19:10:00,抖音信息流,三线及以下,iOS,23
3672,2026-06-05 20:05:00,小红书种草,一线,Android,24
3673,2026-08-11 10:47:00,自然流量,三线及以下,iOS,19
3674,2026-07-05 17:48:00,抖音信息流,一线,iOS,28
3675,2026-07-10 08:39:00,微信分享裂变,二线,Android,21
3676,2026-06-17 07:28:00,微信分享裂变,新一线,Android,18
3677,2026-07-30 17:46:00,抖音信息流,新一线,iOS,21
3678,2026-07-12 00:12:00,抖音信息流,三线及以下,Android,19
3679,2026-07-16 19:32:00,自然流量,新一线,Android,18
3680,2026-06-30 21:13:00,自然流量,一线,iOS,21
3681,2026-07-23 03:29:00,小红书种草,新一线,iOS,27
3682,2026-06-23 22:41:00,自然流量,新一线,iOS,26
3683,2026-08-21 05:40:00,抖音信息流,二线,Android,26
3684,2026-06-10 07:31:00,抖音信息流,新一线,iOS,31
3685,2026-06-23 05:29:00,自然流量,一线,Android,21
3686,2026-06-10 10:45:00,自然流量,一线,iOS,18
3687,2026-07-19 16:09:00,抖音信息流,新一线,iOS,26
3688,2026-07-07 05:15:00,高校地推,新一线,iOS,25
3689,2026-07-06 15:20:00,小红书种草,二线,Android,18
3690,2026-07-17 10:05:00,抖音信息流,一线,iOS,23
3691,2026-07-11 10:55:00,自然流量,新一线,iOS,26
3692,2026-07-10 08:27:00,小红书种草,三线及以下,iOS,25
3693,2026-07-27 00:41:00,自然流量,一线,Android,27
3694,2026-06-12 02:30:00,抖音信息流,新一线,iOS,20
3695,2026-07-23 09:20:00,小红书种草,三线及以下,Android,18
3696,2026-07-06 21:15:00,抖音信息流,一线,iOS,19
3697,2026-08-12 12:34:00,自然流量,新一线,iOS,28
3698,2026-07-31 00:32:00,自然流量,新一线,Android,29
3699,2026-07-10 07:29:00,自然流量,一线,Android,23
3700,2026-06-14 20:24:00,抖音信息流,二线,Android,31
3701,2026-06-14 09:18:00,微信分享裂变,一线,iOS,23
3702,2026-06-14 14:28:00,自然流量,三线及以下,Android,21
3703,2026-07-28 21:56:00,抖音信息流,新一线,Android,18
3704,2026-07-21 13:02:00,小红书种草,一线,Android,23
3705,2026-06-22 23:08:00,自然流量,一线,Android,29
3706,2026-06-28 20:30:00,自然流量,二线,iOS,30
3707,2026-06-24 15:12:00,抖音信息流,新一线,Android,29
3708,2026-07-02 16:03:00,小红书种草,一线,Android,26
3709,2026-07-30 06:00:00,抖音信息流,一线,iOS,31
3710,2026-06-26 22:00:00,小红书种草,新一线,iOS,19
3711,2026-06-28 15:03:00,微信分享裂变,一线,Android,29
3712,2026-06-08 08:30:00,小红书种草,三线及以下,Android,25
3713,2026-08-07 20:23:00,高校地推,一线,Android,25
3714,2026-07-10 07:40:00,小红书种草,一线,Android,18
3715,2026-07-11 15:18:00,微信分享裂变,新一线,Android,25
3716,2026-07-27 10:33:00,微信分享裂变,一线,iOS,29
3717,2026-07-21 12:31:00,小红书种草,二线,Android,18
3718,2026-06-19 08:29:00,微信分享裂变,三线及以下,Android,27
3719,2026-06-23 20:15:00,高校地推,新一线,iOS,18
3720,2026-06-30 02:13:00,抖音信息流,三线及以下,Android,18
3721,2026-06-11 23:38:00,小红书种草,二线,iOS,23
3722,2026-07-10 03:24:00,抖音信息流,一线,Android,31
3723,2026-08-03 15:04:00,微信分享裂变,一线,Android,23
3724,2026-06-12 02:58:00,抖音信息流,新一线,Android,26
3725,2026-07-25 04:28:00,微信分享裂变,三线及以下,Android,19
3726,2026-07-07 01:34:00,微信分享裂变,二线,iOS,23
3727,2026-07-10 02:44:00,高校地推,新一线,Android,23
3728,2026-07-06 08:17:00,自然流量,一线,iOS,32
3729,2026-07-29 00:35:00,小红书种草,二线,iOS,20
3730,2026-06-28 05:52:00,小红书种草,二线,Android,20
3731,2026-07-05 01:45:00,高校地推,三线及以下,iOS,29
3732,2026-07-17 09:52:00,高校地推,二线,iOS,22
3733,2026-06-17 00:55:00,抖音信息流,一线,iOS,24
3734,2026-07-14 21:28:00,抖音信息流,新一线,Android,26
3735,2026-08-15 05:59:00,自然流量,新一线,Android,20
3736,2026-06-21 22:37:00,高校地推,新一线,Android,18
3737,2026-07-18 22:35:00,自然流量,新一线,Android,29
3738,2026-07-01 09:13:00,小红书种草,三线及以下,iOS,24
3739,2026-06-13 16:34:00,微信分享裂变,二线,iOS,18
3740,2026-07-27 18:06:00,抖音信息流,一线,iOS,27
3741,2026-06-30 09:36:00,自然流量,一线,Android,34
3742,2026-06-13 20:47:00,自然流量,新一线,iOS,29
3743,2026-07-25 10:22:00,微信分享裂变,二线,Android,34
3744,2026-08-10 20:02:00,抖音信息流,新一线,iOS,18
3745,2026-08-07 20:55:00,自然流量,新一线,iOS,25
3746,2026-07-04 07:56:00,小红书种草,新一线,Android,25
3747,2026-07-11 13:16:00,自然流量,二线,iOS,23
3748,2026-07-25 11:22:00,微信分享裂变,一线,iOS,22
3749,2026-07-14 22:26:00,抖音信息流,新一线,Android,18
3750,2026-07-18 13:10:00,自然流量,二线,iOS,32
3751,2026-06-16 16:19:00,自然流量,一线,Android,18
3752,2026-06-25 07:57:00,抖音信息流,一线,Android,28
3753,2026-06-28 21:29:00,抖音信息流,二线,iOS,24
3754,2026-06-09 00:07:00,小红书种草,一线,iOS,23
3755,2026-07-09 18:45:00,抖音信息流,新一线,Android,22
3756,2026-07-06 11:39:00,抖音信息流,三线及以下,Android,24
3757,2026-08-02 03:33:00,自然流量,一线,Android,27
3758,2026-08-15 04:29:00,自然流量,三线及以下,iOS,28
3759,2026-06-23 13:28:00,高校地推,一线,iOS,23
3760,2026-07-19 07:28:00,自然流量,新一线,Android,18
3761,2026-06-20 02:09:00,高校地推,一线,Android,18
3762,2026-07-02 04:29:00,抖音信息流,二线,iOS,29
3763,2026-07-01 10:21:00,自然流量,三线及以下,Android,22
3764,2026-06-23 19:07:00,自然流量,一线,Android,18
3765,2026-07-04 22:46:00,自然流量,三线及以下,Android,20
3766,2026-06-20 22:30:00,微信分享裂变,二线,Android,23
3767,2026-06-30 18:37:00,抖音信息流,三线及以下,Android,18
3768,2026-08-09 02:16:00,抖音信息流,二线,iOS,23
3769,2026-07-09 02:40:00,小红书种草,二线,iOS,30
3770,2026-07-14 03:28:00,小红书种草,三线及以下,Android,23
3771,2026-06-16 16:47:00,高校地推,二线,Android,18
3772,2026-07-04 02:00:00,高校地推,二线,Android,28
3773,2026-06-20 16:56:00,小红书种草,一线,Android,29
3774,2026-08-04 08:14:00,微信分享裂变,一线,Android,29
3775,2026-07-27 22:09:00,微信分享裂变,新一线,iOS,24
3776,2026-06-19 13:18:00,抖音信息流,一线,iOS,35
3777,2026-07-01 12:50:00,小红书种草,新一线,Android,27
3778,2026-07-02 17:04:00,自然流量,三线及以下,Android,38
3779,2026-06-16 10:50:00,小红书种草,新一线,Android,30
3780,2026-07-04 02:40:00,高校地推,三线及以下,iOS,29
3781,2026-07-29 06:14:00,自然流量,新一线,iOS,20
3782,2026-07-07 05:38:00,微信分享裂变,一线,iOS,19
3783,2026-07-27 07:21:00,高校地推,一线,Android,24
3784,2026-07-11 22:39:00,自然流量,三线及以下,iOS,23
3785,2026-07-08 07:39:00,抖音信息流,新一线,Android,21
3786,2026-06-11 12:53:00,高校地推,三线及以下,Android,23
3787,2026-06-17 20:05:00,高校地推,一线,Android,23
3788,2026-06-28 07:19:00,自然流量,一线,iOS,20
3789,2026-06-26 06:26:00,抖音信息流,二线,iOS,27
3790,2026-08-07 20:22:00,小红书种草,新一线,iOS,20
3791,2026-07-14 21:22:00,自然流量,新一线,iOS,23
3792,2026-06-21 08:06:00,抖音信息流,新一线,iOS,18
3793,2026-07-26 11:29:00,自然流量,新一线,iOS,24
3794,2026-07-22 10:06:00,自然流量,二线,Android,25
3795,2026-06-13 14:22:00,抖音信息流,一线,Android,19
3796,2026-07-05 20:08:00,小红书种草,一线,Android,24
3797,2026-08-05 16:27:00,小红书种草,一线,iOS,23
3798,2026-06-15 21:44:00,微信分享裂变,新一线,Android,21
3799,2026-07-04 14:26:00,抖音信息流,二线,iOS,21
3800,2026-08-06 05:24:00,自然流量,二线,Android,26
3801,2026-07-15 10:32:00,自然流量,三线及以下,Android,24
3802,2026-06-28 10:05:00,自然流量,新一线,iOS,28
3803,2026-06-25 00:40:00,抖音信息流,新一线,iOS,18
3804,2026-08-07 07:32:00,自然流量,新一线,iOS,23
3805,2026-06-10 15:00:00,自然流量,三线及以下,iOS,20
3806,2026-07-24 10:11:00,自然流量,一线,iOS,24
3807,2026-07-05 11:42:00,小红书种草,新一线,iOS,25
3808,2026-07-16 23:23:00,小红书种草,新一线,Android,18
3809,2026-07-12 20:38:00,高校地推,三线及以下,iOS,26
3810,2026-06-29 15:33:00,微信分享裂变,一线,iOS,34
3811,2026-07-01 15:15:00,抖音信息流,一线,Android,24
3812,2026-07-27 12:36:00,自然流量,新一线,Android,19
3813,2026-08-02 04:28:00,抖音信息流,新一线,iOS,22
3814,2026-06-11 01:24:00,自然流量,一线,Android,22
3815,2026-07-19 11:46:00,抖音信息流,新一线,iOS,20
3816,2026-06-30 18:11:00,抖音信息流,新一线,Android,27
3817,2026-06-12 05:25:00,抖音信息流,新一线,Android,18
3818,2026-07-07 19:55:00,自然流量,新一线,Android,25
3819,2026-07-24 20:47:00,小红书种草,一线,iOS,30
3820,2026-08-06 21:43:00,微信分享裂变,二线,Android,30
3821,2026-07-10 06:42:00,微信分享裂变,新一线,Android,29
3822,2026-06-19 03:55:00,小红书种草,新一线,Android,20
3823,2026-07-18 13:08:00,抖音信息流,新一线,iOS,31
3824,2026-06-20 12:55:00,自然流量,一线,iOS,25
3825,2026-08-16 09:51:00,小红书种草,二线,Android,31
3826,2026-07-12 08:49:00,抖音信息流,新一线,iOS,29
3827,2026-06-13 22:04:00,自然流量,一线,iOS,25
3828,2026-06-30 09:18:00,抖音信息流,三线及以下,iOS,22
3829,2026-07-08 03:11:00,高校地推,三线及以下,iOS,35
3830,2026-06-20 04:40:00,小红书种草,二线,iOS,18
3831,2026-07-19 10:14:00,抖音信息流,新一线,Android,23
3832,2026-07-12 15:11:00,小红书种草,新一线,iOS,18
3833,2026-07-04 23:57:00,抖音信息流,新一线,iOS,24
3834,2026-08-19 13:35:00,抖音信息流,一线,Android,25
3835,2026-07-19 05:59:00,自然流量,新一线,Android,20
3836,2026-07-23 18:08:00,抖音信息流,二线,Android,21
3837,2026-06-30 11:31:00,小红书种草,新一线,Android,18
3838,2026-07-02 07:01:00,自然流量,三线及以下,iOS,26
3839,2026-07-03 02:00:00,微信分享裂变,新一线,Android,21
3840,2026-08-07 02:01:00,自然流量,新一线,Android,26
3841,2026-07-14 18:20:00,小红书种草,新一线,iOS,21
3842,2026-06-03 14:46:00,小红书种草,二线,Android,25
3843,2026-07-19 16:58:00,小红书种草,一线,Android,27
3844,2026-07-07 14:53:00,小红书种草,新一线,Android,26
3845,2026-07-21 12:52:00,高校地推,二线,Android,25
3846,2026-07-24 05:29:00,抖音信息流,新一线,Android,23
3847,2026-07-24 22:34:00,小红书种草,一线,iOS,26
3848,2026-07-17 01:21:00,小红书种草,二线,Android,20
3849,2026-06-10 10:48:00,自然流量,三线及以下,iOS,23
3850,2026-07-10 13:06:00,自然流量,新一线,Android,25
3851,2026-07-19 09:52:00,抖音信息流,二线,iOS,31
3852,2026-07-13 01:40:00,自然流量,一线,iOS,20
3853,2026-06-08 10:03:00,抖音信息流,新一线,Android,19
3854,2026-06-22 21:25:00,抖音信息流,一线,Android,25
3855,2026-06-25 09:49:00,小红书种草,三线及以下,Android,30
3856,2026-08-07 19:48:00,自然流量,一线,iOS,28
3857,2026-07-21 12:21:00,微信分享裂变,三线及以下,Android,24
3858,2026-07-22 11:19:00,抖音信息流,新一线,Android,30
3859,2026-07-05 08:24:00,小红书种草,新一线,Android,18
3860,2026-07-26 10:58:00,自然流量,新一线,Android,29
3861,2026-07-21 06:16:00,抖音信息流,一线,Android,22
3862,2026-07-15 12:29:00,自然流量,一线,Android,27
3863,2026-08-07 06:36:00,小红书种草,新一线,Android,29
3864,2026-07-30 02:25:00,抖音信息流,二线,Android,24
3865,2026-07-30 14:34:00,高校地推,二线,iOS,24
3866,2026-07-06 19:37:00,抖音信息流,三线及以下,Android,22
3867,2026-08-11 23:41:00,抖音信息流,一线,iOS,32
3868,2026-08-20 03:49:00,自然流量,二线,Android,25
3869,2026-06-23 00:21:00,小红书种草,一线,iOS,25
3870,2026-06-07 09:37:00,抖音信息流,新一线,iOS,31
3871,2026-08-06 18:18:00,抖音信息流,一线,Android,21
3872,2026-07-14 07:16:00,自然流量,三线及以下,Android,22
3873,2026-06-16 20:36:00,自然流量,新一线,Android,28
3874,2026-06-15 19:07:00,自然流量,新一线,iOS,32
3875,2026-07-06 22:12:00,高校地推,一线,iOS,24
3876,2026-06-21 11:29:00,抖音信息流,新一线,iOS,25
3877,2026-07-06 12:09:00,自然流量,一线,Android,18
3878,2026-07-23 21:57:00,高校地推,二线,Android,30
3879,2026-06-09 00:08:00,自然流量,新一线,Android,18
3880,2026-06-05 07:17:00,抖音信息流,一线,Android,21
3881,2026-07-01 13:39:00,小红书种草,一线,iOS,24
3882,2026-07-01 10:05:00,高校地推,一线,iOS,20
3883,2026-07-19 05:04:00,小红书种草,新一线,Android,18
3884,2026-06-14 07:34:00,抖音信息流,一线,Android,18
3885,2026-07-16 14:35:00,高校地推,一线,iOS,24
3886,2026-07-15 03:57:00,自然流量,一线,iOS,31
3887,2026-07-29 06:36:00,高校地推,一线,Android,31
3888,2026-07-27 22:39:00,微信分享裂变,新一线,Android,25
3889,2026-06-28 13:22:00,高校地推,二线,Android,24
3890,2026-07-12 17:25:00,自然流量,一线,iOS,27
3891,2026-06-28 07:19:00,自然流量,新一线,Android,30
3892,2026-07-03 09:17:00,小红书种草,新一线,Android,24
3893,2026-06-23 19:36:00,抖音信息流,新一线,iOS,24
3894,2026-07-20 23:36:00,抖音信息流,三线及以下,iOS,25
3895,2026-08-18 00:23:00,高校地推,二线,iOS,29
3896,2026-06-08 23:42:00,小红书种草,新一线,Android,18
3897,2026-07-20 21:43:00,抖音信息流,新一线,iOS,24
3898,2026-07-13 01:39:00,抖音信息流,新一线,Android,26
3899,2026-07-18 00:14:00,自然流量,一线,Android,18
3900,2026-06-18 06:51:00,自然流量,一线,Android,28
3901,2026-06-08 07:43:00,自然流量,二线,Android,29
3902,2026-06-24 15:09:00,微信分享裂变,三线及以下,iOS,18
3903,2026-06-23 09:21:00,小红书种草,三线及以下,Android,21
3904,2026-07-28 17:26:00,抖音信息流,新一线,Android,22
3905,2026-07-15 02:32:00,抖音信息流,三线及以下,iOS,19
3906,2026-07-03 21:26:00,小红书种草,二线,iOS,20
3907,2026-07-03 22:43:00,微信分享裂变,新一线,iOS,21
3908,2026-08-04 20:36:00,微信分享裂变,三线及以下,Android,27
3909,2026-07-03 20:47:00,抖音信息流,三线及以下,iOS,30
3910,2026-07-20 18:32:00,微信分享裂变,新一线,Android,26
3911,2026-08-10 01:36:00,抖音信息流,二线,Android,19
3912,2026-07-19 00:23:00,抖音信息流,二线,iOS,27
3913,2026-07-06 15:38:00,微信分享裂变,新一线,iOS,27
3914,2026-06-09 09:39:00,抖音信息流,新一线,Android,18
3915,2026-06-16 17:50:00,抖音信息流,一线,Android,30
3916,2026-06-20 02:30:00,抖音信息流,三线及以下,Android,24
3917,2026-07-28 21:19:00,抖音信息流,一线,Android,24
3918,2026-08-02 07:29:00,抖音信息流,一线,iOS,18
3919,2026-07-05 17:51:00,小红书种草,新一线,iOS,32
3920,2026-06-16 02:16:00,抖音信息流,新一线,iOS,25
3921,2026-07-11 03:31:00,自然流量,一线,Android,27
3922,2026-07-13 16:23:00,微信分享裂变,一线,iOS,18
3923,2026-06-25 21:20:00,抖音信息流,三线及以下,Android,26
3924,2026-08-04 07:57:00,高校地推,新一线,Android,26
3925,2026-08-05 02:58:00,自然流量,三线及以下,Android,23
3926,2026-06-30 00:31:00,抖音信息流,三线及以下,iOS,18
3927,2026-07-12 05:08:00,抖音信息流,新一线,iOS,23
3928,2026-06-27 04:05:00,微信分享裂变,新一线,iOS,19
3929,2026-06-29 11:28:00,自然流量,一线,iOS,20
3930,2026-07-06 23:21:00,高校地推,三线及以下,Android,29
3931,2026-06-18 13:48:00,抖音信息流,新一线,Android,24
3932,2026-07-04 10:01:00,小红书种草,二线,Android,23
3933,2026-07-22 22:42:00,抖音信息流,三线及以下,Android,18
3934,2026-06-13 03:02:00,自然流量,一线,iOS,23
3935,2026-06-18 02:35:00,抖音信息流,三线及以下,iOS,23
3936,2026-07-25 13:32:00,自然流量,二线,Android,19
3937,2026-06-09 15:58:00,抖音信息流,新一线,iOS,29
3938,2026-07-16 23:14:00,小红书种草,三线及以下,iOS,29
3939,2026-07-02 13:25:00,抖音信息流,新一线,Android,20
3940,2026-07-04 14:07:00,自然流量,新一线,iOS,25
3941,2026-07-07 22:26:00,自然流量,一线,Android,18
3942,2026-06-04 02:14:00,自然流量,二线,iOS,25
3943,2026-07-04 19:37:00,自然流量,二线,Android,27
3944,2026-06-20 15:22:00,小红书种草,一线,iOS,18
3945,2026-07-17 14:35:00,自然流量,新一线,Android,24
3946,2026-07-07 15:10:00,微信分享裂变,一线,iOS,24
3947,2026-06-27 10:12:00,自然流量,新一线,iOS,38
3948,2026-06-25 02:40:00,自然流量,新一线,Android,36
3949,2026-07-19 20:30:00,微信分享裂变,二线,Android,25
3950,2026-08-15 23:20:00,自然流量,一线,iOS,20
3951,2026-07-23 08:00:00,抖音信息流,一线,iOS,25
3952,2026-07-17 12:30:00,高校地推,一线,Android,29
3953,2026-06-08 21:12:00,高校地推,三线及以下,Android,18
3954,2026-07-05 21:42:00,小红书种草,新一线,Android,18
3955,2026-07-21 21:34:00,自然流量,一线,Android,18
3956,2026-06-17 09:52:00,小红书种草,一线,iOS,27
3957,2026-06-25 13:27:00,高校地推,一线,Android,28
3958,2026-07-31 06:28:00,高校地推,二线,Android,26
3959,2026-06-29 12:57:00,自然流量,新一线,iOS,29
3960,2026-08-06 15:15:00,抖音信息流,二线,iOS,23
3961,2026-08-18 04:39:00,抖音信息流,一线,iOS,22
3962,2026-07-30 19:46:00,自然流量,新一线,Android,25
3963,2026-06-12 22:33:00,小红书种草,新一线,Android,32
3964,2026-08-07 15:50:00,自然流量,一线,Android,26
3965,2026-06-11 17:07:00,抖音信息流,一线,Android,23
3966,2026-07-08 11:04:00,自然流量,一线,Android,26
3967,2026-06-29 14:30:00,抖音信息流,二线,Android,31
3968,2026-07-05 10:56:00,自然流量,新一线,Android,22
3969,2026-07-20 11:01:00,抖音信息流,新一线,iOS,21
3970,2026-06-16 09:41:00,自然流量,新一线,Android,21
3971,2026-07-29 16:18:00,高校地推,一线,Android,28
3972,2026-06-22 10:40:00,自然流量,二线,iOS,20
3973,2026-07-08 04:22:00,抖音信息流,二线,iOS,27
3974,2026-06-08 13:29:00,自然流量,一线,Android,18
3975,2026-06-23 17:24:00,自然流量,三线及以下,iOS,22
3976,2026-06-18 09:41:00,自然流量,新一线,Android,23
3977,2026-06-26 08:05:00,自然流量,新一线,Android,32
3978,2026-06-25 18:01:00,自然流量,新一线,Android,28
3979,2026-06-24 01:01:00,抖音信息流,二线,Android,22
3980,2026-07-04 09:04:00,小红书种草,一线,iOS,21
3981,2026-06-06 06:15:00,自然流量,一线,Android,20
3982,2026-07-10 04:16:00,抖音信息流,三线及以下,iOS,18
3983,2026-06-21 05:15:00,小红书种草,三线及以下,iOS,32
3984,2026-07-19 20:17:00,自然流量,二线,Android,20
3985,2026-06-27 06:46:00,抖音信息流,一线,Android,32
3986,2026-07-13 13:14:00,自然流量,新一线,Android,24
3987,2026-06-18 14:55:00,自然流量,新一线,Android,23
3988,2026-07-19 23:09:00,抖音信息流,一线,Android,24
3989,2026-06-21 14:05:00,高校地推,一线,Android,30
3990,2026-07-05 01:35:00,高校地推,三线及以下,iOS,19
3991,2026-07-14 21:45:00,高校地推,一线,iOS,26
3992,2026-08-05 00:35:00,抖音信息流,一线,iOS,23
3993,2026-06-25 17:00:00,自然流量,一线,Android,26
3994,2026-06-16 13:59:00,抖音信息流,新一线,Android,22
3995,2026-07-06 11:34:00,自然流量,二线,Android,22
3996,2026-06-24 10:50:00,自然流量,一线,iOS,26
3997,2026-07-28 15:20:00,自然流量,二线,Android,18
3998,2026-06-12 03:32:00,抖音信息流,一线,Android,30
3999,2026-07-12 21:10:00,抖音信息流,新一线,iOS,24
4000,2026-07-01 04:01:00,自然流量,一线,Android,21
4001,2026-07-14 02:30:00,小红书种草,新一线,Android,25
4002,2026-06-28 21:59:00,抖音信息流,三线及以下,Android,20
4003,2026-06-19 00:42:00,微信分享裂变,二线,Android,24
4004,2026-06-22 04:03:00,自然流量,一线,Android,24
4005,2026-06-11 10:36:00,抖音信息流,三线及以下,iOS,30
4006,2026-07-03 15:33:00,自然流量,二线,iOS,25
4007,2026-07-01 21:23:00,抖音信息流,新一线,iOS,18
4008,2026-07-04 18:50:00,自然流量,三线及以下,Android,26
4009,2026-06-24 23:23:00,自然流量,二线,iOS,27
4010,2026-07-06 08:40:00,小红书种草,二线,iOS,18
4011,2026-07-24 23:16:00,自然流量,一线,Android,18
4012,2026-06-17 20:18:00,自然流量,一线,iOS,34
4013,2026-07-11 06:42:00,高校地推,三线及以下,iOS,22
4014,2026-07-22 08:31:00,自然流量,二线,Android,22
4015,2026-06-15 00:32:00,抖音信息流,二线,Android,23
4016,2026-06-28 18:21:00,抖音信息流,二线,Android,20
4017,2026-07-12 10:21:00,自然流量,三线及以下,iOS,18
4018,2026-08-16 20:27:00,抖音信息流,新一线,iOS,18
4019,2026-06-07 09:33:00,自然流量,新一线,Android,20
4020,2026-06-08 11:57:00,小红书种草,一线,Android,21
4021,2026-08-06 17:24:00,自然流量,一线,Android,20
4022,2026-07-10 08:42:00,自然流量,新一线,iOS,18
4023,2026-06-13 05:22:00,抖音信息流,新一线,Android,21
4024,2026-06-23 19:05:00,高校地推,一线,Android,29
4025,2026-07-23 09:57:00,微信分享裂变,新一线,Android,20
4026,2026-06-12 21:43:00,高校地推,新一线,iOS,23
4027,2026-07-04 05:02:00,小红书种草,新一线,iOS,31
4028,2026-06-20 18:30:00,小红书种草,新一线,iOS,20
4029,2026-06-18 07:35:00,抖音信息流,一线,Android,39
4030,2026-06-23 18:45:00,高校地推,二线,Android,28
4031,2026-07-09 07:01:00,抖音信息流,新一线,iOS,24
4032,2026-06-28 21:20:00,抖音信息流,新一线,Android,22
4033,2026-07-25 08:59:00,小红书种草,新一线,Android,30
4034,2026-07-27 21:49:00,抖音信息流,一线,iOS,20
4035,2026-07-26 02:24:00,自然流量,二线,Android,21
4036,2026-07-05 14:43:00,抖音信息流,三线及以下,Android,32
4037,2026-07-11 04:48:00,抖音信息流,一线,Android,22
4038,2026-06-20 21:51:00,微信分享裂变,一线,Android,21
4039,2026-08-08 00:49:00,抖音信息流,二线,Android,20
4040,2026-07-18 04:21:00,微信分享裂变,二线,iOS,18
4041,2026-07-11 18:13:00,抖音信息流,一线,iOS,29
4042,2026-06-25 12:33:00,小红书种草,新一线,iOS,23
4043,2026-08-07 11:15:00,自然流量,三线及以下,iOS,29
4044,2026-06-25 08:44:00,高校地推,一线,Android,23
4045,2026-07-28 03:10:00,抖音信息流,二线,Android,21
4046,2026-07-14 06:04:00,自然流量,二线,Android,20
4047,2026-07-16 11:55:00,自然流量,一线,Android,27
4048,2026-06-17 04:09:00,自然流量,三线及以下,iOS,19
4049,2026-06-11 07:58:00,抖音信息流,三线及以下,iOS,25
4050,2026-08-10 06:03:00,小红书种草,二线,iOS,24
4051,2026-08-14 12:40:00,高校地推,新一线,Android,18
4052,2026-07-08 05:55:00,小红书种草,新一线,iOS,21
4053,2026-06-24 00:32:00,抖音信息流,新一线,iOS,24
4054,2026-07-18 18:04:00,抖音信息流,一线,iOS,22
4055,2026-07-12 20:06:00,微信分享裂变,一线,iOS,33
4056,2026-08-02 10:11:00,微信分享裂变,一线,iOS,25
4057,2026-06-16 22:34:00,自然流量,新一线,Android,23
4058,2026-07-09 06:30:00,高校地推,二线,Android,22
4059,2026-06-29 07:27:00,抖音信息流,三线及以下,iOS,22
4060,2026-06-07 17:58:00,微信分享裂变,新一线,iOS,20
4061,2026-06-14 17:05:00,高校地推,新一线,Android,19
4062,2026-06-21 17:30:00,小红书种草,新一线,iOS,26
4063,2026-07-24 23:35:00,自然流量,新一线,iOS,31
4064,2026-07-03 13:21:00,小红书种草,二线,Android,21
4065,2026-07-19 06:47:00,自然流量,一线,iOS,26
4066,2026-07-09 08:00:00,微信分享裂变,一线,Android,20
4067,2026-08-06 11:58:00,自然流量,一线,Android,24
4068,2026-06-03 02:30:00,小红书种草,三线及以下,Android,18
4069,2026-06-15 18:59:00,高校地推,三线及以下,iOS,19
4070,2026-08-01 07:08:00,自然流量,新一线,Android,19
4071,2026-07-06 00:47:00,抖音信息流,新一线,Android,23
4072,2026-07-19 07:51:00,小红书种草,新一线,Android,18
4073,2026-07-06 14:41:00,抖音信息流,新一线,iOS,18
4074,2026-07-17 03:53:00,自然流量,一线,Android,18
4075,2026-07-12 18:20:00,自然流量,一线,Android,23
4076,2026-07-17 03:23:00,抖音信息流,一线,iOS,20
4077,2026-06-17 19:50:00,小红书种草,三线及以下,iOS,21
4078,2026-06-11 16:15:00,抖音信息流,二线,Android,25
4079,2026-06-14 14:25:00,自然流量,二线,Android,19
4080,2026-07-26 01:05:00,抖音信息流,二线,Android,23
4081,2026-07-26 01:24:00,抖音信息流,新一线,Android,34
4082,2026-08-07 12:33:00,自然流量,二线,iOS,22
4083,2026-07-08 10:47:00,小红书种草,二线,iOS,22
4084,2026-07-23 18:31:00,抖音信息流,一线,Android,25
4085,2026-08-20 20:06:00,抖音信息流,一线,Android,19
4086,2026-08-12 16:34:00,高校地推,新一线,Android,21
4087,2026-06-22 19:38:00,抖音信息流,一线,iOS,23
4088,2026-06-25 06:45:00,小红书种草,二线,Android,24
4089,2026-06-28 10:31:00,自然流量,二线,Android,19
4090,2026-06-14 11:35:00,自然流量,二线,iOS,26
4091,2026-07-02 13:08:00,自然流量,一线,Android,31
4092,2026-06-26 06:42:00,微信分享裂变,一线,iOS,18
4093,2026-06-25 11:30:00,微信分享裂变,三线及以下,iOS,25
4094,2026-08-20 22:33:00,自然流量,三线及以下,Android,23
4095,2026-06-27 23:43:00,自然流量,一线,iOS,22
4096,2026-08-20 11:58:00,抖音信息流,三线及以下,Android,25
4097,2026-06-15 04:01:00,小红书种草,三线及以下,Android,30
4098,2026-06-19 20:56:00,小红书种草,一线,iOS,25
4099,2026-07-30 18:36:00,小红书种草,新一线,Android,28
4100,2026-07-12 23:23:00,高校地推,三线及以下,iOS,23
4101,2026-07-27 04:54:00,自然流量,二线,iOS,25
4102,2026-07-16 00:47:00,小红书种草,新一线,iOS,21
4103,2026-06-27 11:05:00,抖音信息流,三线及以下,Android,24
4104,2026-06-15 07:51:00,抖音信息流,三线及以下,iOS,22
4105,2026-07-06 05:15:00,高校地推,一线,iOS,24
4106,2026-07-08 03:50:00,自然流量,新一线,Android,18
4107,2026-06-01 16:38:00,小红书种草,三线及以下,Android,18
4108,2026-07-21 08:48:00,小红书种草,一线,Android,29
4109,2026-08-06 19:13:00,高校地推,一线,iOS,30
4110,2026-07-30 15:07:00,抖音信息流,三线及以下,Android,18
4111,2026-06-28 08:39:00,抖音信息流,二线,Android,21
4112,2026-06-15 02:51:00,微信分享裂变,一线,iOS,20
4113,2026-08-06 03:13:00,微信分享裂变,一线,iOS,25
4114,2026-08-06 02:16:00,抖音信息流,二线,iOS,23
4115,2026-06-24 23:36:00,微信分享裂变,一线,Android,27
4116,2026-07-09 04:57:00,自然流量,一线,Android,18
4117,2026-07-25 07:19:00,小红书种草,三线及以下,iOS,25
4118,2026-06-22 04:43:00,微信分享裂变,二线,iOS,22
4119,2026-06-28 05:19:00,抖音信息流,新一线,Android,20
4120,2026-06-18 19:48:00,抖音信息流,新一线,Android,26
4121,2026-07-01 13:54:00,高校地推,新一线,Android,22
4122,2026-07-04 09:15:00,微信分享裂变,一线,iOS,23
4123,2026-06-15 04:22:00,微信分享裂变,三线及以下,Android,30
4124,2026-07-26 03:00:00,抖音信息流,新一线,iOS,24
4125,2026-06-24 11:23:00,高校地推,新一线,iOS,33
4126,2026-07-13 20:48:00,自然流量,新一线,Android,18
4127,2026-06-18 12:53:00,抖音信息流,新一线,iOS,23
4128,2026-07-10 12:09:00,抖音信息流,一线,Android,18
4129,2026-07-23 03:05:00,微信分享裂变,新一线,iOS,19
4130,2026-08-07 21:22:00,高校地推,新一线,Android,20
4131,2026-07-31 21:24:00,小红书种草,二线,iOS,28
4132,2026-06-18 08:49:00,小红书种草,二线,iOS,21
4133,2026-06-15 15:41:00,抖音信息流,一线,iOS,18
4134,2026-07-07 21:24:00,抖音信息流,新一线,Android,27
4135,2026-06-24 10:30:00,抖音信息流,新一线,Android,18
4136,2026-07-07 12:28:00,自然流量,新一线,Android,32
4137,2026-06-23 16:24:00,抖音信息流,三线及以下,Android,18
4138,2026-06-23 14:21:00,微信分享裂变,二线,Android,22
4139,2026-06-26 03:45:00,小红书种草,一线,iOS,33
4140,2026-07-06 05:19:00,微信分享裂变,二线,iOS,22
4141,2026-07-11 17:38:00,抖音信息流,一线,Android,26
4142,2026-06-17 08:32:00,抖音信息流,一线,Android,23
4143,2026-07-18 14:30:00,自然流量,一线,iOS,23
4144,2026-07-18 12:01:00,抖音信息流,新一线,iOS,19
4145,2026-07-19 06:56:00,抖音信息流,新一线,Android,26
4146,2026-06-27 06:30:00,自然流量,新一线,iOS,30
4147,2026-07-17 07:43:00,自然流量,新一线,iOS,18
4148,2026-07-29 20:20:00,小红书种草,一线,Android,19
4149,2026-07-02 14:51:00,抖音信息流,新一线,Android,21
4150,2026-06-19 05:33:00,抖音信息流,一线,iOS,19
4151,2026-07-02 01:22:00,自然流量,新一线,Android,27
4152,2026-08-02 03:58:00,抖音信息流,新一线,iOS,20
4153,2026-08-01 14:18:00,抖音信息流,一线,iOS,24
4154,2026-08-07 06:27:00,抖音信息流,新一线,Android,31
4155,2026-07-12 12:59:00,小红书种草,二线,Android,18
4156,2026-07-31 14:48:00,自然流量,一线,Android,25
4157,2026-07-29 04:29:00,高校地推,二线,iOS,23
4158,2026-07-25 11:12:00,自然流量,一线,iOS,23
4159,2026-06-18 12:28:00,抖音信息流,二线,Android,19
4160,2026-07-05 19:15:00,自然流量,一线,iOS,22
4161,2026-06-14 06:30:00,抖音信息流,三线及以下,iOS,23
4162,2026-08-05 02:13:00,自然流量,一线,iOS,23
4163,2026-07-05 19:45:00,微信分享裂变,三线及以下,iOS,27
4164,2026-06-30 15:39:00,抖音信息流,一线,Android,18
4165,2026-07-30 21:41:00,小红书种草,二线,iOS,18
4166,2026-07-14 13:01:00,自然流量,一线,iOS,18
4167,2026-06-28 14:00:00,自然流量,一线,iOS,24
4168,2026-06-29 06:53:00,抖音信息流,一线,Android,27
4169,2026-06-06 02:55:00,抖音信息流,一线,iOS,18
4170,2026-08-08 02:20:00,抖音信息流,新一线,iOS,18
4171,2026-08-12 03:18:00,高校地推,新一线,iOS,33
4172,2026-08-13 21:05:00,小红书种草,新一线,iOS,30
4173,2026-06-15 20:00:00,高校地推,新一线,Android,30
4174,2026-07-18 10:46:00,自然流量,一线,iOS,25
4175,2026-07-19 18:11:00,微信分享裂变,二线,Android,27
4176,2026-07-22 22:42:00,抖音信息流,二线,Android,22
4177,2026-07-01 08:32:00,小红书种草,一线,Android,18
4178,2026-07-13 05:49:00,高校地推,二线,Android,18
4179,2026-07-14 04:17:00,小红书种草,一线,iOS,24
4180,2026-07-28 11:55:00,微信分享裂变,新一线,iOS,28
4181,2026-08-01 10:34:00,小红书种草,二线,iOS,23
4182,2026-06-23 19:23:00,自然流量,二线,iOS,27
4183,2026-06-18 06:01:00,小红书种草,新一线,iOS,23
4184,2026-07-19 15:04:00,抖音信息流,新一线,Android,25
4185,2026-06-05 09:26:00,高校地推,新一线,iOS,27
4186,2026-07-29 05:48:00,微信分享裂变,新一线,Android,30
4187,2026-07-18 23:41:00,自然流量,三线及以下,iOS,25
4188,2026-08-04 19:57:00,自然流量,二线,iOS,33
4189,2026-07-02 05:38:00,自然流量,一线,Android,22
4190,2026-07-03 05:33:00,抖音信息流,新一线,Android,30
4191,2026-06-30 00:17:00,自然流量,新一线,Android,26
4192,2026-07-05 20:19:00,小红书种草,二线,Android,18
4193,2026-06-22 23:40:00,抖音信息流,一线,iOS,31
4194,2026-07-01 07:48:00,微信分享裂变,二线,Android,19
4195,2026-07-31 16:32:00,自然流量,新一线,Android,22
4196,2026-08-07 09:31:00,抖音信息流,一线,iOS,28
4197,2026-06-16 13:07:00,自然流量,一线,Android,20
4198,2026-06-13 21:48:00,微信分享裂变,二线,iOS,23
4199,2026-08-14 02:49:00,自然流量,二线,iOS,27
4200,2026-07-02 10:10:00,自然流量,一线,Android,19
4201,2026-06-09 22:32:00,自然流量,一线,Android,22
4202,2026-07-14 18:04:00,微信分享裂变,一线,Android,22
4203,2026-06-27 07:32:00,自然流量,新一线,iOS,28
4204,2026-06-15 01:20:00,小红书种草,新一线,Android,31
4205,2026-07-07 15:58:00,小红书种草,一线,Android,18
4206,2026-07-03 21:07:00,小红书种草,二线,iOS,24
4207,2026-07-08 21:03:00,自然流量,一线,Android,21
4208,2026-06-25 00:12:00,自然流量,二线,Android,24
4209,2026-07-31 00:35:00,抖音信息流,三线及以下,Android,32
4210,2026-07-22 01:49:00,自然流量,一线,Android,25
4211,2026-07-08 09:57:00,小红书种草,三线及以下,Android,21
4212,2026-07-09 15:17:00,抖音信息流,二线,Android,18
4213,2026-07-09 01:55:00,抖音信息流,三线及以下,iOS,28
4214,2026-07-12 00:28:00,自然流量,一线,iOS,21
4215,2026-06-30 04:47:00,抖音信息流,三线及以下,Android,20
4216,2026-07-17 05:59:00,自然流量,新一线,iOS,25
4217,2026-07-16 10:15:00,小红书种草,一线,Android,26
4218,2026-06-10 16:26:00,自然流量,三线及以下,iOS,22
4219,2026-07-12 10:08:00,高校地推,三线及以下,iOS,19
4220,2026-07-16 21:14:00,小红书种草,一线,Android,30
4221,2026-07-01 14:13:00,自然流量,新一线,iOS,27
4222,2026-06-30 10:21:00,自然流量,三线及以下,iOS,28
4223,2026-07-30 11:17:00,抖音信息流,新一线,iOS,22
4224,2026-06-05 04:33:00,自然流量,新一线,Android,19
4225,2026-07-05 20:00:00,自然流量,一线,iOS,21
4226,2026-07-25 21:48:00,微信分享裂变,新一线,Android,18
4227,2026-07-15 13:38:00,小红书种草,新一线,Android,22
4228,2026-06-12 23:51:00,自然流量,二线,Android,20
4229,2026-07-04 06:19:00,抖音信息流,新一线,iOS,23
4230,2026-06-27 13:42:00,自然流量,新一线,iOS,24
4231,2026-07-08 22:15:00,高校地推,一线,Android,24
4232,2026-06-24 17:15:00,自然流量,二线,iOS,21
4233,2026-07-06 17:27:00,小红书种草,一线,Android,18
4234,2026-07-09 14:39:00,微信分享裂变,新一线,Android,18
4235,2026-06-27 18:30:00,自然流量,二线,Android,24
4236,2026-07-05 08:32:00,自然流量,二线,Android,24
4237,2026-06-06 08:08:00,抖音信息流,一线,Android,18
4238,2026-06-06 09:00:00,微信分享裂变,二线,iOS,31
4239,2026-06-25 13:26:00,抖音信息流,一线,iOS,28
4240,2026-07-07 06:34:00,小红书种草,一线,Android,18
4241,2026-08-17 16:31:00,微信分享裂变,二线,Android,25
4242,2026-07-16 07:11:00,微信分享裂变,一线,iOS,23
4243,2026-07-22 01:16:00,抖音信息流,新一线,iOS,25
4244,2026-06-14 16:13:00,抖音信息流,三线及以下,Android,24
4245,2026-07-05 15:20:00,小红书种草,一线,iOS,27
4246,2026-07-07 07:31:00,自然流量,二线,iOS,31
4247,2026-06-28 03:31:00,微信分享裂变,新一线,iOS,25
4248,2026-06-24 04:24:00,自然流量,新一线,iOS,26
4249,2026-07-03 15:29:00,自然流量,新一线,iOS,31
4250,2026-07-23 12:31:00,微信分享裂变,新一线,iOS,21
4251,2026-06-14 10:30:00,抖音信息流,二线,iOS,19
4252,2026-07-28 08:10:00,自然流量,二线,Android,27
4253,2026-07-09 23:08:00,自然流量,新一线,Android,18
4254,2026-06-26 15:50:00,抖音信息流,二线,iOS,19
4255,2026-06-19 23:22:00,微信分享裂变,新一线,iOS,31
4256,2026-07-13 09:46:00,自然流量,二线,iOS,18
4257,2026-06-13 11:51:00,自然流量,一线,Android,25
4258,2026-07-10 16:08:00,抖音信息流,一线,iOS,18
4259,2026-07-13 21:10:00,高校地推,一线,Android,26
4260,2026-06-04 08:21:00,自然流量,新一线,Android,33
4261,2026-07-13 08:12:00,高校地推,一线,Android,18
4262,2026-06-10 12:03:00,微信分享裂变,新一线,iOS,18
4263,2026-06-02 13:56:00,自然流量,三线及以下,Android,25
4264,2026-06-29 20:59:00,微信分享裂变,一线,iOS,20
4265,2026-07-18 21:37:00,小红书种草,新一线,Android,23
4266,2026-07-06 10:37:00,抖音信息流,一线,Android,25
4267,2026-07-15 02:50:00,抖音信息流,新一线,Android,26
4268,2026-07-24 22:57:00,微信分享裂变,一线,Android,26
4269,2026-07-28 07:53:00,微信分享裂变,三线及以下,Android,23
4270,2026-06-24 08:02:00,小红书种草,一线,Android,26
4271,2026-06-24 00:47:00,高校地推,三线及以下,Android,23
4272,2026-06-24 14:04:00,抖音信息流,一线,iOS,22
4273,2026-06-20 08:12:00,微信分享裂变,二线,iOS,23
4274,2026-07-05 08:36:00,微信分享裂变,一线,iOS,26
4275,2026-08-03 13:08:00,自然流量,一线,iOS,20
4276,2026-08-03 06:37:00,自然流量,三线及以下,iOS,25
4277,2026-06-30 13:52:00,抖音信息流,一线,iOS,21
4278,2026-06-18 07:01:00,微信分享裂变,新一线,iOS,20
4279,2026-06-29 17:22:00,自然流量,二线,Android,29
4280,2026-07-10 11:02:00,小红书种草,新一线,Android,25
4281,2026-07-11 23:58:00,自然流量,一线,Android,25
4282,2026-07-10 04:02:00,抖音信息流,三线及以下,iOS,19
4283,2026-07-06 07:01:00,小红书种草,新一线,iOS,22
4284,2026-07-07 04:46:00,自然流量,三线及以下,Android,27
4285,2026-08-13 15:49:00,微信分享裂变,二线,Android,25
4286,2026-08-13 11:15:00,自然流量,二线,iOS,36
4287,2026-06-30 19:44:00,高校地推,新一线,iOS,25
4288,2026-07-05 09:45:00,自然流量,一线,Android,20
4289,2026-06-26 15:33:00,高校地推,三线及以下,Android,21
4290,2026-08-07 02:33:00,小红书种草,二线,Android,19
4291,2026-07-30 17:35:00,自然流量,二线,iOS,20
4292,2026-06-12 19:41:00,自然流量,三线及以下,iOS,24
4293,2026-07-23 16:29:00,自然流量,一线,iOS,21
4294,2026-08-01 02:33:00,小红书种草,一线,Android,30
4295,2026-08-05 00:00:00,微信分享裂变,一线,iOS,28
4296,2026-06-20 06:05:00,抖音信息流,新一线,iOS,28
4297,2026-07-15 02:53:00,抖音信息流,新一线,Android,22
4298,2026-06-25 18:10:00,小红书种草,一线,iOS,28
4299,2026-06-27 17:40:00,抖音信息流,新一线,iOS,29
4300,2026-06-26 22:34:00,小红书种草,一线,Android,31
4301,2026-06-10 05:31:00,抖音信息流,新一线,Android,21
4302,2026-07-08 09:05:00,小红书种草,一线,Android,24
4303,2026-07-10 07:29:00,高校地推,一线,iOS,20
4304,2026-07-09 09:15:00,抖音信息流,新一线,Android,37
4305,2026-07-21 10:29:00,自然流量,一线,Android,22
4306,2026-07-31 22:37:00,自然流量,新一线,Android,30
4307,2026-06-07 13:42:00,抖音信息流,新一线,iOS,24
4308,2026-06-17 10:29:00,抖音信息流,三线及以下,Android,28
4309,2026-06-18 23:24:00,高校地推,一线,Android,23
4310,2026-08-06 06:46:00,小红书种草,一线,Android,28
4311,2026-07-16 23:17:00,抖音信息流,二线,Android,25
4312,2026-07-15 16:55:00,微信分享裂变,一线,iOS,32
4313,2026-07-05 19:32:00,自然流量,新一线,Android,25
4314,2026-06-08 17:46:00,微信分享裂变,二线,iOS,20
4315,2026-07-18 11:04:00,自然流量,一线,iOS,26
4316,2026-07-07 02:56:00,小红书种草,三线及以下,iOS,24
4317,2026-06-14 07:29:00,高校地推,新一线,Android,19
4318,2026-06-27 13:54:00,微信分享裂变,二线,Android,25
4319,2026-06-16 01:37:00,微信分享裂变,三线及以下,Android,20
4320,2026-07-19 02:42:00,抖音信息流,三线及以下,Android,22
4321,2026-06-30 05:32:00,微信分享裂变,一线,Android,24
4322,2026-07-11 08:45:00,抖音信息流,新一线,Android,18
4323,2026-07-18 18:31:00,小红书种草,新一线,Android,21
4324,2026-06-17 09:49:00,自然流量,新一线,iOS,28
4325,2026-06-10 15:29:00,自然流量,二线,Android,23
4326,2026-06-09 16:30:00,抖音信息流,新一线,Android,18
4327,2026-07-17 05:54:00,自然流量,新一线,Android,23
4328,2026-08-02 13:00:00,小红书种草,新一线,Android,26
4329,2026-07-13 05:38:00,微信分享裂变,一线,iOS,22
4330,2026-06-22 21:03:00,高校地推,新一线,Android,22
4331,2026-07-15 17:55:00,自然流量,一线,Android,21
4332,2026-06-07 19:40:00,高校地推,新一线,iOS,27
4333,2026-06-27 16:08:00,自然流量,一线,Android,19
4334,2026-08-02 06:46:00,抖音信息流,二线,Android,26
4335,2026-06-27 00:37:00,微信分享裂变,一线,iOS,22
4336,2026-07-13 04:28:00,自然流量,新一线,Android,30
4337,2026-08-17 02:58:00,自然流量,新一线,iOS,21
4338,2026-06-17 05:46:00,自然流量,新一线,Android,18
4339,2026-08-05 01:12:00,抖音信息流,新一线,Android,27
4340,2026-06-30 13:19:00,微信分享裂变,二线,iOS,26
4341,2026-06-23 22:52:00,自然流量,一线,iOS,26
4342,2026-06-15 03:56:00,自然流量,二线,iOS,28
4343,2026-07-15 11:33:00,抖音信息流,新一线,iOS,18
4344,2026-06-11 14:54:00,自然流量,二线,Android,20
4345,2026-06-10 03:17:00,小红书种草,三线及以下,Android,30
4346,2026-06-20 03:57:00,高校地推,二线,Android,26
4347,2026-07-19 12:04:00,微信分享裂变,一线,Android,21
4348,2026-06-26 15:13:00,微信分享裂变,新一线,Android,18
4349,2026-06-21 21:02:00,抖音信息流,新一线,iOS,18
4350,2026-07-27 03:55:00,微信分享裂变,一线,Android,19
4351,2026-06-08 23:18:00,自然流量,新一线,iOS,21
4352,2026-07-31 11:45:00,自然流量,二线,Android,25
4353,2026-07-06 05:39:00,小红书种草,二线,Android,18
4354,2026-06-29 15:45:00,自然流量,一线,Android,21
4355,2026-06-17 16:06:00,微信分享裂变,二线,iOS,18
4356,2026-07-07 23:34:00,小红书种草,新一线,iOS,21
4357,2026-06-16 22:11:00,高校地推,一线,Android,35
4358,2026-07-27 12:13:00,抖音信息流,新一线,Android,29
4359,2026-07-14 20:49:00,抖音信息流,新一线,Android,26
4360,2026-08-08 15:55:00,小红书种草,新一线,Android,21
4361,2026-06-21 14:31:00,自然流量,二线,Android,18
4362,2026-06-12 14:13:00,抖音信息流,一线,Android,23
4363,2026-06-17 11:58:00,小红书种草,新一线,Android,18
4364,2026-08-18 03:22:00,高校地推,一线,Android,27
4365,2026-07-10 03:52:00,小红书种草,一线,Android,23
4366,2026-07-08 10:15:00,自然流量,一线,iOS,23
4367,2026-06-28 21:36:00,抖音信息流,二线,Android,18
4368,2026-07-28 13:13:00,小红书种草,新一线,Android,24
4369,2026-06-19 02:13:00,自然流量,新一线,iOS,22
4370,2026-07-03 23:05:00,抖音信息流,新一线,iOS,19
4371,2026-07-13 00:34:00,自然流量,一线,iOS,25
4372,2026-07-26 16:42:00,自然流量,一线,Android,22
4373,2026-07-12 00:50:00,抖音信息流,新一线,Android,25
4374,2026-08-02 21:47:00,自然流量,二线,Android,27
4375,2026-06-16 23:18:00,小红书种草,二线,iOS,18
4376,2026-06-26 19:54:00,自然流量,一线,Android,24
4377,2026-07-30 01:04:00,小红书种草,新一线,iOS,24
4378,2026-07-04 15:03:00,自然流量,新一线,Android,30
4379,2026-07-25 18:17:00,微信分享裂变,二线,Android,28
4380,2026-07-04 04:30:00,自然流量,一线,iOS,22
4381,2026-07-11 09:28:00,抖音信息流,一线,Android,21
4382,2026-06-11 09:14:00,抖音信息流,三线及以下,Android,24
4383,2026-07-22 06:43:00,自然流量,一线,Android,18
4384,2026-07-12 11:45:00,抖音信息流,三线及以下,Android,19
4385,2026-06-13 03:50:00,微信分享裂变,新一线,Android,21
4386,2026-07-03 13:46:00,高校地推,新一线,iOS,18
4387,2026-06-21 16:46:00,抖音信息流,一线,iOS,19
4388,2026-08-12 08:52:00,自然流量,三线及以下,iOS,22
4389,2026-06-26 22:18:00,小红书种草,一线,Android,37
4390,2026-06-08 11:07:00,小红书种草,新一线,iOS,20
4391,2026-07-29 04:44:00,自然流量,一线,iOS,27
4392,2026-07-21 07:29:00,微信分享裂变,一线,Android,23
4393,2026-06-29 05:55:00,抖音信息流,二线,iOS,26
4394,2026-07-05 10:58:00,小红书种草,一线,Android,18
4395,2026-07-13 17:56:00,抖音信息流,新一线,iOS,18
4396,2026-07-16 07:52:00,抖音信息流,二线,iOS,30
4397,2026-06-30 10:47:00,自然流量,新一线,Android,18
4398,2026-07-12 06:53:00,小红书种草,二线,Android,31
4399,2026-07-23 01:43:00,自然流量,一线,iOS,22
4400,2026-06-10 22:29:00,微信分享裂变,二线,iOS,19
4401,2026-06-15 13:56:00,微信分享裂变,一线,iOS,21
4402,2026-06-23 19:31:00,小红书种草,新一线,Android,32
4403,2026-06-15 09:56:00,自然流量,二线,iOS,20
4404,2026-08-12 21:48:00,自然流量,二线,Android,22
4405,2026-06-14 15:28:00,抖音信息流,一线,Android,28
4406,2026-07-24 10:18:00,小红书种草,新一线,Android,26
4407,2026-06-11 21:46:00,高校地推,三线及以下,iOS,34
4408,2026-06-21 11:53:00,抖音信息流,三线及以下,Android,29
4409,2026-07-19 17:26:00,微信分享裂变,新一线,Android,20
4410,2026-07-31 05:08:00,自然流量,一线,iOS,30
4411,2026-06-13 19:31:00,抖音信息流,新一线,Android,18
4412,2026-07-17 04:03:00,自然流量,三线及以下,Android,27
4413,2026-06-07 23:06:00,小红书种草,一线,iOS,20
4414,2026-06-14 10:42:00,自然流量,二线,Android,26
4415,2026-07-24 14:39:00,自然流量,新一线,iOS,33
4416,2026-08-11 01:33:00,微信分享裂变,二线,iOS,18
4417,2026-07-30 12:04:00,抖音信息流,一线,iOS,28
4418,2026-07-29 04:31:00,自然流量,一线,Android,28
4419,2026-07-11 02:54:00,自然流量,一线,iOS,27
4420,2026-06-27 06:48:00,抖音信息流,三线及以下,iOS,19
4421,2026-08-04 12:51:00,抖音信息流,二线,Android,23
4422,2026-07-12 19:21:00,自然流量,新一线,iOS,19
4423,2026-06-22 15:46:00,小红书种草,三线及以下,iOS,26
4424,2026-06-12 15:50:00,自然流量,一线,iOS,18
4425,2026-06-22 07:44:00,小红书种草,三线及以下,iOS,21
4426,2026-07-03 08:16:00,抖音信息流,一线,Android,27
4427,2026-06-28 07:31:00,自然流量,一线,Android,20
4428,2026-07-24 11:52:00,自然流量,新一线,Android,22
4429,2026-06-14 20:20:00,自然流量,三线及以下,Android,19
4430,2026-07-09 01:49:00,自然流量,二线,Android,25
4431,2026-06-06 06:22:00,抖音信息流,一线,Android,23
4432,2026-06-22 23:33:00,高校地推,三线及以下,Android,20
4433,2026-08-05 14:48:00,微信分享裂变,二线,iOS,20
4434,2026-06-20 11:52:00,抖音信息流,二线,iOS,24
4435,2026-07-18 18:05:00,抖音信息流,新一线,iOS,18
4436,2026-06-10 22:57:00,抖音信息流,新一线,Android,23
4437,2026-06-22 11:18:00,微信分享裂变,一线,Android,24
4438,2026-07-06 12:08:00,自然流量,新一线,Android,24
4439,2026-07-27 05:13:00,自然流量,一线,Android,21
4440,2026-07-11 04:29:00,抖音信息流,新一线,iOS,27
4441,2026-07-10 00:43:00,自然流量,新一线,Android,28
4442,2026-06-16 04:41:00,抖音信息流,新一线,Android,27
4443,2026-07-04 17:43:00,微信分享裂变,二线,iOS,25
4444,2026-07-06 21:25:00,高校地推,新一线,Android,18
4445,2026-07-01 14:27:00,自然流量,新一线,Android,32
4446,2026-07-31 05:45:00,抖音信息流,一线,iOS,24
4447,2026-06-17 00:55:00,抖音信息流,一线,iOS,25
4448,2026-06-11 17:05:00,抖音信息流,一线,Android,20
4449,2026-07-07 03:08:00,抖音信息流,一线,Android,22
4450,2026-07-20 02:08:00,自然流量,新一线,iOS,29
4451,2026-07-11 07:30:00,微信分享裂变,新一线,Android,27
4452,2026-07-21 12:41:00,高校地推,三线及以下,iOS,22
4453,2026-08-05 16:25:00,小红书种草,一线,iOS,31
4454,2026-06-23 07:31:00,小红书种草,一线,iOS,18
4455,2026-06-14 06:54:00,抖音信息流,二线,Android,18
4456,2026-07-26 20:53:00,抖音信息流,一线,iOS,18
4457,2026-06-27 17:37:00,自然流量,二线,Android,27
4458,2026-07-04 12:38:00,小红书种草,二线,Android,20
4459,2026-07-14 13:05:00,自然流量,新一线,Android,23
4460,2026-07-13 21:37:00,微信分享裂变,一线,iOS,29
4461,2026-08-21 04:53:00,抖音信息流,一线,Android,25
4462,2026-07-14 08:05:00,抖音信息流,三线及以下,Android,18
4463,2026-06-12 07:25:00,抖音信息流,三线及以下,Android,32
4464,2026-08-15 05:09:00,高校地推,二线,iOS,22
4465,2026-07-30 01:51:00,自然流量,一线,iOS,23
4466,2026-07-09 17:06:00,自然流量,新一线,iOS,20
4467,2026-07-19 04:12:00,自然流量,二线,Android,18
4468,2026-06-25 05:47:00,小红书种草,一线,iOS,25
4469,2026-07-20 16:10:00,高校地推,三线及以下,iOS,18
4470,2026-06-18 00:35:00,自然流量,三线及以下,Android,23
4471,2026-07-02 18:07:00,高校地推,一线,Android,31
4472,2026-06-24 05:34:00,自然流量,一线,iOS,27
4473,2026-07-10 18:11:00,小红书种草,新一线,Android,25
4474,2026-07-10 01:18:00,自然流量,新一线,iOS,18
4475,2026-06-10 18:02:00,抖音信息流,新一线,iOS,23
4476,2026-07-14 09:27:00,小红书种草,二线,Android,20
4477,2026-06-12 03:43:00,抖音信息流,新一线,Android,31
4478,2026-07-20 05:54:00,自然流量,一线,iOS,21
4479,2026-07-15 04:19:00,微信分享裂变,一线,iOS,20
4480,2026-06-21 00:03:00,高校地推,新一线,Android,22
4481,2026-06-11 03:33:00,抖音信息流,新一线,Android,20
4482,2026-07-17 22:04:00,小红书种草,三线及以下,Android,25
4483,2026-07-25 02:25:00,微信分享裂变,一线,iOS,33
4484,2026-06-22 13:50:00,自然流量,二线,iOS,24
4485,2026-07-07 06:19:00,微信分享裂变,一线,iOS,19
4486,2026-06-28 18:55:00,自然流量,二线,iOS,23
4487,2026-08-24 09:38:00,微信分享裂变,一线,Android,18
4488,2026-06-29 23:34:00,自然流量,新一线,iOS,38
4489,2026-07-08 02:17:00,自然流量,新一线,iOS,33
4490,2026-08-10 07:51:00,抖音信息流,二线,Android,30
4491,2026-06-21 08:40:00,抖音信息流,一线,iOS,27
4492,2026-07-10 03:44:00,微信分享裂变,一线,iOS,23
4493,2026-07-09 22:57:00,高校地推,新一线,Android,23
4494,2026-07-13 08:20:00,自然流量,二线,iOS,22
4495,2026-06-26 16:44:00,自然流量,一线,Android,35
4496,2026-08-19 16:52:00,抖音信息流,一线,iOS,23
4497,2026-07-19 07:17:00,抖音信息流,二线,iOS,21
4498,2026-06-30 06:33:00,抖音信息流,新一线,Android,23
4499,2026-06-16 06:50:00,微信分享裂变,一线,Android,26
4500,2026-07-21 18:11:00,微信分享裂变,一线,iOS,18
4501,2026-07-09 16:23:00,自然流量,新一线,Android,25
4502,2026-07-10 04:25:00,抖音信息流,三线及以下,Android,18
4503,2026-07-20 18:26:00,小红书种草,二线,Android,31
4504,2026-07-07 21:05:00,抖音信息流,二线,iOS,18
4505,2026-07-04 21:10:00,自然流量,新一线,iOS,19
4506,2026-06-24 06:27:00,抖音信息流,新一线,Android,18
4507,2026-08-03 05:18:00,抖音信息流,三线及以下,iOS,33
4508,2026-07-18 21:35:00,自然流量,一线,iOS,23
4509,2026-06-17 00:18:00,小红书种草,二线,iOS,35
4510,2026-07-15 01:32:00,抖音信息流,一线,iOS,33
4511,2026-07-07 17:36:00,小红书种草,新一线,iOS,30
4512,2026-07-21 20:03:00,抖音信息流,三线及以下,iOS,18
4513,2026-07-04 10:51:00,微信分享裂变,二线,Android,24
4514,2026-06-12 23:15:00,自然流量,三线及以下,iOS,30
4515,2026-06-26 00:46:00,自然流量,二线,Android,25
4516,2026-07-05 13:06:00,抖音信息流,新一线,iOS,22
4517,2026-06-28 22:33:00,抖音信息流,新一线,iOS,25
4518,2026-07-15 21:44:00,自然流量,新一线,Android,26
4519,2026-06-28 08:15:00,微信分享裂变,一线,Android,18
4520,2026-07-07 06:25:00,自然流量,新一线,Android,21
4521,2026-07-11 22:59:00,自然流量,一线,iOS,27
4522,2026-06-19 14:06:00,抖音信息流,三线及以下,Android,28
4523,2026-06-19 16:25:00,微信分享裂变,二线,Android,25
4524,2026-06-26 09:39:00,微信分享裂变,一线,Android,21
4525,2026-06-15 14:32:00,小红书种草,二线,Android,23
4526,2026-07-18 02:49:00,抖音信息流,二线,iOS,20
4527,2026-07-31 12:00:00,小红书种草,三线及以下,Android,23
4528,2026-06-19 00:29:00,小红书种草,一线,iOS,28
4529,2026-08-03 11:04:00,自然流量,新一线,iOS,36
4530,2026-07-23 00:53:00,抖音信息流,一线,Android,18
4531,2026-07-08 20:11:00,微信分享裂变,二线,iOS,30
4532,2026-06-20 15:56:00,抖音信息流,三线及以下,iOS,25
4533,2026-07-04 21:04:00,小红书种草,一线,iOS,18
4534,2026-07-10 04:12:00,抖音信息流,一线,iOS,23
4535,2026-06-17 05:35:00,抖音信息流,一线,Android,23
4536,2026-07-16 22:13:00,自然流量,新一线,Android,23
4537,2026-06-14 18:39:00,小红书种草,一线,Android,29
4538,2026-07-22 21:26:00,微信分享裂变,二线,Android,33
4539,2026-08-11 20:02:00,自然流量,新一线,iOS,30
4540,2026-07-06 03:05:00,抖音信息流,新一线,Android,25
4541,2026-06-28 18:42:00,自然流量,二线,iOS,25
4542,2026-07-28 21:59:00,自然流量,二线,Android,34
4543,2026-08-01 01:58:00,高校地推,一线,Android,18
4544,2026-07-12 22:53:00,抖音信息流,二线,Android,30
4545,2026-07-01 19:38:00,抖音信息流,新一线,Android,18
4546,2026-08-05 04:44:00,自然流量,一线,iOS,18
4547,2026-06-16 15:15:00,高校地推,一线,Android,27
4548,2026-07-23 03:45:00,自然流量,二线,iOS,18
4549,2026-07-19 01:42:00,小红书种草,一线,Android,22
4550,2026-06-24 23:11:00,自然流量,一线,iOS,30
4551,2026-06-23 11:48:00,自然流量,新一线,Android,19
4552,2026-06-12 06:57:00,小红书种草,三线及以下,Android,32
4553,2026-06-22 06:40:00,自然流量,二线,iOS,18
4554,2026-06-19 12:48:00,小红书种草,二线,iOS,29
4555,2026-06-12 05:43:00,自然流量,一线,iOS,18
4556,2026-07-09 02:35:00,小红书种草,二线,iOS,23
4557,2026-07-01 11:59:00,微信分享裂变,新一线,iOS,25
4558,2026-08-01 14:32:00,小红书种草,三线及以下,Android,22
4559,2026-07-05 20:29:00,自然流量,新一线,Android,22
4560,2026-07-24 08:58:00,小红书种草,新一线,Android,18
4561,2026-07-08 23:02:00,高校地推,三线及以下,iOS,31
4562,2026-07-25 16:01:00,自然流量,三线及以下,Android,18
4563,2026-07-17 05:58:00,自然流量,一线,Android,18
4564,2026-06-25 13:52:00,微信分享裂变,一线,iOS,23
4565,2026-07-11 21:49:00,自然流量,新一线,iOS,20
4566,2026-06-24 15:40:00,小红书种草,一线,Android,28
4567,2026-06-06 12:53:00,小红书种草,一线,iOS,21
4568,2026-06-18 20:47:00,自然流量,一线,iOS,23
4569,2026-07-06 10:43:00,抖音信息流,新一线,Android,24
4570,2026-08-01 20:46:00,抖音信息流,新一线,iOS,28
4571,2026-07-03 04:02:00,抖音信息流,一线,Android,21
4572,2026-07-27 02:27:00,微信分享裂变,新一线,iOS,18
4573,2026-07-08 09:32:00,自然流量,新一线,iOS,19
4574,2026-07-07 23:45:00,抖音信息流,三线及以下,Android,29
4575,2026-07-01 08:18:00,微信分享裂变,一线,iOS,25
4576,2026-07-21 12:34:00,自然流量,二线,iOS,22
4577,2026-07-07 21:20:00,微信分享裂变,三线及以下,Android,24
4578,2026-06-16 21:09:00,自然流量,新一线,Android,22
4579,2026-08-14 22:15:00,抖音信息流,二线,Android,27
4580,2026-06-15 07:42:00,自然流量,一线,Android,25
4581,2026-06-21 02:33:00,小红书种草,新一线,Android,22
4582,2026-07-12 19:00:00,微信分享裂变,一线,iOS,28
4583,2026-06-27 14:00:00,微信分享裂变,新一线,iOS,29
4584,2026-08-03 21:05:00,高校地推,三线及以下,iOS,19
4585,2026-07-15 01:47:00,小红书种草,一线,iOS,19
4586,2026-07-03 21:41:00,微信分享裂变,新一线,iOS,36
4587,2026-07-07 15:02:00,抖音信息流,二线,Android,27
4588,2026-06-10 17:02:00,高校地推,新一线,Android,32
4589,2026-08-18 09:41:00,小红书种草,新一线,iOS,28
4590,2026-07-12 07:56:00,微信分享裂变,新一线,Android,26
4591,2026-06-13 13:54:00,自然流量,新一线,Android,18
4592,2026-07-23 08:59:00,抖音信息流,一线,iOS,18
4593,2026-07-02 00:16:00,小红书种草,新一线,iOS,27
4594,2026-06-23 08:07:00,自然流量,新一线,Android,19
4595,2026-06-14 00:07:00,自然流量,一线,iOS,23
4596,2026-06-07 20:07:00,高校地推,新一线,iOS,28
4597,2026-06-17 09:54:00,抖音信息流,新一线,Android,24
4598,2026-06-25 04:32:00,自然流量,新一线,Android,25
4599,2026-06-21 23:17:00,抖音信息流,新一线,Android,30
4600,2026-06-30 06:49:00,抖音信息流,新一线,iOS,31
4601,2026-07-22 16:54:00,小红书种草,二线,Android,23
4602,2026-06-17 21:47:00,高校地推,新一线,iOS,30
4603,2026-07-09 07:26:00,高校地推,新一线,iOS,19
4604,2026-06-11 08:45:00,小红书种草,新一线,iOS,25
4605,2026-07-10 12:10:00,小红书种草,新一线,iOS,26
4606,2026-07-02 01:43:00,抖音信息流,二线,Android,23
4607,2026-06-15 03:06:00,微信分享裂变,二线,iOS,22
4608,2026-06-23 07:05:00,自然流量,一线,iOS,18
4609,2026-06-23 18:39:00,自然流量,新一线,Android,23
4610,2026-06-19 13:51:00,高校地推,一线,iOS,18
4611,2026-08-04 20:29:00,微信分享裂变,二线,Android,23
4612,2026-06-30 11:49:00,抖音信息流,三线及以下,Android,24
4613,2026-06-28 10:55:00,小红书种草,新一线,iOS,27
4614,2026-07-14 01:28:00,抖音信息流,新一线,iOS,18
4615,2026-06-20 14:19:00,抖音信息流,一线,iOS,25
4616,2026-08-10 01:28:00,自然流量,一线,Android,26
4617,2026-07-02 14:48:00,自然流量,新一线,Android,23
4618,2026-07-27 14:58:00,抖音信息流,三线及以下,Android,26
4619,2026-06-30 12:25:00,抖音信息流,新一线,Android,25
4620,2026-07-28 06:28:00,抖音信息流,三线及以下,iOS,18
4621,2026-07-02 04:56:00,自然流量,新一线,Android,19
4622,2026-07-07 00:16:00,高校地推,一线,Android,34
4623,2026-07-25 00:30:00,小红书种草,新一线,iOS,27
4624,2026-07-19 17:54:00,微信分享裂变,一线,Android,20
4625,2026-07-02 09:48:00,自然流量,一线,Android,25
4626,2026-07-18 19:49:00,小红书种草,一线,Android,27
4627,2026-06-26 13:21:00,微信分享裂变,新一线,Android,31
4628,2026-07-22 11:31:00,抖音信息流,一线,Android,22
4629,2026-07-14 17:24:00,自然流量,三线及以下,Android,21
4630,2026-06-22 13:50:00,自然流量,二线,iOS,21
4631,2026-07-08 02:44:00,自然流量,二线,Android,21
4632,2026-06-23 12:14:00,抖音信息流,新一线,Android,20
4633,2026-07-01 13:33:00,抖音信息流,一线,Android,24
4634,2026-07-04 18:38:00,自然流量,二线,Android,21
4635,2026-06-05 22:15:00,小红书种草,一线,iOS,23
4636,2026-07-10 06:34:00,自然流量,新一线,iOS,33
4637,2026-06-23 13:06:00,抖音信息流,一线,iOS,19
4638,2026-06-25 16:15:00,小红书种草,新一线,iOS,25
4639,2026-07-16 21:54:00,自然流量,新一线,Android,18
4640,2026-06-21 22:39:00,自然流量,新一线,iOS,28
4641,2026-06-26 00:30:00,自然流量,二线,iOS,29
4642,2026-08-03 10:10:00,自然流量,一线,Android,19
4643,2026-06-12 22:39:00,抖音信息流,一线,Android,20
4644,2026-07-07 02:28:00,自然流量,新一线,iOS,27
4645,2026-06-25 21:17:00,自然流量,二线,iOS,22
4646,2026-07-14 03:39:00,高校地推,一线,Android,31
4647,2026-06-22 01:01:00,高校地推,三线及以下,iOS,18
4648,2026-06-25 14:37:00,自然流量,一线,Android,29
4649,2026-06-23 09:00:00,抖音信息流,一线,Android,35
4650,2026-07-29 06:55:00,抖音信息流,新一线,Android,25
4651,2026-07-11 12:23:00,微信分享裂变,一线,iOS,20
4652,2026-06-22 14:57:00,微信分享裂变,新一线,Android,20
4653,2026-08-03 10:24:00,自然流量,一线,iOS,23
4654,2026-06-09 04:08:00,自然流量,新一线,Android,27
4655,2026-06-10 05:28:00,抖音信息流,一线,iOS,18
4656,2026-07-08 11:38:00,微信分享裂变,一线,iOS,22
4657,2026-06-27 08:09:00,微信分享裂变,新一线,Android,24
4658,2026-07-07 16:11:00,自然流量,二线,iOS,31
4659,2026-08-22 11:44:00,抖音信息流,二线,iOS,33
4660,2026-07-08 04:49:00,自然流量,新一线,iOS,23
4661,2026-07-30 10:30:00,小红书种草,三线及以下,Android,18
4662,2026-07-10 20:52:00,高校地推,一线,Android,24
4663,2026-07-04 07:07:00,抖音信息流,三线及以下,iOS,24
4664,2026-07-05 20:28:00,自然流量,三线及以下,iOS,29
4665,2026-07-03 06:47:00,抖音信息流,新一线,Android,21
4666,2026-08-20 23:54:00,抖音信息流,一线,Android,19
4667,2026-08-02 21:18:00,微信分享裂变,三线及以下,iOS,23
4668,2026-06-03 13:35:00,抖音信息流,新一线,iOS,22
4669,2026-07-02 04:09:00,微信分享裂变,一线,Android,22
4670,2026-07-04 10:11:00,自然流量,三线及以下,iOS,19
4671,2026-07-23 15:19:00,自然流量,新一线,Android,18
4672,2026-06-29 06:21:00,抖音信息流,新一线,iOS,27
4673,2026-07-15 01:31:00,自然流量,新一线,iOS,25
4674,2026-07-05 08:35:00,自然流量,三线及以下,iOS,19
4675,2026-07-21 10:58:00,小红书种草,新一线,Android,28
4676,2026-06-15 22:30:00,自然流量,三线及以下,iOS,18
4677,2026-08-03 05:11:00,自然流量,一线,iOS,21
4678,2026-06-24 08:21:00,自然流量,新一线,iOS,25
4679,2026-06-10 09:26:00,自然流量,新一线,iOS,29
4680,2026-07-01 14:22:00,微信分享裂变,一线,iOS,21
4681,2026-07-19 02:54:00,高校地推,一线,iOS,29
4682,2026-06-27 18:19:00,自然流量,一线,Android,20
4683,2026-07-05 10:49:00,微信分享裂变,一线,iOS,28
4684,2026-06-10 04:28:00,小红书种草,二线,iOS,32
4685,2026-07-12 17:00:00,高校地推,一线,Android,19
4686,2026-06-08 13:30:00,抖音信息流,二线,Android,24
4687,2026-06-04 05:31:00,自然流量,三线及以下,Android,26
4688,2026-06-09 12:09:00,抖音信息流,二线,iOS,18
4689,2026-06-09 00:23:00,微信分享裂变,二线,iOS,26
4690,2026-07-09 05:56:00,小红书种草,新一线,iOS,21
4691,2026-07-09 04:39:00,抖音信息流,三线及以下,Android,19
4692,2026-06-08 16:34:00,自然流量,二线,Android,21
4693,2026-07-23 02:01:00,小红书种草,一线,Android,21
4694,2026-06-15 08:07:00,微信分享裂变,二线,iOS,28
4695,2026-06-11 21:11:00,抖音信息流,二线,Android,23
4696,2026-08-14 00:46:00,小红书种草,二线,Android,35
4697,2026-06-15 19:02:00,抖音信息流,一线,Android,21
4698,2026-07-05 13:00:00,抖音信息流,新一线,Android,26
4699,2026-07-03 02:53:00,抖音信息流,三线及以下,Android,23
4700,2026-07-20 16:30:00,微信分享裂变,三线及以下,iOS,18
4701,2026-07-01 15:23:00,高校地推,新一线,Android,31
4702,2026-06-24 11:00:00,抖音信息流,新一线,iOS,24
4703,2026-08-14 01:44:00,抖音信息流,一线,Android,20
4704,2026-06-13 20:26:00,抖音信息流,二线,iOS,25
4705,2026-06-30 10:02:00,自然流量,一线,Android,29
4706,2026-07-26 09:42:00,自然流量,三线及以下,iOS,19
4707,2026-07-09 18:04:00,自然流量,新一线,iOS,24
4708,2026-06-11 02:43:00,抖音信息流,一线,Android,29
4709,2026-07-05 19:27:00,自然流量,一线,Android,24
4710,2026-07-22 05:08:00,抖音信息流,新一线,Android,26
4711,2026-06-28 04:05:00,微信分享裂变,新一线,Android,22
4712,2026-06-12 19:25:00,自然流量,二线,iOS,18
4713,2026-07-26 02:08:00,小红书种草,新一线,iOS,22
4714,2026-06-14 14:13:00,高校地推,新一线,iOS,21
4715,2026-07-25 09:19:00,抖音信息流,一线,iOS,23
4716,2026-07-28 06:47:00,自然流量,一线,iOS,21
4717,2026-06-20 01:28:00,抖音信息流,一线,iOS,24
4718,2026-06-06 12:45:00,小红书种草,新一线,Android,22
4719,2026-07-30 18:13:00,抖音信息流,二线,iOS,28
4720,2026-06-05 07:09:00,自然流量,一线,Android,27
4721,2026-06-25 16:44:00,抖音信息流,新一线,Android,19
4722,2026-06-03 19:50:00,抖音信息流,一线,Android,30
4723,2026-06-14 23:00:00,自然流量,一线,Android,20
4724,2026-06-10 07:36:00,小红书种草,一线,Android,18
4725,2026-08-08 18:16:00,自然流量,新一线,Android,29
4726,2026-06-24 08:28:00,抖音信息流,一线,iOS,21
4727,2026-07-02 12:42:00,微信分享裂变,三线及以下,iOS,24
4728,2026-06-30 02:14:00,自然流量,一线,Android,18
4729,2026-08-10 03:59:00,小红书种草,新一线,Android,22
4730,2026-06-04 01:44:00,抖音信息流,三线及以下,Android,23
4731,2026-07-06 17:19:00,抖音信息流,一线,iOS,22
4732,2026-07-16 09:26:00,高校地推,新一线,Android,21
4733,2026-07-30 00:47:00,抖音信息流,二线,iOS,24
4734,2026-07-08 17:42:00,自然流量,一线,Android,28
4735,2026-06-10 14:00:00,高校地推,一线,Android,19
4736,2026-07-19 17:11:00,小红书种草,二线,Android,18
4737,2026-06-19 16:24:00,小红书种草,一线,iOS,30
4738,2026-06-03 21:58:00,自然流量,一线,Android,20
4739,2026-06-29 07:52:00,自然流量,新一线,iOS,21
4740,2026-07-29 09:12:00,小红书种草,一线,iOS,21
4741,2026-06-16 09:09:00,自然流量,三线及以下,Android,18
4742,2026-08-01 06:56:00,自然流量,三线及以下,iOS,22
4743,2026-08-04 03:23:00,微信分享裂变,三线及以下,Android,22
4744,2026-07-30 18:25:00,自然流量,一线,Android,26
4745,2026-07-22 20:06:00,自然流量,三线及以下,iOS,21
4746,2026-08-04 00:53:00,自然流量,二线,iOS,18
4747,2026-07-29 17:05:00,抖音信息流,新一线,Android,18
4748,2026-07-04 07:37:00,小红书种草,二线,Android,29
4749,2026-08-10 01:30:00,微信分享裂变,二线,iOS,19
4750,2026-07-27 13:01:00,自然流量,新一线,iOS,26
4751,2026-08-16 08:45:00,自然流量,新一线,Android,20
4752,2026-07-02 00:43:00,抖音信息流,新一线,Android,28
4753,2026-07-17 11:57:00,抖音信息流,一线,Android,24
4754,2026-07-05 17:35:00,抖音信息流,一线,iOS,18
4755,2026-06-24 00:45:00,高校地推,新一线,Android,18
4756,2026-07-13 16:04:00,抖音信息流,新一线,Android,18
4757,2026-07-02 17:30:00,抖音信息流,二线,iOS,28
4758,2026-06-07 08:53:00,高校地推,二线,Android,18
4759,2026-07-14 02:49:00,自然流量,新一线,iOS,22
4760,2026-06-20 09:03:00,高校地推,一线,iOS,23
4761,2026-07-06 14:55:00,抖音信息流,新一线,Android,25
4762,2026-07-09 20:12:00,抖音信息流,一线,iOS,21
4763,2026-07-15 07:54:00,高校地推,二线,Android,18
4764,2026-06-21 13:57:00,抖音信息流,新一线,Android,18
4765,2026-06-28 07:41:00,抖音信息流,三线及以下,Android,18
4766,2026-08-02 09:08:00,自然流量,一线,iOS,18
4767,2026-07-01 15:56:00,小红书种草,二线,Android,26
4768,2026-07-20 15:32:00,抖音信息流,新一线,Android,26
4769,2026-06-15 12:08:00,自然流量,一线,iOS,18
4770,2026-07-03 14:36:00,小红书种草,新一线,Android,30
4771,2026-06-03 11:06:00,小红书种草,一线,iOS,23
4772,2026-08-07 17:03:00,抖音信息流,一线,Android,28
4773,2026-07-06 23:33:00,自然流量,新一线,Android,27
4774,2026-08-11 00:40:00,抖音信息流,新一线,Android,23
4775,2026-07-22 02:36:00,自然流量,新一线,Android,18
4776,2026-06-13 18:19:00,自然流量,新一线,Android,24
4777,2026-08-10 23:37:00,抖音信息流,一线,iOS,26
4778,2026-06-09 01:11:00,自然流量,新一线,Android,20
4779,2026-07-18 01:53:00,自然流量,新一线,Android,24
4780,2026-07-09 19:11:00,小红书种草,新一线,Android,23
4781,2026-07-05 00:02:00,抖音信息流,新一线,Android,19
4782,2026-06-17 15:21:00,高校地推,一线,Android,23
4783,2026-08-17 00:01:00,高校地推,新一线,Android,21
4784,2026-08-05 19:45:00,小红书种草,一线,Android,25
4785,2026-07-20 20:14:00,高校地推,一线,iOS,21
4786,2026-08-05 11:03:00,微信分享裂变,新一线,Android,20
4787,2026-06-28 07:04:00,抖音信息流,新一线,Android,18
4788,2026-07-01 05:18:00,小红书种草,一线,Android,35
4789,2026-06-21 09:11:00,自然流量,一线,Android,21
4790,2026-08-04 07:22:00,小红书种草,新一线,Android,18
4791,2026-07-27 17:39:00,抖音信息流,新一线,iOS,27
4792,2026-08-16 11:38:00,自然流量,二线,Android,24
4793,2026-07-12 04:50:00,自然流量,二线,iOS,26
4794,2026-07-04 21:44:00,高校地推,一线,Android,27
4795,2026-06-20 05:25:00,抖音信息流,二线,iOS,29
4796,2026-08-08 23:52:00,自然流量,三线及以下,Android,18
4797,2026-06-10 08:17:00,自然流量,三线及以下,iOS,24
4798,2026-08-03 23:13:00,抖音信息流,一线,Android,18
4799,2026-06-26 18:52:00,微信分享裂变,三线及以下,Android,22
4800,2026-07-10 18:20:00,小红书种草,一线,Android,27
4801,2026-07-02 21:40:00,抖音信息流,一线,iOS,19
4802,2026-07-06 18:39:00,自然流量,新一线,Android,35
4803,2026-07-29 13:15:00,自然流量,一线,Android,24
4804,2026-06-04 12:57:00,抖音信息流,一线,iOS,18
4805,2026-06-30 07:22:00,微信分享裂变,一线,iOS,27
4806,2026-06-14 11:41:00,小红书种草,二线,Android,35
4807,2026-06-14 01:43:00,抖音信息流,新一线,Android,18
4808,2026-07-16 07:21:00,小红书种草,新一线,Android,27
4809,2026-06-27 18:53:00,抖音信息流,新一线,Android,19
4810,2026-06-09 23:31:00,抖音信息流,一线,Android,23
4811,2026-06-14 14:34:00,抖音信息流,新一线,iOS,18
4812,2026-07-04 18:09:00,小红书种草,二线,Android,28
4813,2026-06-09 11:09:00,抖音信息流,一线,iOS,22
4814,2026-07-25 04:32:00,高校地推,三线及以下,Android,29
4815,2026-08-19 06:29:00,抖音信息流,新一线,Android,18
4816,2026-06-18 08:30:00,自然流量,新一线,iOS,22
4817,2026-06-18 03:37:00,自然流量,新一线,iOS,18
4818,2026-06-28 12:58:00,抖音信息流,二线,iOS,36
4819,2026-06-15 18:54:00,抖音信息流,二线,iOS,33
4820,2026-06-14 16:10:00,抖音信息流,二线,iOS,34
4821,2026-06-12 06:59:00,小红书种草,一线,iOS,31
4822,2026-06-16 03:07:00,自然流量,一线,iOS,21
4823,2026-07-31 16:21:00,小红书种草,一线,iOS,23
4824,2026-07-08 22:45:00,小红书种草,三线及以下,Android,25
4825,2026-07-25 23:46:00,抖音信息流,新一线,Android,25
4826,2026-07-01 09:40:00,抖音信息流,一线,Android,18
4827,2026-07-05 01:50:00,自然流量,一线,Android,18
4828,2026-06-28 02:03:00,抖音信息流,新一线,Android,18
4829,2026-07-02 02:04:00,微信分享裂变,三线及以下,Android,21
4830,2026-07-05 20:09:00,高校地推,二线,Android,22
4831,2026-07-26 06:30:00,小红书种草,一线,Android,21
4832,2026-06-26 23:02:00,自然流量,二线,Android,25
4833,2026-07-01 12:05:00,小红书种草,三线及以下,Android,18
4834,2026-07-02 20:58:00,小红书种草,二线,Android,19
4835,2026-07-24 04:35:00,抖音信息流,新一线,Android,20
4836,2026-07-31 19:51:00,微信分享裂变,二线,Android,28
4837,2026-07-07 01:39:00,自然流量,二线,iOS,24
4838,2026-07-29 01:04:00,自然流量,三线及以下,Android,25
4839,2026-07-11 20:50:00,自然流量,二线,Android,19
4840,2026-06-16 04:04:00,自然流量,新一线,Android,24
4841,2026-07-01 13:36:00,微信分享裂变,一线,iOS,20
4842,2026-07-19 11:30:00,抖音信息流,新一线,Android,20
4843,2026-06-15 21:34:00,自然流量,一线,Android,25
4844,2026-07-15 06:53:00,抖音信息流,二线,iOS,20
4845,2026-07-05 20:43:00,抖音信息流,三线及以下,Android,23
4846,2026-07-29 20:21:00,抖音信息流,一线,iOS,22
4847,2026-06-12 22:54:00,自然流量,新一线,Android,18
4848,2026-06-18 15:51:00,小红书种草,二线,iOS,21
4849,2026-07-13 00:41:00,自然流量,一线,Android,21
4850,2026-07-26 04:08:00,微信分享裂变,新一线,Android,22
4851,2026-07-21 06:44:00,自然流量,二线,Android,18
4852,2026-07-29 22:33:00,小红书种草,一线,iOS,20
4853,2026-07-26 08:41:00,微信分享裂变,二线,Android,28
4854,2026-08-11 01:24:00,自然流量,新一线,Android,26
4855,2026-06-19 21:55:00,自然流量,二线,Android,22
4856,2026-07-29 21:20:00,高校地推,一线,iOS,18
4857,2026-07-15 23:17:00,抖音信息流,一线,Android,24
4858,2026-07-08 05:00:00,小红书种草,一线,Android,28
4859,2026-06-19 09:36:00,自然流量,新一线,Android,31
4860,2026-08-05 01:54:00,自然流量,一线,iOS,21
4861,2026-06-18 08:17:00,抖音信息流,二线,iOS,18
4862,2026-07-19 16:11:00,微信分享裂变,新一线,iOS,26
4863,2026-06-17 01:27:00,自然流量,二线,Android,25
4864,2026-06-19 03:45:00,微信分享裂变,二线,Android,24
4865,2026-07-03 05:36:00,小红书种草,新一线,Android,20
4866,2026-07-29 01:53:00,自然流量,一线,Android,18
4867,2026-07-25 07:54:00,自然流量,一线,iOS,27
4868,2026-06-06 05:00:00,自然流量,二线,Android,28
4869,2026-07-29 16:41:00,抖音信息流,新一线,iOS,22
4870,2026-07-23 00:01:00,小红书种草,一线,iOS,32
4871,2026-06-27 20:57:00,抖音信息流,二线,iOS,25
4872,2026-07-03 14:44:00,自然流量,一线,Android,23
4873,2026-06-23 01:47:00,小红书种草,新一线,Android,18
4874,2026-07-28 22:59:00,小红书种草,新一线,iOS,18
4875,2026-06-20 22:30:00,抖音信息流,一线,iOS,21
4876,2026-07-13 23:28:00,抖音信息流,二线,Android,25
4877,2026-07-25 13:02:00,自然流量,二线,Android,35
4878,2026-07-24 15:46:00,小红书种草,新一线,iOS,24
4879,2026-07-18 18:00:00,抖音信息流,二线,iOS,26
4880,2026-08-17 23:30:00,抖音信息流,一线,Android,19
4881,2026-07-16 14:41:00,自然流量,新一线,Android,25
4882,2026-07-03 20:23:00,小红书种草,新一线,Android,24
4883,2026-06-27 00:14:00,小红书种草,新一线,Android,19
4884,2026-06-30 19:16:00,抖音信息流,二线,Android,30
4885,2026-07-28 18:36:00,微信分享裂变,新一线,iOS,23
4886,2026-06-15 07:13:00,微信分享裂变,新一线,Android,29
4887,2026-06-25 05:58:00,自然流量,新一线,Android,24
4888,2026-07-22 18:10:00,小红书种草,二线,Android,22
4889,2026-07-01 07:05:00,抖音信息流,一线,iOS,20
4890,2026-07-04 19:47:00,高校地推,二线,Android,22
4891,2026-06-26 11:29:00,自然流量,一线,iOS,31
4892,2026-07-02 17:38:00,自然流量,一线,Android,19
4893,2026-08-17 06:06:00,抖音信息流,二线,Android,27
4894,2026-08-08 01:30:00,自然流量,新一线,Android,22
4895,2026-06-15 19:45:00,小红书种草,新一线,iOS,26
4896,2026-07-15 14:27:00,抖音信息流,新一线,iOS,25
4897,2026-07-17 17:34:00,自然流量,一线,iOS,18
4898,2026-06-10 07:30:00,抖音信息流,新一线,iOS,24
4899,2026-06-14 12:38:00,微信分享裂变,二线,iOS,34
4900,2026-07-28 11:50:00,微信分享裂变,一线,iOS,25
4901,2026-06-07 20:20:00,抖音信息流,二线,Android,28
4902,2026-06-24 09:30:00,自然流量,一线,Android,25
4903,2026-07-08 10:46:00,自然流量,二线,iOS,27
4904,2026-06-06 23:28:00,微信分享裂变,二线,Android,20
4905,2026-06-30 12:22:00,小红书种草,三线及以下,iOS,23
4906,2026-07-05 20:59:00,抖音信息流,二线,Android,28
4907,2026-07-12 00:09:00,微信分享裂变,二线,Android,22
4908,2026-06-19 14:35:00,自然流量,三线及以下,Android,29
4909,2026-06-25 15:19:00,小红书种草,二线,iOS,18
4910,2026-07-19 10:37:00,自然流量,二线,iOS,24
4911,2026-07-24 14:38:00,自然流量,一线,iOS,22
4912,2026-07-04 13:26:00,抖音信息流,二线,Android,37
4913,2026-06-07 04:46:00,抖音信息流,新一线,iOS,22
4914,2026-06-15 14:53:00,高校地推,三线及以下,Android,26
4915,2026-07-26 22:54:00,抖音信息流,二线,iOS,18
4916,2026-07-04 07:14:00,微信分享裂变,一线,Android,18
4917,2026-06-21 15:53:00,小红书种草,一线,iOS,25
4918,2026-07-25 02:12:00,小红书种草,一线,iOS,22
4919,2026-07-12 22:33:00,高校地推,新一线,iOS,22
4920,2026-07-04 14:33:00,抖音信息流,二线,iOS,22
4921,2026-06-09 13:11:00,抖音信息流,一线,iOS,23
4922,2026-07-06 01:00:00,自然流量,一线,iOS,18
4923,2026-06-19 02:02:00,自然流量,一线,Android,23
4924,2026-07-21 03:40:00,微信分享裂变,二线,iOS,22
4925,2026-07-06 23:43:00,抖音信息流,新一线,iOS,29
4926,2026-07-23 00:49:00,抖音信息流,一线,iOS,28
4927,2026-07-24 04:41:00,自然流量,新一线,Android,18
4928,2026-06-27 23:37:00,抖音信息流,一线,iOS,20
4929,2026-07-28 05:11:00,小红书种草,二线,Android,33
4930,2026-06-16 14:48:00,自然流量,二线,iOS,28
4931,2026-06-30 09:32:00,小红书种草,一线,iOS,26
4932,2026-07-11 16:01:00,小红书种草,二线,iOS,21
4933,2026-07-02 02:49:00,微信分享裂变,二线,iOS,27
4934,2026-07-25 14:48:00,自然流量,一线,iOS,18
4935,2026-06-14 09:10:00,小红书种草,一线,iOS,21
4936,2026-08-01 01:50:00,自然流量,一线,Android,25
4937,2026-06-27 06:53:00,抖音信息流,一线,Android,27
4938,2026-07-13 15:24:00,小红书种草,一线,Android,25
4939,2026-07-13 03:51:00,小红书种草,三线及以下,Android,25
4940,2026-07-04 11:25:00,自然流量,一线,iOS,24
4941,2026-06-01 09:03:00,微信分享裂变,三线及以下,Android,22
4942,2026-07-19 14:31:00,自然流量,新一线,Android,30
4943,2026-06-21 00:27:00,小红书种草,新一线,Android,33
4944,2026-06-16 12:31:00,高校地推,二线,Android,23
4945,2026-06-25 21:22:00,抖音信息流,二线,Android,18
4946,2026-08-11 08:59:00,微信分享裂变,三线及以下,Android,22
4947,2026-07-11 06:28:00,小红书种草,一线,iOS,24
4948,2026-07-17 12:45:00,微信分享裂变,新一线,Android,18
4949,2026-07-13 03:00:00,小红书种草,一线,iOS,30
4950,2026-06-20 04:47:00,小红书种草,一线,iOS,20
4951,2026-07-02 17:33:00,自然流量,一线,iOS,19
4952,2026-06-24 05:37:00,小红书种草,二线,Android,22
4953,2026-07-31 12:43:00,自然流量,一线,iOS,21
4954,2026-07-28 13:16:00,高校地推,二线,Android,24
4955,2026-07-20 17:14:00,自然流量,二线,Android,27
4956,2026-08-07 16:56:00,自然流量,新一线,Android,30
4957,2026-07-11 16:19:00,微信分享裂变,新一线,iOS,27
4958,2026-06-11 16:29:00,自然流量,二线,iOS,19
4959,2026-07-01 18:29:00,抖音信息流,一线,Android,23
4960,2026-06-17 19:58:00,小红书种草,新一线,iOS,24
4961,2026-06-23 23:47:00,自然流量,一线,iOS,25
4962,2026-07-03 11:35:00,自然流量,一线,Android,26
4963,2026-06-26 10:21:00,抖音信息流,新一线,Android,24
4964,2026-08-03 03:33:00,自然流量,一线,Android,23
4965,2026-06-09 23:48:00,自然流量,新一线,Android,28
4966,2026-06-15 20:00:00,自然流量,二线,iOS,23
4967,2026-06-15 06:02:00,抖音信息流,新一线,Android,28
4968,2026-08-04 05:56:00,抖音信息流,一线,Android,28
4969,2026-06-16 02:37:00,自然流量,一线,Android,31
4970,2026-07-10 09:34:00,小红书种草,一线,iOS,25
4971,2026-07-05 16:23:00,小红书种草,新一线,iOS,31
4972,2026-06-12 09:30:00,自然流量,新一线,Android,22
4973,2026-06-10 05:01:00,抖音信息流,二线,iOS,25
4974,2026-06-10 02:53:00,微信分享裂变,一线,iOS,27
4975,2026-07-19 14:55:00,小红书种草,二线,iOS,18
4976,2026-08-08 04:18:00,抖音信息流,一线,Android,22
4977,2026-06-25 06:25:00,抖音信息流,新一线,iOS,20
4978,2026-07-01 00:00:00,自然流量,三线及以下,Android,23
4979,2026-06-03 22:02:00,微信分享裂变,二线,Android,21
4980,2026-07-22 00:22:00,高校地推,新一线,Android,24
4981,2026-07-01 12:21:00,高校地推,一线,iOS,23
4982,2026-06-13 23:00:00,自然流量,新一线,iOS,22
4983,2026-07-30 14:10:00,抖音信息流,二线,iOS,24
4984,2026-06-28 12:13:00,自然流量,一线,iOS,20
4985,2026-07-28 13:40:00,抖音信息流,一线,iOS,19
4986,2026-07-09 09:10:00,抖音信息流,新一线,iOS,18
4987,2026-08-07 19:08:00,小红书种草,二线,iOS,18
4988,2026-06-16 13:10:00,自然流量,新一线,Android,20
4989,2026-07-10 07:28:00,高校地推,一线,iOS,26
4990,2026-07-13 17:54:00,自然流量,三线及以下,Android,23
4991,2026-07-14 15:23:00,自然流量,三线及以下,iOS,24
4992,2026-06-26 01:13:00,微信分享裂变,二线,iOS,21
4993,2026-06-27 04:53:00,小红书种草,一线,Android,33
4994,2026-06-14 15:50:00,抖音信息流,一线,Android,24
4995,2026-07-22 13:04:00,小红书种草,新一线,iOS,21
4996,2026-06-07 07:19:00,自然流量,二线,Android,18
4997,2026-06-27 02:04:00,自然流量,新一线,Android,32
4998,2026-06-09 17:30:00,抖音信息流,一线,Android,18
4999,2026-06-13 03:53:00,抖音信息流,三线及以下,Android,20
5000,2026-07-12 18:23:00,小红书种草,新一线,iOS,20
5001,2026-06-22 04:47:00,自然流量,三线及以下,iOS,23
5002,2026-07-29 21:36:00,小红书种草,新一线,iOS,25
5003,2026-06-06 08:19:00,微信分享裂变,新一线,iOS,24
5004,2026-06-25 12:29:00,自然流量,一线,Android,22
5005,2026-06-14 04:21:00,自然流量,一线,iOS,18
5006,2026-06-21 04:56:00,抖音信息流,三线及以下,iOS,33
5007,2026-07-21 15:59:00,微信分享裂变,二线,iOS,25
5008,2026-06-24 03:36:00,小红书种草,新一线,Android,26
5009,2026-07-01 07:26:00,小红书种草,新一线,Android,20
5010,2026-07-05 13:16:00,抖音信息流,一线,Android,22
5011,2026-06-15 00:40:00,自然流量,二线,Android,29
5012,2026-07-13 13:20:00,抖音信息流,一线,Android,18
5013,2026-07-01 13:27:00,自然流量,新一线,iOS,27
5014,2026-07-23 22:46:00,小红书种草,新一线,iOS,22
5015,2026-07-06 17:46:00,自然流量,新一线,Android,26
5016,2026-07-05 20:26:00,自然流量,新一线,iOS,32
5017,2026-07-05 20:27:00,抖音信息流,三线及以下,iOS,21
5018,2026-07-29 09:31:00,抖音信息流,二线,Android,18
5019,2026-07-26 19:35:00,小红书种草,三线及以下,iOS,18
5020,2026-08-03 08:21:00,抖音信息流,新一线,Android,24
5021,2026-06-15 07:55:00,高校地推,一线,Android,32
5022,2026-08-02 19:41:00,微信分享裂变,三线及以下,Android,22
5023,2026-06-09 17:13:00,微信分享裂变,一线,Android,31
5024,2026-07-03 15:40:00,小红书种草,三线及以下,Android,18
5025,2026-06-26 17:11:00,小红书种草,一线,iOS,21
5026,2026-06-19 20:30:00,小红书种草,二线,Android,29
5027,2026-07-17 03:16:00,抖音信息流,二线,iOS,28
5028,2026-06-20 13:54:00,抖音信息流,二线,Android,18
5029,2026-07-09 18:58:00,小红书种草,二线,iOS,19
5030,2026-07-07 05:16:00,自然流量,一线,iOS,23
5031,2026-06-29 01:32:00,自然流量,新一线,Android,20
5032,2026-07-07 21:02:00,微信分享裂变,一线,Android,29
5033,2026-07-13 06:54:00,自然流量,三线及以下,iOS,24
5034,2026-07-30 21:07:00,抖音信息流,新一线,iOS,18
5035,2026-06-08 13:05:00,小红书种草,一线,Android,26
5036,2026-06-09 19:55:00,自然流量,一线,Android,26
5037,2026-06-17 23:51:00,微信分享裂变,二线,Android,18
5038,2026-07-10 05:41:00,自然流量,三线及以下,iOS,19
5039,2026-06-27 15:52:00,微信分享裂变,三线及以下,Android,20
5040,2026-06-30 12:27:00,微信分享裂变,一线,iOS,30
5041,2026-08-09 01:26:00,自然流量,二线,Android,23
5042,2026-06-04 19:14:00,自然流量,新一线,Android,18
5043,2026-06-21 09:59:00,抖音信息流,二线,Android,18
5044,2026-07-07 11:55:00,抖音信息流,二线,iOS,27
5045,2026-06-07 18:40:00,自然流量,一线,Android,21
5046,2026-08-03 09:18:00,高校地推,新一线,Android,18
5047,2026-08-24 23:59:00,自然流量,一线,Android,22
5048,2026-06-10 14:55:00,微信分享裂变,新一线,Android,28
5049,2026-06-19 12:14:00,自然流量,一线,Android,34
5050,2026-07-09 06:22:00,高校地推,一线,Android,23
5051,2026-07-20 09:58:00,自然流量,一线,Android,26
5052,2026-06-26 19:54:00,抖音信息流,一线,Android,23
5053,2026-08-04 22:01:00,抖音信息流,新一线,iOS,25
5054,2026-07-31 23:37:00,自然流量,新一线,iOS,19
5055,2026-07-20 18:26:00,微信分享裂变,三线及以下,Android,31
5056,2026-07-17 11:08:00,自然流量,新一线,Android,21
5057,2026-06-23 16:43:00,抖音信息流,二线,iOS,18
5058,2026-07-05 01:09:00,抖音信息流,三线及以下,iOS,20
5059,2026-06-30 23:57:00,小红书种草,新一线,iOS,27
5060,2026-06-18 08:09:00,自然流量,二线,Android,20
5061,2026-07-21 22:31:00,自然流量,三线及以下,Android,31
5062,2026-06-26 10:34:00,自然流量,二线,iOS,27
5063,2026-06-13 03:05:00,抖音信息流,一线,iOS,28
5064,2026-06-21 06:58:00,自然流量,一线,Android,21
5065,2026-07-10 11:01:00,高校地推,一线,iOS,20
5066,2026-08-12 22:40:00,抖音信息流,二线,Android,24
5067,2026-06-24 01:10:00,小红书种草,二线,Android,18
5068,2026-07-08 21:20:00,抖音信息流,一线,Android,26
5069,2026-07-27 13:31:00,自然流量,新一线,iOS,28
5070,2026-07-19 11:12:00,抖音信息流,新一线,Android,20
5071,2026-06-19 18:00:00,自然流量,二线,Android,27
5072,2026-07-14 10:32:00,抖音信息流,一线,iOS,25
5073,2026-07-10 21:14:00,抖音信息流,一线,Android,29
5074,2026-06-14 09:09:00,抖音信息流,新一线,Android,32
5075,2026-07-12 10:11:00,高校地推,一线,iOS,27
5076,2026-07-25 15:37:00,自然流量,二线,iOS,23
5077,2026-06-27 22:32:00,抖音信息流,新一线,iOS,30
5078,2026-06-09 00:32:00,自然流量,新一线,iOS,24
5079,2026-07-25 06:29:00,抖音信息流,二线,iOS,22
5080,2026-06-28 20:00:00,小红书种草,一线,iOS,20
5081,2026-07-01 16:16:00,自然流量,一线,Android,24
5082,2026-06-29 23:44:00,小红书种草,三线及以下,Android,29
5083,2026-07-23 20:20:00,抖音信息流,二线,Android,18
5084,2026-06-25 08:49:00,自然流量,一线,Android,18
5085,2026-06-14 05:51:00,高校地推,二线,Android,18
5086,2026-07-27 22:48:00,抖音信息流,新一线,iOS,29
5087,2026-06-14 14:03:00,微信分享裂变,新一线,iOS,25
5088,2026-06-22 10:50:00,抖音信息流,二线,Android,31
5089,2026-07-05 22:48:00,高校地推,一线,Android,21
5090,2026-07-01 08:43:00,自然流量,新一线,Android,18
5091,2026-08-05 00:39:00,抖音信息流,一线,Android,31
5092,2026-07-13 01:15:00,小红书种草,新一线,Android,20
5093,2026-08-08 18:25:00,抖音信息流,新一线,Android,27
5094,2026-07-25 23:12:00,抖音信息流,三线及以下,Android,18
5095,2026-07-22 18:21:00,高校地推,新一线,Android,24
5096,2026-07-18 10:42:00,抖音信息流,二线,Android,23
5097,2026-06-14 17:46:00,小红书种草,一线,iOS,18
5098,2026-06-04 18:46:00,小红书种草,新一线,Android,33
5099,2026-07-19 16:17:00,微信分享裂变,二线,Android,19
5100,2026-06-15 18:24:00,微信分享裂变,一线,iOS,19
5101,2026-07-23 20:00:00,抖音信息流,三线及以下,Android,20
5102,2026-07-18 00:35:00,自然流量,二线,iOS,18
5103,2026-06-17 14:13:00,自然流量,三线及以下,Android,22
5104,2026-07-29 20:04:00,小红书种草,一线,Android,20
5105,2026-06-22 16:55:00,微信分享裂变,新一线,iOS,28
5106,2026-06-06 04:30:00,抖音信息流,一线,Android,25
5107,2026-06-30 21:10:00,自然流量,三线及以下,iOS,18
5108,2026-06-24 12:59:00,自然流量,一线,Android,20
5109,2026-07-23 15:42:00,抖音信息流,二线,Android,34
5110,2026-07-08 07:17:00,微信分享裂变,新一线,Android,19
5111,2026-06-03 19:42:00,自然流量,三线及以下,Android,28
5112,2026-06-19 15:40:00,小红书种草,三线及以下,iOS,20
5113,2026-08-11 15:37:00,小红书种草,二线,Android,18
5114,2026-06-21 01:08:00,高校地推,一线,Android,21
5115,2026-07-01 12:46:00,自然流量,二线,iOS,31
5116,2026-06-08 15:41:00,高校地推,新一线,iOS,18
5117,2026-06-06 23:21:00,小红书种草,二线,Android,27
5118,2026-07-10 05:22:00,微信分享裂变,一线,iOS,30
5119,2026-06-21 00:17:00,自然流量,二线,Android,21
5120,2026-06-28 11:26:00,抖音信息流,新一线,Android,28
5121,2026-07-01 02:01:00,小红书种草,二线,iOS,28
5122,2026-06-18 13:27:00,抖音信息流,新一线,iOS,19
5123,2026-07-07 17:38:00,抖音信息流,新一线,iOS,19
5124,2026-08-05 17:15:00,抖音信息流,一线,iOS,23
5125,2026-07-04 16:50:00,抖音信息流,一线,Android,24
5126,2026-06-25 08:14:00,自然流量,三线及以下,iOS,22
5127,2026-06-07 18:37:00,抖音信息流,二线,Android,26
5128,2026-07-25 17:36:00,自然流量,一线,iOS,20
5129,2026-06-04 08:02:00,高校地推,新一线,iOS,19
5130,2026-06-13 01:51:00,高校地推,二线,Android,24
5131,2026-07-16 03:34:00,自然流量,新一线,iOS,25
5132,2026-07-26 15:33:00,自然流量,新一线,Android,30
5133,2026-07-05 16:43:00,自然流量,二线,iOS,26
5134,2026-07-18 21:55:00,抖音信息流,一线,Android,27
5135,2026-06-19 08:06:00,微信分享裂变,新一线,iOS,22
5136,2026-06-09 15:27:00,抖音信息流,新一线,iOS,22
5137,2026-07-05 00:35:00,自然流量,新一线,Android,20
5138,2026-08-02 07:10:00,自然流量,一线,iOS,24
5139,2026-07-04 18:27:00,自然流量,一线,Android,24
5140,2026-07-24 02:35:00,微信分享裂变,三线及以下,Android,24
5141,2026-08-19 10:40:00,小红书种草,三线及以下,Android,22
5142,2026-06-19 17:59:00,抖音信息流,三线及以下,iOS,23
5143,2026-06-16 04:52:00,抖音信息流,二线,Android,32
5144,2026-06-30 22:38:00,高校地推,一线,iOS,25
5145,2026-06-30 08:17:00,抖音信息流,新一线,iOS,26
5146,2026-07-08 03:36:00,微信分享裂变,新一线,iOS,26
5147,2026-06-17 09:25:00,微信分享裂变,一线,Android,23
5148,2026-06-04 09:06:00,抖音信息流,一线,Android,26
5149,2026-06-23 18:54:00,微信分享裂变,一线,Android,24
5150,2026-07-01 06:15:00,自然流量,一线,Android,18
5151,2026-08-01 13:06:00,小红书种草,一线,iOS,21
5152,2026-06-29 21:20:00,自然流量,二线,iOS,33
5153,2026-08-13 23:27:00,抖音信息流,三线及以下,Android,29
5154,2026-07-26 20:26:00,自然流量,新一线,Android,22
5155,2026-07-13 23:25:00,自然流量,一线,iOS,27
5156,2026-07-24 16:07:00,自然流量,一线,Android,25
5157,2026-08-12 13:43:00,抖音信息流,二线,Android,32
5158,2026-06-16 01:40:00,小红书种草,一线,iOS,23
5159,2026-07-21 02:34:00,抖音信息流,二线,Android,25
5160,2026-07-26 07:54:00,抖音信息流,一线,Android,20
5161,2026-07-14 18:43:00,高校地推,二线,Android,23
5162,2026-07-01 02:13:00,高校地推,二线,iOS,18
5163,2026-07-25 17:54:00,自然流量,一线,iOS,25
5164,2026-07-11 17:08:00,抖音信息流,三线及以下,Android,29
5165,2026-07-21 03:37:00,小红书种草,新一线,iOS,32
5166,2026-07-09 11:18:00,小红书种草,一线,iOS,26
5167,2026-07-07 15:09:00,抖音信息流,新一线,iOS,22
5168,2026-07-07 19:37:00,小红书种草,新一线,Android,19
5169,2026-07-06 15:20:00,自然流量,三线及以下,iOS,21
5170,2026-07-15 23:31:00,抖音信息流,一线,iOS,18
5171,2026-07-04 16:38:00,小红书种草,三线及以下,Android,22
5172,2026-06-12 01:14:00,小红书种草,二线,Android,18
5173,2026-07-19 04:25:00,微信分享裂变,二线,iOS,21
5174,2026-08-06 00:57:00,自然流量,一线,Android,22
5175,2026-07-13 14:37:00,自然流量,一线,Android,25
5176,2026-06-23 09:11:00,自然流量,三线及以下,iOS,18
5177,2026-07-16 12:13:00,自然流量,新一线,iOS,22
5178,2026-08-02 14:57:00,自然流量,三线及以下,Android,27
5179,2026-06-04 05:07:00,抖音信息流,新一线,Android,30
5180,2026-06-20 10:22:00,抖音信息流,新一线,Android,23
5181,2026-06-21 17:47:00,小红书种草,三线及以下,iOS,34
5182,2026-06-12 01:21:00,抖音信息流,二线,Android,27
5183,2026-07-18 07:02:00,自然流量,新一线,iOS,24
5184,2026-08-07 13:32:00,小红书种草,二线,Android,30
5185,2026-06-30 23:33:00,自然流量,一线,iOS,21
5186,2026-06-12 12:27:00,微信分享裂变,新一线,Android,18
5187,2026-07-03 22:49:00,自然流量,一线,Android,28
5188,2026-07-20 07:31:00,抖音信息流,三线及以下,Android,26
5189,2026-06-29 21:22:00,微信分享裂变,三线及以下,Android,29
5190,2026-07-20 15:00:00,抖音信息流,三线及以下,Android,29
5191,2026-07-06 14:56:00,小红书种草,新一线,Android,34
5192,2026-07-17 13:28:00,小红书种草,二线,Android,18
5193,2026-07-28 20:20:00,自然流量,一线,Android,22
5194,2026-07-29 02:57:00,小红书种草,新一线,Android,22
5195,2026-07-21 21:51:00,微信分享裂变,二线,iOS,29
5196,2026-08-11 21:29:00,高校地推,一线,Android,25
5197,2026-07-02 01:44:00,抖音信息流,一线,iOS,29
5198,2026-07-06 03:19:00,抖音信息流,二线,iOS,25
5199,2026-06-29 12:01:00,小红书种草,二线,Android,23
5200,2026-07-05 20:18:00,抖音信息流,新一线,iOS,27
5201,2026-08-04 17:31:00,自然流量,二线,iOS,25
5202,2026-07-11 04:58:00,自然流量,三线及以下,Android,25
5203,2026-07-25 11:05:00,自然流量,一线,Android,27
5204,2026-06-22 14:48:00,抖音信息流,二线,iOS,26
5205,2026-07-24 20:37:00,自然流量,新一线,Android,28
5206,2026-07-19 18:41:00,自然流量,新一线,iOS,24
5207,2026-06-17 10:47:00,自然流量,一线,iOS,24
5208,2026-07-31 21:15:00,高校地推,新一线,iOS,18
5209,2026-06-19 06:13:00,自然流量,二线,Android,28
5210,2026-06-17 09:36:00,自然流量,新一线,Android,32
5211,2026-07-25 00:23:00,抖音信息流,一线,Android,18
5212,2026-06-29 02:47:00,自然流量,一线,Android,27
5213,2026-07-11 20:23:00,高校地推,二线,Android,23
5214,2026-06-15 06:40:00,高校地推,新一线,iOS,23
5215,2026-06-18 01:54:00,抖音信息流,一线,Android,27
5216,2026-06-30 16:08:00,抖音信息流,三线及以下,Android,23
5217,2026-06-19 04:57:00,抖音信息流,一线,Android,25
5218,2026-06-23 07:39:00,自然流量,二线,Android,22
5219,2026-07-13 13:03:00,自然流量,一线,Android,31
5220,2026-08-02 03:11:00,自然流量,一线,iOS,22
5221,2026-06-30 07:05:00,自然流量,一线,Android,20
5222,2026-07-05 18:39:00,抖音信息流,三线及以下,iOS,25
5223,2026-07-26 23:23:00,自然流量,二线,iOS,19
5224,2026-07-06 08:26:00,自然流量,一线,Android,25
5225,2026-07-01 23:26:00,抖音信息流,二线,iOS,32
5226,2026-06-18 12:41:00,抖音信息流,二线,Android,23
5227,2026-06-25 06:42:00,自然流量,新一线,iOS,18
5228,2026-07-20 06:27:00,自然流量,新一线,Android,21
5229,2026-07-02 23:11:00,自然流量,新一线,iOS,28
5230,2026-06-20 02:18:00,自然流量,一线,iOS,24
5231,2026-07-22 17:47:00,微信分享裂变,二线,iOS,27
5232,2026-07-25 12:45:00,高校地推,二线,Android,20
5233,2026-07-28 10:53:00,抖音信息流,二线,iOS,21
5234,2026-06-27 05:26:00,抖音信息流,二线,iOS,27
5235,2026-07-31 05:21:00,小红书种草,二线,iOS,32
5236,2026-06-30 07:48:00,小红书种草,二线,iOS,22
5237,2026-07-01 00:01:00,自然流量,三线及以下,Android,24
5238,2026-07-16 14:19:00,自然流量,新一线,Android,29
5239,2026-07-04 00:01:00,抖音信息流,二线,Android,24
5240,2026-07-04 12:56:00,抖音信息流,二线,iOS,27
5241,2026-07-19 21:33:00,自然流量,一线,Android,20
5242,2026-06-27 19:51:00,自然流量,新一线,Android,24
5243,2026-07-25 12:07:00,抖音信息流,二线,iOS,20
5244,2026-07-02 08:12:00,自然流量,一线,Android,18
5245,2026-07-09 05:54:00,抖音信息流,新一线,iOS,19
5246,2026-06-10 09:04:00,小红书种草,一线,iOS,26
5247,2026-07-13 19:56:00,抖音信息流,一线,Android,26
5248,2026-06-05 09:02:00,自然流量,新一线,Android,27
5249,2026-07-11 09:09:00,自然流量,一线,Android,26
5250,2026-06-25 11:15:00,微信分享裂变,二线,Android,22
5251,2026-08-07 20:34:00,抖音信息流,新一线,Android,18
5252,2026-06-27 17:59:00,自然流量,一线,Android,18
5253,2026-06-29 02:26:00,自然流量,一线,Android,29
5254,2026-07-15 23:44:00,微信分享裂变,一线,Android,19
5255,2026-07-07 20:17:00,小红书种草,新一线,Android,23
5256,2026-06-16 10:36:00,微信分享裂变,二线,iOS,24
5257,2026-07-02 21:31:00,小红书种草,新一线,iOS,18
5258,2026-06-17 15:46:00,抖音信息流,一线,Android,25
5259,2026-06-12 12:17:00,抖音信息流,新一线,iOS,31
5260,2026-07-20 21:46:00,自然流量,三线及以下,Android,23
5261,2026-07-23 07:45:00,小红书种草,三线及以下,iOS,22
5262,2026-06-26 16:32:00,小红书种草,二线,iOS,18
5263,2026-06-16 13:22:00,自然流量,一线,iOS,22
5264,2026-07-02 11:43:00,微信分享裂变,一线,iOS,26
5265,2026-07-04 19:45:00,抖音信息流,新一线,iOS,23
5266,2026-07-24 22:40:00,自然流量,新一线,iOS,21
5267,2026-06-25 01:47:00,抖音信息流,二线,Android,29
5268,2026-06-21 08:20:00,微信分享裂变,一线,iOS,22
5269,2026-06-10 19:46:00,高校地推,三线及以下,iOS,21
5270,2026-07-05 22:29:00,抖音信息流,二线,iOS,24
5271,2026-07-08 20:34:00,高校地推,三线及以下,iOS,30
5272,2026-06-23 17:23:00,微信分享裂变,三线及以下,Android,23
5273,2026-06-21 23:03:00,微信分享裂变,新一线,Android,19
5274,2026-07-26 07:24:00,微信分享裂变,二线,iOS,26
5275,2026-06-16 22:12:00,抖音信息流,二线,iOS,22
5276,2026-08-20 07:58:00,小红书种草,一线,iOS,26
5277,2026-07-20 09:48:00,抖音信息流,一线,Android,18
5278,2026-07-28 22:15:00,小红书种草,一线,iOS,24
5279,2026-06-29 22:06:00,自然流量,新一线,Android,22
5280,2026-06-07 20:48:00,小红书种草,新一线,iOS,19
5281,2026-07-30 21:05:00,高校地推,一线,Android,18
5282,2026-06-28 06:01:00,抖音信息流,新一线,iOS,22
5283,2026-06-13 15:17:00,高校地推,新一线,iOS,18
5284,2026-07-13 13:09:00,抖音信息流,二线,iOS,18
5285,2026-07-16 05:38:00,自然流量,一线,Android,18
5286,2026-06-07 07:12:00,自然流量,二线,Android,18
5287,2026-08-01 07:40:00,微信分享裂变,三线及以下,Android,24
5288,2026-07-04 20:11:00,抖音信息流,新一线,iOS,18
5289,2026-07-09 01:06:00,抖音信息流,新一线,Android,23
5290,2026-06-22 04:03:00,小红书种草,一线,iOS,19
5291,2026-07-01 06:41:00,抖音信息流,二线,Android,27
5292,2026-06-18 23:45:00,抖音信息流,三线及以下,Android,25
5293,2026-06-28 22:22:00,微信分享裂变,一线,iOS,22
5294,2026-07-05 21:48:00,小红书种草,二线,Android,24
5295,2026-06-11 09:50:00,微信分享裂变,一线,Android,26
5296,2026-06-22 02:03:00,小红书种草,二线,Android,24
5297,2026-07-05 20:24:00,高校地推,新一线,iOS,24
5298,2026-06-25 04:41:00,自然流量,新一线,Android,18
5299,2026-08-04 22:50:00,自然流量,三线及以下,iOS,21
5300,2026-07-10 17:09:00,自然流量,新一线,iOS,20
5301,2026-06-18 20:15:00,抖音信息流,一线,Android,29
5302,2026-08-08 19:26:00,小红书种草,二线,iOS,22
5303,2026-07-28 16:40:00,小红书种草,一线,iOS,20
5304,2026-07-07 03:09:00,抖音信息流,三线及以下,Android,26
5305,2026-06-29 06:09:00,自然流量,一线,iOS,18
5306,2026-07-13 15:54:00,小红书种草,新一线,Android,23
5307,2026-06-25 21:03:00,高校地推,新一线,Android,18
5308,2026-07-06 10:13:00,自然流量,新一线,iOS,20
5309,2026-06-21 19:12:00,自然流量,新一线,Android,21
5310,2026-07-24 05:17:00,自然流量,新一线,Android,31
5311,2026-06-08 19:09:00,抖音信息流,二线,iOS,23
5312,2026-06-07 17:02:00,自然流量,一线,Android,19
5313,2026-06-26 22:24:00,抖音信息流,二线,iOS,23
5314,2026-07-02 10:29:00,小红书种草,一线,Android,31
5315,2026-07-05 04:59:00,抖音信息流,二线,iOS,18
5316,2026-06-29 17:17:00,抖音信息流,二线,iOS,27
5317,2026-06-22 00:40:00,自然流量,二线,Android,25
5318,2026-06-28 06:45:00,高校地推,一线,Android,23
5319,2026-06-28 14:28:00,抖音信息流,二线,Android,22
5320,2026-06-12 06:10:00,抖音信息流,二线,iOS,31
5321,2026-07-18 19:25:00,自然流量,三线及以下,Android,27
5322,2026-07-20 23:20:00,小红书种草,一线,Android,18
5323,2026-07-09 10:13:00,微信分享裂变,二线,Android,24
5324,2026-07-08 10:13:00,自然流量,新一线,Android,30
5325,2026-06-08 13:43:00,自然流量,三线及以下,iOS,26
5326,2026-06-15 13:34:00,自然流量,新一线,iOS,25
5327,2026-06-23 19:20:00,小红书种草,一线,iOS,18
5328,2026-06-25 17:59:00,高校地推,三线及以下,iOS,35
5329,2026-08-07 03:46:00,抖音信息流,一线,iOS,27
5330,2026-07-31 17:14:00,抖音信息流,二线,iOS,32
5331,2026-06-11 23:06:00,微信分享裂变,一线,iOS,25
5332,2026-07-02 07:12:00,小红书种草,三线及以下,Android,23
5333,2026-06-25 08:28:00,自然流量,新一线,Android,20
5334,2026-06-03 04:04:00,自然流量,一线,Android,28
5335,2026-07-18 16:46:00,抖音信息流,二线,iOS,31
5336,2026-06-27 23:42:00,微信分享裂变,一线,iOS,29
5337,2026-07-15 11:33:00,小红书种草,一线,iOS,35
5338,2026-08-19 20:51:00,小红书种草,二线,Android,24
5339,2026-07-10 20:58:00,微信分享裂变,一线,Android,20
5340,2026-07-03 23:40:00,自然流量,一线,iOS,25
5341,2026-06-13 05:12:00,抖音信息流,新一线,iOS,28
5342,2026-08-08 15:31:00,自然流量,一线,iOS,22
5343,2026-06-17 23:14:00,微信分享裂变,三线及以下,iOS,23
5344,2026-06-09 03:40:00,小红书种草,二线,iOS,25
5345,2026-08-07 20:11:00,自然流量,三线及以下,Android,26
5346,2026-08-03 03:19:00,自然流量,二线,iOS,24
5347,2026-07-09 16:20:00,小红书种草,三线及以下,Android,25
5348,2026-07-16 23:38:00,小红书种草,一线,iOS,27
5349,2026-07-11 04:45:00,小红书种草,二线,iOS,27
5350,2026-06-25 10:00:00,自然流量,三线及以下,Android,21
5351,2026-06-30 11:26:00,高校地推,二线,iOS,18
5352,2026-06-12 08:50:00,小红书种草,三线及以下,Android,18
5353,2026-08-18 11:35:00,小红书种草,三线及以下,iOS,26
5354,2026-07-19 16:29:00,小红书种草,一线,Android,20
5355,2026-06-14 20:58:00,高校地推,新一线,Android,25
5356,2026-07-30 00:48:00,高校地推,一线,iOS,23
5357,2026-07-27 12:00:00,小红书种草,三线及以下,iOS,24
5358,2026-07-04 14:18:00,抖音信息流,三线及以下,iOS,26
5359,2026-07-14 15:42:00,抖音信息流,新一线,iOS,29
5360,2026-07-05 18:14:00,微信分享裂变,一线,iOS,23
5361,2026-06-13 19:10:00,小红书种草,一线,Android,18
5362,2026-07-26 10:28:00,自然流量,一线,iOS,25
5363,2026-07-07 04:47:00,自然流量,新一线,Android,27
5364,2026-08-15 19:37:00,高校地推,三线及以下,Android,18
5365,2026-07-08 07:01:00,微信分享裂变,一线,Android,20
5366,2026-08-13 05:55:00,高校地推,二线,Android,24
5367,2026-08-01 06:24:00,抖音信息流,二线,Android,21
5368,2026-08-21 12:22:00,微信分享裂变,二线,iOS,24
5369,2026-07-27 09:00:00,微信分享裂变,一线,iOS,20
5370,2026-07-14 19:18:00,抖音信息流,一线,Android,28
5371,2026-08-13 10:35:00,自然流量,一线,iOS,24
5372,2026-06-03 13:49:00,高校地推,一线,iOS,18
5373,2026-06-30 07:42:00,自然流量,一线,Android,27
5374,2026-06-30 20:35:00,小红书种草,新一线,Android,27
5375,2026-07-11 04:15:00,小红书种草,二线,iOS,23
5376,2026-06-26 18:52:00,小红书种草,一线,Android,18
5377,2026-07-14 23:38:00,自然流量,新一线,iOS,28
5378,2026-06-05 10:52:00,小红书种草,新一线,iOS,18
5379,2026-06-07 01:30:00,自然流量,一线,Android,22
5380,2026-07-31 18:28:00,微信分享裂变,一线,iOS,21
5381,2026-07-14 14:32:00,自然流量,一线,Android,18
5382,2026-06-18 09:25:00,小红书种草,新一线,iOS,24
5383,2026-08-03 06:42:00,微信分享裂变,新一线,iOS,25
5384,2026-07-26 22:32:00,自然流量,一线,iOS,24
5385,2026-06-24 20:35:00,自然流量,一线,iOS,22
5386,2026-07-03 14:50:00,微信分享裂变,一线,Android,20
5387,2026-06-10 06:09:00,自然流量,一线,iOS,31
5388,2026-07-19 04:48:00,自然流量,二线,Android,24
5389,2026-07-07 14:39:00,抖音信息流,二线,Android,19
5390,2026-07-18 11:11:00,高校地推,二线,iOS,26
5391,2026-06-27 13:38:00,抖音信息流,新一线,iOS,25
5392,2026-06-30 04:59:00,抖音信息流,一线,iOS,27
5393,2026-06-27 03:39:00,高校地推,一线,iOS,23
5394,2026-07-17 08:09:00,抖音信息流,新一线,iOS,20
5395,2026-07-02 19:43:00,抖音信息流,二线,iOS,18
5396,2026-06-28 08:17:00,抖音信息流,二线,iOS,21
5397,2026-06-19 22:13:00,抖音信息流,二线,iOS,18
5398,2026-08-12 22:00:00,抖音信息流,二线,iOS,25
5399,2026-07-02 20:28:00,小红书种草,二线,Android,18
5400,2026-07-09 07:04:00,自然流量,二线,iOS,22
5401,2026-06-24 22:55:00,小红书种草,三线及以下,iOS,27
5402,2026-06-20 02:20:00,自然流量,一线,Android,22
5403,2026-06-23 08:38:00,抖音信息流,一线,Android,23
5404,2026-07-15 20:46:00,自然流量,新一线,iOS,26
5405,2026-07-25 13:27:00,抖音信息流,新一线,Android,26
5406,2026-06-23 09:17:00,小红书种草,一线,Android,29
5407,2026-07-11 08:02:00,抖音信息流,二线,Android,26
5408,2026-06-16 19:12:00,自然流量,新一线,Android,25
5409,2026-07-25 15:12:00,自然流量,新一线,Android,18
5410,2026-06-05 15:41:00,微信分享裂变,一线,Android,25
5411,2026-07-30 00:20:00,自然流量,新一线,iOS,32
5412,2026-07-05 04:34:00,微信分享裂变,新一线,Android,27
5413,2026-08-03 08:27:00,抖音信息流,一线,iOS,28
5414,2026-07-26 10:12:00,自然流量,一线,Android,20
5415,2026-07-25 05:29:00,小红书种草,新一线,iOS,23
5416,2026-07-19 04:56:00,抖音信息流,三线及以下,Android,26
5417,2026-06-30 18:57:00,自然流量,一线,iOS,26
5418,2026-07-31 18:24:00,高校地推,一线,Android,27
5419,2026-07-04 15:43:00,自然流量,一线,Android,18
5420,2026-06-26 08:04:00,抖音信息流,一线,iOS,20
5421,2026-06-28 17:38:00,抖音信息流,二线,iOS,18
5422,2026-07-12 21:07:00,抖音信息流,一线,iOS,25
5423,2026-06-16 17:00:00,微信分享裂变,新一线,Android,23
5424,2026-06-30 06:27:00,自然流量,三线及以下,iOS,23
5425,2026-07-05 21:04:00,高校地推,一线,Android,20
5426,2026-08-15 16:56:00,小红书种草,新一线,Android,19
5427,2026-08-21 17:43:00,高校地推,三线及以下,iOS,24
5428,2026-06-27 05:58:00,微信分享裂变,新一线,Android,29
5429,2026-06-25 12:32:00,高校地推,一线,iOS,31
5430,2026-08-20 00:45:00,小红书种草,一线,iOS,31
5431,2026-07-21 15:58:00,抖音信息流,三线及以下,Android,21
5432,2026-07-07 23:19:00,抖音信息流,三线及以下,iOS,18
5433,2026-06-27 06:47:00,小红书种草,一线,iOS,28
5434,2026-06-29 02:48:00,抖音信息流,新一线,iOS,30
5435,2026-06-06 18:14:00,小红书种草,一线,Android,26
5436,2026-07-08 14:36:00,自然流量,一线,Android,23
5437,2026-07-07 10:20:00,微信分享裂变,三线及以下,iOS,20
5438,2026-07-04 10:28:00,自然流量,新一线,iOS,27
5439,2026-07-25 03:48:00,高校地推,一线,Android,26
5440,2026-07-07 06:40:00,自然流量,新一线,iOS,25
5441,2026-06-28 06:16:00,自然流量,三线及以下,iOS,18
5442,2026-06-18 03:08:00,微信分享裂变,二线,Android,19
5443,2026-07-22 18:28:00,微信分享裂变,二线,Android,23
5444,2026-06-09 12:19:00,小红书种草,二线,iOS,29
5445,2026-06-14 12:30:00,高校地推,二线,iOS,28
5446,2026-08-04 05:50:00,自然流量,三线及以下,iOS,22
5447,2026-07-04 20:36:00,微信分享裂变,二线,Android,18
5448,2026-07-05 17:40:00,抖音信息流,新一线,iOS,30
5449,2026-06-20 17:48:00,抖音信息流,三线及以下,Android,30
5450,2026-07-27 16:09:00,抖音信息流,新一线,iOS,24
5451,2026-08-06 12:22:00,自然流量,新一线,iOS,21
5452,2026-07-26 15:54:00,抖音信息流,三线及以下,Android,22
5453,2026-07-17 17:28:00,小红书种草,三线及以下,Android,28
5454,2026-07-22 19:56:00,自然流量,新一线,Android,26
5455,2026-06-17 13:12:00,高校地推,新一线,iOS,21
5456,2026-06-18 04:28:00,抖音信息流,二线,iOS,35
5457,2026-07-18 19:38:00,自然流量,新一线,iOS,18
5458,2026-07-09 09:32:00,小红书种草,新一线,iOS,20
5459,2026-06-26 01:31:00,自然流量,一线,iOS,21
5460,2026-06-21 19:39:00,自然流量,一线,Android,24
5461,2026-07-06 02:33:00,小红书种草,一线,Android,29
5462,2026-06-17 21:42:00,自然流量,新一线,Android,28
5463,2026-08-08 14:18:00,自然流量,二线,Android,24
5464,2026-07-01 19:07:00,小红书种草,一线,Android,18
5465,2026-06-22 19:44:00,自然流量,一线,iOS,28
5466,2026-07-07 22:12:00,微信分享裂变,新一线,Android,18
5467,2026-07-14 05:27:00,微信分享裂变,一线,iOS,21
5468,2026-06-24 23:43:00,自然流量,三线及以下,iOS,23
5469,2026-06-28 06:30:00,抖音信息流,一线,iOS,19
5470,2026-08-06 21:11:00,自然流量,二线,Android,19
5471,2026-06-10 03:38:00,小红书种草,新一线,Android,28
5472,2026-07-17 21:32:00,自然流量,三线及以下,iOS,31
5473,2026-06-09 05:09:00,高校地推,新一线,Android,23
5474,2026-08-14 05:59:00,自然流量,三线及以下,Android,18
5475,2026-06-28 09:46:00,小红书种草,新一线,Android,25
5476,2026-06-20 04:06:00,自然流量,二线,iOS,20
5477,2026-06-17 11:28:00,自然流量,一线,Android,25
5478,2026-07-16 01:13:00,抖音信息流,新一线,iOS,25
5479,2026-06-28 08:36:00,抖音信息流,一线,iOS,18
5480,2026-06-08 03:41:00,高校地推,二线,iOS,22
5481,2026-08-14 19:35:00,自然流量,新一线,iOS,27
5482,2026-07-30 11:16:00,自然流量,新一线,iOS,23
5483,2026-06-05 12:07:00,抖音信息流,一线,iOS,18
5484,2026-07-24 07:09:00,抖音信息流,一线,iOS,27
5485,2026-06-29 22:50:00,微信分享裂变,二线,Android,18
5486,2026-07-01 03:57:00,高校地推,新一线,Android,25
5487,2026-06-29 23:07:00,微信分享裂变,新一线,Android,21
5488,2026-07-02 00:33:00,自然流量,三线及以下,iOS,26
5489,2026-06-14 16:10:00,抖音信息流,一线,Android,22
5490,2026-06-05 02:57:00,小红书种草,新一线,Android,26
5491,2026-06-18 22:23:00,抖音信息流,一线,iOS,30
5492,2026-07-10 21:22:00,小红书种草,二线,iOS,27
5493,2026-07-05 17:24:00,自然流量,新一线,iOS,27
5494,2026-06-24 10:19:00,抖音信息流,二线,iOS,26
5495,2026-06-27 05:50:00,微信分享裂变,二线,Android,18
5496,2026-06-04 14:29:00,自然流量,一线,iOS,24
5497,2026-08-22 04:41:00,高校地推,一线,iOS,25
5498,2026-07-22 15:52:00,抖音信息流,一线,Android,26
5499,2026-07-13 06:54:00,自然流量,新一线,Android,23
5500,2026-07-23 03:53:00,自然流量,一线,Android,27
5501,2026-07-19 21:22:00,自然流量,新一线,Android,19
5502,2026-06-25 07:11:00,抖音信息流,新一线,Android,33
5503,2026-06-10 09:47:00,自然流量,新一线,iOS,26
5504,2026-06-17 15:32:00,小红书种草,新一线,Android,19
5505,2026-06-05 17:11:00,微信分享裂变,三线及以下,Android,30
5506,2026-07-22 22:06:00,抖音信息流,三线及以下,Android,18
5507,2026-08-05 15:44:00,自然流量,新一线,iOS,24
5508,2026-07-18 08:13:00,抖音信息流,三线及以下,Android,24
5509,2026-06-18 21:09:00,微信分享裂变,二线,iOS,21
5510,2026-07-21 09:05:00,小红书种草,一线,Android,23
5511,2026-07-09 07:20:00,自然流量,新一线,Android,24
5512,2026-08-01 16:01:00,抖音信息流,新一线,iOS,18
5513,2026-08-18 23:36:00,抖音信息流,二线,iOS,25
5514,2026-06-27 23:10:00,抖音信息流,三线及以下,Android,24
5515,2026-06-13 03:04:00,自然流量,新一线,iOS,33
5516,2026-07-10 12:37:00,高校地推,新一线,iOS,31
5517,2026-06-29 05:56:00,自然流量,二线,Android,20
5518,2026-06-22 22:47:00,自然流量,新一线,Android,23
5519,2026-07-05 19:29:00,自然流量,新一线,Android,20
5520,2026-07-15 13:47:00,抖音信息流,新一线,Android,22
5521,2026-06-07 09:58:00,抖音信息流,二线,Android,28
5522,2026-07-04 05:10:00,自然流量,新一线,iOS,23
5523,2026-07-13 17:20:00,抖音信息流,一线,iOS,21
5524,2026-08-03 18:50:00,小红书种草,一线,Android,27
5525,2026-07-04 06:32:00,自然流量,新一线,Android,18
5526,2026-07-07 05:09:00,高校地推,二线,Android,22
5527,2026-06-24 01:28:00,抖音信息流,新一线,Android,30
5528,2026-06-03 15:41:00,自然流量,新一线,Android,31
5529,2026-06-10 23:47:00,高校地推,三线及以下,iOS,30
5530,2026-07-29 14:17:00,微信分享裂变,三线及以下,Android,18
5531,2026-07-16 06:49:00,抖音信息流,新一线,iOS,18
5532,2026-06-14 10:41:00,微信分享裂变,二线,Android,21
5533,2026-07-10 21:20:00,抖音信息流,新一线,iOS,24
5534,2026-06-26 19:47:00,抖音信息流,新一线,iOS,20
5535,2026-06-02 16:16:00,微信分享裂变,一线,iOS,18
5536,2026-06-29 04:55:00,小红书种草,新一线,Android,28
5537,2026-07-18 18:09:00,自然流量,新一线,Android,27
5538,2026-07-14 00:27:00,小红书种草,新一线,Android,21
5539,2026-08-05 22:58:00,抖音信息流,二线,Android,27
5540,2026-06-27 21:12:00,自然流量,一线,iOS,28
5541,2026-07-08 11:28:00,高校地推,一线,iOS,18
5542,2026-07-02 11:56:00,抖音信息流,三线及以下,iOS,27
5543,2026-06-26 02:55:00,小红书种草,新一线,iOS,23
5544,2026-06-15 15:50:00,小红书种草,一线,Android,18
5545,2026-07-02 13:53:00,抖音信息流,新一线,Android,29
5546,2026-07-10 14:51:00,自然流量,一线,iOS,24
5547,2026-08-02 07:02:00,高校地推,二线,Android,18
5548,2026-07-14 18:58:00,小红书种草,一线,Android,25
5549,2026-08-09 17:12:00,小红书种草,三线及以下,iOS,24
5550,2026-07-07 13:09:00,抖音信息流,一线,Android,26
5551,2026-07-24 20:26:00,自然流量,新一线,iOS,18
5552,2026-06-27 05:56:00,自然流量,新一线,iOS,22
5553,2026-06-25 03:55:00,抖音信息流,一线,iOS,19
5554,2026-08-06 22:17:00,自然流量,一线,iOS,23
5555,2026-07-04 20:26:00,小红书种草,一线,iOS,18
5556,2026-06-15 20:16:00,微信分享裂变,一线,iOS,18
5557,2026-08-12 10:42:00,抖音信息流,二线,iOS,31
5558,2026-07-08 06:59:00,抖音信息流,三线及以下,Android,29
5559,2026-07-01 05:12:00,小红书种草,新一线,iOS,28
5560,2026-06-09 20:30:00,自然流量,新一线,iOS,31
5561,2026-07-16 13:12:00,高校地推,新一线,Android,18
5562,2026-08-03 10:32:00,抖音信息流,一线,Android,23
5563,2026-07-24 21:03:00,自然流量,新一线,Android,25
5564,2026-07-11 02:32:00,自然流量,三线及以下,Android,22
5565,2026-07-02 01:22:00,高校地推,一线,Android,18
5566,2026-07-16 09:04:00,自然流量,一线,iOS,28
5567,2026-06-27 18:05:00,小红书种草,一线,Android,27
5568,2026-07-09 06:38:00,自然流量,新一线,iOS,20
5569,2026-07-16 21:26:00,自然流量,三线及以下,Android,28
5570,2026-07-13 19:32:00,微信分享裂变,新一线,iOS,24
5571,2026-07-23 15:10:00,自然流量,一线,Android,27
5572,2026-06-12 15:15:00,自然流量,一线,Android,19
5573,2026-06-07 04:58:00,抖音信息流,二线,iOS,25
5574,2026-08-02 06:50:00,微信分享裂变,新一线,iOS,25
5575,2026-08-07 21:41:00,抖音信息流,一线,iOS,22
5576,2026-07-12 12:00:00,自然流量,一线,iOS,18
5577,2026-07-03 17:04:00,高校地推,一线,iOS,24
5578,2026-07-14 07:51:00,小红书种草,三线及以下,Android,25
5579,2026-07-16 00:31:00,微信分享裂变,新一线,iOS,19
5580,2026-07-23 14:02:00,小红书种草,一线,iOS,26
5581,2026-06-25 05:40:00,小红书种草,三线及以下,iOS,25
5582,2026-07-01 10:00:00,抖音信息流,三线及以下,iOS,26
5583,2026-07-02 06:28:00,抖音信息流,一线,iOS,22
5584,2026-07-08 21:05:00,小红书种草,一线,Android,18
5585,2026-06-07 23:05:00,小红书种草,三线及以下,iOS,18
5586,2026-07-05 20:11:00,高校地推,一线,Android,27
5587,2026-08-12 14:32:00,抖音信息流,一线,Android,18
5588,2026-07-11 10:12:00,自然流量,新一线,Android,20
5589,2026-07-30 16:54:00,抖音信息流,二线,iOS,28
5590,2026-07-06 08:29:00,小红书种草,新一线,iOS,18
5591,2026-06-13 14:32:00,抖音信息流,一线,iOS,18
5592,2026-07-07 05:43:00,微信分享裂变,二线,iOS,27
5593,2026-06-06 18:00:00,小红书种草,二线,Android,24
5594,2026-06-14 01:31:00,自然流量,一线,Android,18
5595,2026-07-10 01:18:00,抖音信息流,一线,Android,21
5596,2026-07-01 04:38:00,小红书种草,二线,Android,24
5597,2026-06-21 03:48:00,高校地推,一线,iOS,18
5598,2026-06-19 15:45:00,抖音信息流,二线,iOS,18
5599,2026-07-11 05:03:00,抖音信息流,一线,iOS,18
5600,2026-08-02 12:26:00,抖音信息流,二线,Android,28
5601,2026-07-05 13:14:00,抖音信息流,一线,Android,29
5602,2026-08-16 01:08:00,自然流量,一线,iOS,27
5603,2026-08-13 02:32:00,微信分享裂变,一线,Android,30
5604,2026-07-10 11:12:00,高校地推,一线,Android,30
5605,2026-06-21 02:52:00,抖音信息流,新一线,Android,18
5606,2026-06-28 16:22:00,抖音信息流,新一线,iOS,29
5607,2026-07-02 21:10:00,自然流量,二线,Android,24
5608,2026-06-13 11:05:00,小红书种草,新一线,Android,33
5609,2026-07-18 22:06:00,抖音信息流,新一线,iOS,40
5610,2026-06-20 10:15:00,小红书种草,二线,iOS,23
5611,2026-07-28 19:36:00,自然流量,一线,iOS,22
5612,2026-08-02 18:31:00,小红书种草,二线,iOS,22
5613,2026-06-29 18:09:00,自然流量,新一线,Android,24
5614,2026-06-10 22:36:00,小红书种草,一线,Android,25
5615,2026-07-21 19:43:00,小红书种草,新一线,Android,37
5616,2026-07-27 13:11:00,自然流量,三线及以下,iOS,24
5617,2026-06-21 08:16:00,抖音信息流,一线,Android,21
5618,2026-07-16 09:18:00,微信分享裂变,新一线,iOS,24
5619,2026-07-18 17:59:00,小红书种草,新一线,iOS,19
5620,2026-06-09 19:52:00,自然流量,新一线,Android,18
5621,2026-06-11 23:22:00,抖音信息流,一线,Android,23
5622,2026-06-25 12:09:00,抖音信息流,一线,Android,35
5623,2026-06-28 00:40:00,小红书种草,一线,Android,28
5624,2026-07-23 22:47:00,小红书种草,二线,Android,21
5625,2026-07-14 09:23:00,自然流量,一线,iOS,25
5626,2026-06-23 19:16:00,小红书种草,新一线,Android,36
5627,2026-07-01 18:46:00,小红书种草,一线,iOS,24
5628,2026-07-15 03:08:00,微信分享裂变,一线,iOS,19
5629,2026-07-10 13:33:00,自然流量,新一线,Android,24
5630,2026-06-18 14:06:00,抖音信息流,新一线,iOS,27
5631,2026-06-22 01:55:00,抖音信息流,新一线,Android,26
5632,2026-06-22 21:53:00,自然流量,二线,iOS,31
5633,2026-06-16 03:11:00,抖音信息流,新一线,Android,24
5634,2026-07-21 09:34:00,自然流量,一线,Android,18
5635,2026-06-01 20:56:00,自然流量,一线,iOS,26
5636,2026-07-05 20:37:00,小红书种草,一线,iOS,26
5637,2026-07-14 08:42:00,自然流量,新一线,Android,25
5638,2026-07-22 01:34:00,小红书种草,一线,iOS,19
5639,2026-07-19 09:32:00,自然流量,新一线,iOS,33
5640,2026-08-01 12:13:00,抖音信息流,一线,iOS,18
5641,2026-08-02 00:21:00,抖音信息流,新一线,iOS,19
5642,2026-07-25 12:02:00,微信分享裂变,新一线,iOS,22
5643,2026-07-14 19:37:00,微信分享裂变,三线及以下,iOS,30
5644,2026-07-21 11:57:00,抖音信息流,三线及以下,iOS,30
5645,2026-06-10 15:17:00,小红书种草,三线及以下,Android,27
5646,2026-06-25 14:31:00,自然流量,二线,iOS,28
5647,2026-07-07 01:08:00,小红书种草,三线及以下,iOS,18
5648,2026-07-24 20:51:00,自然流量,一线,Android,18
5649,2026-06-14 13:49:00,抖音信息流,新一线,Android,22
5650,2026-07-26 11:26:00,自然流量,二线,Android,28
5651,2026-06-18 12:30:00,微信分享裂变,新一线,iOS,28
5652,2026-06-13 19:00:00,抖音信息流,一线,iOS,19
5653,2026-07-19 17:04:00,小红书种草,二线,Android,19
5654,2026-07-27 23:11:00,抖音信息流,三线及以下,Android,29
5655,2026-07-04 20:58:00,自然流量,新一线,iOS,24
5656,2026-07-08 10:00:00,自然流量,一线,Android,18
5657,2026-06-22 12:06:00,高校地推,一线,Android,18
5658,2026-08-07 01:15:00,微信分享裂变,一线,Android,26
5659,2026-07-03 07:04:00,自然流量,二线,iOS,18
5660,2026-08-05 17:00:00,小红书种草,新一线,Android,19
5661,2026-06-11 13:03:00,抖音信息流,一线,Android,19
5662,2026-07-22 14:04:00,自然流量,三线及以下,Android,28
5663,2026-07-25 19:58:00,抖音信息流,新一线,Android,23
5664,2026-07-08 10:04:00,自然流量,二线,Android,32
5665,2026-06-12 23:33:00,自然流量,二线,Android,21
5666,2026-07-02 10:45:00,小红书种草,二线,Android,22
5667,2026-07-24 17:06:00,自然流量,三线及以下,Android,25
5668,2026-06-27 18:42:00,微信分享裂变,三线及以下,Android,20
5669,2026-06-19 01:48:00,小红书种草,一线,Android,18
5670,2026-07-03 22:13:00,微信分享裂变,一线,iOS,22
5671,2026-07-28 13:45:00,小红书种草,三线及以下,iOS,20
5672,2026-06-10 06:13:00,微信分享裂变,二线,iOS,23
5673,2026-06-21 23:00:00,抖音信息流,新一线,iOS,21
5674,2026-07-15 10:46:00,抖音信息流,三线及以下,Android,26
5675,2026-06-19 01:08:00,抖音信息流,新一线,Android,22
5676,2026-07-08 11:54:00,高校地推,新一线,iOS,18
5677,2026-08-20 22:54:00,自然流量,一线,Android,20
5678,2026-08-25 02:34:00,抖音信息流,三线及以下,iOS,18
5679,2026-07-17 04:10:00,小红书种草,二线,Android,33
5680,2026-07-06 04:25:00,抖音信息流,三线及以下,Android,24
5681,2026-08-04 22:25:00,微信分享裂变,二线,iOS,27
5682,2026-07-04 17:08:00,抖音信息流,一线,Android,23
5683,2026-07-13 09:12:00,自然流量,新一线,iOS,33
5684,2026-06-03 16:04:00,小红书种草,一线,iOS,18
5685,2026-08-06 16:23:00,抖音信息流,一线,iOS,20
5686,2026-06-25 17:54:00,自然流量,二线,iOS,29
5687,2026-08-03 17:24:00,自然流量,一线,Android,21
5688,2026-06-19 03:16:00,自然流量,新一线,Android,20
5689,2026-06-29 00:59:00,微信分享裂变,三线及以下,Android,21
5690,2026-06-26 18:02:00,微信分享裂变,二线,iOS,33
5691,2026-06-18 18:03:00,抖音信息流,一线,iOS,34
5692,2026-07-05 02:11:00,自然流量,一线,iOS,26
5693,2026-08-01 00:35:00,抖音信息流,新一线,iOS,24
5694,2026-06-08 08:59:00,微信分享裂变,新一线,Android,27
5695,2026-07-01 10:01:00,小红书种草,三线及以下,iOS,25
5696,2026-07-17 12:20:00,自然流量,新一线,iOS,24
5697,2026-07-07 02:03:00,自然流量,一线,Android,21
5698,2026-06-30 23:54:00,高校地推,二线,Android,20
5699,2026-07-18 13:49:00,微信分享裂变,新一线,Android,26
5700,2026-06-21 04:03:00,自然流量,二线,Android,24
5701,2026-06-11 06:38:00,微信分享裂变,一线,iOS,31
5702,2026-08-09 12:25:00,自然流量,新一线,Android,22
5703,2026-07-19 05:39:00,自然流量,新一线,Android,19
5704,2026-06-08 10:17:00,小红书种草,新一线,Android,18
5705,2026-06-16 00:34:00,抖音信息流,新一线,Android,20
5706,2026-07-04 23:26:00,抖音信息流,新一线,Android,18
5707,2026-07-08 04:48:00,高校地推,二线,iOS,29
5708,2026-06-09 20:55:00,微信分享裂变,一线,Android,21
5709,2026-08-02 20:03:00,自然流量,一线,iOS,20
5710,2026-06-13 14:57:00,小红书种草,一线,Android,26
5711,2026-06-10 00:59:00,微信分享裂变,一线,Android,33
5712,2026-06-26 12:09:00,抖音信息流,新一线,Android,21
5713,2026-06-29 23:24:00,高校地推,一线,Android,18
5714,2026-07-26 09:02:00,小红书种草,一线,iOS,22
5715,2026-07-20 06:28:00,自然流量,三线及以下,iOS,18
5716,2026-07-25 19:48:00,自然流量,新一线,Android,26
5717,2026-07-03 03:36:00,微信分享裂变,二线,iOS,26
5718,2026-07-07 13:16:00,高校地推,二线,Android,21
5719,2026-07-07 17:27:00,自然流量,一线,Android,18
5720,2026-07-01 02:46:00,自然流量,新一线,iOS,36
5721,2026-06-19 13:45:00,微信分享裂变,新一线,Android,18
5722,2026-06-04 23:51:00,自然流量,一线,iOS,20
5723,2026-08-04 00:18:00,自然流量,一线,Android,24
5724,2026-06-16 12:25:00,微信分享裂变,一线,Android,28
5725,2026-07-07 08:23:00,微信分享裂变,一线,iOS,23
5726,2026-07-06 13:20:00,微信分享裂变,一线,Android,24
5727,2026-07-06 23:00:00,小红书种草,一线,iOS,27
5728,2026-06-26 11:48:00,抖音信息流,新一线,Android,40
5729,2026-07-16 16:03:00,高校地推,一线,iOS,21
5730,2026-08-03 10:54:00,自然流量,二线,Android,21
5731,2026-07-21 07:38:00,自然流量,一线,Android,23
5732,2026-07-20 20:41:00,微信分享裂变,新一线,Android,27
5733,2026-06-11 15:14:00,小红书种草,二线,iOS,36
5734,2026-08-07 00:09:00,微信分享裂变,新一线,Android,23
5735,2026-07-12 11:30:00,自然流量,一线,Android,26
5736,2026-07-27 03:55:00,高校地推,一线,Android,18
5737,2026-07-01 09:03:00,小红书种草,一线,Android,24
5738,2026-08-23 02:23:00,小红书种草,一线,Android,23
5739,2026-07-14 20:06:00,高校地推,新一线,Android,29
5740,2026-06-20 02:53:00,抖音信息流,新一线,Android,21
5741,2026-06-13 08:34:00,小红书种草,新一线,Android,18
5742,2026-06-08 01:58:00,小红书种草,三线及以下,Android,25
5743,2026-07-18 08:01:00,微信分享裂变,三线及以下,Android,18
5744,2026-06-30 23:00:00,微信分享裂变,一线,iOS,19
5745,2026-07-26 07:31:00,小红书种草,二线,Android,24
5746,2026-07-28 17:13:00,自然流量,一线,iOS,18
5747,2026-06-29 03:08:00,自然流量,二线,Android,22
5748,2026-06-12 13:51:00,高校地推,二线,iOS,31
5749,2026-08-06 11:24:00,高校地推,新一线,Android,18
5750,2026-06-29 12:10:00,高校地推,新一线,iOS,20
5751,2026-07-24 21:49:00,自然流量,新一线,Android,26
5752,2026-06-22 23:06:00,抖音信息流,一线,iOS,28
5753,2026-06-12 11:18:00,小红书种草,新一线,iOS,24
5754,2026-07-11 07:20:00,小红书种草,三线及以下,Android,23
5755,2026-07-04 16:10:00,自然流量,新一线,Android,32
5756,2026-07-12 12:00:00,小红书种草,一线,Android,25
5757,2026-06-20 05:19:00,自然流量,新一线,Android,18
5758,2026-06-28 00:56:00,抖音信息流,二线,iOS,24
5759,2026-08-10 10:35:00,自然流量,新一线,Android,23
5760,2026-08-08 04:36:00,自然流量,一线,iOS,21
5761,2026-07-04 08:24:00,自然流量,二线,iOS,18
5762,2026-06-10 00:20:00,高校地推,一线,Android,23
5763,2026-06-28 23:23:00,小红书种草,新一线,Android,26
5764,2026-07-13 14:08:00,高校地推,新一线,iOS,27
5765,2026-07-27 05:29:00,抖音信息流,二线,iOS,24
5766,2026-07-03 08:47:00,抖音信息流,三线及以下,Android,24
5767,2026-07-14 20:12:00,抖音信息流,二线,Android,21
5768,2026-06-28 09:59:00,小红书种草,二线,iOS,28
5769,2026-06-22 07:01:00,抖音信息流,一线,Android,18
5770,2026-07-30 06:06:00,小红书种草,二线,iOS,21
5771,2026-08-27 02:37:00,微信分享裂变,二线,iOS,19
5772,2026-08-09 22:32:00,微信分享裂变,二线,iOS,23
5773,2026-07-04 04:01:00,自然流量,二线,Android,30
5774,2026-07-18 18:41:00,抖音信息流,一线,Android,18
5775,2026-06-11 09:24:00,自然流量,一线,Android,25
5776,2026-06-30 08:32:00,自然流量,二线,iOS,25
5777,2026-06-23 14:46:00,小红书种草,一线,iOS,19
5778,2026-07-18 23:13:00,抖音信息流,一线,Android,23
5779,2026-06-25 08:24:00,小红书种草,三线及以下,Android,19
5780,2026-07-02 12:28:00,自然流量,三线及以下,iOS,24
5781,2026-07-09 19:26:00,高校地推,一线,Android,23
5782,2026-06-10 11:55:00,高校地推,一线,iOS,31
5783,2026-07-02 16:40:00,抖音信息流,新一线,Android,20
5784,2026-06-16 19:08:00,微信分享裂变,一线,Android,23
5785,2026-07-02 13:33:00,自然流量,一线,iOS,22
5786,2026-07-25 07:01:00,小红书种草,一线,Android,30
5787,2026-06-26 02:44:00,微信分享裂变,二线,Android,21
5788,2026-07-12 02:25:00,微信分享裂变,新一线,Android,19
5789,2026-06-27 14:34:00,微信分享裂变,一线,Android,20
5790,2026-06-09 20:44:00,抖音信息流,新一线,Android,20
5791,2026-07-07 05:33:00,微信分享裂变,一线,iOS,21
5792,2026-06-22 21:25:00,小红书种草,三线及以下,iOS,19
5793,2026-06-16 22:20:00,自然流量,一线,Android,24
5794,2026-06-13 07:55:00,自然流量,一线,iOS,18
5795,2026-07-09 21:31:00,微信分享裂变,新一线,Android,26
5796,2026-08-08 07:55:00,小红书种草,一线,iOS,24
5797,2026-08-12 02:19:00,抖音信息流,一线,Android,32
5798,2026-06-24 07:15:00,高校地推,三线及以下,iOS,26
5799,2026-06-17 12:50:00,小红书种草,三线及以下,Android,25
5800,2026-07-19 00:51:00,抖音信息流,三线及以下,Android,34
5801,2026-07-13 01:36:00,抖音信息流,二线,Android,26
5802,2026-07-10 22:13:00,小红书种草,一线,iOS,22
5803,2026-08-04 11:01:00,微信分享裂变,三线及以下,iOS,19
5804,2026-07-29 05:34:00,抖音信息流,二线,iOS,31
5805,2026-07-05 14:31:00,抖音信息流,新一线,Android,18
5806,2026-07-03 22:56:00,小红书种草,二线,iOS,18
5807,2026-06-26 01:39:00,小红书种草,新一线,Android,18
5808,2026-06-19 09:25:00,微信分享裂变,二线,iOS,20
5809,2026-08-11 18:43:00,自然流量,二线,Android,24
5810,2026-07-12 02:36:00,小红书种草,三线及以下,Android,22
5811,2026-07-04 05:13:00,抖音信息流,二线,iOS,26
5812,2026-07-07 06:42:00,自然流量,三线及以下,Android,18
5813,2026-07-16 09:47:00,小红书种草,新一线,iOS,19
5814,2026-07-01 21:24:00,小红书种草,一线,Android,24
5815,2026-06-20 02:30:00,抖音信息流,二线,Android,19
5816,2026-06-10 09:55:00,微信分享裂变,新一线,iOS,18
5817,2026-06-25 23:21:00,抖音信息流,一线,iOS,18
5818,2026-06-21 07:47:00,自然流量,新一线,Android,23
5819,2026-07-15 18:39:00,抖音信息流,新一线,Android,23
5820,2026-07-09 19:31:00,抖音信息流,新一线,Android,23
5821,2026-08-11 19:47:00,小红书种草,二线,iOS,30
5822,2026-07-25 05:43:00,微信分享裂变,三线及以下,Android,25
5823,2026-06-23 01:17:00,小红书种草,一线,iOS,24
5824,2026-07-21 04:45:00,自然流量,二线,iOS,30
5825,2026-07-30 01:07:00,抖音信息流,一线,Android,28
5826,2026-07-11 13:57:00,自然流量,新一线,Android,20
5827,2026-07-10 16:24:00,小红书种草,二线,iOS,28
5828,2026-07-01 16:56:00,自然流量,三线及以下,iOS,32
5829,2026-06-18 22:08:00,抖音信息流,一线,Android,32
5830,2026-06-12 09:07:00,微信分享裂变,二线,iOS,28
5831,2026-06-21 12:42:00,小红书种草,三线及以下,Android,25
5832,2026-06-16 17:58:00,自然流量,一线,Android,25
5833,2026-06-16 10:13:00,抖音信息流,新一线,Android,31
5834,2026-06-19 07:17:00,小红书种草,二线,iOS,18
5835,2026-06-20 19:21:00,抖音信息流,一线,Android,30
5836,2026-06-04 17:09:00,自然流量,新一线,Android,24
5837,2026-06-24 04:39:00,微信分享裂变,新一线,Android,19
5838,2026-06-25 08:51:00,抖音信息流,新一线,Android,18
5839,2026-06-25 00:52:00,抖音信息流,新一线,Android,18
5840,2026-07-28 19:14:00,自然流量,一线,iOS,26
5841,2026-06-24 12:34:00,抖音信息流,一线,iOS,33
5842,2026-07-23 06:44:00,抖音信息流,三线及以下,iOS,21
5843,2026-06-14 12:30:00,自然流量,新一线,Android,19
5844,2026-07-18 19:01:00,抖音信息流,新一线,iOS,30
5845,2026-07-27 15:32:00,抖音信息流,二线,Android,24
5846,2026-06-09 02:37:00,微信分享裂变,一线,iOS,30
5847,2026-07-17 00:22:00,高校地推,一线,Android,19
5848,2026-07-01 21:14:00,自然流量,新一线,Android,27
5849,2026-07-25 20:56:00,自然流量,一线,iOS,33
5850,2026-07-17 15:00:00,微信分享裂变,一线,iOS,18
5851,2026-07-28 02:54:00,高校地推,二线,iOS,22
5852,2026-07-29 01:56:00,微信分享裂变,三线及以下,Android,22
5853,2026-06-30 23:58:00,自然流量,一线,Android,27
5854,2026-07-03 14:48:00,自然流量,新一线,Android,30
5855,2026-06-10 08:56:00,自然流量,二线,iOS,20
5856,2026-07-04 14:35:00,微信分享裂变,二线,Android,36
5857,2026-08-02 11:18:00,小红书种草,一线,iOS,24
5858,2026-08-02 13:59:00,抖音信息流,二线,Android,21
5859,2026-07-07 15:26:00,抖音信息流,三线及以下,Android,31
5860,2026-08-13 10:14:00,自然流量,一线,iOS,24
5861,2026-07-14 00:52:00,小红书种草,一线,iOS,22
5862,2026-06-21 02:42:00,自然流量,二线,iOS,21
5863,2026-06-18 18:25:00,小红书种草,一线,Android,34
5864,2026-08-02 17:31:00,小红书种草,一线,Android,19
5865,2026-06-09 02:42:00,小红书种草,二线,Android,29
5866,2026-07-28 14:42:00,抖音信息流,二线,Android,19
5867,2026-07-14 01:08:00,微信分享裂变,新一线,iOS,20
5868,2026-06-23 02:17:00,小红书种草,新一线,iOS,23
5869,2026-08-25 08:23:00,自然流量,新一线,Android,26
5870,2026-07-08 21:47:00,自然流量,二线,iOS,18
5871,2026-06-29 05:38:00,小红书种草,三线及以下,iOS,21
5872,2026-07-04 00:05:00,自然流量,二线,iOS,29
5873,2026-07-17 14:52:00,自然流量,新一线,Android,29
5874,2026-08-05 19:59:00,自然流量,二线,Android,22
5875,2026-06-16 10:21:00,自然流量,二线,iOS,18
5876,2026-07-06 04:37:00,抖音信息流,新一线,Android,25
5877,2026-07-12 05:10:00,小红书种草,一线,Android,28
5878,2026-06-17 11:57:00,自然流量,新一线,Android,24
5879,2026-07-14 08:08:00,小红书种草,新一线,iOS,31
5880,2026-06-27 02:00:00,自然流量,一线,Android,22
5881,2026-06-19 23:57:00,抖音信息流,一线,Android,18
5882,2026-08-03 18:21:00,自然流量,一线,iOS,21
5883,2026-07-27 04:01:00,微信分享裂变,一线,Android,24
5884,2026-07-05 05:08:00,高校地推,新一线,Android,20
5885,2026-06-21 23:07:00,抖音信息流,二线,iOS,21
5886,2026-07-05 01:04:00,自然流量,新一线,iOS,28
5887,2026-06-07 00:01:00,自然流量,二线,iOS,19
5888,2026-08-03 22:06:00,自然流量,新一线,Android,18
5889,2026-06-18 05:41:00,微信分享裂变,二线,Android,28
5890,2026-07-01 00:15:00,自然流量,二线,iOS,27
5891,2026-07-08 14:58:00,高校地推,二线,iOS,18
5892,2026-08-15 16:04:00,小红书种草,二线,Android,27
5893,2026-07-16 15:41:00,抖音信息流,一线,Android,18
5894,2026-07-18 15:14:00,微信分享裂变,新一线,Android,20
5895,2026-08-05 12:17:00,自然流量,二线,iOS,18
5896,2026-07-01 16:40:00,微信分享裂变,一线,Android,21
5897,2026-07-14 07:07:00,自然流量,一线,iOS,26
5898,2026-06-30 03:12:00,微信分享裂变,新一线,Android,25
5899,2026-07-03 13:55:00,抖音信息流,新一线,Android,19
5900,2026-07-11 09:15:00,自然流量,三线及以下,Android,24
5901,2026-06-29 14:30:00,微信分享裂变,二线,iOS,25
5902,2026-07-08 20:36:00,自然流量,一线,Android,28
5903,2026-07-07 00:20:00,自然流量,新一线,Android,25
5904,2026-07-11 04:34:00,微信分享裂变,二线,Android,27
5905,2026-06-24 05:33:00,抖音信息流,二线,iOS,24
5906,2026-06-20 07:13:00,微信分享裂变,新一线,iOS,19
5907,2026-06-21 03:52:00,小红书种草,一线,iOS,24
5908,2026-06-11 02:35:00,小红书种草,三线及以下,Android,30
5909,2026-07-04 23:55:00,自然流量,新一线,iOS,30
5910,2026-06-29 00:38:00,自然流量,一线,Android,18
5911,2026-06-19 23:57:00,高校地推,一线,Android,27
5912,2026-06-21 16:58:00,自然流量,二线,Android,21
5913,2026-06-29 17:21:00,抖音信息流,新一线,iOS,26
5914,2026-07-13 22:26:00,自然流量,一线,iOS,18
5915,2026-06-19 15:17:00,自然流量,新一线,Android,21
5916,2026-07-05 14:45:00,小红书种草,三线及以下,Android,18
5917,2026-07-11 16:36:00,微信分享裂变,新一线,iOS,21
5918,2026-07-03 01:11:00,微信分享裂变,新一线,iOS,27
5919,2026-07-21 08:44:00,微信分享裂变,一线,iOS,26
5920,2026-08-06 11:50:00,自然流量,一线,Android,34
5921,2026-06-11 20:24:00,抖音信息流,三线及以下,iOS,21
5922,2026-08-09 08:18:00,自然流量,一线,Android,19
5923,2026-06-23 18:04:00,小红书种草,一线,Android,30
5924,2026-07-08 09:48:00,抖音信息流,一线,Android,18
5925,2026-06-12 16:32:00,抖音信息流,一线,Android,24
5926,2026-06-23 14:42:00,自然流量,新一线,Android,26
5927,2026-07-22 00:14:00,微信分享裂变,三线及以下,iOS,18
5928,2026-07-19 04:32:00,微信分享裂变,一线,iOS,18
5929,2026-07-06 18:45:00,微信分享裂变,一线,Android,18
5930,2026-06-16 13:39:00,自然流量,新一线,Android,28
5931,2026-07-11 10:01:00,高校地推,三线及以下,iOS,20
5932,2026-08-17 20:43:00,自然流量,三线及以下,Android,22
5933,2026-07-01 14:59:00,抖音信息流,三线及以下,Android,18
5934,2026-07-06 12:04:00,自然流量,一线,iOS,19
5935,2026-07-28 07:54:00,自然流量,二线,iOS,20
5936,2026-06-16 20:56:00,抖音信息流,新一线,Android,22
5937,2026-08-05 20:48:00,自然流量,一线,Android,22
5938,2026-07-01 08:06:00,抖音信息流,二线,iOS,31
5939,2026-06-07 06:22:00,小红书种草,二线,Android,27
5940,2026-07-08 08:53:00,微信分享裂变,二线,iOS,18
5941,2026-07-21 03:08:00,小红书种草,一线,iOS,29
5942,2026-07-15 22:42:00,小红书种草,一线,iOS,28
5943,2026-08-13 11:57:00,自然流量,新一线,iOS,24
5944,2026-07-31 16:22:00,微信分享裂变,一线,Android,28
5945,2026-07-20 06:02:00,自然流量,一线,iOS,30
5946,2026-07-12 03:21:00,自然流量,二线,iOS,21
5947,2026-06-21 08:32:00,自然流量,一线,iOS,18
5948,2026-07-23 15:35:00,小红书种草,一线,iOS,26
5949,2026-07-22 19:29:00,抖音信息流,一线,Android,19
5950,2026-06-22 01:25:00,小红书种草,一线,Android,25
5951,2026-06-06 22:10:00,抖音信息流,一线,Android,18
5952,2026-07-19 17:14:00,抖音信息流,二线,iOS,28
5953,2026-07-07 08:52:00,抖音信息流,二线,iOS,20
5954,2026-07-30 07:21:00,自然流量,一线,Android,22
5955,2026-08-07 17:16:00,抖音信息流,新一线,iOS,22
5956,2026-06-28 15:50:00,小红书种草,一线,Android,18
5957,2026-06-24 02:43:00,抖音信息流,一线,Android,29
5958,2026-06-26 12:59:00,自然流量,二线,iOS,30
5959,2026-07-18 23:41:00,小红书种草,三线及以下,iOS,23
5960,2026-07-02 15:23:00,抖音信息流,一线,iOS,20
5961,2026-06-19 01:25:00,自然流量,二线,Android,22
5962,2026-06-20 15:47:00,自然流量,一线,iOS,21
5963,2026-06-16 14:59:00,抖音信息流,二线,iOS,23
5964,2026-08-08 17:57:00,抖音信息流,新一线,Android,22
5965,2026-08-13 19:06:00,小红书种草,新一线,iOS,19
5966,2026-06-25 15:35:00,自然流量,二线,iOS,29
5967,2026-07-22 14:23:00,微信分享裂变,二线,iOS,22
5968,2026-06-16 15:51:00,自然流量,三线及以下,iOS,33
5969,2026-07-10 11:18:00,小红书种草,新一线,iOS,24
5970,2026-07-19 09:57:00,微信分享裂变,三线及以下,Android,21
5971,2026-07-26 23:20:00,抖音信息流,二线,iOS,22
5972,2026-07-10 14:20:00,自然流量,新一线,Android,22
5973,2026-06-22 12:39:00,抖音信息流,新一线,Android,23
5974,2026-08-02 01:46:00,高校地推,三线及以下,iOS,25
5975,2026-06-15 05:51:00,高校地推,新一线,iOS,18
5976,2026-07-17 02:42:00,自然流量,一线,iOS,18
5977,2026-08-19 18:37:00,小红书种草,一线,Android,27
5978,2026-06-24 06:16:00,抖音信息流,一线,Android,26
5979,2026-07-17 07:34:00,自然流量,一线,Android,18
5980,2026-07-10 20:05:00,小红书种草,一线,Android,26
5981,2026-07-19 07:22:00,抖音信息流,二线,Android,28
5982,2026-07-15 09:10:00,抖音信息流,新一线,Android,25
5983,2026-07-21 00:27:00,微信分享裂变,一线,Android,18
5984,2026-07-07 01:05:00,抖音信息流,一线,Android,18
5985,2026-07-13 02:50:00,小红书种草,一线,iOS,23
5986,2026-07-26 09:03:00,抖音信息流,新一线,Android,33
5987,2026-08-19 02:10:00,自然流量,新一线,Android,21
5988,2026-07-19 02:45:00,抖音信息流,三线及以下,iOS,27
5989,2026-06-26 17:47:00,高校地推,新一线,Android,20
5990,2026-07-04 11:44:00,抖音信息流,二线,iOS,32
5991,2026-07-13 12:56:00,自然流量,一线,iOS,24
5992,2026-07-03 15:15:00,小红书种草,二线,iOS,18
5993,2026-06-13 05:12:00,高校地推,二线,Android,19
5994,2026-06-30 06:54:00,高校地推,三线及以下,iOS,19
5995,2026-07-02 04:14:00,抖音信息流,二线,iOS,24
5996,2026-06-18 05:20:00,抖音信息流,三线及以下,iOS,20
5997,2026-06-24 08:44:00,小红书种草,三线及以下,Android,21
5998,2026-06-04 15:29:00,微信分享裂变,三线及以下,Android,33
5999,2026-06-29 15:21:00,微信分享裂变,新一线,iOS,21
6000,2026-07-06 23:13:00,微信分享裂变,一线,Android,24
6001,2026-06-26 05:54:00,抖音信息流,新一线,Android,22
6002,2026-07-01 08:21:00,自然流量,三线及以下,Android,23
6003,2026-08-18 10:50:00,抖音信息流,三线及以下,Android,27
6004,2026-07-16 04:53:00,自然流量,三线及以下,Android,18
6005,2026-07-08 17:44:00,自然流量,新一线,iOS,24
6006,2026-07-11 16:21:00,抖音信息流,二线,Android,22
6007,2026-07-02 21:24:00,小红书种草,新一线,iOS,24
6008,2026-07-01 14:44:00,微信分享裂变,二线,Android,22
6009,2026-06-26 23:38:00,微信分享裂变,新一线,Android,23
6010,2026-06-20 11:04:00,微信分享裂变,一线,iOS,25
6011,2026-07-26 07:58:00,微信分享裂变,新一线,Android,21
6012,2026-06-18 22:34:00,小红书种草,一线,Android,33
6013,2026-07-18 04:35:00,自然流量,新一线,Android,19
6014,2026-06-05 19:52:00,小红书种草,二线,iOS,31
6015,2026-06-26 22:34:00,自然流量,一线,iOS,18
6016,2026-07-12 18:36:00,自然流量,二线,Android,22
6017,2026-07-19 10:38:00,自然流量,一线,Android,25
6018,2026-06-14 07:12:00,微信分享裂变,一线,iOS,19
6019,2026-06-30 08:55:00,小红书种草,一线,iOS,18
6020,2026-07-23 09:23:00,高校地推,一线,iOS,22
6021,2026-06-14 10:53:00,高校地推,二线,iOS,28
6022,2026-06-18 06:47:00,微信分享裂变,二线,iOS,24
6023,2026-06-22 13:50:00,自然流量,二线,iOS,33
6024,2026-07-15 08:02:00,微信分享裂变,二线,iOS,26
6025,2026-07-10 12:34:00,微信分享裂变,二线,Android,21
6026,2026-07-12 04:38:00,微信分享裂变,二线,iOS,18
6027,2026-06-15 11:41:00,自然流量,新一线,iOS,18
6028,2026-06-10 00:13:00,自然流量,一线,iOS,22
6029,2026-08-08 09:23:00,高校地推,三线及以下,iOS,18
6030,2026-06-23 00:55:00,自然流量,新一线,iOS,23
6031,2026-06-09 10:32:00,抖音信息流,三线及以下,Android,25
6032,2026-06-25 16:41:00,抖音信息流,三线及以下,Android,22
6033,2026-07-20 03:19:00,自然流量,新一线,iOS,22
6034,2026-07-29 07:17:00,自然流量,三线及以下,Android,33
6035,2026-07-29 09:46:00,高校地推,一线,Android,24
6036,2026-06-18 15:32:00,微信分享裂变,二线,Android,23
6037,2026-07-20 19:48:00,高校地推,二线,Android,19
6038,2026-06-10 13:21:00,自然流量,二线,Android,23
6039,2026-06-09 23:09:00,自然流量,新一线,Android,21
6040,2026-07-13 00:07:00,抖音信息流,一线,Android,33
6041,2026-07-08 11:36:00,抖音信息流,一线,Android,26
6042,2026-08-01 23:58:00,自然流量,新一线,iOS,31
6043,2026-06-15 08:13:00,微信分享裂变,新一线,iOS,25
6044,2026-08-05 21:41:00,高校地推,新一线,Android,30
6045,2026-07-23 15:46:00,抖音信息流,新一线,iOS,18
6046,2026-07-25 15:07:00,抖音信息流,新一线,Android,25
6047,2026-06-14 23:06:00,抖音信息流,一线,iOS,19
6048,2026-07-21 02:13:00,自然流量,一线,Android,21
6049,2026-08-02 07:48:00,自然流量,三线及以下,Android,24
6050,2026-06-26 08:36:00,抖音信息流,二线,Android,19
6051,2026-08-12 07:43:00,抖音信息流,新一线,iOS,18
6052,2026-06-16 15:33:00,抖音信息流,新一线,iOS,28
6053,2026-06-15 21:23:00,微信分享裂变,一线,iOS,18
6054,2026-06-18 04:36:00,自然流量,一线,Android,32
6055,2026-06-09 20:22:00,自然流量,二线,iOS,19
6056,2026-08-02 20:39:00,自然流量,一线,iOS,26
6057,2026-06-11 11:31:00,自然流量,一线,iOS,27
6058,2026-06-23 09:15:00,抖音信息流,新一线,Android,18
6059,2026-06-15 18:14:00,微信分享裂变,二线,iOS,26
6060,2026-07-30 21:43:00,微信分享裂变,新一线,iOS,24
6061,2026-07-17 05:34:00,小红书种草,新一线,Android,27
6062,2026-06-22 05:57:00,抖音信息流,三线及以下,Android,30
6063,2026-06-23 12:45:00,自然流量,三线及以下,iOS,28
6064,2026-07-29 20:11:00,抖音信息流,新一线,Android,19
6065,2026-07-04 01:13:00,抖音信息流,一线,iOS,23
6066,2026-06-25 06:33:00,微信分享裂变,新一线,Android,19
6067,2026-08-08 11:19:00,抖音信息流,三线及以下,iOS,21
6068,2026-06-07 18:04:00,自然流量,二线,Android,26
6069,2026-06-13 06:08:00,自然流量,三线及以下,Android,27
6070,2026-06-17 10:10:00,自然流量,新一线,Android,26
6071,2026-06-19 18:33:00,高校地推,一线,iOS,25
6072,2026-06-21 20:37:00,自然流量,新一线,iOS,26
6073,2026-07-01 11:11:00,自然流量,三线及以下,iOS,21
6074,2026-07-27 07:05:00,自然流量,一线,Android,30
6075,2026-07-10 01:48:00,微信分享裂变,新一线,iOS,27
6076,2026-06-11 02:35:00,抖音信息流,新一线,Android,23
6077,2026-07-05 16:25:00,小红书种草,新一线,iOS,29
6078,2026-06-16 07:27:00,抖音信息流,新一线,Android,21
6079,2026-06-19 17:51:00,自然流量,新一线,iOS,24
6080,2026-08-01 09:07:00,微信分享裂变,三线及以下,Android,28
6081,2026-07-15 00:16:00,自然流量,一线,Android,18
6082,2026-08-08 08:05:00,自然流量,二线,iOS,35
6083,2026-06-30 16:51:00,抖音信息流,一线,iOS,21
6084,2026-06-08 01:32:00,自然流量,一线,iOS,21
6085,2026-06-14 05:27:00,自然流量,一线,iOS,24
6086,2026-08-04 07:25:00,微信分享裂变,一线,Android,27
6087,2026-07-23 09:15:00,抖音信息流,新一线,iOS,28
6088,2026-07-17 21:36:00,自然流量,一线,Android,31
6089,2026-07-31 14:41:00,抖音信息流,一线,iOS,23
6090,2026-07-15 09:33:00,小红书种草,三线及以下,Android,25
6091,2026-07-04 02:54:00,自然流量,二线,Android,18
6092,2026-07-05 02:58:00,自然流量,三线及以下,iOS,18
6093,2026-06-11 03:39:00,小红书种草,二线,Android,23
6094,2026-07-26 10:44:00,小红书种草,新一线,iOS,25
6095,2026-06-22 01:24:00,高校地推,新一线,Android,23
6096,2026-06-03 10:14:00,抖音信息流,三线及以下,Android,26
6097,2026-07-01 04:47:00,自然流量,新一线,iOS,23
6098,2026-07-09 12:10:00,抖音信息流,新一线,Android,22
6099,2026-07-08 23:20:00,小红书种草,一线,iOS,36
6100,2026-08-14 17:18:00,自然流量,一线,Android,22
6101,2026-07-19 18:53:00,抖音信息流,二线,iOS,29
6102,2026-07-27 02:41:00,自然流量,一线,iOS,18
6103,2026-08-08 10:11:00,微信分享裂变,一线,iOS,24
6104,2026-06-26 09:54:00,微信分享裂变,二线,Android,20
6105,2026-07-30 03:32:00,抖音信息流,二线,Android,33
6106,2026-06-21 18:28:00,高校地推,三线及以下,Android,21
6107,2026-06-20 03:04:00,高校地推,二线,Android,23
6108,2026-07-13 17:34:00,自然流量,一线,iOS,19
6109,2026-07-05 17:10:00,抖音信息流,新一线,Android,19
6110,2026-08-07 00:38:00,小红书种草,一线,iOS,23
6111,2026-06-25 07:58:00,自然流量,一线,iOS,25
6112,2026-06-24 02:47:00,抖音信息流,三线及以下,iOS,29
6113,2026-06-29 12:29:00,自然流量,二线,Android,21
6114,2026-06-07 16:31:00,高校地推,一线,iOS,21
6115,2026-06-08 20:59:00,抖音信息流,新一线,iOS,30
6116,2026-07-05 19:35:00,微信分享裂变,三线及以下,Android,31
6117,2026-08-10 19:35:00,抖音信息流,新一线,iOS,23
6118,2026-06-13 17:15:00,自然流量,一线,iOS,26
6119,2026-07-09 18:59:00,微信分享裂变,一线,iOS,32
6120,2026-08-06 14:16:00,自然流量,新一线,Android,37
6121,2026-06-20 05:27:00,自然流量,新一线,Android,26
6122,2026-06-22 13:32:00,抖音信息流,二线,Android,27
6123,2026-07-26 04:30:00,小红书种草,一线,Android,24
6124,2026-07-10 10:19:00,抖音信息流,新一线,Android,18
6125,2026-06-19 09:01:00,自然流量,一线,Android,25
6126,2026-07-04 22:06:00,抖音信息流,一线,Android,30
6127,2026-07-16 18:33:00,自然流量,一线,iOS,20
6128,2026-08-03 19:29:00,自然流量,新一线,iOS,18
6129,2026-06-28 20:37:00,抖音信息流,新一线,iOS,26
6130,2026-06-17 17:20:00,自然流量,一线,Android,18
6131,2026-07-14 14:22:00,自然流量,三线及以下,iOS,18
6132,2026-08-09 00:19:00,小红书种草,一线,Android,18
6133,2026-07-21 20:58:00,小红书种草,二线,Android,18
6134,2026-07-16 14:42:00,自然流量,三线及以下,Android,29
6135,2026-06-08 09:58:00,抖音信息流,一线,iOS,24
6136,2026-06-24 15:39:00,自然流量,一线,iOS,34
6137,2026-06-20 13:35:00,高校地推,一线,Android,27
6138,2026-07-08 11:47:00,自然流量,三线及以下,Android,34
6139,2026-08-02 04:54:00,自然流量,新一线,Android,20
6140,2026-07-19 00:52:00,抖音信息流,一线,iOS,25
6141,2026-07-26 14:58:00,自然流量,一线,Android,18
6142,2026-07-29 13:18:00,自然流量,一线,Android,22
6143,2026-08-08 15:45:00,自然流量,新一线,Android,31
6144,2026-06-16 19:34:00,小红书种草,二线,Android,23
6145,2026-06-26 05:15:00,小红书种草,新一线,iOS,22
6146,2026-07-09 15:52:00,小红书种草,一线,Android,23
6147,2026-06-29 06:14:00,微信分享裂变,二线,Android,24
6148,2026-07-13 11:01:00,抖音信息流,三线及以下,iOS,24
6149,2026-07-10 03:28:00,高校地推,新一线,Android,30
6150,2026-07-06 03:24:00,小红书种草,二线,iOS,20
6151,2026-06-21 12:33:00,微信分享裂变,三线及以下,Android,22
6152,2026-06-11 06:25:00,小红书种草,新一线,iOS,24
6153,2026-06-22 03:34:00,抖音信息流,一线,Android,19
6154,2026-06-19 14:55:00,自然流量,新一线,Android,21
6155,2026-06-25 11:53:00,抖音信息流,一线,Android,27
6156,2026-06-29 22:16:00,自然流量,一线,Android,19
6157,2026-07-03 09:48:00,抖音信息流,二线,iOS,37
6158,2026-06-17 01:42:00,自然流量,三线及以下,iOS,32
6159,2026-06-30 18:22:00,自然流量,新一线,Android,24
6160,2026-07-11 08:27:00,高校地推,三线及以下,Android,26
6161,2026-06-29 20:19:00,小红书种草,三线及以下,Android,27
6162,2026-07-05 21:45:00,抖音信息流,二线,iOS,26
6163,2026-07-24 22:44:00,抖音信息流,三线及以下,Android,24
6164,2026-07-29 12:13:00,抖音信息流,三线及以下,Android,37
6165,2026-07-10 18:34:00,微信分享裂变,一线,iOS,20
6166,2026-07-17 07:27:00,小红书种草,三线及以下,iOS,22
6167,2026-06-21 17:23:00,小红书种草,三线及以下,Android,24
6168,2026-07-18 16:07:00,抖音信息流,一线,iOS,27
6169,2026-06-23 04:05:00,抖音信息流,新一线,iOS,34
6170,2026-07-12 19:37:00,小红书种草,一线,Android,23
6171,2026-08-21 12:18:00,高校地推,新一线,Android,26
6172,2026-07-25 17:03:00,抖音信息流,新一线,Android,25
6173,2026-08-05 13:45:00,抖音信息流,一线,Android,23
6174,2026-08-15 01:03:00,抖音信息流,新一线,iOS,30
6175,2026-07-09 10:09:00,抖音信息流,新一线,Android,26
6176,2026-07-22 21:42:00,高校地推,一线,iOS,28
6177,2026-06-20 04:12:00,小红书种草,二线,Android,22
6178,2026-07-19 08:51:00,抖音信息流,三线及以下,iOS,21
6179,2026-07-01 18:52:00,抖音信息流,一线,iOS,22
6180,2026-06-10 22:11:00,抖音信息流,新一线,iOS,25
6181,2026-07-27 08:30:00,自然流量,一线,iOS,29
6182,2026-08-08 08:27:00,抖音信息流,一线,iOS,34
6183,2026-06-30 16:26:00,微信分享裂变,新一线,Android,24
6184,2026-06-27 07:56:00,小红书种草,一线,Android,33
6185,2026-07-21 04:56:00,自然流量,新一线,iOS,27
6186,2026-08-07 00:34:00,小红书种草,一线,Android,20
6187,2026-06-10 13:19:00,小红书种草,二线,Android,24
6188,2026-06-25 00:58:00,自然流量,一线,iOS,27
6189,2026-07-23 01:54:00,小红书种草,三线及以下,iOS,28
6190,2026-06-19 22:59:00,小红书种草,新一线,Android,21
6191,2026-07-04 03:13:00,微信分享裂变,一线,iOS,22
6192,2026-06-13 08:02:00,自然流量,一线,Android,22
6193,2026-07-20 15:51:00,自然流量,新一线,Android,23
6194,2026-07-01 14:32:00,抖音信息流,三线及以下,Android,25
6195,2026-07-07 08:58:00,自然流量,新一线,Android,33
6196,2026-06-29 15:13:00,抖音信息流,新一线,Android,21
6197,2026-06-25 07:16:00,微信分享裂变,二线,Android,18
6198,2026-07-25 12:50:00,自然流量,一线,iOS,18
6199,2026-07-20 00:25:00,抖音信息流,二线,iOS,28
6200,2026-06-13 22:55:00,高校地推,一线,Android,21
6201,2026-07-28 16:50:00,抖音信息流,二线,Android,25
6202,2026-06-07 09:28:00,抖音信息流,三线及以下,Android,20
6203,2026-07-21 08:15:00,抖音信息流,一线,Android,23
6204,2026-06-27 15:24:00,自然流量,一线,Android,22
6205,2026-06-14 08:20:00,自然流量,二线,Android,20
6206,2026-06-26 14:34:00,小红书种草,二线,iOS,30
6207,2026-06-28 11:15:00,抖音信息流,新一线,iOS,30
6208,2026-07-04 05:04:00,自然流量,新一线,Android,27
6209,2026-07-16 18:45:00,自然流量,一线,Android,34
6210,2026-06-22 20:39:00,微信分享裂变,二线,iOS,18
6211,2026-07-01 04:51:00,自然流量,一线,iOS,22
6212,2026-07-11 04:09:00,小红书种草,新一线,Android,22
6213,2026-06-13 06:20:00,抖音信息流,一线,iOS,27
6214,2026-08-03 01:48:00,小红书种草,一线,iOS,18
6215,2026-07-18 08:17:00,自然流量,二线,iOS,27
6216,2026-07-17 10:23:00,自然流量,新一线,Android,18
6217,2026-06-08 05:04:00,抖音信息流,新一线,iOS,27
6218,2026-06-07 09:00:00,小红书种草,三线及以下,iOS,29
6219,2026-08-11 07:26:00,自然流量,新一线,iOS,18
6220,2026-06-18 16:22:00,抖音信息流,二线,Android,22
6221,2026-07-11 23:49:00,抖音信息流,三线及以下,Android,29
6222,2026-06-28 17:37:00,自然流量,二线,Android,30
6223,2026-07-31 01:59:00,抖音信息流,一线,iOS,18
6224,2026-08-03 03:57:00,自然流量,一线,Android,25
6225,2026-07-12 14:10:00,抖音信息流,新一线,Android,27
6226,2026-08-03 19:51:00,自然流量,一线,iOS,23
6227,2026-07-30 21:22:00,抖音信息流,一线,Android,31
6228,2026-06-11 05:31:00,抖音信息流,一线,iOS,21
6229,2026-07-11 00:59:00,抖音信息流,一线,iOS,21
6230,2026-06-24 22:03:00,抖音信息流,新一线,Android,20
6231,2026-06-16 03:34:00,高校地推,一线,Android,25
6232,2026-07-19 01:19:00,抖音信息流,一线,Android,22
6233,2026-07-07 20:12:00,微信分享裂变,二线,iOS,28
6234,2026-07-22 16:36:00,自然流量,三线及以下,Android,22
6235,2026-06-08 06:50:00,抖音信息流,新一线,Android,23
6236,2026-07-09 23:25:00,自然流量,三线及以下,iOS,25
6237,2026-08-10 03:36:00,抖音信息流,一线,Android,20
6238,2026-07-03 13:02:00,小红书种草,二线,Android,29
6239,2026-07-08 16:44:00,微信分享裂变,新一线,iOS,27
6240,2026-06-10 03:19:00,抖音信息流,新一线,iOS,27
6241,2026-07-10 07:49:00,小红书种草,二线,Android,19
6242,2026-06-09 18:32:00,自然流量,二线,Android,31
6243,2026-07-28 14:28:00,自然流量,一线,Android,18
6244,2026-07-04 10:02:00,微信分享裂变,新一线,iOS,27
6245,2026-06-21 05:11:00,自然流量,二线,Android,24
6246,2026-08-14 14:31:00,自然流量,新一线,Android,27
6247,2026-07-23 21:00:00,高校地推,一线,Android,23
6248,2026-07-21 21:08:00,高校地推,一线,Android,24
6249,2026-07-11 10:20:00,小红书种草,一线,iOS,27
6250,2026-06-19 16:16:00,抖音信息流,新一线,Android,24
6251,2026-08-07 16:28:00,微信分享裂变,新一线,Android,25
6252,2026-06-20 12:53:00,自然流量,一线,iOS,25
6253,2026-06-24 12:03:00,抖音信息流,二线,Android,35
6254,2026-07-06 06:05:00,抖音信息流,二线,iOS,18
6255,2026-07-01 20:52:00,高校地推,一线,Android,30
6256,2026-07-01 10:04:00,高校地推,一线,iOS,26
6257,2026-07-25 11:59:00,小红书种草,三线及以下,Android,25
6258,2026-06-26 06:08:00,自然流量,三线及以下,iOS,18
6259,2026-06-07 09:25:00,抖音信息流,三线及以下,Android,30
6260,2026-08-02 05:48:00,自然流量,二线,iOS,18
6261,2026-07-13 12:05:00,微信分享裂变,三线及以下,iOS,31
6262,2026-07-17 08:33:00,自然流量,一线,iOS,21
6263,2026-08-15 22:47:00,自然流量,一线,iOS,31
6264,2026-06-27 02:48:00,小红书种草,一线,Android,20
6265,2026-07-10 19:34:00,抖音信息流,新一线,Android,19
6266,2026-06-14 12:13:00,微信分享裂变,一线,Android,23
6267,2026-08-04 18:05:00,自然流量,新一线,Android,20
6268,2026-07-13 16:24:00,微信分享裂变,一线,Android,23
6269,2026-06-18 22:39:00,自然流量,新一线,Android,32
6270,2026-07-04 16:34:00,自然流量,三线及以下,iOS,21
6271,2026-07-22 03:31:00,抖音信息流,二线,Android,25
6272,2026-07-12 10:42:00,自然流量,新一线,iOS,32
6273,2026-06-23 11:38:00,小红书种草,一线,iOS,25
6274,2026-08-01 17:45:00,自然流量,一线,Android,29
6275,2026-07-14 19:28:00,自然流量,新一线,Android,27
6276,2026-07-02 12:32:00,小红书种草,一线,iOS,29
6277,2026-07-09 10:22:00,自然流量,二线,Android,23
6278,2026-07-30 21:52:00,小红书种草,三线及以下,iOS,27
6279,2026-07-09 02:00:00,小红书种草,一线,Android,33
6280,2026-07-23 12:17:00,自然流量,一线,iOS,22
6281,2026-06-22 08:00:00,微信分享裂变,一线,Android,26
6282,2026-06-15 02:30:00,自然流量,二线,iOS,20
6283,2026-07-29 17:44:00,抖音信息流,一线,iOS,29
6284,2026-08-02 01:02:00,自然流量,二线,iOS,18
6285,2026-07-20 11:55:00,微信分享裂变,新一线,iOS,22
6286,2026-06-08 11:45:00,抖音信息流,新一线,iOS,29
6287,2026-06-21 20:40:00,抖音信息流,二线,iOS,23
6288,2026-07-31 06:10:00,高校地推,一线,Android,18
6289,2026-06-22 20:14:00,抖音信息流,二线,Android,20
6290,2026-07-19 23:59:00,微信分享裂变,一线,Android,20
6291,2026-08-05 02:42:00,小红书种草,二线,iOS,32
6292,2026-06-05 08:58:00,高校地推,三线及以下,iOS,28
6293,2026-06-23 02:56:00,高校地推,一线,Android,28
6294,2026-06-25 06:30:00,高校地推,新一线,iOS,18
6295,2026-07-01 20:57:00,自然流量,新一线,Android,24
6296,2026-06-24 21:14:00,微信分享裂变,一线,iOS,32
6297,2026-06-30 06:39:00,微信分享裂变,新一线,iOS,28
6298,2026-07-26 16:10:00,小红书种草,一线,Android,21
6299,2026-07-27 19:37:00,自然流量,二线,Android,28
6300,2026-07-20 23:18:00,高校地推,新一线,Android,18
6301,2026-07-11 15:58:00,自然流量,新一线,iOS,19
6302,2026-07-21 09:22:00,抖音信息流,二线,Android,18
6303,2026-08-17 03:22:00,抖音信息流,二线,Android,23
6304,2026-08-03 06:32:00,自然流量,一线,iOS,27
6305,2026-08-02 03:57:00,小红书种草,一线,iOS,19
6306,2026-08-16 18:13:00,自然流量,一线,Android,23
6307,2026-08-03 00:00:00,小红书种草,三线及以下,iOS,20
6308,2026-07-23 01:22:00,微信分享裂变,新一线,iOS,21
6309,2026-06-18 20:59:00,抖音信息流,一线,iOS,19
6310,2026-06-14 06:00:00,小红书种草,新一线,iOS,30
6311,2026-07-01 04:27:00,自然流量,新一线,iOS,20
6312,2026-07-26 15:51:00,微信分享裂变,新一线,iOS,22
6313,2026-07-23 18:09:00,高校地推,新一线,iOS,21
6314,2026-07-01 22:29:00,自然流量,一线,iOS,25
6315,2026-06-17 09:28:00,小红书种草,一线,Android,36
6316,2026-06-21 10:09:00,抖音信息流,二线,Android,38
6317,2026-07-28 03:45:00,抖音信息流,二线,Android,23
6318,2026-06-23 06:29:00,小红书种草,二线,iOS,26
6319,2026-07-09 06:55:00,抖音信息流,一线,iOS,29
6320,2026-06-20 05:33:00,小红书种草,三线及以下,Android,30
6321,2026-07-06 11:42:00,自然流量,一线,Android,27
6322,2026-06-23 23:28:00,抖音信息流,二线,Android,29
6323,2026-07-23 22:27:00,微信分享裂变,二线,Android,26
6324,2026-07-11 00:46:00,自然流量,一线,iOS,21
6325,2026-06-21 09:33:00,小红书种草,一线,iOS,29
6326,2026-07-25 00:14:00,自然流量,二线,iOS,24
6327,2026-06-10 16:15:00,微信分享裂变,新一线,iOS,25
6328,2026-08-02 01:55:00,抖音信息流,三线及以下,Android,18
6329,2026-07-13 18:33:00,抖音信息流,二线,iOS,20
6330,2026-07-09 09:55:00,自然流量,三线及以下,Android,22
6331,2026-07-15 10:36:00,抖音信息流,新一线,Android,26
6332,2026-06-20 18:18:00,高校地推,新一线,Android,33
6333,2026-07-02 18:13:00,抖音信息流,三线及以下,Android,28
6334,2026-06-23 06:11:00,抖音信息流,二线,iOS,23
6335,2026-06-16 00:33:00,小红书种草,一线,iOS,19
6336,2026-06-12 11:08:00,抖音信息流,新一线,Android,30
6337,2026-06-17 21:47:00,抖音信息流,一线,iOS,25
6338,2026-06-29 13:09:00,抖音信息流,三线及以下,Android,18
6339,2026-07-15 13:31:00,自然流量,二线,iOS,29
6340,2026-07-05 09:10:00,小红书种草,新一线,Android,26
6341,2026-07-29 14:13:00,微信分享裂变,三线及以下,iOS,18
6342,2026-07-20 15:15:00,高校地推,一线,Android,27
6343,2026-07-21 12:38:00,微信分享裂变,新一线,Android,24
6344,2026-06-17 03:47:00,抖音信息流,新一线,iOS,18
6345,2026-08-01 19:24:00,自然流量,一线,Android,34
6346,2026-07-18 17:14:00,小红书种草,一线,Android,26
6347,2026-06-15 02:05:00,高校地推,新一线,iOS,21
6348,2026-07-02 15:21:00,小红书种草,一线,Android,20
6349,2026-07-27 10:21:00,抖音信息流,三线及以下,Android,23
6350,2026-06-09 08:07:00,小红书种草,一线,iOS,23
6351,2026-07-18 08:14:00,微信分享裂变,一线,iOS,27
6352,2026-07-08 14:22:00,高校地推,一线,Android,23
6353,2026-07-18 15:04:00,微信分享裂变,新一线,Android,22
6354,2026-07-16 04:29:00,抖音信息流,二线,Android,25
6355,2026-06-10 20:56:00,自然流量,三线及以下,iOS,22
6356,2026-08-04 02:12:00,抖音信息流,一线,Android,23
6357,2026-07-12 06:49:00,抖音信息流,一线,iOS,31
6358,2026-07-19 20:34:00,高校地推,一线,iOS,21
6359,2026-06-11 17:34:00,抖音信息流,新一线,iOS,23
6360,2026-06-30 05:05:00,抖音信息流,一线,iOS,20
6361,2026-06-16 05:29:00,抖音信息流,一线,Android,29
6362,2026-08-06 17:37:00,小红书种草,二线,Android,18
6363,2026-07-30 02:31:00,抖音信息流,二线,Android,19
6364,2026-06-22 09:01:00,自然流量,一线,iOS,27
6365,2026-07-19 06:44:00,微信分享裂变,新一线,iOS,23
6366,2026-06-12 00:00:00,抖音信息流,二线,Android,28
6367,2026-06-23 15:24:00,抖音信息流,一线,Android,23
6368,2026-07-26 07:09:00,自然流量,新一线,iOS,20
6369,2026-06-07 07:05:00,抖音信息流,一线,Android,23
6370,2026-07-02 20:34:00,小红书种草,新一线,iOS,18
6371,2026-07-05 23:16:00,微信分享裂变,新一线,iOS,19
6372,2026-07-29 17:25:00,自然流量,二线,Android,28
6373,2026-06-21 06:42:00,高校地推,新一线,iOS,22
6374,2026-08-16 03:21:00,小红书种草,二线,Android,23
6375,2026-07-08 04:18:00,自然流量,一线,Android,24
6376,2026-06-14 18:51:00,自然流量,新一线,iOS,18
6377,2026-06-02 22:14:00,自然流量,三线及以下,Android,18
6378,2026-07-20 23:45:00,微信分享裂变,新一线,iOS,25
6379,2026-07-04 02:19:00,自然流量,新一线,Android,21
6380,2026-06-09 14:11:00,抖音信息流,二线,iOS,22
6381,2026-07-18 02:13:00,小红书种草,三线及以下,Android,27
6382,2026-06-26 16:23:00,微信分享裂变,新一线,iOS,19
6383,2026-07-19 11:19:00,小红书种草,新一线,Android,21
6384,2026-06-19 00:58:00,小红书种草,二线,Android,22
6385,2026-07-07 22:50:00,自然流量,三线及以下,iOS,25
6386,2026-07-09 16:17:00,微信分享裂变,三线及以下,Android,22
6387,2026-07-09 17:39:00,自然流量,一线,iOS,20
6388,2026-07-12 21:02:00,自然流量,二线,iOS,32
6389,2026-07-09 01:51:00,高校地推,一线,iOS,24
6390,2026-07-10 04:06:00,自然流量,新一线,Android,27
6391,2026-06-23 07:49:00,自然流量,新一线,iOS,18
6392,2026-06-13 20:41:00,小红书种草,一线,Android,18
6393,2026-06-11 21:49:00,抖音信息流,二线,Android,26
6394,2026-07-29 03:05:00,自然流量,一线,iOS,22
6395,2026-06-18 07:54:00,小红书种草,二线,iOS,22
6396,2026-06-16 11:45:00,小红书种草,新一线,Android,19
6397,2026-08-27 12:25:00,微信分享裂变,一线,iOS,28
6398,2026-07-14 12:24:00,自然流量,新一线,iOS,27
6399,2026-08-06 03:46:00,抖音信息流,二线,iOS,23
6400,2026-07-08 15:22:00,微信分享裂变,新一线,iOS,25
6401,2026-06-07 19:09:00,自然流量,二线,Android,22
6402,2026-06-04 09:04:00,自然流量,二线,iOS,20
6403,2026-07-29 07:22:00,自然流量,一线,Android,21
6404,2026-06-14 05:37:00,抖音信息流,一线,Android,27
6405,2026-06-27 22:38:00,自然流量,一线,Android,22
6406,2026-07-01 22:19:00,小红书种草,一线,Android,24
6407,2026-07-24 08:08:00,高校地推,新一线,iOS,21
6408,2026-07-07 17:35:00,自然流量,一线,iOS,28
6409,2026-06-20 00:21:00,小红书种草,新一线,iOS,20
6410,2026-06-21 00:04:00,自然流量,新一线,Android,31
6411,2026-06-08 10:00:00,自然流量,新一线,Android,21
6412,2026-08-09 00:40:00,小红书种草,三线及以下,iOS,21
6413,2026-07-06 09:56:00,抖音信息流,二线,Android,34
6414,2026-06-05 12:33:00,高校地推,一线,iOS,18
6415,2026-07-17 08:17:00,抖音信息流,新一线,Android,23
6416,2026-06-29 22:32:00,自然流量,一线,iOS,29
6417,2026-08-14 04:44:00,抖音信息流,新一线,iOS,18
6418,2026-07-23 16:26:00,自然流量,新一线,Android,25
6419,2026-06-22 01:01:00,微信分享裂变,三线及以下,Android,18
6420,2026-07-14 20:54:00,小红书种草,一线,Android,24
6421,2026-06-21 09:46:00,抖音信息流,一线,iOS,34
6422,2026-07-23 02:10:00,抖音信息流,一线,Android,18
6423,2026-07-14 08:16:00,小红书种草,新一线,iOS,23
6424,2026-06-17 19:07:00,微信分享裂变,三线及以下,iOS,21
6425,2026-08-03 01:46:00,自然流量,新一线,Android,18
6426,2026-07-01 08:04:00,自然流量,新一线,iOS,18
6427,2026-06-16 13:44:00,自然流量,一线,Android,29
6428,2026-06-29 16:28:00,抖音信息流,新一线,iOS,24
6429,2026-06-06 10:04:00,抖音信息流,一线,Android,18
6430,2026-07-08 05:55:00,自然流量,一线,iOS,19
6431,2026-06-20 01:00:00,抖音信息流,二线,iOS,21
6432,2026-07-03 21:21:00,抖音信息流,一线,iOS,18
6433,2026-06-19 14:36:00,自然流量,一线,Android,24
6434,2026-07-16 20:57:00,高校地推,一线,Android,25
6435,2026-06-16 02:23:00,小红书种草,一线,iOS,25
6436,2026-07-02 02:34:00,抖音信息流,新一线,iOS,34
6437,2026-08-16 18:54:00,抖音信息流,一线,Android,19
6438,2026-07-12 11:32:00,抖音信息流,二线,iOS,21
6439,2026-06-24 09:52:00,微信分享裂变,新一线,iOS,21
6440,2026-06-16 09:46:00,抖音信息流,新一线,iOS,28
6441,2026-06-28 07:50:00,抖音信息流,一线,iOS,27
6442,2026-07-28 10:11:00,高校地推,二线,Android,18
6443,2026-07-24 23:18:00,微信分享裂变,新一线,Android,31
6444,2026-08-17 09:22:00,微信分享裂变,二线,iOS,19
6445,2026-06-21 19:02:00,自然流量,新一线,iOS,28
6446,2026-06-16 17:09:00,自然流量,二线,iOS,27
6447,2026-07-16 18:06:00,小红书种草,新一线,Android,25
6448,2026-06-14 02:29:00,抖音信息流,二线,Android,22
6449,2026-07-28 16:02:00,小红书种草,新一线,Android,22
6450,2026-08-04 11:56:00,微信分享裂变,三线及以下,Android,26
6451,2026-06-29 13:23:00,自然流量,三线及以下,Android,26
6452,2026-07-01 08:53:00,自然流量,一线,Android,27
6453,2026-07-07 07:32:00,抖音信息流,二线,iOS,27
6454,2026-07-10 05:33:00,自然流量,一线,iOS,25
6455,2026-07-18 21:39:00,小红书种草,三线及以下,Android,31
6456,2026-06-18 18:42:00,小红书种草,一线,iOS,20
6457,2026-07-27 14:24:00,抖音信息流,新一线,Android,24
6458,2026-08-01 11:54:00,小红书种草,一线,Android,21
6459,2026-06-30 01:02:00,抖音信息流,三线及以下,Android,36
6460,2026-07-11 03:44:00,小红书种草,三线及以下,Android,27
6461,2026-07-18 08:55:00,自然流量,新一线,Android,29
6462,2026-08-08 02:48:00,小红书种草,一线,Android,26
6463,2026-07-13 03:44:00,小红书种草,二线,iOS,23
6464,2026-06-11 01:16:00,自然流量,一线,iOS,37
6465,2026-08-18 08:45:00,抖音信息流,三线及以下,Android,30
6466,2026-06-26 10:27:00,微信分享裂变,一线,iOS,22
6467,2026-06-19 10:56:00,自然流量,新一线,Android,22
6468,2026-07-09 05:22:00,小红书种草,一线,iOS,25
6469,2026-07-10 00:50:00,高校地推,三线及以下,Android,21
6470,2026-06-16 17:21:00,微信分享裂变,新一线,Android,22
6471,2026-06-18 04:20:00,抖音信息流,三线及以下,iOS,18
6472,2026-07-25 04:42:00,小红书种草,一线,Android,18
6473,2026-07-27 18:22:00,高校地推,新一线,Android,33
6474,2026-06-12 15:03:00,抖音信息流,一线,Android,21
6475,2026-06-10 13:37:00,自然流量,二线,iOS,22
6476,2026-07-17 05:20:00,自然流量,一线,iOS,24
6477,2026-06-22 06:00:00,微信分享裂变,新一线,Android,27
6478,2026-06-15 19:19:00,抖音信息流,二线,Android,27
6479,2026-07-15 02:39:00,自然流量,一线,iOS,29
6480,2026-06-27 18:54:00,抖音信息流,二线,Android,26
6481,2026-06-23 08:18:00,小红书种草,二线,iOS,22
6482,2026-07-01 15:12:00,抖音信息流,新一线,Android,30
6483,2026-07-07 00:52:00,微信分享裂变,新一线,iOS,23
6484,2026-06-27 03:44:00,小红书种草,一线,Android,29
6485,2026-07-06 14:30:00,高校地推,新一线,iOS,18
6486,2026-07-24 04:40:00,微信分享裂变,二线,iOS,30
6487,2026-08-13 15:32:00,自然流量,一线,Android,19
6488,2026-07-15 01:19:00,小红书种草,三线及以下,iOS,18
6489,2026-07-17 01:09:00,自然流量,新一线,iOS,18
6490,2026-07-09 15:09:00,高校地推,一线,Android,25
6491,2026-07-23 17:30:00,自然流量,一线,iOS,35
6492,2026-07-14 05:14:00,小红书种草,新一线,Android,23
6493,2026-06-16 09:42:00,微信分享裂变,三线及以下,Android,23
6494,2026-08-04 09:04:00,自然流量,二线,iOS,27
6495,2026-06-19 06:33:00,微信分享裂变,新一线,iOS,21
6496,2026-06-29 03:20:00,自然流量,三线及以下,Android,23
6497,2026-07-27 03:14:00,抖音信息流,一线,iOS,22
6498,2026-08-03 17:14:00,抖音信息流,新一线,iOS,33
6499,2026-07-07 13:31:00,抖音信息流,二线,Android,24
6500,2026-07-05 14:23:00,小红书种草,新一线,Android,27
6501,2026-07-07 13:11:00,高校地推,一线,iOS,20
6502,2026-06-21 16:58:00,抖音信息流,二线,iOS,18
6503,2026-06-18 01:35:00,抖音信息流,一线,Android,27
6504,2026-07-11 22:51:00,微信分享裂变,新一线,Android,25
6505,2026-06-12 16:35:00,微信分享裂变,三线及以下,iOS,29
6506,2026-06-21 21:17:00,自然流量,一线,Android,19
6507,2026-06-24 14:16:00,高校地推,二线,Android,23
6508,2026-06-23 11:07:00,自然流量,三线及以下,iOS,18
6509,2026-07-27 19:27:00,小红书种草,一线,Android,21
6510,2026-07-15 04:40:00,抖音信息流,一线,Android,18
6511,2026-06-15 14:58:00,微信分享裂变,三线及以下,Android,22
6512,2026-06-30 05:52:00,自然流量,新一线,Android,30
6513,2026-06-29 23:49:00,自然流量,一线,iOS,19
6514,2026-06-07 15:54:00,小红书种草,一线,Android,19
6515,2026-07-16 17:39:00,自然流量,一线,iOS,23
6516,2026-07-23 03:44:00,抖音信息流,新一线,iOS,23
6517,2026-07-21 05:03:00,小红书种草,二线,Android,27
6518,2026-08-01 17:26:00,小红书种草,新一线,Android,18
6519,2026-07-04 07:33:00,自然流量,一线,iOS,18
6520,2026-06-13 08:34:00,抖音信息流,三线及以下,iOS,24
6521,2026-07-05 15:20:00,高校地推,新一线,Android,32
6522,2026-06-26 22:52:00,抖音信息流,一线,Android,23
6523,2026-06-26 12:49:00,自然流量,三线及以下,Android,25
6524,2026-06-18 12:40:00,自然流量,新一线,iOS,23
6525,2026-06-28 14:51:00,抖音信息流,新一线,iOS,27
6526,2026-07-15 14:24:00,高校地推,二线,Android,22
6527,2026-07-27 09:40:00,抖音信息流,一线,Android,23
6528,2026-06-28 20:00:00,自然流量,新一线,Android,32
6529,2026-06-17 22:44:00,抖音信息流,三线及以下,Android,29
6530,2026-08-06 22:24:00,自然流量,一线,iOS,20
6531,2026-06-14 06:53:00,自然流量,三线及以下,iOS,20
6532,2026-07-02 18:42:00,高校地推,一线,iOS,21
6533,2026-06-30 19:12:00,小红书种草,三线及以下,Android,18
6534,2026-06-15 00:00:00,自然流量,新一线,Android,21
6535,2026-08-14 15:24:00,抖音信息流,新一线,Android,23
6536,2026-06-13 23:48:00,自然流量,新一线,Android,20
6537,2026-07-07 13:06:00,自然流量,一线,iOS,26
6538,2026-06-25 14:04:00,小红书种草,一线,Android,18
6539,2026-07-04 03:04:00,抖音信息流,二线,Android,18
6540,2026-07-21 09:53:00,小红书种草,二线,iOS,27
6541,2026-07-24 14:01:00,微信分享裂变,一线,iOS,33
6542,2026-07-02 03:30:00,自然流量,二线,Android,25
6543,2026-06-07 11:37:00,高校地推,一线,iOS,19
6544,2026-08-01 13:05:00,抖音信息流,新一线,Android,18
6545,2026-08-03 21:34:00,自然流量,新一线,iOS,22
6546,2026-07-06 22:36:00,微信分享裂变,二线,iOS,30
6547,2026-07-11 16:43:00,自然流量,新一线,Android,26
6548,2026-07-04 09:58:00,抖音信息流,一线,iOS,18
6549,2026-07-08 14:15:00,小红书种草,一线,iOS,25
6550,2026-07-05 13:29:00,自然流量,新一线,iOS,31
6551,2026-08-10 09:38:00,微信分享裂变,新一线,iOS,29
6552,2026-07-08 00:45:00,自然流量,一线,iOS,30
6553,2026-07-19 08:14:00,微信分享裂变,一线,Android,28
6554,2026-07-24 14:29:00,自然流量,一线,iOS,18
6555,2026-06-22 18:45:00,自然流量,一线,iOS,19
6556,2026-06-09 01:07:00,抖音信息流,新一线,iOS,32
6557,2026-06-22 16:00:00,微信分享裂变,三线及以下,Android,22
6558,2026-06-16 18:10:00,自然流量,一线,iOS,18
6559,2026-08-07 23:20:00,微信分享裂变,一线,Android,27
6560,2026-06-27 14:20:00,自然流量,新一线,Android,29
6561,2026-07-17 22:32:00,抖音信息流,新一线,iOS,23
6562,2026-07-04 19:19:00,抖音信息流,新一线,iOS,26
6563,2026-07-03 08:23:00,自然流量,一线,Android,19
6564,2026-08-03 07:25:00,高校地推,一线,iOS,21
6565,2026-08-15 07:20:00,抖音信息流,三线及以下,Android,18
6566,2026-06-14 22:20:00,小红书种草,新一线,Android,18
6567,2026-07-16 08:12:00,抖音信息流,二线,Android,31
6568,2026-06-08 08:49:00,抖音信息流,新一线,iOS,18
6569,2026-07-05 08:38:00,小红书种草,二线,iOS,22
6570,2026-07-13 16:26:00,微信分享裂变,二线,iOS,21
6571,2026-06-14 17:34:00,小红书种草,一线,iOS,26
6572,2026-07-04 16:21:00,抖音信息流,一线,Android,18
6573,2026-06-16 01:34:00,小红书种草,一线,Android,20
6574,2026-06-18 05:47:00,小红书种草,二线,Android,21
6575,2026-08-05 12:07:00,抖音信息流,一线,Android,26
6576,2026-08-05 12:20:00,小红书种草,新一线,iOS,23
6577,2026-08-11 06:13:00,抖音信息流,新一线,Android,18
6578,2026-07-15 13:17:00,小红书种草,二线,Android,22
6579,2026-07-10 07:57:00,高校地推,新一线,Android,20
6580,2026-06-28 00:33:00,高校地推,新一线,Android,26
6581,2026-06-11 18:30:00,微信分享裂变,一线,iOS,22
6582,2026-08-12 00:09:00,小红书种草,一线,Android,32
6583,2026-06-20 21:53:00,小红书种草,一线,Android,20
6584,2026-07-19 20:50:00,自然流量,三线及以下,Android,21
6585,2026-07-14 20:07:00,抖音信息流,三线及以下,iOS,21
6586,2026-07-26 03:17:00,自然流量,二线,iOS,23
6587,2026-07-20 20:05:00,自然流量,一线,Android,28
6588,2026-06-22 17:57:00,高校地推,一线,Android,21
6589,2026-06-21 15:57:00,微信分享裂变,新一线,iOS,22
6590,2026-06-08 17:45:00,抖音信息流,一线,Android,25
6591,2026-06-11 19:45:00,自然流量,三线及以下,iOS,19
6592,2026-06-15 04:23:00,小红书种草,二线,Android,27
6593,2026-06-20 17:18:00,抖音信息流,三线及以下,iOS,22
6594,2026-07-23 09:30:00,微信分享裂变,三线及以下,iOS,19
6595,2026-07-02 18:11:00,高校地推,新一线,iOS,18
6596,2026-07-28 04:11:00,抖音信息流,一线,iOS,18
6597,2026-07-08 13:11:00,自然流量,二线,Android,22
6598,2026-06-24 18:14:00,自然流量,新一线,Android,23
6599,2026-07-03 20:38:00,自然流量,三线及以下,Android,22
6600,2026-06-26 23:19:00,抖音信息流,一线,iOS,18
6601,2026-07-18 11:37:00,自然流量,新一线,Android,22
6602,2026-06-23 10:21:00,自然流量,新一线,Android,18
6603,2026-06-22 04:32:00,自然流量,一线,Android,18
6604,2026-07-02 21:51:00,自然流量,新一线,Android,29
6605,2026-06-09 20:20:00,小红书种草,一线,iOS,23
6606,2026-08-02 21:57:00,自然流量,新一线,Android,26
6607,2026-07-11 07:18:00,微信分享裂变,新一线,iOS,31
6608,2026-08-01 15:30:00,自然流量,一线,Android,23
6609,2026-07-14 09:46:00,自然流量,二线,iOS,28
6610,2026-07-08 19:55:00,自然流量,一线,iOS,25
6611,2026-07-14 19:22:00,小红书种草,二线,iOS,20
6612,2026-06-15 17:12:00,自然流量,一线,Android,23
6613,2026-07-06 08:16:00,抖音信息流,二线,Android,20
6614,2026-06-16 11:08:00,自然流量,新一线,iOS,26
6615,2026-08-01 06:25:00,高校地推,二线,Android,28
6616,2026-06-26 14:28:00,自然流量,新一线,Android,18
6617,2026-06-20 22:01:00,抖音信息流,新一线,Android,19
6618,2026-06-27 20:22:00,微信分享裂变,二线,Android,22
6619,2026-06-11 21:47:00,自然流量,新一线,Android,19
6620,2026-06-14 20:44:00,自然流量,新一线,iOS,22
6621,2026-07-27 14:18:00,微信分享裂变,新一线,Android,25
6622,2026-06-28 17:58:00,自然流量,二线,Android,30
6623,2026-06-16 19:41:00,自然流量,新一线,iOS,21
6624,2026-07-09 06:32:00,抖音信息流,三线及以下,Android,21
6625,2026-08-03 08:33:00,自然流量,一线,iOS,25
6626,2026-06-18 12:26:00,高校地推,一线,iOS,23
6627,2026-08-02 23:16:00,小红书种草,新一线,Android,18
6628,2026-06-20 04:56:00,小红书种草,二线,Android,19
6629,2026-06-22 14:54:00,自然流量,一线,Android,22
6630,2026-07-11 13:19:00,小红书种草,一线,Android,27
6631,2026-08-07 03:34:00,小红书种草,三线及以下,Android,29
6632,2026-06-16 18:45:00,自然流量,一线,iOS,18
6633,2026-06-29 12:46:00,微信分享裂变,新一线,iOS,19
6634,2026-07-03 16:27:00,抖音信息流,一线,iOS,28
6635,2026-06-27 21:40:00,微信分享裂变,一线,Android,21
6636,2026-08-18 18:31:00,自然流量,一线,iOS,25
6637,2026-07-09 15:12:00,自然流量,一线,iOS,22
6638,2026-06-11 21:24:00,小红书种草,新一线,Android,23
6639,2026-07-15 05:48:00,微信分享裂变,一线,Android,21
6640,2026-07-30 04:41:00,抖音信息流,新一线,iOS,29
6641,2026-07-08 07:46:00,自然流量,一线,Android,18
6642,2026-07-11 05:31:00,微信分享裂变,三线及以下,iOS,21
6643,2026-06-30 14:36:00,自然流量,一线,Android,28
6644,2026-07-26 05:45:00,抖音信息流,一线,iOS,22
6645,2026-06-29 20:21:00,小红书种草,二线,Android,23
6646,2026-06-18 06:20:00,自然流量,二线,iOS,28
6647,2026-07-13 07:45:00,自然流量,新一线,Android,26
6648,2026-06-05 10:41:00,自然流量,一线,Android,27
6649,2026-07-29 01:50:00,高校地推,二线,iOS,29
6650,2026-07-01 16:04:00,抖音信息流,二线,Android,18
6651,2026-06-28 22:41:00,小红书种草,新一线,Android,21
6652,2026-07-28 03:21:00,高校地推,新一线,Android,19
6653,2026-07-12 06:37:00,小红书种草,一线,Android,25
6654,2026-06-15 22:29:00,抖音信息流,一线,Android,28
6655,2026-07-09 04:40:00,抖音信息流,一线,Android,18
6656,2026-06-28 07:54:00,抖音信息流,一线,Android,18
6657,2026-06-24 09:27:00,小红书种草,三线及以下,iOS,18
6658,2026-06-18 10:40:00,高校地推,二线,iOS,19
6659,2026-07-28 08:37:00,微信分享裂变,一线,Android,23
6660,2026-08-11 10:46:00,抖音信息流,一线,Android,31
6661,2026-07-30 13:03:00,抖音信息流,新一线,iOS,18
6662,2026-07-30 04:28:00,微信分享裂变,新一线,iOS,35
6663,2026-06-12 22:33:00,自然流量,二线,Android,26
6664,2026-06-06 15:17:00,微信分享裂变,三线及以下,Android,26
6665,2026-06-25 07:48:00,自然流量,新一线,Android,27
6666,2026-07-09 15:28:00,小红书种草,一线,Android,18
6667,2026-08-09 00:03:00,微信分享裂变,三线及以下,iOS,20
6668,2026-06-16 06:34:00,抖音信息流,新一线,Android,18
6669,2026-07-01 13:15:00,自然流量,新一线,Android,26
6670,2026-07-23 08:11:00,微信分享裂变,二线,Android,18
6671,2026-06-18 21:37:00,抖音信息流,新一线,Android,22
6672,2026-06-24 10:52:00,抖音信息流,一线,Android,20
6673,2026-06-27 15:08:00,抖音信息流,二线,iOS,30
6674,2026-06-25 20:19:00,抖音信息流,一线,iOS,20
6675,2026-08-03 23:15:00,小红书种草,一线,iOS,18
6676,2026-06-24 02:01:00,自然流量,新一线,Android,25
6677,2026-07-23 07:01:00,抖音信息流,一线,Android,23
6678,2026-07-15 05:04:00,微信分享裂变,二线,Android,30
6679,2026-06-17 10:45:00,自然流量,三线及以下,iOS,25
6680,2026-06-18 10:42:00,抖音信息流,三线及以下,iOS,24
6681,2026-06-15 17:54:00,小红书种草,一线,iOS,27
6682,2026-06-07 19:15:00,微信分享裂变,三线及以下,Android,25
6683,2026-07-10 23:06:00,小红书种草,一线,iOS,27
6684,2026-07-06 02:44:00,微信分享裂变,新一线,Android,27
6685,2026-08-05 09:57:00,自然流量,一线,iOS,21
6686,2026-06-11 09:43:00,抖音信息流,二线,iOS,18
6687,2026-06-27 23:15:00,高校地推,一线,iOS,22
6688,2026-07-06 18:44:00,微信分享裂变,二线,iOS,18
6689,2026-07-10 22:38:00,抖音信息流,二线,Android,19
6690,2026-07-25 14:47:00,抖音信息流,新一线,iOS,21
6691,2026-07-21 10:05:00,抖音信息流,二线,Android,29
6692,2026-07-25 00:38:00,自然流量,一线,iOS,22
6693,2026-06-19 04:04:00,微信分享裂变,一线,Android,32
6694,2026-08-08 18:52:00,微信分享裂变,新一线,iOS,25
6695,2026-08-09 22:54:00,抖音信息流,二线,Android,18
6696,2026-06-30 15:37:00,自然流量,一线,Android,29
6697,2026-07-05 04:11:00,抖音信息流,二线,Android,28
6698,2026-08-07 02:56:00,自然流量,一线,Android,18
6699,2026-07-16 02:46:00,小红书种草,二线,Android,27
6700,2026-07-11 07:48:00,抖音信息流,一线,Android,30
6701,2026-06-29 22:48:00,自然流量,新一线,Android,18
6702,2026-08-25 07:23:00,小红书种草,新一线,Android,18
6703,2026-07-11 10:14:00,高校地推,新一线,Android,28
6704,2026-07-26 09:52:00,自然流量,一线,Android,22
6705,2026-06-23 19:07:00,抖音信息流,新一线,Android,30
6706,2026-07-26 01:14:00,抖音信息流,一线,iOS,28
6707,2026-08-07 00:40:00,自然流量,一线,Android,27
6708,2026-08-05 11:31:00,抖音信息流,一线,iOS,29
6709,2026-07-24 07:37:00,小红书种草,三线及以下,iOS,19
6710,2026-07-06 17:33:00,自然流量,一线,Android,22
6711,2026-08-13 10:07:00,自然流量,新一线,iOS,33
6712,2026-07-12 18:42:00,微信分享裂变,一线,iOS,21
6713,2026-06-13 15:31:00,抖音信息流,新一线,Android,29
6714,2026-08-04 18:27:00,小红书种草,一线,iOS,22
6715,2026-06-30 14:59:00,小红书种草,一线,Android,19
6716,2026-07-07 18:15:00,微信分享裂变,三线及以下,iOS,18
6717,2026-06-04 19:41:00,小红书种草,三线及以下,Android,26
6718,2026-07-13 22:32:00,微信分享裂变,一线,iOS,30
6719,2026-07-01 13:12:00,小红书种草,二线,Android,26
6720,2026-07-06 21:35:00,抖音信息流,三线及以下,iOS,24
6721,2026-06-19 00:47:00,抖音信息流,三线及以下,iOS,18
6722,2026-07-19 00:53:00,抖音信息流,一线,iOS,23
6723,2026-06-16 00:59:00,抖音信息流,二线,iOS,24
6724,2026-07-06 18:32:00,自然流量,一线,Android,19
6725,2026-07-03 09:28:00,抖音信息流,新一线,Android,25
6726,2026-07-20 01:32:00,抖音信息流,新一线,iOS,20
6727,2026-06-30 11:19:00,自然流量,二线,Android,21
6728,2026-07-03 21:57:00,自然流量,三线及以下,Android,27
6729,2026-07-10 10:37:00,小红书种草,一线,Android,31
6730,2026-07-16 08:01:00,抖音信息流,一线,Android,31
6731,2026-07-20 10:54:00,微信分享裂变,新一线,Android,22
6732,2026-07-13 19:52:00,抖音信息流,新一线,Android,26
6733,2026-08-04 01:06:00,微信分享裂变,新一线,Android,26
6734,2026-07-02 21:06:00,微信分享裂变,二线,iOS,26
6735,2026-06-22 12:40:00,自然流量,二线,iOS,24
6736,2026-08-12 01:59:00,高校地推,二线,Android,30
6737,2026-07-19 12:46:00,自然流量,一线,iOS,20
6738,2026-07-17 10:49:00,小红书种草,一线,iOS,18
6739,2026-07-12 02:31:00,微信分享裂变,三线及以下,Android,25
6740,2026-06-27 04:04:00,抖音信息流,新一线,iOS,22
6741,2026-06-11 19:43:00,小红书种草,新一线,iOS,33
6742,2026-08-05 02:23:00,抖音信息流,一线,Android,21
6743,2026-08-11 13:21:00,自然流量,二线,iOS,28
6744,2026-06-17 20:22:00,自然流量,一线,Android,25
6745,2026-08-01 12:56:00,自然流量,二线,iOS,18
6746,2026-07-21 13:02:00,自然流量,一线,Android,26
6747,2026-06-18 17:44:00,小红书种草,一线,Android,20
6748,2026-07-02 03:01:00,抖音信息流,一线,iOS,35
6749,2026-06-28 16:23:00,抖音信息流,一线,Android,19
6750,2026-07-04 23:40:00,小红书种草,三线及以下,Android,19
6751,2026-06-30 20:18:00,自然流量,新一线,Android,18
6752,2026-06-22 14:47:00,自然流量,新一线,iOS,19
6753,2026-07-01 14:15:00,微信分享裂变,一线,Android,27
6754,2026-07-14 09:16:00,高校地推,新一线,Android,18
6755,2026-06-26 09:10:00,抖音信息流,一线,Android,26
6756,2026-08-09 00:03:00,自然流量,新一线,Android,24
6757,2026-07-11 10:04:00,微信分享裂变,三线及以下,iOS,18
6758,2026-08-02 21:29:00,微信分享裂变,一线,Android,23
6759,2026-06-16 22:22:00,抖音信息流,二线,Android,18
6760,2026-06-19 20:25:00,自然流量,三线及以下,iOS,27
6761,2026-07-01 02:13:00,自然流量,三线及以下,Android,18
6762,2026-08-03 18:48:00,小红书种草,二线,iOS,27
6763,2026-07-10 17:29:00,高校地推,三线及以下,Android,20
6764,2026-08-02 05:06:00,小红书种草,新一线,Android,24
6765,2026-06-06 13:43:00,抖音信息流,新一线,Android,25
6766,2026-07-08 16:28:00,小红书种草,二线,Android,24
6767,2026-08-26 15:22:00,微信分享裂变,一线,Android,33
6768,2026-06-17 13:12:00,抖音信息流,一线,iOS,21
6769,2026-07-03 10:33:00,微信分享裂变,新一线,Android,18
6770,2026-06-30 03:39:00,抖音信息流,一线,iOS,34
6771,2026-07-06 12:45:00,抖音信息流,新一线,Android,25
6772,2026-06-08 22:04:00,小红书种草,二线,iOS,24
6773,2026-08-10 16:53:00,抖音信息流,新一线,Android,34
6774,2026-06-28 01:43:00,高校地推,新一线,iOS,18
6775,2026-06-14 08:00:00,抖音信息流,新一线,Android,23
6776,2026-06-17 18:02:00,抖音信息流,一线,Android,18
6777,2026-06-16 01:45:00,抖音信息流,一线,Android,23
6778,2026-06-17 08:17:00,抖音信息流,一线,iOS,18
6779,2026-07-03 17:04:00,抖音信息流,三线及以下,Android,24
6780,2026-07-24 04:26:00,小红书种草,三线及以下,Android,23
6781,2026-07-26 07:48:00,抖音信息流,新一线,Android,23
6782,2026-06-27 11:41:00,抖音信息流,新一线,Android,18
6783,2026-07-07 04:19:00,小红书种草,三线及以下,Android,27
6784,2026-06-26 06:06:00,自然流量,一线,iOS,22
6785,2026-06-27 09:57:00,小红书种草,一线,Android,36
6786,2026-06-11 07:00:00,抖音信息流,新一线,Android,21
6787,2026-06-20 07:44:00,抖音信息流,新一线,iOS,20
6788,2026-07-07 04:07:00,小红书种草,三线及以下,Android,24
6789,2026-07-10 23:51:00,小红书种草,二线,Android,18
6790,2026-08-01 20:55:00,微信分享裂变,三线及以下,iOS,29
6791,2026-07-30 06:16:00,抖音信息流,二线,Android,19
6792,2026-07-19 23:18:00,抖音信息流,三线及以下,iOS,19
6793,2026-07-18 13:26:00,小红书种草,二线,iOS,27
6794,2026-07-11 18:42:00,小红书种草,新一线,iOS,25
6795,2026-08-16 00:17:00,小红书种草,新一线,Android,24
6796,2026-07-27 08:13:00,抖音信息流,三线及以下,iOS,18
6797,2026-06-19 09:28:00,微信分享裂变,一线,iOS,28
6798,2026-06-25 18:08:00,自然流量,新一线,iOS,18
6799,2026-07-25 14:21:00,抖音信息流,新一线,Android,18
6800,2026-06-14 17:47:00,自然流量,二线,iOS,25
6801,2026-07-09 07:30:00,抖音信息流,新一线,iOS,22
6802,2026-07-11 09:14:00,小红书种草,新一线,Android,22
6803,2026-08-18 15:04:00,抖音信息流,二线,Android,27
6804,2026-08-14 09:26:00,抖音信息流,新一线,Android,22
6805,2026-06-29 07:48:00,微信分享裂变,一线,Android,18
6806,2026-06-05 02:50:00,微信分享裂变,新一线,Android,22
6807,2026-07-18 10:44:00,抖音信息流,一线,Android,25
6808,2026-06-03 04:19:00,高校地推,二线,Android,24
6809,2026-06-05 06:55:00,抖音信息流,三线及以下,Android,23
6810,2026-06-29 06:26:00,微信分享裂变,一线,iOS,36
6811,2026-06-05 08:13:00,自然流量,一线,Android,32
6812,2026-06-20 20:31:00,自然流量,一线,Android,18
6813,2026-07-24 01:11:00,抖音信息流,二线,Android,18
6814,2026-06-25 18:33:00,自然流量,一线,iOS,30
6815,2026-07-08 11:55:00,抖音信息流,新一线,iOS,29
6816,2026-06-18 04:08:00,自然流量,新一线,Android,31
6817,2026-07-29 09:24:00,小红书种草,二线,iOS,21
6818,2026-07-15 20:31:00,自然流量,新一线,Android,23
6819,2026-06-13 13:58:00,自然流量,新一线,iOS,18
6820,2026-06-30 06:07:00,高校地推,新一线,iOS,24
6821,2026-07-14 16:58:00,小红书种草,二线,iOS,20
6822,2026-06-13 13:43:00,高校地推,新一线,Android,20
6823,2026-06-13 11:02:00,抖音信息流,新一线,iOS,28
6824,2026-06-15 00:43:00,自然流量,一线,iOS,23
6825,2026-08-15 09:28:00,抖音信息流,一线,Android,28
6826,2026-06-22 03:29:00,抖音信息流,新一线,Android,23
6827,2026-06-18 16:44:00,自然流量,新一线,Android,26
6828,2026-06-13 21:29:00,微信分享裂变,二线,Android,18
6829,2026-06-18 09:45:00,小红书种草,三线及以下,iOS,19
6830,2026-06-26 09:50:00,小红书种草,一线,Android,26
6831,2026-06-11 01:56:00,抖音信息流,新一线,iOS,32
6832,2026-08-13 04:44:00,小红书种草,二线,iOS,26
6833,2026-06-13 22:03:00,自然流量,一线,Android,24
6834,2026-06-30 23:52:00,高校地推,新一线,iOS,31
6835,2026-06-09 19:34:00,抖音信息流,新一线,Android,22
6836,2026-06-15 17:21:00,自然流量,新一线,iOS,20
6837,2026-06-17 21:05:00,自然流量,一线,iOS,24
6838,2026-08-23 03:21:00,小红书种草,一线,Android,25
6839,2026-06-28 20:48:00,高校地推,一线,Android,18
6840,2026-06-14 08:35:00,微信分享裂变,三线及以下,Android,24
6841,2026-07-16 20:13:00,小红书种草,一线,iOS,18
6842,2026-07-27 09:09:00,高校地推,一线,iOS,22
6843,2026-07-13 08:16:00,小红书种草,新一线,Android,23
6844,2026-06-15 22:22:00,抖音信息流,三线及以下,iOS,23
6845,2026-06-07 16:09:00,小红书种草,一线,iOS,18
6846,2026-07-19 05:59:00,自然流量,二线,Android,24
6847,2026-07-18 05:14:00,自然流量,一线,iOS,28
6848,2026-06-07 18:22:00,抖音信息流,一线,Android,31
6849,2026-06-06 15:56:00,自然流量,三线及以下,Android,31
6850,2026-07-10 03:43:00,高校地推,二线,Android,24
6851,2026-06-19 21:30:00,高校地推,新一线,iOS,36
6852,2026-07-08 20:03:00,抖音信息流,一线,Android,20
6853,2026-07-11 22:14:00,小红书种草,新一线,Android,20
6854,2026-07-23 11:38:00,抖音信息流,一线,Android,24
6855,2026-06-29 07:58:00,自然流量,新一线,iOS,28
6856,2026-07-28 18:56:00,抖音信息流,二线,Android,27
6857,2026-07-06 12:44:00,自然流量,新一线,Android,18
6858,2026-07-10 10:50:00,抖音信息流,二线,iOS,19
6859,2026-06-29 17:49:00,自然流量,一线,iOS,27
6860,2026-06-12 07:19:00,自然流量,二线,iOS,19
6861,2026-07-08 18:13:00,自然流量,三线及以下,iOS,23
6862,2026-08-05 06:07:00,高校地推,三线及以下,iOS,25
6863,2026-07-05 01:47:00,自然流量,一线,iOS,26
6864,2026-07-26 12:28:00,抖音信息流,一线,Android,28
6865,2026-07-14 02:10:00,抖音信息流,新一线,Android,30
6866,2026-07-14 13:48:00,抖音信息流,新一线,iOS,27
6867,2026-08-06 12:14:00,抖音信息流,三线及以下,iOS,18
6868,2026-06-24 22:57:00,自然流量,新一线,iOS,26
6869,2026-07-11 09:15:00,小红书种草,新一线,iOS,29
6870,2026-07-30 07:32:00,抖音信息流,一线,Android,26
6871,2026-06-24 01:52:00,小红书种草,三线及以下,iOS,30
6872,2026-07-26 06:34:00,抖音信息流,一线,iOS,25
6873,2026-07-14 12:08:00,抖音信息流,三线及以下,iOS,23
6874,2026-06-23 01:48:00,抖音信息流,三线及以下,Android,19
6875,2026-06-22 10:41:00,自然流量,一线,Android,34
6876,2026-07-01 01:48:00,抖音信息流,二线,Android,18
6877,2026-06-19 13:49:00,自然流量,一线,iOS,23
6878,2026-07-08 12:41:00,抖音信息流,一线,Android,22
6879,2026-06-11 10:45:00,小红书种草,新一线,Android,18
6880,2026-06-28 14:03:00,自然流量,三线及以下,iOS,28
6881,2026-06-09 20:37:00,自然流量,新一线,Android,26
6882,2026-06-07 00:14:00,小红书种草,一线,iOS,25
6883,2026-07-11 18:22:00,抖音信息流,新一线,iOS,20
6884,2026-06-07 10:49:00,微信分享裂变,新一线,Android,26
6885,2026-08-16 18:50:00,高校地推,一线,iOS,22
6886,2026-07-10 14:28:00,高校地推,一线,Android,26
6887,2026-07-21 22:40:00,抖音信息流,一线,Android,31
6888,2026-07-18 17:44:00,自然流量,新一线,iOS,18
6889,2026-07-08 04:00:00,小红书种草,新一线,Android,29
6890,2026-06-10 02:45:00,小红书种草,二线,iOS,35
6891,2026-06-26 16:24:00,小红书种草,一线,Android,32
6892,2026-07-17 20:21:00,抖音信息流,二线,iOS,27
6893,2026-07-12 10:04:00,自然流量,新一线,Android,30
6894,2026-08-03 11:09:00,自然流量,一线,iOS,19
6895,2026-07-05 22:09:00,自然流量,三线及以下,Android,25
6896,2026-07-22 09:25:00,自然流量,二线,Android,23
6897,2026-06-27 04:03:00,高校地推,新一线,iOS,21
6898,2026-07-03 01:33:00,自然流量,一线,Android,28
6899,2026-07-09 05:36:00,小红书种草,一线,Android,23
6900,2026-07-17 08:46:00,高校地推,新一线,Android,18
6901,2026-07-10 22:31:00,抖音信息流,三线及以下,Android,26
6902,2026-07-15 20:57:00,抖音信息流,新一线,iOS,23
6903,2026-07-09 14:44:00,小红书种草,一线,iOS,27
6904,2026-06-21 06:37:00,抖音信息流,新一线,iOS,21
6905,2026-06-16 12:57:00,抖音信息流,一线,iOS,18
6906,2026-06-12 07:02:00,微信分享裂变,一线,iOS,19
6907,2026-07-16 00:11:00,小红书种草,二线,iOS,19
6908,2026-07-15 18:43:00,微信分享裂变,新一线,Android,18
6909,2026-06-07 12:06:00,高校地推,二线,iOS,21
6910,2026-07-26 08:05:00,抖音信息流,一线,iOS,27
6911,2026-07-24 21:03:00,小红书种草,一线,Android,18
6912,2026-07-10 17:44:00,小红书种草,新一线,iOS,28
6913,2026-07-08 16:58:00,小红书种草,新一线,Android,18
6914,2026-07-18 11:49:00,小红书种草,新一线,Android,22
6915,2026-06-15 23:16:00,小红书种草,二线,iOS,23
6916,2026-07-29 03:49:00,微信分享裂变,二线,iOS,22
6917,2026-06-11 23:59:00,抖音信息流,二线,Android,27
6918,2026-06-15 23:31:00,小红书种草,一线,Android,23
6919,2026-06-30 09:01:00,自然流量,新一线,Android,23
6920,2026-06-07 14:47:00,小红书种草,新一线,Android,18
6921,2026-06-14 07:15:00,小红书种草,新一线,Android,26
6922,2026-07-09 01:26:00,微信分享裂变,一线,iOS,33
6923,2026-06-15 19:25:00,抖音信息流,三线及以下,iOS,21
6924,2026-07-28 03:02:00,抖音信息流,一线,Android,27
6925,2026-06-06 19:11:00,抖音信息流,三线及以下,iOS,19
6926,2026-07-04 12:38:00,自然流量,二线,Android,28
6927,2026-07-09 06:16:00,自然流量,新一线,Android,26
6928,2026-07-17 10:40:00,高校地推,一线,Android,22
6929,2026-07-19 15:02:00,抖音信息流,新一线,iOS,21
6930,2026-07-07 18:58:00,高校地推,一线,Android,27
6931,2026-07-24 13:33:00,自然流量,三线及以下,Android,24
6932,2026-07-12 14:15:00,小红书种草,一线,iOS,18
6933,2026-07-31 02:41:00,抖音信息流,新一线,Android,18
6934,2026-07-16 15:02:00,小红书种草,新一线,iOS,26
6935,2026-07-24 08:51:00,小红书种草,一线,Android,20
6936,2026-07-04 11:30:00,小红书种草,新一线,iOS,24
6937,2026-07-09 13:30:00,高校地推,二线,Android,26
6938,2026-06-27 00:48:00,抖音信息流,一线,Android,18
6939,2026-06-04 21:14:00,自然流量,一线,iOS,18
6940,2026-07-31 16:04:00,自然流量,新一线,Android,32
6941,2026-06-30 17:34:00,小红书种草,新一线,Android,21
6942,2026-07-08 10:44:00,抖音信息流,新一线,iOS,29
6943,2026-07-27 00:31:00,抖音信息流,一线,iOS,36
6944,2026-07-05 22:16:00,小红书种草,新一线,Android,25
6945,2026-06-17 04:52:00,抖音信息流,一线,iOS,19
6946,2026-06-27 03:47:00,微信分享裂变,一线,iOS,24
6947,2026-06-19 13:11:00,小红书种草,新一线,iOS,23
6948,2026-06-13 19:12:00,小红书种草,新一线,iOS,24
6949,2026-07-30 22:16:00,小红书种草,新一线,Android,27
6950,2026-07-17 05:53:00,微信分享裂变,一线,iOS,28
6951,2026-08-03 20:06:00,小红书种草,二线,iOS,18
6952,2026-07-25 13:21:00,高校地推,一线,Android,29
6953,2026-07-16 04:46:00,自然流量,一线,iOS,25
6954,2026-06-28 18:45:00,小红书种草,二线,iOS,21
6955,2026-08-02 03:30:00,小红书种草,三线及以下,Android,27
6956,2026-07-18 05:32:00,抖音信息流,三线及以下,Android,18
6957,2026-06-16 01:25:00,自然流量,新一线,Android,18
6958,2026-06-19 08:09:00,抖音信息流,一线,iOS,29
6959,2026-06-19 21:17:00,抖音信息流,二线,Android,24
6960,2026-07-04 07:12:00,高校地推,二线,Android,31
6961,2026-08-12 14:17:00,抖音信息流,三线及以下,Android,20
6962,2026-07-15 12:55:00,自然流量,新一线,iOS,25
6963,2026-07-02 20:15:00,抖音信息流,新一线,iOS,25
6964,2026-06-20 10:14:00,抖音信息流,一线,Android,26
6965,2026-06-21 09:08:00,自然流量,一线,Android,27
6966,2026-07-06 17:59:00,抖音信息流,二线,iOS,26
6967,2026-07-26 07:28:00,抖音信息流,三线及以下,Android,24
6968,2026-08-07 15:11:00,自然流量,新一线,iOS,18
6969,2026-07-15 17:06:00,小红书种草,一线,Android,28
6970,2026-07-15 22:16:00,抖音信息流,新一线,iOS,18
6971,2026-06-08 08:26:00,微信分享裂变,一线,iOS,18
6972,2026-06-18 12:34:00,抖音信息流,三线及以下,Android,20
6973,2026-07-14 15:58:00,自然流量,一线,iOS,28
6974,2026-08-04 17:38:00,高校地推,一线,iOS,22
6975,2026-08-20 16:18:00,抖音信息流,新一线,iOS,33
6976,2026-07-26 12:47:00,自然流量,新一线,Android,18
6977,2026-06-09 13:04:00,微信分享裂变,二线,Android,18
6978,2026-06-12 11:47:00,自然流量,新一线,Android,18
6979,2026-06-28 15:52:00,微信分享裂变,三线及以下,Android,18
6980,2026-08-05 15:08:00,小红书种草,新一线,Android,20
6981,2026-06-29 13:35:00,高校地推,一线,Android,31
6982,2026-07-14 23:27:00,高校地推,一线,iOS,29
6983,2026-08-15 14:25:00,自然流量,新一线,iOS,25
6984,2026-08-02 21:14:00,微信分享裂变,新一线,Android,22
6985,2026-07-19 23:49:00,抖音信息流,新一线,Android,27
6986,2026-07-09 01:56:00,小红书种草,一线,Android,30
6987,2026-06-28 14:20:00,小红书种草,一线,iOS,20
6988,2026-07-13 10:27:00,自然流量,一线,Android,21
6989,2026-06-22 05:43:00,自然流量,二线,iOS,21
6990,2026-07-13 15:20:00,自然流量,新一线,Android,18
6991,2026-08-08 10:19:00,自然流量,一线,Android,30
6992,2026-06-08 01:08:00,自然流量,新一线,iOS,21
6993,2026-06-07 16:53:00,高校地推,三线及以下,Android,22
6994,2026-07-13 22:53:00,抖音信息流,一线,iOS,31
6995,2026-06-17 19:20:00,微信分享裂变,一线,Android,21
6996,2026-06-28 23:11:00,微信分享裂变,新一线,iOS,30
6997,2026-08-11 08:41:00,小红书种草,一线,Android,18
6998,2026-07-01 18:04:00,抖音信息流,一线,iOS,26
6999,2026-07-25 17:33:00,微信分享裂变,三线及以下,iOS,21
7000,2026-06-28 23:04:00,小红书种草,二线,iOS,18
7001,2026-07-15 14:58:00,小红书种草,二线,iOS,18
7002,2026-07-05 12:56:00,高校地推,三线及以下,iOS,24
7003,2026-07-24 23:19:00,小红书种草,一线,iOS,19
7004,2026-06-15 07:41:00,抖音信息流,三线及以下,Android,25
7005,2026-07-21 17:26:00,微信分享裂变,三线及以下,iOS,20
7006,2026-06-06 20:44:00,抖音信息流,新一线,Android,18
7007,2026-07-05 16:24:00,微信分享裂变,三线及以下,Android,28
7008,2026-06-26 03:32:00,自然流量,二线,Android,25
7009,2026-08-22 09:36:00,自然流量,一线,iOS,18
7010,2026-07-24 01:14:00,抖音信息流,一线,iOS,27
7011,2026-06-13 20:57:00,自然流量,二线,iOS,24
7012,2026-07-20 12:44:00,高校地推,新一线,iOS,21
7013,2026-07-22 12:40:00,自然流量,新一线,Android,22
7014,2026-06-30 16:43:00,小红书种草,一线,Android,30
7015,2026-07-23 19:43:00,自然流量,一线,Android,25
7016,2026-06-24 19:15:00,高校地推,一线,Android,30
7017,2026-07-21 04:22:00,抖音信息流,新一线,Android,26
7018,2026-07-04 02:28:00,自然流量,一线,iOS,25
7019,2026-08-22 00:15:00,自然流量,一线,Android,20
7020,2026-07-01 15:39:00,抖音信息流,三线及以下,iOS,24
7021,2026-08-13 06:48:00,高校地推,新一线,Android,29
7022,2026-06-16 06:54:00,高校地推,三线及以下,Android,24
7023,2026-07-04 16:16:00,抖音信息流,一线,Android,33
7024,2026-06-09 05:49:00,抖音信息流,新一线,Android,29
7025,2026-07-26 14:36:00,自然流量,二线,Android,18
7026,2026-07-30 06:56:00,抖音信息流,三线及以下,Android,21
7027,2026-07-18 00:36:00,小红书种草,二线,Android,27
7028,2026-06-28 00:27:00,自然流量,三线及以下,iOS,18
7029,2026-06-12 00:44:00,小红书种草,一线,Android,23
7030,2026-08-13 15:34:00,微信分享裂变,一线,iOS,19
7031,2026-06-14 14:19:00,自然流量,三线及以下,iOS,24
7032,2026-07-02 22:24:00,自然流量,新一线,iOS,19
7033,2026-07-29 00:03:00,自然流量,一线,iOS,29
7034,2026-06-28 19:12:00,自然流量,一线,iOS,21
7035,2026-06-18 05:44:00,自然流量,二线,iOS,27
7036,2026-07-09 22:51:00,小红书种草,一线,Android,18
7037,2026-07-07 16:04:00,自然流量,新一线,Android,22
7038,2026-06-21 21:18:00,小红书种草,一线,iOS,18
7039,2026-08-05 07:09:00,微信分享裂变,一线,Android,29
7040,2026-07-07 00:40:00,高校地推,新一线,Android,20
7041,2026-07-13 08:50:00,小红书种草,一线,iOS,23
7042,2026-06-23 00:23:00,自然流量,二线,iOS,25
7043,2026-07-08 04:24:00,自然流量,一线,Android,20
7044,2026-07-01 04:57:00,自然流量,二线,iOS,18
7045,2026-06-28 19:52:00,高校地推,新一线,Android,24
7046,2026-07-21 13:27:00,高校地推,一线,Android,18
7047,2026-08-06 08:18:00,抖音信息流,新一线,iOS,30
7048,2026-06-19 15:36:00,抖音信息流,新一线,Android,23
7049,2026-07-16 09:44:00,抖音信息流,一线,Android,18
7050,2026-07-20 19:09:00,自然流量,一线,iOS,22
7051,2026-07-19 21:22:00,高校地推,新一线,iOS,26
7052,2026-06-17 17:55:00,自然流量,一线,iOS,19
7053,2026-06-11 13:46:00,抖音信息流,二线,Android,18
7054,2026-06-28 03:54:00,抖音信息流,新一线,Android,23
7055,2026-07-21 13:22:00,自然流量,一线,Android,27
7056,2026-08-04 23:49:00,抖音信息流,一线,iOS,25
7057,2026-06-12 05:27:00,微信分享裂变,一线,Android,26
7058,2026-07-25 02:23:00,自然流量,一线,Android,28
7059,2026-06-15 08:19:00,小红书种草,新一线,iOS,31
7060,2026-08-14 16:10:00,抖音信息流,一线,Android,18
7061,2026-06-29 13:07:00,自然流量,新一线,iOS,18
7062,2026-07-26 20:29:00,自然流量,一线,iOS,24
7063,2026-06-26 17:49:00,自然流量,三线及以下,iOS,25
7064,2026-08-16 05:16:00,自然流量,新一线,Android,18
7065,2026-07-13 21:56:00,抖音信息流,二线,Android,20
7066,2026-07-01 20:52:00,微信分享裂变,新一线,Android,32
7067,2026-06-03 11:18:00,小红书种草,一线,Android,22
7068,2026-07-02 11:41:00,高校地推,新一线,Android,25
7069,2026-08-02 00:36:00,抖音信息流,新一线,Android,32
7070,2026-06-22 11:14:00,小红书种草,新一线,Android,24
7071,2026-07-21 23:30:00,小红书种草,三线及以下,Android,27
7072,2026-06-27 17:10:00,自然流量,一线,Android,26
7073,2026-06-20 12:26:00,抖音信息流,一线,iOS,22
7074,2026-06-11 18:17:00,抖音信息流,二线,Android,22
7075,2026-06-29 15:15:00,微信分享裂变,一线,Android,29
7076,2026-07-02 10:58:00,抖音信息流,二线,Android,23
7077,2026-08-04 14:16:00,自然流量,二线,Android,18
7078,2026-06-18 08:50:00,高校地推,二线,iOS,29
7079,2026-08-01 00:29:00,自然流量,一线,iOS,18
7080,2026-06-06 09:22:00,高校地推,一线,iOS,31
7081,2026-06-10 23:08:00,微信分享裂变,新一线,Android,23
7082,2026-06-28 09:36:00,微信分享裂变,一线,Android,24
7083,2026-06-05 18:43:00,微信分享裂变,二线,Android,24
7084,2026-06-18 03:38:00,自然流量,新一线,Android,30
7085,2026-07-17 05:16:00,小红书种草,新一线,iOS,24
7086,2026-06-21 21:03:00,小红书种草,一线,Android,23
7087,2026-07-24 02:56:00,小红书种草,新一线,iOS,19
7088,2026-07-05 07:29:00,自然流量,一线,Android,20
7089,2026-07-10 11:23:00,自然流量,新一线,Android,27
7090,2026-06-21 08:34:00,抖音信息流,一线,iOS,25
7091,2026-07-17 22:41:00,抖音信息流,新一线,Android,32
7092,2026-07-06 06:19:00,抖音信息流,二线,iOS,19
7093,2026-07-12 07:53:00,微信分享裂变,一线,Android,18
7094,2026-06-11 04:00:00,微信分享裂变,一线,iOS,25
7095,2026-07-10 12:27:00,小红书种草,二线,Android,23
7096,2026-06-17 21:08:00,自然流量,二线,Android,18
7097,2026-07-22 13:59:00,抖音信息流,一线,Android,21
7098,2026-07-12 09:12:00,抖音信息流,一线,Android,27
7099,2026-07-12 11:14:00,自然流量,二线,Android,18
7100,2026-06-26 04:49:00,自然流量,新一线,Android,18
7101,2026-07-23 11:08:00,抖音信息流,新一线,Android,20
7102,2026-07-10 20:33:00,自然流量,一线,iOS,20
7103,2026-08-10 08:39:00,抖音信息流,二线,Android,27
7104,2026-08-03 02:30:00,自然流量,一线,Android,21
7105,2026-07-13 05:21:00,自然流量,新一线,Android,32
7106,2026-07-08 18:56:00,自然流量,二线,iOS,18
7107,2026-07-24 09:10:00,小红书种草,新一线,iOS,25
7108,2026-06-27 01:03:00,抖音信息流,一线,iOS,23
7109,2026-06-14 03:15:00,抖音信息流,一线,iOS,24
7110,2026-08-05 11:31:00,自然流量,二线,Android,18
7111,2026-07-12 19:35:00,高校地推,三线及以下,iOS,18
7112,2026-06-24 14:44:00,小红书种草,三线及以下,Android,23
7113,2026-07-08 00:34:00,小红书种草,二线,iOS,18
7114,2026-07-10 02:59:00,抖音信息流,新一线,iOS,18
7115,2026-07-03 18:53:00,微信分享裂变,三线及以下,Android,18
7116,2026-07-30 16:01:00,微信分享裂变,新一线,Android,25
7117,2026-06-28 19:56:00,抖音信息流,三线及以下,iOS,26
7118,2026-07-26 10:18:00,小红书种草,新一线,Android,18
7119,2026-06-04 23:12:00,自然流量,新一线,iOS,22
7120,2026-06-15 03:36:00,小红书种草,一线,Android,26
7121,2026-08-09 06:20:00,抖音信息流,新一线,Android,30
7122,2026-08-02 05:42:00,自然流量,一线,iOS,30
7123,2026-06-18 11:07:00,高校地推,新一线,Android,28
7124,2026-06-26 01:42:00,微信分享裂变,新一线,iOS,21
7125,2026-06-20 21:29:00,自然流量,三线及以下,iOS,23
7126,2026-07-14 05:10:00,高校地推,二线,iOS,24
7127,2026-06-24 14:02:00,抖音信息流,一线,Android,22
7128,2026-06-17 02:45:00,抖音信息流,二线,iOS,18
7129,2026-07-06 02:43:00,微信分享裂变,新一线,iOS,31
7130,2026-06-23 10:11:00,抖音信息流,一线,iOS,26
7131,2026-06-26 06:48:00,抖音信息流,三线及以下,Android,28
7132,2026-07-13 15:07:00,小红书种草,一线,iOS,27
7133,2026-06-18 12:49:00,自然流量,二线,Android,21
7134,2026-07-15 18:45:00,抖音信息流,一线,iOS,18
7135,2026-08-03 01:32:00,抖音信息流,三线及以下,iOS,27
7136,2026-06-27 18:42:00,小红书种草,二线,Android,27
7137,2026-06-14 11:24:00,自然流量,新一线,Android,25
7138,2026-07-20 04:59:00,自然流量,一线,Android,34
7139,2026-07-06 03:38:00,小红书种草,一线,Android,21
7140,2026-07-25 03:30:00,自然流量,一线,Android,22
7141,2026-08-20 11:21:00,抖音信息流,二线,Android,25
7142,2026-06-20 09:51:00,小红书种草,新一线,iOS,21
7143,2026-08-06 11:36:00,微信分享裂变,一线,iOS,22
7144,2026-06-23 01:35:00,自然流量,新一线,Android,29
7145,2026-07-07 16:44:00,微信分享裂变,一线,Android,20
7146,2026-06-24 21:51:00,小红书种草,二线,Android,21
7147,2026-07-06 01:46:00,抖音信息流,一线,Android,26
7148,2026-08-06 18:30:00,微信分享裂变,二线,Android,18
7149,2026-07-15 15:42:00,小红书种草,二线,Android,23
7150,2026-06-28 08:36:00,小红书种草,一线,iOS,23
7151,2026-06-24 00:42:00,抖音信息流,一线,iOS,27
7152,2026-07-10 15:37:00,小红书种草,新一线,iOS,28
7153,2026-06-15 08:13:00,高校地推,三线及以下,Android,23
7154,2026-06-09 20:32:00,抖音信息流,一线,iOS,23
7155,2026-06-07 07:14:00,微信分享裂变,新一线,Android,23
7156,2026-07-22 11:47:00,小红书种草,新一线,Android,22
7157,2026-08-08 02:34:00,微信分享裂变,一线,Android,30
7158,2026-06-07 07:14:00,高校地推,一线,Android,26
7159,2026-06-26 20:33:00,自然流量,新一线,iOS,30
7160,2026-06-23 20:58:00,自然流量,一线,Android,19
7161,2026-07-28 10:27:00,小红书种草,新一线,Android,30
7162,2026-07-14 14:22:00,抖音信息流,三线及以下,iOS,24
7163,2026-07-09 15:26:00,抖音信息流,三线及以下,iOS,27
7164,2026-07-28 06:34:00,微信分享裂变,新一线,Android,18
7165,2026-08-09 04:05:00,高校地推,一线,Android,32
7166,2026-06-20 14:06:00,抖音信息流,新一线,iOS,26
7167,2026-07-05 15:30:00,小红书种草,一线,iOS,33
7168,2026-06-24 14:53:00,自然流量,新一线,Android,29
7169,2026-07-21 22:34:00,抖音信息流,一线,iOS,18
7170,2026-07-05 20:04:00,自然流量,一线,Android,31
7171,2026-06-09 07:26:00,抖音信息流,一线,iOS,24
7172,2026-07-04 11:12:00,抖音信息流,一线,iOS,27
7173,2026-06-16 13:06:00,小红书种草,二线,iOS,26
7174,2026-08-05 17:13:00,小红书种草,三线及以下,iOS,23
7175,2026-06-21 12:25:00,抖音信息流,二线,iOS,21
7176,2026-07-22 22:59:00,自然流量,一线,Android,27
7177,2026-07-06 04:37:00,自然流量,新一线,iOS,19
7178,2026-07-27 22:03:00,高校地推,新一线,Android,24
7179,2026-07-15 14:26:00,高校地推,三线及以下,iOS,31
7180,2026-07-08 17:29:00,抖音信息流,二线,Android,18
7181,2026-07-20 23:50:00,自然流量,一线,Android,23
7182,2026-06-26 19:27:00,抖音信息流,新一线,iOS,29
7183,2026-06-18 05:27:00,小红书种草,一线,Android,19
7184,2026-06-21 04:29:00,抖音信息流,新一线,iOS,18
7185,2026-06-11 05:05:00,自然流量,三线及以下,Android,18
7186,2026-07-01 01:48:00,抖音信息流,三线及以下,Android,21
7187,2026-07-16 12:07:00,自然流量,一线,iOS,32
7188,2026-07-31 23:36:00,抖音信息流,二线,Android,20
7189,2026-08-05 05:47:00,自然流量,一线,iOS,22
7190,2026-07-18 13:27:00,小红书种草,一线,Android,24
7191,2026-06-30 18:45:00,抖音信息流,三线及以下,Android,29
7192,2026-07-31 06:54:00,自然流量,二线,iOS,28
7193,2026-06-13 21:00:00,抖音信息流,一线,iOS,23
7194,2026-06-25 21:24:00,抖音信息流,二线,iOS,26
7195,2026-06-19 13:28:00,微信分享裂变,一线,Android,29
7196,2026-06-28 04:10:00,高校地推,新一线,Android,18
7197,2026-07-21 14:45:00,自然流量,三线及以下,Android,22
7198,2026-06-17 05:16:00,微信分享裂变,二线,iOS,18
7199,2026-06-20 08:32:00,小红书种草,新一线,Android,20
7200,2026-06-09 17:45:00,小红书种草,新一线,Android,27
7201,2026-07-05 10:01:00,抖音信息流,二线,Android,18
7202,2026-06-25 13:06:00,抖音信息流,三线及以下,iOS,35
7203,2026-07-17 21:58:00,自然流量,一线,iOS,27
7204,2026-06-20 00:51:00,高校地推,一线,iOS,21
7205,2026-08-10 14:22:00,小红书种草,新一线,Android,23
7206,2026-07-17 13:56:00,抖音信息流,新一线,Android,18
7207,2026-08-13 17:42:00,抖音信息流,一线,iOS,18
7208,2026-08-02 19:14:00,自然流量,新一线,Android,22
7209,2026-06-18 19:27:00,自然流量,一线,iOS,30
7210,2026-07-26 15:07:00,小红书种草,三线及以下,iOS,18
7211,2026-06-13 07:48:00,抖音信息流,一线,Android,30
7212,2026-06-27 20:11:00,微信分享裂变,二线,iOS,23
7213,2026-06-23 00:44:00,小红书种草,三线及以下,Android,25
7214,2026-07-15 14:31:00,小红书种草,新一线,Android,24
7215,2026-07-18 23:00:00,微信分享裂变,一线,iOS,27
7216,2026-06-17 12:55:00,自然流量,三线及以下,Android,29
7217,2026-06-17 16:03:00,小红书种草,新一线,iOS,22
7218,2026-07-27 16:08:00,小红书种草,新一线,Android,26
7219,2026-07-19 17:01:00,自然流量,一线,iOS,30
7220,2026-08-11 12:00:00,自然流量,一线,iOS,28
7221,2026-06-26 14:13:00,自然流量,新一线,iOS,21
7222,2026-06-30 01:55:00,自然流量,二线,iOS,23
7223,2026-06-27 23:20:00,抖音信息流,三线及以下,iOS,19
7224,2026-06-17 13:07:00,自然流量,新一线,Android,33
7225,2026-07-02 06:53:00,小红书种草,一线,Android,25
7226,2026-06-24 17:13:00,自然流量,新一线,iOS,18
7227,2026-06-19 09:52:00,自然流量,一线,iOS,19
7228,2026-07-10 07:04:00,抖音信息流,一线,iOS,23
7229,2026-06-12 07:14:00,自然流量,新一线,Android,30
7230,2026-06-30 15:44:00,高校地推,一线,Android,23
7231,2026-07-13 09:47:00,抖音信息流,一线,Android,27
7232,2026-08-19 15:02:00,自然流量,一线,Android,20
7233,2026-06-25 23:35:00,自然流量,一线,Android,27
7234,2026-06-09 23:16:00,抖音信息流,二线,iOS,30
7235,2026-07-21 13:40:00,小红书种草,新一线,Android,27
7236,2026-06-23 19:22:00,微信分享裂变,三线及以下,iOS,18
7237,2026-07-24 12:49:00,抖音信息流,三线及以下,Android,23
7238,2026-08-02 17:34:00,小红书种草,三线及以下,Android,18
7239,2026-06-15 04:46:00,抖音信息流,一线,iOS,27
7240,2026-06-29 07:24:00,微信分享裂变,一线,iOS,24
7241,2026-08-07 16:11:00,抖音信息流,新一线,iOS,32
7242,2026-06-26 03:45:00,自然流量,新一线,Android,22
7243,2026-07-13 11:18:00,小红书种草,一线,iOS,24
7244,2026-07-08 12:13:00,微信分享裂变,一线,iOS,23
7245,2026-06-01 02:30:00,抖音信息流,新一线,Android,27
7246,2026-07-16 17:23:00,高校地推,二线,Android,19
7247,2026-07-10 17:24:00,微信分享裂变,新一线,Android,18
7248,2026-07-19 18:00:00,自然流量,一线,Android,21
7249,2026-06-30 10:11:00,微信分享裂变,新一线,Android,26
7250,2026-07-05 19:21:00,小红书种草,二线,iOS,29
7251,2026-08-11 10:50:00,抖音信息流,二线,iOS,23
7252,2026-06-04 21:18:00,抖音信息流,二线,Android,26
7253,2026-08-06 11:26:00,微信分享裂变,新一线,iOS,26
7254,2026-06-21 15:13:00,小红书种草,新一线,Android,23
7255,2026-06-25 07:28:00,抖音信息流,一线,Android,23
7256,2026-07-08 20:45:00,自然流量,一线,Android,27
7257,2026-07-29 00:33:00,抖音信息流,新一线,iOS,33
7258,2026-06-30 15:04:00,高校地推,三线及以下,Android,28
7259,2026-06-08 19:18:00,小红书种草,新一线,iOS,30
7260,2026-08-07 12:52:00,自然流量,新一线,iOS,34
7261,2026-07-18 07:58:00,微信分享裂变,一线,iOS,20
7262,2026-07-14 05:33:00,微信分享裂变,新一线,iOS,27
7263,2026-06-20 15:46:00,抖音信息流,一线,iOS,31
7264,2026-06-10 13:16:00,自然流量,一线,iOS,28
7265,2026-07-30 23:27:00,抖音信息流,新一线,Android,21
7266,2026-06-15 05:00:00,自然流量,一线,Android,20
7267,2026-07-22 19:25:00,抖音信息流,一线,Android,32
7268,2026-07-05 14:51:00,小红书种草,一线,Android,26
7269,2026-07-04 06:44:00,高校地推,一线,Android,25
7270,2026-06-24 15:06:00,抖音信息流,新一线,Android,24
7271,2026-07-13 07:40:00,微信分享裂变,二线,iOS,31
7272,2026-06-25 07:55:00,高校地推,一线,iOS,28
7273,2026-07-04 16:54:00,自然流量,一线,Android,23
7274,2026-07-06 11:11:00,自然流量,新一线,iOS,28
7275,2026-08-01 09:02:00,小红书种草,一线,iOS,24
7276,2026-07-17 15:44:00,小红书种草,二线,iOS,28
7277,2026-06-12 00:54:00,抖音信息流,二线,Android,30
7278,2026-08-02 01:57:00,小红书种草,二线,iOS,30
7279,2026-07-22 11:11:00,小红书种草,新一线,Android,18
7280,2026-08-09 17:09:00,小红书种草,二线,Android,26
7281,2026-06-18 12:49:00,小红书种草,新一线,iOS,31
7282,2026-06-10 09:28:00,自然流量,二线,Android,20
7283,2026-06-24 13:12:00,自然流量,新一线,Android,33
7284,2026-07-14 03:09:00,自然流量,新一线,iOS,27
7285,2026-06-11 03:03:00,高校地推,二线,Android,28
7286,2026-06-21 10:04:00,高校地推,二线,Android,28
7287,2026-07-12 16:38:00,微信分享裂变,新一线,Android,18
7288,2026-06-03 10:05:00,自然流量,三线及以下,iOS,28
7289,2026-07-01 15:56:00,抖音信息流,新一线,iOS,26
7290,2026-07-16 03:13:00,自然流量,新一线,Android,21
7291,2026-07-10 09:36:00,抖音信息流,新一线,Android,32
7292,2026-06-21 05:00:00,自然流量,二线,iOS,18
7293,2026-07-15 05:39:00,微信分享裂变,三线及以下,Android,20
7294,2026-06-05 22:20:00,自然流量,二线,Android,31
7295,2026-08-12 07:35:00,小红书种草,一线,Android,29
7296,2026-06-20 13:37:00,高校地推,新一线,Android,21
7297,2026-06-09 06:56:00,小红书种草,一线,Android,20
7298,2026-07-11 20:16:00,自然流量,二线,iOS,23
7299,2026-08-03 07:04:00,高校地推,三线及以下,iOS,25
7300,2026-07-22 13:36:00,小红书种草,三线及以下,Android,22
7301,2026-06-28 14:32:00,抖音信息流,新一线,Android,24
7302,2026-08-13 18:00:00,小红书种草,一线,Android,24
7303,2026-07-01 20:04:00,微信分享裂变,新一线,iOS,22
7304,2026-08-12 00:43:00,抖音信息流,一线,iOS,22
7305,2026-06-23 11:18:00,抖音信息流,三线及以下,iOS,18
7306,2026-08-12 18:56:00,抖音信息流,一线,iOS,24
7307,2026-07-14 09:54:00,自然流量,二线,Android,24
7308,2026-08-20 16:42:00,微信分享裂变,新一线,iOS,19
7309,2026-07-01 19:02:00,自然流量,二线,Android,26
7310,2026-07-10 01:27:00,抖音信息流,三线及以下,Android,30
7311,2026-06-25 00:12:00,抖音信息流,新一线,iOS,24
7312,2026-07-03 13:44:00,自然流量,新一线,Android,26
7313,2026-06-05 02:09:00,抖音信息流,一线,Android,29
7314,2026-06-14 07:05:00,小红书种草,一线,iOS,24
7315,2026-06-25 09:48:00,抖音信息流,新一线,iOS,29
7316,2026-06-26 23:33:00,自然流量,新一线,iOS,18
7317,2026-07-13 17:41:00,微信分享裂变,新一线,Android,21
7318,2026-07-05 17:12:00,高校地推,新一线,Android,19
7319,2026-06-06 05:31:00,抖音信息流,一线,Android,31
7320,2026-06-21 10:28:00,抖音信息流,二线,iOS,27
7321,2026-06-11 09:30:00,自然流量,二线,Android,18
7322,2026-07-02 11:52:00,自然流量,三线及以下,Android,19
7323,2026-06-12 13:07:00,抖音信息流,一线,Android,18
7324,2026-06-10 18:10:00,高校地推,一线,Android,26
7325,2026-06-16 10:56:00,小红书种草,一线,iOS,25
7326,2026-07-17 16:34:00,抖音信息流,三线及以下,Android,22
7327,2026-07-26 23:47:00,高校地推,新一线,iOS,20
7328,2026-07-04 09:09:00,抖音信息流,三线及以下,Android,24
7329,2026-08-09 16:43:00,自然流量,三线及以下,Android,37
7330,2026-06-14 11:08:00,抖音信息流,一线,iOS,22
7331,2026-08-09 09:37:00,自然流量,新一线,Android,30
7332,2026-06-17 13:33:00,微信分享裂变,新一线,iOS,23
7333,2026-06-19 00:08:00,抖音信息流,新一线,iOS,29
7334,2026-07-02 15:23:00,小红书种草,三线及以下,iOS,27
7335,2026-07-07 12:27:00,抖音信息流,一线,Android,24
7336,2026-06-12 04:03:00,高校地推,二线,Android,27
7337,2026-07-01 12:11:00,小红书种草,一线,Android,30
7338,2026-07-15 13:39:00,抖音信息流,二线,iOS,24
7339,2026-08-11 18:36:00,自然流量,一线,iOS,23
7340,2026-08-01 14:34:00,高校地推,新一线,iOS,27
7341,2026-06-28 10:03:00,抖音信息流,二线,iOS,32
7342,2026-07-06 13:24:00,自然流量,新一线,Android,18
7343,2026-07-31 08:21:00,微信分享裂变,三线及以下,iOS,18
7344,2026-07-14 12:37:00,自然流量,二线,iOS,31
7345,2026-06-24 12:28:00,抖音信息流,一线,iOS,21
7346,2026-07-03 05:54:00,抖音信息流,新一线,Android,30
7347,2026-08-04 13:58:00,抖音信息流,一线,iOS,21
7348,2026-06-23 05:40:00,抖音信息流,一线,Android,22
7349,2026-08-02 01:34:00,自然流量,一线,iOS,29
7350,2026-07-17 12:06:00,自然流量,一线,Android,28
7351,2026-06-16 05:05:00,自然流量,三线及以下,Android,18
7352,2026-07-01 02:36:00,自然流量,三线及以下,iOS,27
7353,2026-08-01 05:23:00,高校地推,一线,iOS,21
7354,2026-07-23 11:24:00,抖音信息流,二线,iOS,26
7355,2026-07-08 17:35:00,抖音信息流,一线,Android,24
7356,2026-06-30 20:34:00,抖音信息流,新一线,Android,23
7357,2026-07-18 00:43:00,小红书种草,一线,Android,21
7358,2026-06-07 14:05:00,自然流量,一线,iOS,18
7359,2026-08-01 19:07:00,自然流量,新一线,Android,21
7360,2026-08-06 09:58:00,小红书种草,二线,Android,28
7361,2026-07-02 18:52:00,抖音信息流,新一线,iOS,26
7362,2026-07-18 21:35:00,微信分享裂变,二线,iOS,20
7363,2026-06-18 02:57:00,微信分享裂变,一线,iOS,30
7364,2026-07-26 00:29:00,微信分享裂变,新一线,iOS,26
7365,2026-06-15 17:46:00,自然流量,一线,Android,27
7366,2026-07-13 12:26:00,自然流量,一线,Android,19
7367,2026-06-18 05:15:00,自然流量,一线,Android,33
7368,2026-07-25 18:01:00,微信分享裂变,一线,iOS,27
7369,2026-08-01 04:56:00,高校地推,二线,iOS,32
7370,2026-06-23 18:11:00,高校地推,新一线,iOS,21
7371,2026-07-24 16:43:00,自然流量,新一线,Android,18
7372,2026-06-22 17:12:00,微信分享裂变,一线,iOS,19
7373,2026-06-17 03:06:00,抖音信息流,一线,iOS,29
7374,2026-07-20 08:43:00,微信分享裂变,新一线,Android,19
7375,2026-07-16 21:06:00,抖音信息流,一线,Android,32
7376,2026-06-28 20:42:00,自然流量,一线,Android,21
7377,2026-06-22 17:32:00,自然流量,一线,Android,26
7378,2026-06-18 03:13:00,高校地推,三线及以下,Android,25
7379,2026-07-21 07:46:00,抖音信息流,新一线,Android,23
7380,2026-07-29 02:44:00,抖音信息流,一线,iOS,23
7381,2026-07-09 15:14:00,抖音信息流,新一线,iOS,19
7382,2026-06-26 01:19:00,抖音信息流,三线及以下,iOS,34
7383,2026-06-28 23:51:00,高校地推,一线,Android,27
7384,2026-06-23 00:18:00,自然流量,一线,Android,18
7385,2026-07-02 12:29:00,自然流量,三线及以下,Android,18
7386,2026-07-21 03:04:00,微信分享裂变,三线及以下,Android,27
7387,2026-06-28 23:33:00,抖音信息流,新一线,Android,24
7388,2026-07-02 16:15:00,自然流量,一线,Android,18
7389,2026-06-25 05:39:00,自然流量,一线,iOS,37
7390,2026-06-05 19:16:00,自然流量,三线及以下,Android,18
7391,2026-06-25 17:50:00,自然流量,二线,Android,22
7392,2026-08-12 03:20:00,自然流量,新一线,iOS,24
7393,2026-06-16 17:26:00,自然流量,一线,iOS,21
7394,2026-07-08 11:59:00,小红书种草,一线,Android,28
7395,2026-06-24 09:03:00,微信分享裂变,二线,Android,27
7396,2026-07-05 22:24:00,微信分享裂变,新一线,Android,25
7397,2026-06-11 15:52:00,抖音信息流,新一线,iOS,24
7398,2026-07-08 01:45:00,抖音信息流,新一线,iOS,27
7399,2026-07-30 18:49:00,高校地推,二线,Android,23
7400,2026-06-19 10:40:00,微信分享裂变,新一线,Android,18
7401,2026-07-01 18:22:00,抖音信息流,一线,iOS,29
7402,2026-07-08 06:48:00,自然流量,三线及以下,Android,33
7403,2026-06-16 07:00:00,抖音信息流,一线,iOS,25
7404,2026-06-16 03:45:00,抖音信息流,新一线,iOS,25
7405,2026-06-18 10:29:00,抖音信息流,一线,Android,24
7406,2026-07-05 08:06:00,自然流量,二线,Android,18
7407,2026-06-12 01:48:00,高校地推,新一线,Android,22
7408,2026-08-05 07:37:00,抖音信息流,一线,Android,28
7409,2026-07-16 07:07:00,小红书种草,新一线,iOS,25
7410,2026-07-29 14:56:00,自然流量,新一线,iOS,33
7411,2026-07-27 15:42:00,微信分享裂变,新一线,Android,28
7412,2026-06-21 10:32:00,小红书种草,一线,Android,22
7413,2026-07-20 00:01:00,自然流量,一线,iOS,28
7414,2026-07-06 14:58:00,小红书种草,三线及以下,Android,23
7415,2026-07-08 11:45:00,小红书种草,一线,Android,18
7416,2026-07-07 17:52:00,微信分享裂变,新一线,iOS,29
7417,2026-07-18 13:21:00,自然流量,一线,iOS,27
7418,2026-08-11 13:50:00,微信分享裂变,二线,iOS,39
7419,2026-08-04 20:21:00,抖音信息流,新一线,Android,22
7420,2026-06-12 01:22:00,自然流量,二线,iOS,28
7421,2026-07-06 21:25:00,自然流量,新一线,iOS,21
7422,2026-07-24 16:56:00,自然流量,新一线,Android,20
7423,2026-07-10 10:23:00,自然流量,三线及以下,iOS,36
7424,2026-06-20 14:19:00,抖音信息流,二线,Android,18
7425,2026-07-23 11:33:00,小红书种草,二线,Android,24
7426,2026-07-23 18:30:00,自然流量,二线,iOS,33
7427,2026-07-31 13:23:00,高校地推,新一线,Android,18
7428,2026-07-02 15:57:00,自然流量,新一线,Android,22
7429,2026-08-06 05:43:00,小红书种草,新一线,Android,29
7430,2026-07-02 06:03:00,高校地推,三线及以下,Android,18
7431,2026-06-21 17:30:00,微信分享裂变,三线及以下,Android,26
7432,2026-08-20 09:43:00,小红书种草,新一线,Android,20
7433,2026-07-06 13:44:00,小红书种草,新一线,Android,31
7434,2026-06-05 01:02:00,自然流量,一线,Android,31
7435,2026-06-20 07:53:00,自然流量,二线,Android,22
7436,2026-06-28 03:27:00,抖音信息流,二线,Android,18
7437,2026-07-10 11:59:00,自然流量,三线及以下,iOS,27
7438,2026-06-28 07:10:00,抖音信息流,新一线,iOS,29
7439,2026-07-23 05:07:00,自然流量,二线,Android,27
7440,2026-08-01 22:02:00,高校地推,一线,iOS,26
7441,2026-08-08 02:59:00,微信分享裂变,新一线,Android,26
7442,2026-07-20 08:05:00,微信分享裂变,新一线,iOS,23
7443,2026-06-27 00:00:00,小红书种草,新一线,Android,20
7444,2026-07-08 14:18:00,自然流量,一线,Android,24
7445,2026-07-04 03:35:00,自然流量,一线,Android,23
7446,2026-08-09 01:32:00,小红书种草,二线,iOS,28
7447,2026-07-08 22:38:00,小红书种草,新一线,Android,20
7448,2026-06-17 09:09:00,抖音信息流,一线,iOS,22
7449,2026-06-28 22:02:00,抖音信息流,二线,iOS,24
7450,2026-07-13 02:34:00,抖音信息流,一线,iOS,20
7451,2026-06-25 02:51:00,自然流量,一线,Android,18
7452,2026-06-21 23:47:00,抖音信息流,一线,iOS,27
7453,2026-06-23 10:47:00,抖音信息流,一线,iOS,18
7454,2026-06-27 00:29:00,小红书种草,二线,iOS,25
7455,2026-06-28 16:10:00,高校地推,二线,Android,27
7456,2026-07-20 17:00:00,抖音信息流,二线,iOS,31
7457,2026-06-19 18:11:00,小红书种草,新一线,iOS,36
7458,2026-07-17 10:59:00,微信分享裂变,新一线,iOS,31
7459,2026-07-04 05:14:00,自然流量,二线,Android,20
7460,2026-07-18 22:11:00,小红书种草,二线,iOS,23
7461,2026-08-08 14:01:00,抖音信息流,新一线,Android,26
7462,2026-07-19 11:08:00,抖音信息流,新一线,Android,24
7463,2026-06-22 11:27:00,自然流量,一线,Android,25
7464,2026-07-12 18:31:00,高校地推,一线,Android,30
7465,2026-07-02 04:42:00,高校地推,一线,iOS,25
7466,2026-07-13 18:40:00,自然流量,二线,Android,29
7467,2026-06-15 07:38:00,自然流量,一线,iOS,18
7468,2026-06-19 21:06:00,自然流量,二线,Android,26
7469,2026-08-04 13:27:00,微信分享裂变,新一线,iOS,18
7470,2026-06-29 13:28:00,小红书种草,新一线,Android,30
7471,2026-06-16 08:59:00,自然流量,新一线,Android,23
7472,2026-07-31 09:51:00,微信分享裂变,一线,Android,18
7473,2026-06-28 16:06:00,抖音信息流,三线及以下,iOS,23
7474,2026-06-27 08:06:00,抖音信息流,一线,iOS,26
7475,2026-06-26 17:49:00,抖音信息流,二线,iOS,18
7476,2026-07-24 20:16:00,抖音信息流,一线,Android,20
7477,2026-06-21 20:44:00,抖音信息流,新一线,iOS,22
7478,2026-06-21 19:53:00,自然流量,新一线,Android,28
7479,2026-06-10 14:55:00,抖音信息流,一线,Android,18
7480,2026-07-17 13:49:00,高校地推,一线,iOS,26
7481,2026-07-02 09:28:00,抖音信息流,新一线,iOS,23
7482,2026-07-04 13:27:00,高校地推,二线,Android,29
7483,2026-06-25 20:50:00,抖音信息流,新一线,Android,26
7484,2026-06-29 06:48:00,微信分享裂变,一线,iOS,31
7485,2026-06-21 20:19:00,自然流量,一线,iOS,26
7486,2026-07-08 17:18:00,微信分享裂变,三线及以下,Android,18
7487,2026-07-04 04:12:00,自然流量,一线,iOS,26
7488,2026-06-15 17:25:00,自然流量,新一线,iOS,26
7489,2026-08-10 09:28:00,自然流量,一线,Android,20
7490,2026-07-15 16:41:00,自然流量,新一线,iOS,21
7491,2026-07-23 15:40:00,高校地推,新一线,iOS,18
7492,2026-07-13 13:10:00,高校地推,三线及以下,Android,28
7493,2026-06-15 10:10:00,微信分享裂变,新一线,Android,23
7494,2026-06-19 17:33:00,自然流量,一线,Android,21
7495,2026-06-05 02:10:00,微信分享裂变,新一线,Android,19
7496,2026-06-27 05:49:00,小红书种草,一线,iOS,21
7497,2026-07-22 10:50:00,抖音信息流,三线及以下,Android,26
7498,2026-08-10 15:58:00,抖音信息流,一线,Android,25
7499,2026-06-16 18:10:00,小红书种草,三线及以下,Android,22
7500,2026-06-20 07:29:00,自然流量,二线,iOS,18
7501,2026-06-29 14:09:00,抖音信息流,一线,iOS,22
7502,2026-07-28 08:56:00,小红书种草,三线及以下,Android,20
7503,2026-07-09 22:01:00,自然流量,三线及以下,Android,23
7504,2026-06-19 03:04:00,抖音信息流,二线,Android,27
7505,2026-06-13 05:10:00,抖音信息流,新一线,iOS,21
7506,2026-06-12 00:09:00,小红书种草,二线,Android,32
7507,2026-06-16 07:30:00,高校地推,一线,iOS,21
7508,2026-06-07 02:24:00,微信分享裂变,三线及以下,iOS,18
7509,2026-07-06 01:45:00,小红书种草,一线,Android,23
7510,2026-07-13 17:25:00,小红书种草,二线,Android,21
7511,2026-07-06 17:33:00,小红书种草,二线,iOS,41
7512,2026-07-31 18:15:00,抖音信息流,三线及以下,Android,21
7513,2026-07-22 14:55:00,自然流量,二线,iOS,18
7514,2026-08-07 22:06:00,小红书种草,二线,Android,24
7515,2026-06-12 15:13:00,小红书种草,二线,Android,23
7516,2026-06-02 01:37:00,抖音信息流,新一线,Android,18
7517,2026-07-01 00:12:00,微信分享裂变,一线,iOS,25
7518,2026-06-28 19:47:00,小红书种草,三线及以下,iOS,26
7519,2026-06-05 18:01:00,抖音信息流,新一线,Android,24
7520,2026-06-20 01:52:00,自然流量,二线,iOS,22
7521,2026-08-17 03:09:00,自然流量,新一线,iOS,22
7522,2026-07-31 03:06:00,抖音信息流,新一线,Android,20
7523,2026-06-24 11:24:00,抖音信息流,新一线,Android,18
7524,2026-08-07 18:36:00,自然流量,三线及以下,iOS,31
7525,2026-07-01 01:48:00,自然流量,一线,Android,36
7526,2026-07-20 10:11:00,自然流量,新一线,Android,18
7527,2026-07-30 12:48:00,微信分享裂变,一线,iOS,20
7528,2026-06-11 03:26:00,微信分享裂变,新一线,iOS,18
7529,2026-08-05 16:15:00,抖音信息流,新一线,iOS,28
7530,2026-07-01 19:19:00,自然流量,一线,iOS,18
7531,2026-06-26 17:32:00,自然流量,二线,Android,27
7532,2026-07-30 03:24:00,自然流量,二线,iOS,26
7533,2026-07-20 03:00:00,抖音信息流,二线,Android,23
7534,2026-07-05 01:35:00,自然流量,二线,Android,30
7535,2026-07-25 21:48:00,抖音信息流,一线,Android,22
7536,2026-06-22 06:08:00,高校地推,新一线,iOS,24
7537,2026-07-15 06:43:00,抖音信息流,二线,iOS,18
7538,2026-06-18 10:43:00,微信分享裂变,二线,iOS,18
7539,2026-07-13 04:34:00,自然流量,二线,iOS,29
7540,2026-07-05 10:06:00,自然流量,新一线,iOS,20
7541,2026-07-19 14:31:00,高校地推,二线,iOS,29
7542,2026-06-25 10:49:00,抖音信息流,三线及以下,Android,22
7543,2026-06-14 02:51:00,小红书种草,新一线,Android,23
7544,2026-07-02 20:02:00,高校地推,一线,iOS,25
7545,2026-06-25 06:46:00,抖音信息流,二线,iOS,21
7546,2026-07-06 19:29:00,抖音信息流,二线,iOS,18
7547,2026-06-16 16:54:00,抖音信息流,二线,Android,19
7548,2026-06-24 15:54:00,自然流量,一线,Android,19
7549,2026-07-15 21:10:00,自然流量,一线,Android,23
7550,2026-07-11 10:26:00,自然流量,二线,iOS,29
7551,2026-06-11 12:06:00,微信分享裂变,一线,iOS,20
7552,2026-07-06 05:56:00,小红书种草,新一线,Android,23
7553,2026-07-02 16:56:00,自然流量,新一线,iOS,25
7554,2026-06-06 17:56:00,自然流量,一线,iOS,20
7555,2026-07-15 23:35:00,小红书种草,新一线,Android,25
7556,2026-06-06 17:31:00,高校地推,一线,Android,29
7557,2026-06-28 13:28:00,自然流量,一线,Android,25
7558,2026-06-24 05:41:00,抖音信息流,三线及以下,Android,23
7559,2026-06-27 08:37:00,微信分享裂变,新一线,Android,19
7560,2026-08-18 17:38:00,微信分享裂变,三线及以下,Android,23
7561,2026-06-29 23:16:00,高校地推,新一线,iOS,20
7562,2026-07-07 23:02:00,自然流量,二线,Android,21
7563,2026-06-23 16:24:00,自然流量,一线,iOS,23
7564,2026-07-18 13:01:00,抖音信息流,一线,Android,22
7565,2026-06-27 08:32:00,自然流量,一线,iOS,29
7566,2026-08-23 16:44:00,微信分享裂变,一线,Android,21
7567,2026-07-05 10:39:00,自然流量,三线及以下,Android,25
7568,2026-07-02 11:45:00,小红书种草,新一线,iOS,21
7569,2026-08-19 16:08:00,高校地推,新一线,Android,19
7570,2026-06-13 12:35:00,高校地推,新一线,Android,27
7571,2026-07-08 15:39:00,小红书种草,一线,Android,26
7572,2026-06-10 06:12:00,高校地推,三线及以下,iOS,20
7573,2026-07-26 14:03:00,自然流量,二线,Android,18
7574,2026-07-04 22:43:00,抖音信息流,一线,Android,29
7575,2026-07-13 18:00:00,自然流量,新一线,iOS,27
7576,2026-07-11 00:16:00,高校地推,一线,Android,29
7577,2026-07-16 12:53:00,高校地推,二线,iOS,30
7578,2026-06-30 06:23:00,自然流量,新一线,Android,24
7579,2026-06-09 20:41:00,自然流量,三线及以下,Android,21
7580,2026-06-13 10:42:00,抖音信息流,三线及以下,Android,18
7581,2026-07-17 17:16:00,自然流量,一线,Android,24
7582,2026-06-26 07:12:00,微信分享裂变,一线,Android,21
7583,2026-07-31 21:10:00,自然流量,三线及以下,Android,20
7584,2026-07-08 18:41:00,微信分享裂变,新一线,Android,18
7585,2026-07-03 03:55:00,抖音信息流,新一线,Android,18
7586,2026-07-25 18:27:00,抖音信息流,新一线,iOS,18
7587,2026-07-22 07:09:00,自然流量,新一线,iOS,28
7588,2026-07-07 02:37:00,高校地推,新一线,Android,29
7589,2026-07-09 02:51:00,小红书种草,三线及以下,iOS,20
7590,2026-06-11 01:53:00,抖音信息流,新一线,Android,30
7591,2026-07-21 21:05:00,抖音信息流,一线,Android,24
7592,2026-07-23 04:22:00,高校地推,一线,iOS,31
7593,2026-07-09 16:51:00,微信分享裂变,三线及以下,iOS,26
7594,2026-07-26 16:03:00,微信分享裂变,新一线,Android,27
7595,2026-07-29 04:58:00,小红书种草,新一线,Android,25
7596,2026-07-22 20:52:00,微信分享裂变,一线,Android,20
7597,2026-07-04 12:08:00,自然流量,三线及以下,iOS,18
7598,2026-07-14 08:49:00,小红书种草,新一线,iOS,25
7599,2026-07-02 22:19:00,抖音信息流,三线及以下,iOS,23
7600,2026-06-25 05:26:00,小红书种草,一线,iOS,36
7601,2026-07-10 12:02:00,高校地推,一线,Android,27
7602,2026-08-04 14:17:00,高校地推,一线,Android,19
7603,2026-07-17 13:10:00,抖音信息流,新一线,iOS,23
7604,2026-06-21 03:29:00,抖音信息流,三线及以下,iOS,22
7605,2026-06-18 21:38:00,微信分享裂变,新一线,Android,23
7606,2026-07-02 03:16:00,高校地推,二线,iOS,18
7607,2026-06-28 21:24:00,微信分享裂变,二线,iOS,28
7608,2026-07-27 02:01:00,自然流量,一线,Android,22
7609,2026-06-03 14:59:00,抖音信息流,新一线,iOS,27
7610,2026-06-19 09:46:00,微信分享裂变,三线及以下,Android,20
7611,2026-06-16 14:18:00,微信分享裂变,新一线,iOS,22
7612,2026-07-02 20:48:00,小红书种草,一线,iOS,26
7613,2026-07-22 18:03:00,小红书种草,三线及以下,iOS,18
7614,2026-07-01 07:18:00,抖音信息流,新一线,iOS,28
7615,2026-06-17 21:04:00,抖音信息流,三线及以下,iOS,31
7616,2026-07-28 20:36:00,微信分享裂变,二线,Android,31
7617,2026-07-01 04:17:00,自然流量,新一线,iOS,20
7618,2026-07-12 23:49:00,小红书种草,新一线,Android,25
7619,2026-06-19 06:15:00,小红书种草,三线及以下,iOS,21
7620,2026-06-20 11:12:00,微信分享裂变,三线及以下,iOS,18
7621,2026-08-15 03:38:00,抖音信息流,新一线,Android,24
7622,2026-07-28 18:20:00,小红书种草,一线,Android,18
7623,2026-07-28 13:38:00,自然流量,一线,iOS,26
7624,2026-06-04 10:55:00,自然流量,一线,iOS,28
7625,2026-06-23 11:25:00,抖音信息流,一线,Android,30
7626,2026-06-28 02:58:00,自然流量,新一线,iOS,26
7627,2026-07-15 10:39:00,高校地推,一线,Android,21
7628,2026-07-12 23:07:00,高校地推,新一线,iOS,23
7629,2026-06-04 22:35:00,自然流量,三线及以下,Android,24
7630,2026-07-16 05:22:00,微信分享裂变,一线,Android,31
7631,2026-07-05 02:35:00,抖音信息流,二线,iOS,31
7632,2026-07-03 07:55:00,小红书种草,一线,iOS,23
7633,2026-06-24 15:53:00,微信分享裂变,新一线,Android,28
7634,2026-08-25 23:01:00,抖音信息流,三线及以下,iOS,21
7635,2026-07-31 11:32:00,自然流量,一线,iOS,26
7636,2026-07-10 17:24:00,自然流量,二线,iOS,22
7637,2026-07-11 07:22:00,抖音信息流,一线,iOS,25
7638,2026-07-11 17:26:00,高校地推,新一线,Android,19
7639,2026-06-25 18:17:00,抖音信息流,一线,Android,18
7640,2026-06-30 03:55:00,抖音信息流,新一线,Android,18
7641,2026-07-28 02:00:00,自然流量,一线,iOS,26
7642,2026-07-12 06:34:00,高校地推,二线,Android,18
7643,2026-07-08 00:22:00,抖音信息流,一线,Android,22
7644,2026-08-19 10:04:00,小红书种草,二线,iOS,28
7645,2026-07-12 00:15:00,小红书种草,一线,Android,29
7646,2026-06-30 08:31:00,自然流量,一线,iOS,19
7647,2026-06-06 06:38:00,自然流量,新一线,iOS,18
7648,2026-07-06 01:05:00,抖音信息流,二线,iOS,19
7649,2026-06-30 17:46:00,抖音信息流,三线及以下,iOS,25
7650,2026-06-09 10:48:00,小红书种草,二线,iOS,27
7651,2026-06-18 21:47:00,微信分享裂变,新一线,iOS,18
7652,2026-07-09 09:26:00,自然流量,三线及以下,iOS,18
7653,2026-07-01 07:10:00,抖音信息流,一线,Android,19
7654,2026-08-03 21:47:00,自然流量,三线及以下,Android,21
7655,2026-06-03 23:59:00,自然流量,新一线,Android,34
7656,2026-06-22 20:32:00,微信分享裂变,一线,iOS,24
7657,2026-07-21 18:19:00,微信分享裂变,新一线,Android,27
7658,2026-06-10 05:03:00,微信分享裂变,新一线,Android,29
7659,2026-07-27 11:19:00,自然流量,新一线,Android,21
7660,2026-07-15 21:38:00,抖音信息流,一线,Android,24
7661,2026-07-04 07:50:00,抖音信息流,新一线,iOS,25
7662,2026-07-05 23:13:00,高校地推,新一线,Android,27
7663,2026-06-27 16:09:00,小红书种草,二线,Android,23
7664,2026-07-13 23:42:00,高校地推,三线及以下,Android,29
7665,2026-08-08 11:50:00,自然流量,三线及以下,iOS,29
7666,2026-08-03 03:09:00,抖音信息流,新一线,iOS,22
7667,2026-07-04 09:06:00,微信分享裂变,新一线,Android,27
7668,2026-08-04 16:01:00,抖音信息流,二线,Android,25
7669,2026-07-22 21:47:00,小红书种草,二线,Android,37
7670,2026-06-19 14:21:00,抖音信息流,二线,iOS,28
7671,2026-07-29 08:36:00,高校地推,二线,iOS,25
7672,2026-07-19 19:33:00,自然流量,新一线,iOS,21
7673,2026-07-03 13:15:00,高校地推,三线及以下,Android,18
7674,2026-06-02 18:10:00,抖音信息流,二线,Android,26
7675,2026-07-05 13:10:00,抖音信息流,一线,iOS,18
7676,2026-07-19 13:37:00,抖音信息流,新一线,iOS,32
7677,2026-06-19 23:58:00,自然流量,一线,iOS,18
7678,2026-07-16 02:32:00,高校地推,一线,iOS,18
7679,2026-08-03 07:41:00,高校地推,新一线,Android,29
7680,2026-07-05 15:18:00,高校地推,新一线,Android,23
7681,2026-07-31 09:43:00,高校地推,三线及以下,iOS,24
7682,2026-06-25 07:25:00,小红书种草,三线及以下,iOS,20
7683,2026-06-21 04:40:00,抖音信息流,新一线,Android,23
7684,2026-07-10 20:25:00,微信分享裂变,一线,iOS,27
7685,2026-07-01 13:21:00,自然流量,一线,Android,19
7686,2026-07-04 03:47:00,微信分享裂变,三线及以下,iOS,22
7687,2026-06-28 00:31:00,抖音信息流,新一线,iOS,24
7688,2026-07-26 17:21:00,小红书种草,一线,iOS,22
7689,2026-07-27 18:58:00,抖音信息流,新一线,iOS,27
7690,2026-07-03 10:48:00,抖音信息流,一线,iOS,26
7691,2026-06-26 23:51:00,自然流量,新一线,Android,23
7692,2026-06-16 01:58:00,抖音信息流,三线及以下,iOS,18
7693,2026-08-05 12:39:00,抖音信息流,二线,Android,29
7694,2026-06-14 23:53:00,自然流量,新一线,iOS,19
7695,2026-08-07 12:08:00,自然流量,一线,iOS,32
7696,2026-07-12 22:51:00,小红书种草,一线,iOS,19
7697,2026-06-14 19:25:00,抖音信息流,一线,iOS,25
7698,2026-07-13 20:56:00,微信分享裂变,新一线,iOS,27
7699,2026-06-27 01:06:00,自然流量,一线,iOS,23
7700,2026-08-03 18:39:00,抖音信息流,新一线,Android,25
7701,2026-06-11 09:36:00,自然流量,新一线,iOS,22
7702,2026-08-02 17:04:00,抖音信息流,新一线,iOS,33
7703,2026-07-14 17:32:00,抖音信息流,一线,Android,25
7704,2026-06-16 19:50:00,小红书种草,新一线,iOS,23
7705,2026-06-08 12:53:00,抖音信息流,二线,Android,25
7706,2026-06-30 06:55:00,抖音信息流,一线,Android,29
7707,2026-06-29 01:03:00,自然流量,新一线,iOS,25
7708,2026-07-28 21:50:00,抖音信息流,新一线,iOS,24
7709,2026-06-07 05:02:00,抖音信息流,二线,Android,18
7710,2026-06-04 11:27:00,小红书种草,三线及以下,Android,29
7711,2026-08-17 21:38:00,抖音信息流,二线,Android,25
7712,2026-07-15 17:26:00,微信分享裂变,二线,Android,21
7713,2026-08-05 07:33:00,抖音信息流,三线及以下,iOS,25
7714,2026-07-23 05:19:00,自然流量,三线及以下,Android,30
7715,2026-06-17 03:27:00,自然流量,二线,iOS,27
7716,2026-07-09 13:38:00,自然流量,新一线,iOS,33
7717,2026-08-02 22:45:00,抖音信息流,二线,Android,28
7718,2026-07-31 05:35:00,微信分享裂变,一线,Android,18
7719,2026-06-11 01:56:00,微信分享裂变,三线及以下,iOS,30
7720,2026-07-17 06:56:00,抖音信息流,一线,iOS,18
7721,2026-06-27 12:02:00,自然流量,一线,iOS,30
7722,2026-06-04 11:51:00,微信分享裂变,一线,Android,28
7723,2026-07-14 03:14:00,自然流量,二线,Android,32
7724,2026-06-19 20:45:00,抖音信息流,新一线,Android,26
7725,2026-08-14 09:45:00,微信分享裂变,二线,Android,25
7726,2026-07-02 13:31:00,抖音信息流,新一线,Android,30
7727,2026-07-13 22:34:00,自然流量,新一线,iOS,18
7728,2026-07-13 13:40:00,自然流量,三线及以下,iOS,24
7729,2026-06-13 05:16:00,小红书种草,新一线,iOS,22
7730,2026-07-21 11:19:00,自然流量,新一线,iOS,21
7731,2026-07-29 07:11:00,小红书种草,三线及以下,iOS,21
7732,2026-07-20 02:50:00,抖音信息流,一线,Android,24
7733,2026-06-13 18:57:00,抖音信息流,新一线,iOS,27
7734,2026-07-17 10:56:00,自然流量,一线,Android,31
7735,2026-07-17 10:27:00,微信分享裂变,新一线,Android,22
7736,2026-07-01 13:16:00,抖音信息流,二线,Android,22
7737,2026-06-22 21:00:00,小红书种草,一线,iOS,18
7738,2026-08-07 00:10:00,抖音信息流,一线,Android,31
7739,2026-06-21 08:24:00,自然流量,二线,Android,18
7740,2026-06-26 23:46:00,抖音信息流,二线,iOS,26
7741,2026-08-06 04:43:00,抖音信息流,新一线,iOS,25
7742,2026-07-21 22:37:00,抖音信息流,新一线,Android,28
7743,2026-06-10 01:29:00,微信分享裂变,一线,iOS,19
7744,2026-07-17 08:40:00,高校地推,一线,Android,26
7745,2026-07-10 05:25:00,微信分享裂变,新一线,iOS,32
7746,2026-07-19 01:39:00,小红书种草,新一线,Android,25
7747,2026-06-09 21:16:00,抖音信息流,三线及以下,Android,19
7748,2026-06-26 10:02:00,小红书种草,新一线,iOS,18
7749,2026-06-18 10:35:00,自然流量,一线,iOS,31
7750,2026-07-01 19:41:00,微信分享裂变,一线,iOS,21
7751,2026-07-02 04:55:00,微信分享裂变,二线,Android,22
7752,2026-06-29 02:38:00,自然流量,新一线,iOS,36
7753,2026-08-11 10:05:00,高校地推,二线,Android,28
7754,2026-06-27 03:07:00,微信分享裂变,新一线,Android,29
7755,2026-07-17 17:18:00,抖音信息流,一线,iOS,32
7756,2026-07-21 09:20:00,高校地推,三线及以下,iOS,18
7757,2026-07-04 02:03:00,自然流量,一线,iOS,31
7758,2026-07-15 17:40:00,自然流量,一线,iOS,32
7759,2026-07-05 13:05:00,抖音信息流,新一线,Android,21
7760,2026-08-04 07:48:00,抖音信息流,二线,iOS,27
7761,2026-07-03 12:50:00,抖音信息流,新一线,Android,28
7762,2026-06-19 02:22:00,高校地推,新一线,iOS,20
7763,2026-07-07 23:51:00,自然流量,新一线,iOS,28
7764,2026-06-11 13:09:00,自然流量,二线,iOS,20
7765,2026-08-06 22:09:00,小红书种草,二线,Android,36
7766,2026-07-03 20:59:00,自然流量,二线,Android,24
7767,2026-06-27 00:55:00,小红书种草,一线,iOS,26
7768,2026-07-01 04:53:00,抖音信息流,新一线,Android,18
7769,2026-06-29 12:51:00,高校地推,二线,iOS,25
7770,2026-06-07 08:58:00,小红书种草,一线,iOS,30
7771,2026-06-27 07:22:00,自然流量,一线,iOS,19
7772,2026-06-03 13:24:00,自然流量,三线及以下,iOS,21
7773,2026-06-25 08:53:00,自然流量,二线,Android,20
7774,2026-06-26 08:28:00,高校地推,三线及以下,iOS,18
7775,2026-08-06 21:41:00,小红书种草,新一线,Android,18
7776,2026-07-14 09:58:00,抖音信息流,一线,Android,29
7777,2026-06-23 19:01:00,自然流量,一线,iOS,18
7778,2026-07-10 05:35:00,微信分享裂变,二线,Android,18
7779,2026-06-07 05:55:00,自然流量,二线,Android,21
7780,2026-07-18 22:39:00,小红书种草,新一线,iOS,24
7781,2026-06-17 22:11:00,微信分享裂变,新一线,iOS,26
7782,2026-07-30 22:57:00,自然流量,二线,Android,19
7783,2026-08-02 03:01:00,抖音信息流,一线,Android,21
7784,2026-06-12 21:02:00,自然流量,一线,Android,26
7785,2026-06-26 04:50:00,抖音信息流,三线及以下,Android,28
7786,2026-08-22 11:29:00,高校地推,新一线,iOS,30
7787,2026-06-25 02:41:00,小红书种草,二线,Android,26
7788,2026-07-22 20:27:00,微信分享裂变,三线及以下,iOS,18
7789,2026-07-18 04:47:00,抖音信息流,二线,Android,19
7790,2026-07-20 23:11:00,自然流量,新一线,Android,30
7791,2026-06-24 00:53:00,小红书种草,新一线,Android,32
7792,2026-08-01 14:08:00,抖音信息流,新一线,iOS,23
7793,2026-07-23 14:08:00,自然流量,三线及以下,Android,23
7794,2026-06-10 00:36:00,抖音信息流,一线,Android,18
7795,2026-06-19 22:40:00,小红书种草,二线,Android,31
7796,2026-07-12 19:31:00,小红书种草,三线及以下,Android,18
7797,2026-06-21 00:15:00,自然流量,新一线,Android,33
7798,2026-07-01 05:53:00,微信分享裂变,二线,Android,23
7799,2026-07-30 21:06:00,抖音信息流,一线,iOS,19
7800,2026-07-05 00:40:00,自然流量,一线,iOS,18
7801,2026-06-19 11:46:00,自然流量,一线,Android,22
7802,2026-07-27 22:51:00,微信分享裂变,新一线,iOS,23
7803,2026-06-15 16:31:00,抖音信息流,一线,Android,22
7804,2026-06-26 02:09:00,抖音信息流,新一线,Android,24
7805,2026-06-02 08:47:00,自然流量,新一线,Android,30
7806,2026-07-18 15:15:00,小红书种草,一线,iOS,27
7807,2026-07-23 05:37:00,微信分享裂变,一线,Android,24
7808,2026-06-28 22:59:00,抖音信息流,二线,iOS,29
7809,2026-08-05 23:16:00,高校地推,新一线,Android,19
7810,2026-07-19 02:11:00,自然流量,二线,iOS,27
7811,2026-07-01 20:21:00,自然流量,二线,Android,27
7812,2026-07-14 14:13:00,小红书种草,二线,Android,31
7813,2026-06-25 06:50:00,小红书种草,二线,Android,18
7814,2026-06-13 04:29:00,自然流量,二线,iOS,19
7815,2026-07-16 17:45:00,抖音信息流,新一线,Android,19
7816,2026-06-14 19:09:00,抖音信息流,新一线,iOS,26
7817,2026-07-10 20:41:00,抖音信息流,一线,iOS,25
7818,2026-06-13 07:29:00,小红书种草,三线及以下,iOS,26
7819,2026-06-26 12:42:00,高校地推,二线,Android,18
7820,2026-08-19 22:12:00,抖音信息流,二线,Android,31
7821,2026-07-20 16:28:00,小红书种草,新一线,Android,25
7822,2026-06-20 10:13:00,抖音信息流,新一线,iOS,26
7823,2026-06-29 03:02:00,抖音信息流,一线,iOS,25
7824,2026-06-27 14:48:00,自然流量,一线,iOS,20
7825,2026-07-16 10:54:00,高校地推,一线,iOS,26
7826,2026-06-27 06:52:00,自然流量,二线,Android,24
7827,2026-06-14 20:36:00,微信分享裂变,新一线,iOS,24
7828,2026-06-22 09:40:00,自然流量,新一线,Android,26
7829,2026-07-19 21:22:00,微信分享裂变,一线,iOS,23
7830,2026-07-07 05:03:00,自然流量,三线及以下,iOS,18
7831,2026-08-01 21:44:00,高校地推,二线,iOS,23
7832,2026-08-02 10:33:00,小红书种草,二线,iOS,32
7833,2026-07-23 22:58:00,自然流量,新一线,Android,21
7834,2026-07-18 21:11:00,小红书种草,新一线,Android,24
7835,2026-07-29 23:50:00,小红书种草,新一线,Android,28
7836,2026-07-18 22:15:00,抖音信息流,一线,iOS,34
7837,2026-06-24 22:57:00,自然流量,新一线,iOS,22
7838,2026-07-31 23:12:00,小红书种草,新一线,Android,18
7839,2026-06-24 23:02:00,小红书种草,二线,Android,27
7840,2026-08-04 17:36:00,抖音信息流,新一线,Android,19
7841,2026-06-25 16:23:00,微信分享裂变,一线,Android,25
7842,2026-08-09 06:58:00,自然流量,新一线,iOS,27
7843,2026-06-29 07:14:00,自然流量,新一线,Android,21
7844,2026-07-23 05:41:00,小红书种草,二线,Android,22
7845,2026-08-08 14:21:00,自然流量,三线及以下,iOS,28
7846,2026-06-21 22:29:00,自然流量,一线,iOS,29
7847,2026-07-18 01:57:00,抖音信息流,新一线,iOS,24
7848,2026-08-10 21:27:00,自然流量,新一线,iOS,24
7849,2026-07-11 18:28:00,自然流量,二线,iOS,18
7850,2026-08-08 11:00:00,小红书种草,三线及以下,Android,24
7851,2026-07-01 21:23:00,抖音信息流,新一线,iOS,22
7852,2026-07-15 05:09:00,微信分享裂变,二线,Android,24
7853,2026-07-17 16:49:00,小红书种草,一线,Android,31
7854,2026-07-01 15:56:00,抖音信息流,三线及以下,iOS,18
7855,2026-07-24 13:39:00,自然流量,二线,Android,29
7856,2026-07-28 05:17:00,微信分享裂变,一线,iOS,24
7857,2026-06-07 21:13:00,自然流量,二线,iOS,23
7858,2026-07-24 06:42:00,自然流量,新一线,Android,19
7859,2026-06-20 19:01:00,微信分享裂变,三线及以下,iOS,25
7860,2026-08-08 17:20:00,小红书种草,一线,iOS,34
7861,2026-08-07 04:38:00,小红书种草,新一线,Android,18
7862,2026-06-13 04:16:00,自然流量,新一线,Android,18
7863,2026-06-08 10:39:00,自然流量,一线,Android,23
7864,2026-06-13 04:24:00,抖音信息流,二线,Android,25
7865,2026-06-29 22:00:00,小红书种草,二线,Android,28
7866,2026-06-18 22:39:00,抖音信息流,新一线,Android,26
7867,2026-06-24 11:51:00,自然流量,三线及以下,Android,18
7868,2026-07-18 23:41:00,自然流量,三线及以下,iOS,27
7869,2026-06-25 02:18:00,小红书种草,二线,Android,23
7870,2026-06-16 00:25:00,小红书种草,一线,iOS,28
7871,2026-07-27 15:13:00,自然流量,三线及以下,iOS,20
7872,2026-06-28 05:12:00,自然流量,一线,Android,18
7873,2026-07-17 13:48:00,自然流量,新一线,iOS,21
7874,2026-07-03 16:27:00,自然流量,三线及以下,iOS,26
7875,2026-07-13 05:05:00,抖音信息流,一线,Android,25
7876,2026-06-06 23:32:00,自然流量,一线,iOS,24
7877,2026-08-05 12:01:00,小红书种草,三线及以下,Android,20
7878,2026-06-18 21:53:00,微信分享裂变,一线,Android,23
7879,2026-07-03 13:35:00,高校地推,一线,iOS,31
7880,2026-07-01 14:57:00,高校地推,一线,Android,36
7881,2026-06-10 01:20:00,自然流量,二线,Android,26
7882,2026-07-16 07:52:00,自然流量,新一线,Android,29
7883,2026-07-09 11:56:00,抖音信息流,新一线,iOS,20
7884,2026-07-17 03:47:00,小红书种草,三线及以下,Android,30
7885,2026-08-01 18:48:00,自然流量,二线,Android,22
7886,2026-06-04 00:21:00,抖音信息流,新一线,Android,18
7887,2026-06-30 21:22:00,自然流量,一线,Android,29
7888,2026-07-17 20:13:00,自然流量,三线及以下,Android,24
7889,2026-06-10 01:24:00,小红书种草,一线,Android,30
7890,2026-06-01 11:49:00,小红书种草,三线及以下,iOS,28
7891,2026-08-10 16:58:00,抖音信息流,一线,Android,18
7892,2026-08-16 13:08:00,高校地推,二线,iOS,24
7893,2026-06-13 02:18:00,自然流量,三线及以下,iOS,19
7894,2026-07-09 18:40:00,自然流量,一线,Android,30
7895,2026-07-27 06:39:00,抖音信息流,一线,iOS,24
7896,2026-07-09 14:52:00,小红书种草,一线,Android,20
7897,2026-06-19 21:27:00,小红书种草,一线,iOS,18
7898,2026-08-04 23:09:00,自然流量,新一线,Android,29
7899,2026-07-07 18:24:00,高校地推,一线,Android,22
7900,2026-06-12 16:01:00,抖音信息流,一线,iOS,22
7901,2026-06-21 06:56:00,抖音信息流,新一线,Android,26
7902,2026-08-01 17:50:00,小红书种草,一线,iOS,19
7903,2026-07-26 03:48:00,高校地推,二线,Android,18
7904,2026-07-22 04:52:00,小红书种草,一线,Android,24
7905,2026-07-06 06:35:00,高校地推,一线,Android,19
7906,2026-06-08 19:13:00,自然流量,一线,Android,23
7907,2026-06-19 00:23:00,小红书种草,一线,Android,19
7908,2026-07-14 19:16:00,微信分享裂变,一线,Android,18
7909,2026-08-11 19:53:00,抖音信息流,一线,Android,18
7910,2026-06-15 07:10:00,抖音信息流,一线,Android,24
7911,2026-07-27 07:54:00,高校地推,新一线,Android,29
7912,2026-06-11 23:02:00,自然流量,新一线,Android,28
7913,2026-07-27 23:31:00,抖音信息流,新一线,Android,24
7914,2026-08-01 14:31:00,微信分享裂变,三线及以下,Android,31
7915,2026-07-18 00:47:00,高校地推,二线,Android,21
7916,2026-07-22 22:01:00,高校地推,一线,iOS,28
7917,2026-07-06 13:31:00,微信分享裂变,新一线,iOS,21
7918,2026-06-25 11:41:00,自然流量,二线,Android,20
7919,2026-06-05 08:12:00,高校地推,新一线,iOS,28
7920,2026-07-21 06:33:00,抖音信息流,一线,Android,26
7921,2026-07-06 17:28:00,小红书种草,二线,iOS,27
7922,2026-07-26 09:55:00,抖音信息流,一线,iOS,18
7923,2026-08-09 06:50:00,微信分享裂变,一线,Android,29
7924,2026-08-20 05:14:00,抖音信息流,二线,iOS,27
7925,2026-06-21 00:16:00,微信分享裂变,三线及以下,Android,21
7926,2026-08-08 03:42:00,自然流量,三线及以下,Android,26
7927,2026-07-08 23:52:00,自然流量,三线及以下,Android,29
7928,2026-06-20 02:58:00,抖音信息流,新一线,Android,20
7929,2026-07-25 23:58:00,自然流量,新一线,iOS,20
7930,2026-06-26 07:47:00,小红书种草,一线,iOS,22
7931,2026-07-14 16:08:00,自然流量,新一线,Android,18
7932,2026-06-13 21:24:00,抖音信息流,二线,Android,25
7933,2026-07-16 19:40:00,自然流量,一线,iOS,28
7934,2026-07-08 13:25:00,自然流量,一线,Android,26
7935,2026-06-28 11:10:00,小红书种草,三线及以下,Android,26
7936,2026-07-01 13:40:00,抖音信息流,一线,iOS,29
7937,2026-07-07 12:45:00,自然流量,一线,iOS,23
7938,2026-06-26 12:55:00,自然流量,三线及以下,Android,18
7939,2026-06-12 02:06:00,自然流量,一线,iOS,24
7940,2026-06-08 06:02:00,小红书种草,二线,Android,30
7941,2026-06-22 11:30:00,自然流量,一线,iOS,25
7942,2026-06-24 06:11:00,抖音信息流,一线,iOS,22
7943,2026-07-03 17:40:00,小红书种草,一线,iOS,27
7944,2026-07-12 12:20:00,抖音信息流,一线,Android,25
7945,2026-06-11 18:14:00,小红书种草,新一线,iOS,22
7946,2026-07-23 00:44:00,自然流量,二线,Android,24
7947,2026-06-14 21:45:00,高校地推,新一线,iOS,22
7948,2026-06-17 23:41:00,抖音信息流,新一线,Android,27
7949,2026-07-30 22:36:00,自然流量,一线,iOS,19
7950,2026-06-24 21:32:00,高校地推,二线,Android,25
7951,2026-06-15 21:00:00,小红书种草,一线,iOS,28
7952,2026-06-11 02:36:00,小红书种草,一线,iOS,25
7953,2026-07-15 08:47:00,微信分享裂变,三线及以下,Android,25
7954,2026-08-22 23:04:00,自然流量,三线及以下,iOS,24
7955,2026-07-15 15:59:00,微信分享裂变,一线,Android,26
7956,2026-06-23 04:18:00,小红书种草,一线,Android,22
7957,2026-07-04 22:44:00,抖音信息流,新一线,Android,23
7958,2026-07-27 11:04:00,自然流量,新一线,iOS,19
7959,2026-06-13 19:16:00,自然流量,三线及以下,Android,22
7960,2026-07-14 10:01:00,高校地推,新一线,Android,18
7961,2026-07-15 21:45:00,自然流量,一线,Android,24
7962,2026-06-15 06:36:00,自然流量,新一线,iOS,27
7963,2026-06-08 05:15:00,小红书种草,一线,iOS,23
7964,2026-07-22 19:21:00,小红书种草,新一线,Android,28
7965,2026-07-09 21:31:00,自然流量,新一线,Android,30
7966,2026-07-08 13:58:00,微信分享裂变,三线及以下,iOS,23
7967,2026-07-08 18:29:00,抖音信息流,一线,Android,19
7968,2026-07-09 17:07:00,微信分享裂变,新一线,iOS,29
7969,2026-06-27 01:59:00,自然流量,一线,Android,28
7970,2026-06-24 06:26:00,自然流量,三线及以下,Android,26
7971,2026-07-10 18:46:00,小红书种草,一线,Android,21
7972,2026-07-19 03:34:00,自然流量,一线,iOS,25
7973,2026-06-05 22:30:00,抖音信息流,一线,iOS,22
7974,2026-06-13 11:32:00,自然流量,二线,iOS,20
7975,2026-07-21 08:02:00,微信分享裂变,一线,iOS,25
7976,2026-07-05 12:36:00,微信分享裂变,新一线,Android,19
7977,2026-06-16 10:03:00,微信分享裂变,一线,Android,27
7978,2026-08-05 14:58:00,高校地推,二线,iOS,25
7979,2026-06-07 21:02:00,高校地推,三线及以下,Android,23
7980,2026-08-17 10:10:00,抖音信息流,一线,Android,23
7981,2026-06-04 00:34:00,抖音信息流,新一线,Android,18
7982,2026-06-23 11:33:00,微信分享裂变,新一线,iOS,18
7983,2026-06-25 11:24:00,高校地推,新一线,Android,32
7984,2026-07-19 19:19:00,高校地推,一线,Android,23
7985,2026-06-26 05:36:00,微信分享裂变,一线,Android,18
7986,2026-06-05 18:25:00,自然流量,二线,iOS,28
7987,2026-07-21 21:22:00,高校地推,一线,iOS,18
7988,2026-07-14 07:52:00,高校地推,一线,Android,26
7989,2026-07-13 23:20:00,小红书种草,一线,iOS,31
7990,2026-06-23 06:32:00,微信分享裂变,二线,Android,22
7991,2026-06-24 03:19:00,抖音信息流,三线及以下,iOS,29
7992,2026-07-19 14:20:00,高校地推,三线及以下,iOS,27
7993,2026-07-11 12:49:00,自然流量,二线,iOS,31
7994,2026-07-16 05:10:00,微信分享裂变,三线及以下,Android,26
7995,2026-06-10 17:03:00,自然流量,二线,Android,21
7996,2026-06-29 19:08:00,抖音信息流,新一线,Android,18
7997,2026-07-15 21:07:00,自然流量,新一线,Android,20
7998,2026-07-11 20:44:00,抖音信息流,三线及以下,Android,21
7999,2026-08-03 17:33:00,自然流量,一线,Android,28
8000,2026-06-13 05:56:00,高校地推,新一线,iOS,30
